Unnamed: 0,formulary_name,med_name_generic,med_action_dose_unit,volume_given,count,volume_unit,volume_numeric,
0,ADD dexmedetomidine 400 mcg/100 mL NS,dexmedetomidine,Not Recorded,100 mL,866,mL,100,
1,ALfentanil 2500 mcg/5 mL,ALfentanil,Not Recorded,5 mL,6,mL,5,
2,ANES Adenosine 3 mg/1 mL inj,adenosine,Not Recorded,1 mL,103,mL,1,
3,ANES Aminocaproic 250 mg/1 mL inj,aminocaproic acid,Not Recorded,1 mL,286,mL,1,
4,ANES Aminophylline 25 mg/1 mL inj,aminophylline,Not Recorded,1 mL,8,mL,1,
5,ANES Anti-thymocyt globulin (rabbit) 25mg/5mL,anti-thymocyt globulin (rabbit),Not Recorded,5 mL,166,mL,5,
6,ANES Atropine 1 mg/1 mL inj,atropine,Not Recorded,1 mL,194,mL,1,
7,ANES Atropine Sulfate 0.4 mg/ 1mL inj,atropine,Not Recorded,1 mL,303,mL,1,
8,ANES Bupivicaine 0.15%/NS 250 mL Epidural,bupivicaine 0.15%/NS250,Not Recorded,250 mL,1,mL,250,
9,ANES Calcium Chloride  100 mg/mL syringe,calcium chloride,Not Recorded,none,40471,,,
10,ANES Calcium Gluconate 100 mg/mL inj,calcium gluconate,Not Recorded,none,971,,,
11,ANES Cefoxitin 2 gm/100 mL NS,cefoxitin,Not Recorded,100 mL,1425,mL,100,
12,ANES Clevidipine 25mg/50mL Drip std*,ANES clevidipine premix,Not Recorded,50 mL,527,mL,50,
13,ANES DOBUTamine 500 mg Drip Std*,DOBUTamine/d5w,Not Recorded,none,4046,,,
14,ANES DOPamine 400 mg Drip std*,DOPamine/d5w,Not Recorded,none,252,,,
15,ANES Dexmedetomidine 200 mcg/50 mL NS Drip Std*,dexmedetomidine NS drip,Not Recorded,50 mL,174,mL,50,
16,ANES Dexmedetomidine 400 mcg/100 mL NS Drip Std*,dexmedetomidine NS drip,Not Recorded,100 mL,43043,mL,100,
17,ANES Diazepam 5 mg/mL inj,diazepam,Not Recorded,none,3,,,
18,ANES Digoxin 0.25 mg/1 mL inj,digoxin,Not Recorded,1 mL,10,mL,1,
19,ANES Diltiazem 5 mg/1 mL inj,diltiazem,Not Recorded,1 mL,107,mL,1,
20,ANES EPInephrine 100 mcg/1 mL inj,EPInephrine,Not Recorded,1 mL,1862,mL,1,
21,ANES EPInephrine 16mcg/mL Syr OR,EPInephrine,Not Recorded,none,4006,,,
22,ANES EPInephrine 4mg/D5W drip std*,EPInephrine in d5w,Not Recorded,none,19805,,,
23,ANES Erythromycin 500 mg/100 mL NS IVPB,erythromycin,Not Recorded,100 mL,6,mL,100,
24,ANES Esmolol 10mg/mL OR syringe,esmolol,Not Recorded,none,30961,,,
25,ANES Esmolol 2.5gm/250 mL Drip std*,esmolol,Not Recorded,250 mL,442,mL,250,
26,ANES Etomidate 2 mg/mL 20 mL inj,etomidate,Not Recorded,20 mL,4849,mL,20,
27,ANES Famotidine 10 mg/1 mL inj,fAMOTIDine,Not Recorded,1 mL,5798,mL,1,
28,ANES Fentanyl 50 mcg/1 mL inj,fentanyl,Not Recorded,1 mL,556934,mL,1,
29,ANES Flumazenil 0.1 mg/1 mL inj,flumazenil,Not Recorded,1 mL,170,mL,1,
30,ANES Fosphenytoin 50 mgpe/mL inj,fosphenytoin,Not Recorded,none,16,,,
31,ANES Furosemide 10 mg/1 mL inj,fUROSEMide,Not Recorded,1 mL,2075,mL,1,
32,"ANES HePARIN 1,000 units/mL 30 mL inj",hePARIN,Not Recorded,30 mL,4303,mL,30,
33,"ANES HePARIN 25,000 units/250 mL Premix std*",hePARIN premix,Not Recorded,250 mL,400,mL,250,
34,ANES HydrALAZINE 4 mg/mL inj,hydrALAZINE,Not Recorded,none,2480,,,
35,ANES HydrALAZINE 5 mg/mL inj,hydrALAZINE,Not Recorded,none,4511,,,
36,ANES Hydrocortisone 50 mg/mL inj,hydrocortisone,Not Recorded,none,1427,,,
37,ANES Hydromorphone 0.001%/NS Epidural,Hydromorphone 0.001%/NS Epidural,Not Recorded,none,1,,,
38,ANES Hydromorphone 0.002% epidural,hydromorphone 0.002%/ns,Not Recorded,none,1,,,
39,ANES Hyperal Central,Hyperal - Central,Not Recorded,none,580,,,
40,ANES Hyperal Peripheral,Hyperal - Peripheral,Not Recorded,none,138,,,
41,ANES Insulin Aspart 10 unit(s)/mL OR syringe,insulin aspart,Not Recorded,none,1,,,
42,ANES Insulin Reg Human 100units Drip std*,insulin reg human in ns,Not Recorded,none,12394,,,
43,ANES Insulin Reg Human 250units Drip std*,insulin reg human in ns,Not Recorded,none,15665,,,
44,ANES Isoproterenol 1 mg/250 mL drip std*,isoproterenol,Not Recorded,250 mL,23,mL,250,
45,ANES Isoproterenol 200 mcg/1 mL inj,isoproterenol,Not Recorded,1 mL,47,mL,1,
46,ANES Ketamine 50 mg/1 mL inj,ketamine,Not Recorded,1 mL,7268,mL,1,
47,ANES Labetalol 5 mg/1 mL inj,labetalol,Not Recorded,1 mL,21486,mL,1,
48,ANES LeveTIRACETAM 500mg/5mL,leveTIRACETAM,Not Recorded,5 mL,89,mL,5,
49,ANES Lidocaine 2 gm/250 mL D5W Drip std*,lidocaine in d5w,Not Recorded,250 mL,9359,mL,250,
50,ANES Magnesium Sulf 500 mg/1 mL OR syringe,magnesium sulfate,Not Recorded,1 mL,139,mL,1,
51,ANES Meperidine 0.1%/Bupivacaine 0.1% epidural,meperidine 0.1%/bupiv 0.1%/ns,Not Recorded,none,2,,,
52,ANES MethylPREDNISolone 62.5 mg/1 mL  inj,methylPREDNISolone,Not Recorded,1 mL,2027,mL,1,
53,ANES Methyldopa 50 mg/mL inj,methyldopa,Not Recorded,none,1,,,
54,ANES MetoCLOPRAMIDE 5 mg/1 mL inj,metoCLOPRAMIDE,Not Recorded,1 mL,361,mL,1,
55,ANES MetoPROLOL 1 mg/mL inj,metoPROLOL,Not Recorded,none,9906,,,
56,ANES Midazolam 1mg/mL inj 5 mL,midazolam,Not Recorded,5 mL,140813,mL,5,
57,ANES Milrinone 1 mg/mL inj,milrinone,Not Recorded,none,336,,,
58,ANES Milrinone 40 mg Drip std*,milrinone/d5w,Not Recorded,none,4668,,,
59,ANES Morphine-PF 0.5 mg/mL inj,morphine,Not Recorded,none,23,,,
60,ANES NOREPInephrine 4mg Drip std*,NOREPInephrine in d5w,Not Recorded,none,85943,,,
61,ANES Neostigmine 1 mg/mL inj,neostigmine,Not Recorded,none,46603,,,
62,ANES Nitroglycerin 50 mg/250 mL D5W Drip std*,nitroglycerin/d5w,Not Recorded,250 mL,1015,mL,250,
63,ANES Nitroprusside 50 mg/250 mL NS Drip Std*,nitroprusside,Not Recorded,250 mL,119,mL,250,
64,ANES Octreotide  500  mcg/100 mL NS Drip Std*,octreotide,Not Recorded,100 mL,131,mL,100,
65,ANES Ondansetron 2 mg/1 mL inj,ondansetron,Not Recorded,1 mL,58596,mL,1,
66,ANES PHENYLephrine 100mcg/mL OR syringe,PHENYLephrine,Not Recorded,none,472922,,,
67,ANES PHENYLephrine 25mg/250 mL NS drip std*,PHENYLephrine in ns,Not Recorded,250 mL,45734,mL,250,
68,ANES Piperacillin-Tazobactam 3.375gm inj,piperacillin-tazobactam,Not Recorded,none,7,,,
69,ANES Procainamide 100 mg/mL inj,procainamide,Not Recorded,none,3,,,
70,ANES Propofol 10 mg/1 mL inj,propofol,Not Recorded,1 mL,361295,mL,1,
71,ANES Propofol 1000 mg/100 mL Drip std*,propofol,Not Recorded,100 mL,28607,mL,100,
72,ANES REMIfentanil 10 mcg/mL inj,REMIfentanil,Not Recorded,none,705,,,
73,ANES REMIfentanil 25 mcg/mL inj,REMIfentanil,Not Recorded,none,54,,,
74,ANES REMIfentanil 5 mcg/mL inj,REMIfentanil,Not Recorded,none,52,,,
75,ANES REMIfentanil 50 mcg/mL inj,REMIfentanil,Not Recorded,none,232,,,
76,ANES Ranitidine 25 mg/mL inj,ranitidine,Not Recorded,none,20,,,
77,ANES Rocuronium 10 mg/mL 10 mL inj,rocuronium,Not Recorded,10 mL,330545,mL,10,
78,ANES SUfentanil 50 mcg/mL inj,SUfentanil,Not Recorded,none,5761,,,
79,ANES Sodium Bicarb 1 mEq/mL syringe,sodium bicarbonate,Not Recorded,none,4751,,,
80,ANES Succinylcholine 20mg/ml 10ml OR syringe,succinylcholine,Not Recorded,10 mL,51614,mL,10,
81,ANES Tranexamic acid 100 mg/100mL NS,tranexamic acid,Not Recorded,100 mL,55771,mL,100,
82,ANES Tranexamic acid 50 mg/mL inj,tranexamic acid,Not Recorded,none,13001,,,
83,ANES Vasopressin 2 units/mL inj,vasopressin,Not Recorded,none,15725,,,
84,ANES Vecuronium 1 mg/mL inj,vecuronium,Not Recorded,none,44930,,,
85,ANES Verapamil 2.5 mg/mL inj,verapamil,Not Recorded,none,50,,,
86,ANES albuterol CFC free 90 mcg/inh,albuterol,Not Recorded,none,923,,,
87,ANES amiodarone 750 mg/500 mL D5W Premix,amiodarone 750mg/500mL D5W drip,Not Recorded,500 mL,1518,mL,500,
88,ANES basiliximab 20mg/50 mL NS,basiliximab,Not Recorded,50 mL,2952,mL,50,
89,ANES bivalirudin 250 mg / 50 mL NS,bivalirudin,Not Recorded,50 mL,353,mL,50,
90,ANES bupivacaine 0.25%/ns epidural,bupivacaine 0.25%/ns epidural,Not Recorded,none,7,,,
91,ANES cisatracurium 2 mg/mL 10 mL inj,cisatracurium,Not Recorded,10 mL,13123,mL,10,
92,ANES citric acid-sodium citrate soln,citric acid-na citrate,Not Recorded,none,15,,,
93,ANES desmopressin 40 mcg/50 mL NS,ANES desmopressin,Not Recorded,50 mL,508,mL,50,
94,"ANES epoprostenol 20,000ng/mL inhale",epoprostenol inhale,Not Recorded,none,1319,,,
95,ANES hePARIN 1000 units/mL 1 mL inj,hePARIN,Not Recorded,1 mL,27703,mL,1,
96,ANES ketamine 10 mg/1 mL,ketamine,Not Recorded,1 mL,46914,mL,1,
97,ANES ketamine 100 mg/1 mL,ketamine,Not Recorded,1 mL,2192,mL,1,
98,ANES ketamine 200 mg/50 mL drip,ketamine,Not Recorded,50 mL,410,mL,50,
99,ANES levothyroxine 0.4 mcg/mL IV,levothyroxine,Not Recorded,none,97,,,
100,ANES methocarbamol 500 mg/50 mL NS,methocarbamol,Not Recorded,50 mL,1526,mL,50,
101,ANES methylPREDNISolone 500 mg/50 mL NS,methylPREDNISolone,Not Recorded,50 mL,2088,mL,50,
102,ANES micafungin 1.5 mg/mL,micafungin,Not Recorded,none,14,,,
103,ANES mycophenolate 750mg/250 mL D5W,mycophenolate mofetil,Not Recorded,250 mL,195,mL,250,
104,ANES niCARdipine 40 mg/200mL NS  Drip std*,ANES niCARdipine/NS drip,Not Recorded,200 mL,2131,mL,200,
105,ANES oxytocin 10 units/mL,oxytocin,Not Recorded,none,2,,,
106,"ANES penicillin 2,000,000 U/50 mL IVPB",penicillin 2MU IVPB,Not Recorded,50 mL,6,mL,50,
107,ANES protAMINE 10 mg/mL inj,protAMINE,Not Recorded,none,20363,,,
108,ANES sugammadex 100 mg/mL soln,sugammadex,Not Recorded,none,75288,,,
109,ANES vasopressin 20 unit/50 mL NS drip,vasopressin 100 drip,Not Recorded,50 mL,6369,mL,50,
110,ANES vasopressin 20 unit/50 mL NS drip,vasopressin 200 drip,Not Recorded,50 mL,215,mL,50,
111,ANES vasopressin 20 unit/50 mL NS drip,vasopression 20 unit drip,Not Recorded,50 mL,12614,mL,50,
112,ANES verapamil 100 mcg/mL CATH LAB,verapamil,Not Recorded,none,1,,,
113,ANESMycophenolate 500 mg inj,mycophenolate,Not Recorded,none,2,,,
114,Abatacept 250 mg inj,abatacept,Not Recorded,none,124,,,
115,Abciximab 10 mg/5 mL inj,abciximab,Not Recorded,5 mL,70,mL,5,
116,Abciximab 10 mg/5 mL inj ADD,abciximab ADD,Micrograms/Minute,5 mL,292,mL,5,
117,AcetaZOLAMIDE 250 mg tab,acetaZOLAMIDE,Not Recorded,none,1,,,
118,AcetaZOLAMIDE 500 mg inj,acetaZOLAMIDE,Not Recorded,none,10966,,,
119,Acetaminophen 100 mg/mL Ped liq BULK btl.,acetaminophen,Not Recorded,none,1,,,
120,Acetaminophen 1000mg/100mL IVPB,acetaminophen,Not Recorded,100 mL,94592,mL,100,
121,Acetaminophen 100mg/mL Ped oral syringe,acetaminophen ped liq,Not Recorded,none,1,,,
122,Acetaminophen 120 mg supp,acetaminophen,Not Recorded,none,1,,,
123,Acetaminophen 160 mg/5 mL liq. 120mL,acetaminophen,Not Recorded,5 mL,2,mL,5,
124,Acetaminophen 325 mg supp,acetaminophen,Not Recorded,none,4,,,
125,Acetaminophen 325 mg tab,acetaminophen,Not Recorded,none,531,,,
126,Acetaminophen 650 mg supp,acetaminophen,Not Recorded,none,33,,,
127,Acetaminophen 650/20.3  mL liq,acetaminophen,Not Recorded,20.3 mL,11,mL,20.3,
128,Acetylcholine I-coronary 0.18mcg/mL Low conc. 20mL syringe,acetylcholine i-cornonary low conc.,Not Recorded,20 mL,17,mL,20,
129,Acetylcholine I-coronary 18mcg/mL High conc. 20mL syringe,acetylcholine i-cornonary High conc.,Not Recorded,20 mL,17,mL,20,
130,Acetylcysteine 10% Sol 10 mL,acetylcysteine 10%,Not Recorded,10 mL,1,mL,10,
131,Acetylcysteine 20% High dose oral 2000mg,acetylcysteine 20%,Not Recorded,none,1,,,
132,Acetylcysteine 20% IV injection,acetylcysteine,Not Recorded,none,19309,,,
133,Acetylcysteine 20% IV injection,acetylcysteine 20%,Not Recorded,none,6425,,,
134,Acetylcysteine 20% IV injection,acetylcysteine 20% injection,Not Recorded,none,8956,,,
135,Acyclovir 1gm inj,acyclovir,Not Recorded,none,11137,,,
136,Acyclovir 500 mg inj,acyclovir,Not Recorded,none,169,,,
137,Acyclovir 500mg/10mL inj,acyclovir,Not Recorded,10 mL,33954,mL,10,
138,Acyclovir 7mg/mL/NS neonate syringe,acyclovir in NS syringe,Not Recorded,none,96,,,
139,Acyclovir 800 mg tablet,acyclovir,Not Recorded,none,1,,,
140,Adenosine 180 mg/90 mL D5W DBL CATH LAB,adenosine dbl drip,Not Recorded,90 mL,9,mL,90,
141,Adenosine 3 mg/mL inj 20mL for cath lab,adenosine,Not Recorded,20 mL,301,mL,20,
142,Adenosine 3 mg/mL inj 30mL Nuc Med/CARD MRI,adenosine,Not Recorded,30 mL,2,mL,30,
143,Adenosine 3 mg/mL inj 30mL Nuclear Medicine,adenosine,Not Recorded,30 mL,3,mL,30,
144,Adenosine 3mg/mL iv neonate,adenosine,Not Recorded,none,1,,,
145,Adenosine 5mg/250mL NS CATH LAB,adenosine/ns,Not Recorded,250 mL,236,mL,250,
146,Adenosine 6 mg/2 mL inj,adenosine,Not Recorded,2 mL,4859,mL,2,
147,Adenosine 90 mg/NS 50mL,adenosine,Not Recorded,50 mL,12,mL,50,
148,Ado-Trastuzumab emtansine 100mg inj.,ado-trastuzumab emtansine,Not Recorded,none,1,,,
149,Al/Mg hydrox/Simeth (Maalox) liq,Al/Mg hydrox/Simeth liq,Not Recorded,none,1,,,
150,Al/Mg hydrox/Simeth (Maalox) liq 30mL UD,Al/Mg hydrox/Simeth (Maalox) liq,Not Recorded,30 mL,1,mL,30,
151,Albumin 5% 50 mL (2.5gm) inj,albumin 5%,Not Recorded,50 mL,14,mL,50,
152,Albumin Human 25% 100mL,albumin 25%,Not Recorded,100 mL,6304,mL,100,
153,Albumin Human 25% 50mL,albumin 25%,Not Recorded,50 mL,77694,mL,50,
154,Albumin Human 5% 250 mL,albumin 5%,Not Recorded,250 mL,75690,mL,250,
155,Albumin Human 5% 500 mL (OR USE ONLY),albumin 5%,Not Recorded,500 mL,50485,mL,500,
156,Albuterol 5 mg/mL inhale 20mL soln.,albuterol,Not Recorded,20 mL,1,mL,20,
157,Albuterol 70mg (10mg/hr) cont. inhalation,albuterol inhale,Not Recorded,none,3,,,
158,Albuterol Aerosol Inhaler,albuterol inhaler,Not Recorded,none,301,,,
159,Albuterol Aerosol Inhaler (Selfuse),albuterol,Not Recorded,none,3,,,
160,Albuterol Aerosol Inhaler (WW),albuterol,Not Recorded,none,6,,,
161,Albuterol CFC free 90 mcg/inh aero,albuterol,Not Recorded,none,194,,,
162,Albuterol CFC free 90 mcg/inh aero.,albuterol,Not Recorded,none,3,,,
163,Alcohol (Dehydrated) 1mL inj,ethyl alcohol,Not Recorded,1 mL,4,mL,1,
164,"Alcohol, Ethyl (Dehydrated) 5 mL inj","alcohol, ethyl",Not Recorded,5 mL,97,mL,5,
165,"Aldesleukin 22,000,000 unit(s) inj",aldesleukin,Not Recorded,none,337,,,
166,Alemtuzumab 30 mg/mL inj,alemtuzumab,Not Recorded,none,102,,,
167,Allopurinol 500 mg inj,allopurinol,Not Recorded,none,255,,,
168,Alprazolam 0.5 mg tab,alprazolam,Not Recorded,none,1,,,
169,Alprostadil 500 mcg inj,alprostadil,Not Recorded,none,195,,,
170,Alteplase 100 mg inj,"alteplase, t-pa",Not Recorded,none,952,,,
171,Alteplase 100 mg inj ADD,"alteplase, t-pa ADD",Not Recorded,none,4452,,,
172,Alteplase 1mg/mL for Stroke protocol use only,alteplase,Not Recorded,none,665,,,
173,Alteplase 2 mg inj for drip,alteplase for drip,Not Recorded,none,2150,,,
174,Alteplase 30mg/30mL NS for Chest Tube,alteplase in syringe,Not Recorded,30 mL,3,mL,30,
175,Alteplase 50 mg inj,alteplase,Not Recorded,none,2414,,,
176,Alteplase 50 mg inj ADD,"alteplase, t-pa ADD",Not Recorded,none,354,,,
177,Alteplase Intrathecal/Intravent syringe,alteplase intra-thecal syringe,Not Recorded,none,9,,,
178,"Alteplase,Cathflo 2 mg inj",alteplase,Not Recorded,none,42229,,,
179,"Alteplase,Cathflo 20mg/20mL syringe for i-arterial",alteplase in syringe,Not Recorded,20 mL,41,mL,20,
180,Amifostine 500 mg inj,amifostine,Not Recorded,none,1,,,
181,Amikacin Nebulized Soln.,amikacin,Not Recorded,none,1,,,
182,Amikacin Sulf. 1000mg/4mL inj,amikacin,Not Recorded,4 mL,591,mL,4,
183,Amikacin Sulfate 500 mg/ 2 mL inj,amikacin,Not Recorded,2 mL,1051,mL,2,
184,Amino Acid 3% UAC Line Fluid,amino acid 3% UAC,Not Recorded,none,27,,,
185,Amino Acid Injection 50gm/1000ml for Lutathera,Amino Acid Injection 50gm/1000ml for Lutathera,Not Recorded,1000 mL,701,mL,1000,
186,Amino Acids 10% (Trophamine) 500mL,amino acid 10%,Not Recorded,500 mL,14,mL,500,
187,Amino Acids 15% (Clinisol) inv. protocol AAA-177Lu-03,Amino Acids 15% (Clinisol) inv. protocol AAA-177Lu-03,Not Recorded,none,38,,,
188,Amino Acids 3% and Glycerin 3% / Lytes (ProcalAmine) 1000 mL,Amino acid Lytes 3% / Glycerin 3%,Not Recorded,1000 mL,13791,mL,1000,
189,Aminocaproic 500 mg tab,aminocaproic acid,Not Recorded,none,2,,,
190,Aminocaproic 5gm/20 mL inj,aminocaproic acid,Not Recorded,20 mL,26876,mL,20,
191,Aminocaproic acid 250mg/mL oral syrup,aminocaproic acid,Not Recorded,none,13,,,
192,Aminophylline 250 mg/ 10 mL inj,aminophylline,Not Recorded,10 mL,4,mL,10,
193,Aminophylline 500 mg/ 20 mL inj,aminophylline,Not Recorded,20 mL,51,mL,20,
194,Aminophylline 5mg/mL for ped syringe,aminophylline/ns,Not Recorded,none,1,,,
195,Aminosyn II 10% Solution 2000 mL (amino acid injection),amino acids 10%,Not Recorded,2000 mL,46,mL,2000,
196,Amiodarone 150 mg/100 mL Bolus,amiodarone,Not Recorded,100 mL,3165,mL,100,
197,Amiodarone 150 mg/100 mL Bolus,amiodarone in iso-dex,Not Recorded,100 mL,792,mL,100,
198,Amiodarone 150 mg/100 mL iso-dex Bolus,amiodarone in iso-dex,Not Recorded,100 mL,30110,mL,100,
199,Amiodarone 150 mg/3 mL inj,amiodarone,Milligrams/Minute,3 mL,639678,mL,3,
200,Amiodarone 200 mg tab,amiodarone,Not Recorded,none,19,,,
201,Amiodarone 450 mg/9 mL inj,amiodarone,Not Recorded,9 mL,46967,mL,9,
202,Amiodarone 900 mg Drip,amiodarone 900 mg drip,Not Recorded,none,24,,,
203,Amobarbital 500 mg inj,amobarbital,Not Recorded,none,1,,,
204,Amphotericin  liposomal  50 mg inj (Ambisome),amphotericin b liposome,Not Recorded,none,6039,,,
205,Amphotericin-B 50 mg inj,amphotericin B,Not Recorded,none,19,,,
206,Amphotericin-B 5mg/mL/D5W neonate syringe,amphotericin B in D5W syringe,Not Recorded,none,1,,,
207,Ampicillin 0.01mg/mL for Desensitization,ampicillin/ns for desensitization,Not Recorded,none,3,,,
208,Ampicillin 0.1mg/mL for Desensitization,ampicillin/ns for desensitization,Not Recorded,none,3,,,
209,Ampicillin 10 gm inj,ampicillin,Not Recorded,none,580,,,
210,Ampicillin 10mg/mL for Desensitization,ampicillin/ns for desensitization,Not Recorded,none,3,,,
211,Ampicillin 1gm IVPB,ampicillin in ns,Not Recorded,none,4442,,,
212,Ampicillin 1gm inj,ampicillin,Not Recorded,none,2635,,,
213,Ampicillin 2 gm inj,ampicillin,Not Recorded,none,11900,,,
214,Ampicillin 250 mg inj,ampicillin,Not Recorded,none,87,,,
215,Ampicillin 2gm IVPB,ampicillin in ns,Not Recorded,none,36652,,,
216,Ampicillin 500 mg inj,ampicillin,Not Recorded,none,975,,,
217,Ampicillin 500mg IVPB,ampicillin in ns,Not Recorded,none,197,,,
218,Ampicillin 50mg/mL for Desensitization,ampicillin/ns for desensitization,Not Recorded,none,3,,,
219,Ampicillin-Sulbactam  1.5gm inj,ampicillin-sulbactam,Not Recorded,none,3210,,,
220,Ampicillin-Sulbactam 3gm inj,ampicillin-sulbactam,Not Recorded,none,14266,,,
221,Ampicillin/Sulbactam 1.5gm IVPB,ampicil/sulbact in ns,Not Recorded,none,8173,,,
222,Ampicillin/Sulbactam 3gm  IVPB,Ampicil/sulbact in ns,Not Recorded,none,103154,,,
223,Angiotensin II 2.5mg/ml,angiotensin II,ng/kg/min,none,17322,,,
224,Anti-Thymocyte Globulin (Rabbit) 25 mg/5 mL,anti-thymocyt globulin(rabbit),Not Recorded,5 mL,4136,mL,5,
225,Anti-Thymocyte Globulin for study,thymocyt glob/PBO p# ITN028A1,Not Recorded,none,5,,,
226,Anti-Thymocyte Globulin for study2,thymocyt glob p#thymo102700103,Not Recorded,none,3,,,
227,Anticoagulant Citrate B 500 mL,Anticoagulant citrate B,Not Recorded,500 mL,1,mL,500,
228,Anticoagulant Citrate Dextrose A 1000mL,Anticoagulant citrate dext-A,Not Recorded,1000 mL,68,mL,1000,
229,Anticoagulant Citrate Soln-A 500mL,anticoagulant citrate dext-A,Not Recorded,500 mL,89,mL,500,
230,Antihemophilic factor-von Willebrand factor Bolus,antihemophilic factor-von Willebrand in syringe,Not Recorded,none,126,,,
231,Antihemophilic factor-von Willebrand factor inj,antihemophilic factor-von Willebrand,Not Recorded,none,119,,,
232,Antithrombin III 500 units bolus,antithrombin III in syringe,Not Recorded,none,426,,,
233,Antithrombin III 500 units-bolus,antithrombin III,Not Recorded,none,433,,,
234,Antithrombin III 500 units-bolus,antithrombin III in syringe,Not Recorded,none,15,,,
235,Antithrombin III 500 units-bolus (OR CHARGE),antithrombin III,Not Recorded,none,13,,,
236,Antivenin (Crotalidae) polyvalent inj,"crotalidae, antivenin",Not Recorded,none,69,,,
237,Aprepitant 125 mg cap,aprepitant,Not Recorded,none,1,,,
238,Aprepitant 125 mg-80 mg kit,aprepitant,Not Recorded,none,1,,,
239,Aprepitant 40 mg caps,aprepitant,Not Recorded,none,327,,,
240,Aprepitant 80 mg cap,aprepitant,Not Recorded,none,45,,,
241,Argatroban 250 mg vial,argatroban,Not Recorded,none,128662,,,
242,Arginine 10% 300 mL,arginine 10%,Not Recorded,300 mL,498,mL,300,
243,Arsenic 10mg/10mL inj,arsenic trioxide,Not Recorded,10 mL,1009,mL,10,
244,Ascorbic 500 mg/mL 50 mL inj,ascorbic acid,Not Recorded,50 mL,15274,mL,50,
245,Ascorbic Acid 500 mg tab,ascorbic acid,Not Recorded,none,2,,,
246,Ascorbic Acid 500mg inj,ascorbic acid,Not Recorded,none,9,,,
247,Ascorbic acid 500 mg/mL 1mL inj,ascorbic acid,Not Recorded,1 mL,311,mL,1,
248,Aspirin 300 mg supp,aspirin,Not Recorded,none,4,,,
249,Aspirin 325 mg tab,aspirin,Not Recorded,none,33,,,
250,Aspirin 600 mg supp,aspirin,Not Recorded,none,1,,,
251,Aspirin 81 mg chew tab,aspirin chewable,Not Recorded,none,78,,,
252,Aspirin Buffered 325 mg tab,"aspirin, buffered",Not Recorded,none,43,,,
253,Aspirin EC 325 mg tab,aspirin ec,Not Recorded,none,100,,,
254,Atorvastatin 80 mg tab,atorvastatin,Not Recorded,none,1,,,
255,Atracurium 50 mg/5 mL inj,atracurium,Microgram/Kilogram/Minute,5 mL,42,mL,5,
256,Atropine 0.4mg/mL 20mL,atropine,Not Recorded,20 mL,8,mL,20,
257,Atropine 0.5mg/5mL inj,atropine,Not Recorded,5 mL,47,mL,5,
258,Atropine 1 mg/1 mL inj,atropine,Not Recorded,1 mL,241,mL,1,
259,Atropine Sulfate 0.4 mg/ 1mL inj,atropine,Not Recorded,1 mL,2066,mL,1,
260,Atropine Sulfate 1 mg/10 mL inj,atropine sulfate,Not Recorded,10 mL,1924,mL,10,
261,Avibactam-CefTAZidime 2.5 gm inj,avibactam-cefTAZidime,Not Recorded,none,6161,,,
262,Azacitidine 100 mg/10mL inj (IV),azacitidine,Not Recorded,10 mL,452,mL,10,
263,Azacitidine 100 mg/4mL inj (SubQ),azacitidine,Not Recorded,4 mL,6,mL,4,
264,Azathioprine 100 mg inj,azathioprine,Not Recorded,none,25,,,
265,Azithromycin 100 mg/5 mL susp.,azithromycin,Not Recorded,5 mL,1,mL,5,
266,Azithromycin 250 mg tablet,azithromycin,Not Recorded,none,2,,,
267,Azithromycin 500 mg inj,azithromycin,Not Recorded,none,598,,,
268,Azithromycin 500mg/NS 250ml IVPB,Azithromycin in ns,Not Recorded,250 mL,49426,mL,250,
269,Azithromycin 600 mg tab,azithromycin,Not Recorded,none,1,,,
270,Aztreonam 1gm/50 mL Iso-Dex IVPB,aztreonam in Iso-Dex,Not Recorded,50 mL,6030,mL,50,
271,Aztreonam 1gm/50mL NS IVPB,aztreonam in ns,Not Recorded,50 mL,6170,mL,50,
272,Aztreonam 20mg/mL neonate syringe,aztreonam/ns,Not Recorded,none,60,,,
273,Aztreonam 20mg/mL neonate syringe,aztreonam/ns syringe,Not Recorded,none,1,,,
274,Aztreonam 2gm/100mL NS IVPB,aztreonam/ns,Not Recorded,100 mL,6597,mL,100,
275,Aztreonam 2gm/50 mL Iso-Dex IVPB,aztreonam in Iso-Dex,Not Recorded,50 mL,10189,mL,50,
276,Aztreonam 75 mg for Inhalation,aztreonam,Not Recorded,none,3,,,
277,"Bacitracin 50,000 unit inj",bacitracin,Not Recorded,none,89,,,
278,Baclofen 10 mg tab,baclofen,Not Recorded,none,1,,,
279,"Bag, Empty Sterile (Polyolefin) 2L","bag, empty sterile (polyolefin)",Not Recorded,2 L,55,L,2,
280,"Bag, PCA  Infusion",pca -  bag,Not Recorded,none,210,,,
281,"Bag, Sterile Empty","Bag, Sterile Empty",Not Recorded,none,647,,,
282,"Bag, Sterile Empty for IVPB","Bag, Sterile Empty",Not Recorded,none,108,,,
283,"Bag, sterile for invst study","bag, sterile for invst study",Not Recorded,none,2,,,
284,Basiliximab 20mg inj,basiliximab,Not Recorded,none,2647,,,
285,Belatacept 250mg inj,belatacept,Not Recorded,none,1990,,,
286,Bendamustine 100 mg inj,bendamustine,Not Recorded,none,4,,,
287,Bendamustine 100 mg/4mL inj,bendamustine,Not Recorded,4 mL,70,mL,4,
288,Benzocaine 20% Mouth Gel,benzocaine 20%,Not Recorded,none,1,,,
289,Benzocaine 20% oral aerosol spray,benzocaine 20%,Not Recorded,none,48,,,
290,Benzocaine topical 20% spray 0.5mL UD,benzocaine topical,Not Recorded,0.5 mL,1,mL,0.5,
291,Benztropine 2 mg/2 mL inj,benztropine,Not Recorded,2 mL,115,mL,2,
292,BetamethPhos/Acetate 6 mg/mL 5 mL inj,betamethasone,Not Recorded,5 mL,3,mL,5,
293,Bevacizumab 100mg/4mL,bevacizumab,Not Recorded,4 mL,39,mL,4,
294,Bevacizumab 400mg inj,bevacizumab,Not Recorded,none,26,,,
295,Bivalirudin 250mg/NS,bivalirudin in ns,Not Recorded,none,71146,,,
296,Bleomycin 15 units inj,bleomycin,Not Recorded,none,36,,,
297,Bleomycin 30 units inj.,bleomycin,Not Recorded,none,2,,,
298,Blinatumomab 35 mcg inj,blinatumomab,Not Recorded,none,300,,,
299,Bortezomib 3.5 mg inj (IV),bortezomib,Not Recorded,none,32,,,
300,Bortezomib 3.5 mg inj (SubQ),bortezomib in syringe,Not Recorded,none,2,,,
301,Brand necessary-Ciprofloxacin 400mg/200mL D5W premix ivpb,ciprofloxacin in D5W,Not Recorded,200 mL,4125,mL,200,
302,Brentuximab vedotin 50 mg inj,brentuximab vedotin,Not Recorded,none,10,,,
303,Bumetanide 0.25 mg/mL 10 mL inj,bumetanide,Milligram/Hour,10 mL,50371,mL,10,
304,Bumetanide 1 mg/4 mL inj,bumetanide,Not Recorded,4 mL,11559,mL,4,
305,Bupivacaine  0.25% w/Epi  30 mL,bupivacaine 0.25% w/epi,Not Recorded,30 mL,37,mL,30,
306,Bupivacaine  0.25% w/Epi  PF 30 mL,bupivacaine 0.25% w/epi,Not Recorded,30 mL,2,mL,30,
307,Bupivacaine  0.5% w/Epi 10 mL inj,bupivacaine 0.5% w/epi,Not Recorded,10 mL,10,mL,10,
308,Bupivacaine 0.25% 30 mL inj,bupivacaine 0.25%,Not Recorded,30 mL,19,mL,30,
309,Bupivacaine 0.25% pf  10mL inj,bupivacaine 0.25% pf,Not Recorded,10 mL,13,mL,10,
310,Bupivacaine 0.25% pf 30mL inj,bupivacaine 0.25% pf,Not Recorded,30 mL,5,mL,30,
311,Bupivacaine 0.5% 10 mL inj,bupivacaine 0.5%,Not Recorded,10 mL,152,mL,10,
312,Bupivacaine 0.5% pf 10 mL inj,bupivacaine 0.5%,Not Recorded,10 mL,43,mL,10,
313,Bupivacaine 0.5% pf 30 mL inj,bupivacaine 0.5%,Not Recorded,30 mL,2909,mL,30,
314,Bupivacaine 0.5% pf inj 10mL,bupivacaine 0.5% pf,Not Recorded,10 mL,4,mL,10,
315,Bupivacaine 0.75% 10 mL inj pf,bupivacaine 0.75%,Not Recorded,10 mL,4,mL,10,
316,Bupivacaine Spinal 0.75% 2 mL inj,bupivacaine 0.75%,Not Recorded,2 mL,10,mL,2,
317,Bupivacaine liposome 1.3% (13.3 mg/mL) inj. 20mL,bupivacaine liposome,Not Recorded,20 mL,7,mL,20,
318,Buprenorphone 0.3 mg/ 1 mL inj,buprenorphine,Not Recorded,1 mL,11,mL,1,
319,Busulfan 6mg/mL 10 mL inj,busulfan,Not Recorded,10 mL,1722,mL,10,
320,Butorphanol 2 mg/mL inj,butorphanol,Not Recorded,none,312,,,
321,Butorphanol 4 mg/2 mL inj,butorphanol,Not Recorded,2 mL,15,mL,2,
322,C1 Esterase Inhibitor 500 units inj (Berinert),C1 esterase inhibitor,Not Recorded,none,19,,,
323,C1 Esterase Inhibitor 500 units inj (Berinert) (pt. Own Med),C1 esterase inhibitor,Not Recorded,none,2,,,
324,"C1 esterase inhibitor, human 500 units (Cinryze)","C1 esterase inhibitor, human",Not Recorded,none,1,,,
325,CARBOplatin 10 mg/mL inj,CARBOplatin,Not Recorded,none,1441,,,
326,CARBOplatin 150mg inj,CARBOplatin,Not Recorded,none,3,,,
327,CISplatin 100 mg/100mL inj,CISplatin,Not Recorded,100 mL,13,mL,100,
328,CISplatin 200  mg/200  mL inj,CISplatin,Not Recorded,200 mL,4265,mL,200,
329,"CMPD fentanyl  2,500 mcg vial",fentanyl citrate,Not Recorded,none,15018,,,
330,CaRVEDILOL 12.5 mg tab,CaRVEDILOL,Not Recorded,none,1,,,
331,CaRVEDILOL 25 mg tab,CaRVEDILOL,Not Recorded,none,1,,,
332,Caffeine Citrate 20mg/mL neonate syringe,caffeine citrate syringe,Not Recorded,none,439,,,
333,Caffeine Citrate 60mg/3ml inj,caffeine citrate,Not Recorded,3 mL,6,mL,3,
334,Caffeine-Sod Benz 500 mg/2 mL inj,caffeine-sodium benzoate,Not Recorded,2 mL,182,mL,2,
335,Calcitonin 400 IU/2 mL inj,calcitonin,Not Recorded,2 mL,2,mL,2,
336,Calcitriol 1 mcg/1 mL inj,calcitriol,Not Recorded,1 mL,446,mL,1,
337,Calcium Chloride  1gm/10 mL inj vial,calcium chloride,Not Recorded,10 mL,2793,mL,10,
338,Calcium Chloride  1gm/10 mL syringe,calcium chloride,Not Recorded,10 mL,32810,mL,10,
339,Calcium Chloride (45x) 6.3gm granules,calcium chloride,Not Recorded,none,7,,,
340,Calcium Glubionate 1.8 gm/5 ml liq 15 mL,calcium glubionate,Not Recorded,5 mL,1,mL,5,
341,Calcium Gluconate 1 gm/10 mL inj,calcium gluconate,Not Recorded,10 mL,143562,mL,10,
342,Calcium Gluconate 1 gm/10 mL inj ADD,calcium gluconate,Grams/Hour,10 mL,29686,mL,10,
343,Calcium chloride 5.1gm granules,calcium chloride,Not Recorded,none,1,,,
344,Calcium gluconate 50mg/mL/NS neonate syringe,calcium gluconate in NS syringe,Not Recorded,none,168,,,
345,Carbidopa-Levodopa 25/100 CR tab,carbidopa-levodopa cr 25/100,Not Recorded,none,1,,,
346,Carbidopa-Levodopa 25/100 tab,carbidopa-levodopa 25/100,Not Recorded,none,1,,,
347,Carbidopa/Entacapone/Levodopa 37.5 mg-200 mg-150 mg tabl,carbidopa/entacapone/levodopa 37.5/200/150,Not Recorded,none,1,,,
348,Carboprost Trm 250 mcg/ 1 mL,carboprost,Not Recorded,1 mL,8,mL,1,
349,Carfilzomib 60 mg inj,carfilzomib,Not Recorded,none,19,,,
350,Carmustine 100 mg inj,carmustine,Not Recorded,none,321,,,
351,CeFAZOLIN 2 g/50 mL,ceFAZolin in iso-dex,Not Recorded,50 mL,90075,mL,50,
352,CeFAZOLIN 2 g/50 mL,ceFAZolin ivpb,Not Recorded,50 mL,104079,mL,50,
353,CeFAZolin 500mg (10gm vial),ceFAZolin,Not Recorded,none,3100,,,
354,CeTUXimab 2 mg/mL 50 mL inj,ceTUXimab,Not Recorded,50 mL,3,mL,50,
355,CefEPIME 1 gm/D5W 50mL IVPB,cefepime in D5W,Not Recorded,50 mL,8193,mL,50,
356,CefEPIME 1 gm/ns 100ml,cefEPIME in NS,Not Recorded,100 mL,496,mL,100,
357,CefEPIME 20mg/mL neonate syringe,cefEPIME in syringe,Not Recorded,none,32,,,
358,CefEPIME 2gm/D5W 50mL IVPB,cefEPIME in d5W,Not Recorded,50 mL,73715,mL,50,
359,CefTAZIDime 1gm IVPB,cefTAZIDime in ns,Not Recorded,none,8950,,,
360,CefTAZIDime 1gm/50 mL IVPB,cefTAZIDime IVPB,Not Recorded,50 mL,506,mL,50,
361,CefTAZIDime 1gm/50 mL IVPB,cefTAZIDime ivpb,Not Recorded,50 mL,109,mL,50,
362,CefTAZIDime 1gm/50 mL Iso-Dex,cefTAZIDime in Iso-Dex,Not Recorded,50 mL,31,mL,50,
363,CefTAZIDime 2gm/100 mL IVPB,cefTAZIDime in ns,Not Recorded,100 mL,5,mL,100,
364,CefTAZIDime 2gm/100 mL IVPB,cefTAZIDime ivpb,Not Recorded,100 mL,1008,mL,100,
365,CefTAZIDime 2gm/50 mL IVPB,cefTAZIDime ivpb,Not Recorded,50 mL,6021,mL,50,
366,CefTAZIDime 2gm/50 mL Iso-Dex,cefTAZIDime in Iso-Dex,Not Recorded,50 mL,4467,mL,50,
367,CefTAZIDime 2gm/NS IVPB,cefTAZIDime in ns,Not Recorded,none,45946,,,
368,CefTAZIDime 40mg/mL NS neonate syringe,cefTAZIDime in NS syringe,Not Recorded,none,74,,,
369,CefTAZIDime 40mg/mL NS neonate syringe,cefTAZidime in NS syringe,Not Recorded,none,212,,,
370,CefTAZidime 2.25mg/0.1mL for Intravitreal inj.,cefTAZidime intravitreal,Not Recorded,0.1 mL,9,mL,0.1,
371,CefaZOLIN 1gm/50 mL Iso-Dex,cefaZOLIN in iso-dex,Not Recorded,50 mL,98944,mL,50,
372,CefaZOLIN 20mg/mL/NS neonate syringe,cefaZOLIN in NS syringe,Not Recorded,none,25,,,
373,Cefazolin 2 gm/NS IVPB,cefazolin in ns,Not Recorded,none,3551,,,
374,Cefepime 2gm Desensitization Rx Protocol- initiate,Cefepime 2gm Desensitization Rx Protocol- initiate,Not Recorded,none,2,,,
375,Cefotaxime 1 gm inj,cefotaxime,Not Recorded,none,6,,,
376,Cefotaxime 50mg/mL neonate syringe,cefotaxime in syringe,Not Recorded,none,108,,,
377,Cefoxitin 1gm in Iso Dex,cefoxitin in iso dex,Not Recorded,none,2264,,,
378,Cefoxitin 1gm in NS,cefOXitin in NS,Not Recorded,none,57,,,
379,Cefoxitin 2gm in Iso Dex,cefoxitin in iso dex,Not Recorded,none,8513,,,
380,Cefoxitin 2gm in NS,cefOXitin in NS,Not Recorded,none,1000,,,
381,Ceftaroline 400 mg inj,ceftaroline,Not Recorded,none,6123,,,
382,Ceftaroline 600 mg inj,ceftaroline,Not Recorded,none,17749,,,
383,Ceftazidime 10mg/mL 2mL lock soln.,ceftazidime lock soln.,Not Recorded,2 mL,5,mL,2,
384,Ceftolozane-Tazobactam 1500mg inj,ceftolozane-tazobactam,Not Recorded,none,6239,,,
385,Ceftriaxone 1gm/ 50mL NS,ceftriaxone in NS,Not Recorded,50 mL,2105,mL,50,
386,Ceftriaxone 1gm/50 mL Iso-Dex,ceftriaxone in iso-dex,Not Recorded,50 mL,52262,mL,50,
387,Ceftriaxone 1gm/50 mL NS,ceftriaxone in NS,Not Recorded,50 mL,20410,mL,50,
388,Ceftriaxone 250 mg for neonate,ceftriaxone,Not Recorded,none,2,,,
389,Ceftriaxone 250 mg inj,ceftriaxone,Not Recorded,none,208,,,
390,Ceftriaxone 250mg/mL IM neonate syringe,ceftriaxone,Not Recorded,none,9,,,
391,Ceftriaxone 2gm/50 mL Iso-Dex,ceftriaxone in Iso-Dex,Not Recorded,50 mL,47463,mL,50,
392,Ceftriaxone 2gm/50 mL NS,ceftriaxone in NS,Not Recorded,50 mL,11746,mL,50,
393,Ceftriaxone 40mg/mL/ neonate syringe,ceftriaxone in syringe,Not Recorded,none,2,,,
394,Ceftriaxone 40mg/mL/NS neonate syringe,ceftriaxone in NS syringe,Not Recorded,none,1,,,
395,Cefuroxime 1500 mg inj,cefuroxime,Not Recorded,none,10250,,,
396,Cefuroxime 1500mg/NS 100mL IVPB,cefuroxime in ns,Not Recorded,100 mL,35271,mL,100,
397,Cefuroxime 750 mg inj,cefuroxime,Not Recorded,none,23,,,
398,Cefuroxme 1.5 gm/50 mL Iso-Dex,cefuroxime in iso-dex,Not Recorded,50 mL,1946,mL,50,
399,Celecoxib 100 mg cap,celecoxib,Not Recorded,none,3,,,
400,Celecoxib 200 mg cap,celecoxib,Not Recorded,none,32,,,
401,Central Parenteral Nutrition,Central Parenteral Nutrition (hyperal),Not Recorded,85 mL/hr,1352817,mL/hr,85,imputed
402,Central TPN,Central TPN,Not Recorded,none,127859,,,
403,Cetuximab 2 mg/mL 100mL,cetuximab,Not Recorded,100 mL,3,mL,100,
404,Chloramphenicol 1gm inj,chloramphenicol,Not Recorded,none,9,,,
405,Chloraseptic throat spray,chloraseptic,Not Recorded,none,1,,,
406,Chloroprocane-MPF 3% inj,chloroprocaine 3%,Not Recorded,none,2,,,
407,Chlorothiazide 125 mg in syringe,chlorothiazide syringe,Not Recorded,none,841,,,
408,Chlorothiazide 250 mg in syringe,chlorothiazide syringe,Not Recorded,none,3396,,,
409,Chlorothiazide 250 mg tab,chlorothiazide,Not Recorded,none,1,,,
410,Chlorothiazide 50 mg/1 mL liq Extemp,chlorothiazide,Not Recorded,1 mL,5,mL,1,
411,Chlorothiazide 500 mg inj,chlorothiazide,Not Recorded,none,29588,,,
412,Chlorothiazide 500 mg injection,chlorothiazide,Not Recorded,none,3087,,,
413,ChlorproMAZINE 25 mg/1 mL inj,chlorproMAZINE,Not Recorded,1 mL,197,mL,1,
414,Chromic 4 mcg/ml Inj,chromic chloride,Not Recorded,none,114,,,
415,Cidofovir 375 mg/ 5mL inj,cidofovir,Not Recorded,5 mL,45,mL,5,
416,Ciprofloxacin 200 mg/20 mL inj,ciprofloxacin,Not Recorded,20 mL,12,mL,20,
417,Ciprofloxacin 400 mg/40 mL inj,ciprofloxacin,Not Recorded,40 mL,33,mL,40,
418,Ciprofloxacin 500 mg tab,ciprofloxacin,Not Recorded,none,1,,,
419,Cisatracurium 10 mg/mL  20 mL inj,cisatracurium,Microgram/Kilogram/Minute,20 mL,135832,mL,20,
420,Cisatracurium 2 mg/mL 10 mL inj,cisatracurium,Not Recorded,10 mL,714,mL,10,
421,Cisatracurium 2mg/mL 10mL syringe,cisatracurium,Not Recorded,10 mL,5,mL,10,
422,Citric Acid-Na Citrate (Bicitra)30 mL,citric acid-na citrate,Not Recorded,30 mL,19,mL,30,
423,Cladribine 10 mg/10 mL inj,cladribine,Not Recorded,10 mL,10,mL,10,
424,Clindamycin 15 mg/mL 100mL susp,clindamycin,Not Recorded,100 mL,1,mL,100,
425,Clindamycin 600 mg inj,clindamycin,Not Recorded,none,578,,,
426,Clindamycin 600 mg/50 mL D5W,clindamycin in d5w,Not Recorded,50 mL,28328,mL,50,
427,Clindamycin 900 mg inj,clindamycin,Not Recorded,none,747,,,
428,Clindamycin 900 mg/50 mL D5W,clindamycin in d5w,Not Recorded,50 mL,40914,mL,50,
429,Clindamycin 900 mg/50mL NS IVPB,clindamycin in ns,Not Recorded,50 mL,7960,mL,50,
430,ClonIDINE 0.3 mg/24 hr patch,clonIDINE,Not Recorded,none,1,,,
431,ClonIDINE HCl 0.1 mg tab,clonIDINE,Not Recorded,none,3,,,
432,ClonIDINE HCl 0.2 mg tab,clonIDINE,Not Recorded,none,2,,,
433,Clopidogrel 300mg tablet,clopidogrel,Not Recorded,none,1,,,
434,Clopidogrel 75 mg tab,clopidogrel,Not Recorded,none,2,,,
435,Coagulation Factor 7a (VIIa) 1000 mcg,coagulation factor 7a (VIIa),Not Recorded,none,215,,,
436,Coagulation Factor 7a (VIIa) 2000 mcg,coagulation factor 7a (VIIa),Not Recorded,none,231,,,
437,Coagulation Factor 7a (VIIa) 5000 mcg,coagulation factor 7a (VIIa),Not Recorded,none,42,,,
438,Coagulation factor 7a (VIIa) 1000 mcg,coagulation factor 7a (VIIa),Not Recorded,none,49,,,
439,Coagulation factor 7a (VIIa) 2000 mcg,coagulation factor 7a (VIIa),Not Recorded,none,642,,,
440,Coagulation factor 7a (VIIa) 5000 mcg,coagulation factor 7a (VIIa),Not Recorded,none,14,,,
441,Coagulation factor 7a (VIIa) 8000 mcg,coagulation factor VIIa,Not Recorded,none,8,,,
442,Cocaine 4% 4 mL top solution,cocaine 4%,Not Recorded,4 mL,14,mL,4,
443,Colistimethate 150 mg for Inhalation syringe,colistimethate inhalation in syringe,Not Recorded,none,1,,,
444,Colistimethate 150 mg inj,colistimethate,Not Recorded,none,12062,,,
445,Conivaptan 20mg/D5W 100mL,conivaptan/d5w,Not Recorded,100 mL,64,mL,100,
446,Copper chloride 0.4mg/mL 10mL inj,copper chloride,Not Recorded,10 mL,1186,mL,10,
447,Copper sulfate 0.4 mg/mL inj,copper sulfate,Not Recorded,none,5,,,
448,Corticorelin 100 mcg/2 mL  inj,corticorelin,Not Recorded,2 mL,2,mL,2,
449,Cosyntropin 0.25 mg inj,cosyntropin,Not Recorded,none,3176,,,
450,Cosyntropin 1mcg/mL/NS neonate syringe,cosyntropin in NS syringe,Not Recorded,none,2,,,
451,Cyanide Antidote Kit,sod thio-sod-amyl-nitr,Not Recorded,none,1,,,
452,"Cyanocobalamin 1,000 mcg/1 mL inj",cyanocobalamin,Not Recorded,1 mL,94,mL,1,
453,Cyanocobalamin 100 mcg tab,cyanocobalamin,Not Recorded,none,1,,,
454,Cyanocobalamin 1000 mcg tab,cyanocobalamin,Not Recorded,none,4,,,
455,CycloPHOSphamide 1gm/50 mL inj,cycloPHOSphamide,Not Recorded,50 mL,11472,mL,50,
456,CycloPHOSphamide 2 gm inj,cycloPHOSphamide,Not Recorded,none,2,,,
457,CycloSPORINE 100 mg/mL Sol(Sandimmune) 50 mL,cycloSPORINE,Not Recorded,50 mL,1,mL,50,
458,CycloSPORINE 250 mg/5 mL inj,cycloSPORINE,Not Recorded,5 mL,3077,mL,5,
459,Cyclophosphamide 500 mg inj,cyclophosphamide,Not Recorded,none,418,,,
460,Cyclophosphamide 500mg/25mL inj,cyclophosphamide,Not Recorded,25 mL,11,mL,25,
461,Cytarabine 100 mg / 5 mL inj,cytarabine,Not Recorded,5 mL,388,mL,5,
462,Cytarabine 2000 mg/20 mL inj,cytarabine,Not Recorded,20 mL,10392,mL,20,
463,Cytarabine 500 mg / 5 mL  inj,cytarabine,Not Recorded,5 mL,49,mL,5,
464,Cytomegalvirus Glob 2.5gm/50mL IV,cytomegalovirus globulin,Not Recorded,50 mL,345,mL,50,
465,D10W 0.2%NS 250  mL bag,d10.2ns,Not Recorded,250 mL,293,mL,250,
466,D10W 0.45%NS 250mL,D10W 0.45%NS,Not Recorded,250 mL,1,mL,250,
467,D10W 1000 mL IV bag,d10w,Not Recorded,1000 mL,202556,mL,1000,
468,D10W 25 gm/250 mL inj,D10W,Not Recorded,250 mL,7683,mL,250,
469,D10W 500 mL iv bag,d10w,Not Recorded,500 mL,9212,mL,500,
470,D12.5W 0.2%NS 250mL,D12.5W 0.2%NS,Not Recorded,250 mL,16,mL,250,
471,D12.5W 0.45%NS 250mL,D12.5W 0.45%NS,Not Recorded,250 mL,20,mL,250,
472,D12.5W 250ml,D12.5W,Not Recorded,250 mL,1,mL,250,
473,D15%W 250 ml,D15W,Not Recorded,250 mL,1,mL,250,
474,D20W 0.2%NS 250mL,D20W 0.2%NS,Not Recorded,250 mL,6,mL,250,
475,D20W 250mL,D20W,Not Recorded,250 mL,218,mL,250,
476,D20W 500 mL IV bag,dextrose 20%,Not Recorded,500 mL,51454,mL,500,
477,D25W 250mL,D25W,Not Recorded,250 mL,2,mL,250,
478,D5.2NS + 20 mEq KCl 1000 mL IV,d5w.2ns + kcl,Not Recorded,1000 mL,745,mL,1000,
479,D5.2NS + 40 mEq KCl 1000 mL IV,d5w.2ns + kcl,Not Recorded,1000 mL,116,mL,1000,
480,D5.2NS 1000 mL IV bag,d5.2ns,Not Recorded,1000 mL,11363,mL,1000,
481,D5.2NS 500 mL IV bag,d5.2ns,Not Recorded,500 mL,55,mL,500,
482,D5.45NS + 10 mEq KCl 1000 mL IV,d5.45ns + kcl,Not Recorded,1000 mL,45322,mL,1000,
483,D5.45NS + 20 mEq KCl 1000 ml  IV,d5.45ns + kcl,Not Recorded,1000 mL,806311,mL,1000,
484,D5.45NS + 30 mEq KCl 1000 mL IV,d5.45ns + kcl,Not Recorded,1000 mL,1609,mL,1000,
485,D5.45NS + 40 mEq KCl 1000 mL IV,d5.45ns + kcl,Not Recorded,1000 mL,20045,mL,1000,
486,D5.45NS 1000 mL IV bag,d5.45ns,Not Recorded,1000 mL,1151341,mL,1000,
487,D5.45NS 1000 mL for chemo,d5.45ns,Not Recorded,1000 mL,1510,mL,1000,
488,D5.45NS 500 mL IV bag,d5.45ns,Not Recorded,500 mL,1915,mL,500,
489,D5LR + 20 mEq KCl 1000mL,d5lr + kcl,Not Recorded,1000 mL,2985,mL,1000,
490,D5LR 1000 mL IV bag,d5lr,Not Recorded,1000 mL,170271,mL,1000,
491,D5LR 500 mL iv bag,D5LR,Not Recorded,500 mL,115,mL,500,
492,D5NS 1000 mL IV bag,d5ns,Not Recorded,1000 mL,448514,mL,1000,
493,D5NS 500 mL IV bag,d5ns,Not Recorded,500 mL,1043,mL,500,
494,D5NS+20 mEq KCl 1000 mL IV bag,d5ns + kcl,Not Recorded,1000 mL,63122,mL,1000,
495,D5W + 20 mEq KCl 1000 mL IV bag,d5w + kcl,Not Recorded,1000 mL,10295,mL,1000,
496,D5W 100 mL (Polyolefin),d5w (polyolefin),Not Recorded,100 mL,23702,mL,100,
497,D5W 100 mL IV bag,d5w,Not Recorded,100 mL,34853,mL,100,
498,D5W 100 mL IV bag chemo,d5w,Not Recorded,100 mL,114,mL,100,
499,D5W 1000 mL (Polyolefin),d5w (polyolefin),Not Recorded,1000 mL,160,mL,1000,
500,D5W 1000 mL (Polyolefin) for chemo,d5w (polyolefin),Not Recorded,1000 mL,15,mL,1000,
501,D5W 1000 mL IV bag,d5w,Not Recorded,1000 mL,711070,mL,1000,
502,D5W 1000 mL IV bag for chemo,d5w,Not Recorded,1000 mL,221,mL,1000,
503,D5W 150 mL IV bag,d5w,Not Recorded,150 mL,2668,mL,150,
504,D5W 150 mL IV bag for chemo,d5w,Not Recorded,150 mL,58,mL,150,
505,D5W 250 mL IV bag,d5w,Not Recorded,250 mL,195577,mL,250,
506,D5W 250 mL IV bag for chemo,d5w,Not Recorded,250 mL,350,mL,250,
507,D5W 250mL (Polyolefin),d5w (polyolefin),Not Recorded,250 mL,639400,mL,250,
508,D5W 250mL (Polyolefin) for chemo,d5w (polyolefin),Not Recorded,250 mL,223,mL,250,
509,D5W 50 mL IV bag,d5w,Not Recorded,50 mL,30895,mL,50,
510,D5W 50 mL IV bag for chemo,d5w,Not Recorded,50 mL,584,mL,50,
511,D5W 50 mL IV bottle,d5w btl,Not Recorded,50 mL,3,mL,50,
512,D5W 500 mL (Polyolefin),d5w (polyolefin),Not Recorded,500 mL,557952,mL,500,
513,D5W 500 mL (Polyolefin) for chemo,d5w (polyolefin) for chemo,Not Recorded,500 mL,782,mL,500,
514,D5W 500 mL IV bag,d5w,Not Recorded,500 mL,29085,mL,500,
515,D5W 500 mL IV bag for chemo,d5w,Not Recorded,500 mL,483,mL,500,
516,D5W 50mL (Polyolefin),d5w (polyolefin),Not Recorded,50 mL,7,mL,50,
517,D70W 1000mL IV bag,d70w,Not Recorded,1000 mL,264,mL,1000,
518,D70W 2000 mL IV bag,d70w,Not Recorded,2000 mL,419,mL,2000,
519,D70W 500 mL IV bag,d70w,Not Recorded,500 mL,118,mL,500,
520,DACTINOmycin 0.5 mg inj,DACTINOmycin,Not Recorded,none,44,,,
521,DAPTOmycin 350 mg inj,DAPTOmycin,Not Recorded,none,16976,,,
522,DAPTOmycin 50 mg/mL inj,DAPTOmycin,Not Recorded,none,2526,,,
523,DAUNOrubicin 20 mg inj,DAUNOrubicin,Not Recorded,none,240,,,
524,DAUNOrubicin 5 mg/ml injection,DAUNOrubicin,Not Recorded,none,94,,,
525,DOBUTamine 250 mg/20 mL inj,DOBUTamine,Microgram/Kilogram/Minute,20 mL,27450,mL,20,
526,DOBUTamine 250 mg/20 mL inj ADD,DOBUTamine,Not Recorded,20 mL,54,mL,20,
527,DOCEtaxel 10 mg/mL inj,DOCEtaxel,Not Recorded,none,8,,,
528,DOCEtaxel 20mg/1mL inj,DOCEtaxel,Not Recorded,1 mL,36,mL,1,
529,DOCEtaxel 80mg/4mL inj,DOCEtaxel,Not Recorded,4 mL,38,mL,4,
530,DOPamine 200 mg/5mL inj,DOPamine,Microgram/Kilogram/Minute,5 mL,996,mL,5,
531,DOPamine 400 mg/5 mL inj,DOPamine,Microgram/Kilogram/Minute,5 mL,1740,mL,5,
532,DOPamine 400mg/10mL inj,DOPamine,Microgram/Kilogram/Minute,10 mL,1526,mL,10,
533,DOXOrubicin  LYOPH 50mg for orderset only,DOXOrubicin LYOPH,Not Recorded,none,2,,,
534,DOXOrubicin  LYOPHILIZED 50mg inj,DOXOrubicin LYOPH,Not Recorded,none,22,,,
535,DOXOrubicin 2 mg/mL PF 25mL for orderset only,DOXOrubicin,Not Recorded,25 mL,112,mL,25,
536,DOXOrubicin 2 mg/mL PF soln. 25mL,DOXOrubicin,Not Recorded,25 mL,7396,mL,25,
537,DOXOrubicin PFS 10 mg/5 mL inj,DOXOrubicin,Not Recorded,5 mL,737,mL,5,
538,DOXOrubicin liposomal 2 mg/mL (Lipodox),DOXOrubicin liposomal,Not Recorded,none,11,,,
539,DOXOrubicin liposomal 20mg/ 10 mL inj,DOXOrubicin hcl liposome,Not Recorded,10 mL,78,mL,10,
540,Dacarbazine 200mg inj,dacarbazine,Not Recorded,none,90,,,
541,Dalbavancin 500 mg/25ml  inj,dalbavancin,Not Recorded,25 mL,162,mL,25,
542,Dalfopristin-Quinupristin 500 mg inj,dalfopristin-quinupristin,Not Recorded,none,20,,,
543,Dantrolene 100 mg cap,dantrolene,Not Recorded,none,1,,,
544,Dantrolene 20 mg inj,dantrolene,Not Recorded,none,40,,,
545,Dantrolene 250 mg inj,dantrolene,Not Recorded,none,44,,,
546,Daptomycin 500mg for IVPB,daptomycin,Not Recorded,none,15274,,,
547,Daptomycin 5mg/ml /LR 2mL lock soln.,daptomycin in LR lock soln.,Not Recorded,2 mL,7,mL,2,
548,Daratumumab 400mg/20mL inj.,daratumumab,Not Recorded,20 mL,4,mL,20,
549,Darbepoetin Alfa 25 mcg/0.42 mL syr.,darbepoetin alfa,Not Recorded,0.42 mL,47,mL,0.42,
550,Darbepoetin Alfa 40 mcg/0.4 mL syr.,darbepoetin alfa,Not Recorded,0.4 mL,219,mL,0.4,
551,Darbepoetin Alfa 40 mcg/0.4 mL syringe,darbepoetin alfa,Not Recorded,0.4 mL,2,mL,0.4,
552,Darbepoetin alfa 100 mcg/0.5 mL syr. For Dialysis,darbepoetin alfa,Not Recorded,0.5 mL,106,mL,0.5,
553,Darbepoetin alfa 100 mcg/0.5 mL syringe,darbepoetin alfa,Not Recorded,0.5 mL,145,mL,0.5,
554,Darbepoetin alfa 100 mcg/0.5 mL syringe- APPRISE,darbepoetin alfa,Not Recorded,0.5 mL,3,mL,0.5,
555,Darbepoetin alfa 150 mcg/0.3 mL syringe,darbepoetin alfa,Not Recorded,0.3 mL,11,mL,0.3,
556,Darbepoetin alfa 200 mcg/0.4 mL syringe,darbepoetin alfa,Not Recorded,0.4 mL,13,mL,0.4,
557,Darbepoetin alfa 60 mcg/0.3 mL syr.,darbepoetin alfa,Not Recorded,0.3 mL,1340,mL,0.3,
558,Darbepoetin alfa 60 mcg/0.3 mL syringe,darbepoetin alfa,Not Recorded,0.3 mL,29,mL,0.3,
559,Decitabine 50mg inj,decitabine,Not Recorded,none,2107,,,
560,Deferoxamine 500 mg inj,deferoxamine,Not Recorded,none,184,,,
561,Description Missing,Description Missing,Not Recorded,none,1,,,
562,Desmopressin 0.1 mg tab,desmopressin,Not Recorded,none,4,,,
563,Desmopressin 0.4 mcg/mL SubQ syringe,desmopress in syringe,Not Recorded,none,54,,,
564,Desmopressin 10mcg/inh 5mL nasal,desmopressin,Not Recorded,5 mL,2,mL,5,
565,Desmopressin 4 mcg/mL IV in syringe,desmopressin in syringe,Not Recorded,none,449,,,
566,Desmopressin 4 mcg/mL SubQ syringe,desmopressin in syringe,Not Recorded,none,15,,,
567,Desmopressin 4 mcg/mL inj,desmopressin,Not Recorded,none,4858,,,
568,Desmopressin 4 mcg/mL inj.,desmopressin,Not Recorded,none,396,,,
569,Dexamethasone 0.2mg/mL neonate syringe,Dexamethasone in syringe,Not Recorded,none,5,,,
570,Dexamethasone 0.5 mg tab,dexamethasone,Not Recorded,none,1,,,
571,Dexamethasone 10mg/NS IVPB,dexamethasone/ns,Not Recorded,none,11,,,
572,Dexamethasone 12mg/NS IVPB,dexamethasone/ns,Not Recorded,none,23,,,
573,Dexamethasone 2 mg tab,dexamethasone,Not Recorded,none,2,,,
574,Dexamethasone 20 mg/5 mL inj,dexamethasone,Not Recorded,5 mL,16655,mL,5,
575,Dexamethasone 20mg/NS IVPB,dexamethasone/ns,Not Recorded,none,69,,,
576,Dexamethasone 4 mg tab,dexamethasone,Not Recorded,none,24,,,
577,Dexamethasone 4 mg/1 mL inj,dexamethasone,Not Recorded,1 mL,314008,mL,1,
578,Dexamethasone 6  mg tab,dexamethasone,Not Recorded,none,4,,,
579,Dexamethasone 8 mg/NS IVPB,dexamethasone/ns,Not Recorded,none,14,,,
580,Dexamethson 10 mg/mL  10 mL inj,dexamethasone,Not Recorded,10 mL,177,mL,10,
581,Dexmedetomidine 200 mcg/2 mL inj,dexmedetomidine,Microgram/Kilogram/Hour,2 mL,101592,mL,2,
582,Dexmedetomidine 4 mcg/mL 20mL vial (for OR),dexmedetomidine,Not Recorded,20 mL,840,mL,20,
583,Dexrazoxane 250 mg inj cardio tox,dexrazoxane,Not Recorded,none,16,,,
584,Dextran 40/ 500 mL IV bag,dextran 40,Not Recorded,500 mL,257,mL,500,
585,Dextran 40/ 500 mL IV bag,dextran 40/ns,Not Recorded,500 mL,173,mL,500,
586,Dextran 40/D5W 500 mL IV bag,dextran 40/d5w,Not Recorded,500 mL,496,mL,500,
587,Dextran-Dextrose 32% inj 100 mL inj,dextran-dextrose 32%,Not Recorded,100 mL,18,mL,100,
588,Dextrose 10% 5 mL inj,dextrose 10%,Not Recorded,5 mL,13,mL,5,
589,Dextrose 10% in Water 250mL,D10W,Not Recorded,250 mL,191,mL,250,
590,Dextrose 10% in Water 250mL btl.,D10W,Not Recorded,250 mL,892,mL,250,
591,Dextrose 30% in Water 500mL,dextrose 30% water,Not Recorded,500 mL,1,mL,500,
592,Dextrose 50% 50 mL syringe,dextrose 50%,Not Recorded,50 mL,62572,mL,50,
593,Dextrose 50% 50 mL vial,dextrose 50%,Not Recorded,50 mL,8170,mL,50,
594,Diazepam 10 mg/2 mL inj,diazepam,Not Recorded,2 mL,13498,mL,2,
595,Diazepam 2 mg tab,diazepam,Not Recorded,none,1,,,
596,Diazepam 5 mg tab,diazepam,Not Recorded,none,9,,,
597,Dicyclomine 20 mg/2 mL inj,dicyclomine,Not Recorded,2 mL,4,mL,2,
598,Digoxin 0.05 mg/mL Elixir  60 mL,digoxin,Not Recorded,60 mL,1,mL,60,
599,Digoxin 0.5 mg/2 mL inj,digoxin,Not Recorded,2 mL,10268,mL,2,
600,Digoxin Immune Fab 40mg (Digifab),digoxin immune fab,Not Recorded,none,49,,,
601,Dihydroergotamine 1 mg/1 mL inj,dihydroergotamine,Not Recorded,1 mL,1950,mL,1,
602,Diltiazem 100 mg ADD-Vantage,diltiazem,Milligram/Hour,none,31,,,
603,Diltiazem 125 mg vial,diltiazem,Milligram/Hour,none,40246,,,
604,Diltiazem 25 mg/5 mL inj,diltiazem,Not Recorded,5 mL,13081,mL,5,
605,Diltiazem 50 mg/10 mL inj,diltiazem,Not Recorded,10 mL,50,mL,10,
606,DiphenhydrAMI 2.5 mg/mL liq 240 mL,diphenhydrAMINE,Not Recorded,240 mL,4,mL,240,
607,DiphenhydrAMINE 12.5mg/5mL Liq,diphenhydrAMINE liq,Not Recorded,5 mL,1,mL,5,
608,DiphenhydrAMINE 25 mg cap,diphenhydrAMINE,Not Recorded,none,66,,,
609,DiphenhydrAMINE 25 mg/10 mL liq,diphenhydrAMINE,Not Recorded,10 mL,10,mL,10,
610,DiphenhydrAMINE 25mg/NS IVPB,diphenhydrAMINE/ns,Not Recorded,none,40,,,
611,DiphenhydrAMINE 50 mg cap,diphenhydrAMINE,Not Recorded,none,21,,,
612,DiphenhydrAMINE 50 mg/1 mL inj,diphenhydrAMINE,Not Recorded,1 mL,284906,mL,1,
613,DiphenhydrAMINE 50mg/NS IVPB,diphenhydrAMINE/ns,Not Recorded,none,202,,,
614,Disposable elastomeric pump,disposable elastomeric pump,Not Recorded,none,1,,,
615,Docusate Sodium 100 mg cap,docusate,Not Recorded,none,1,,,
616,Dofetilide 250 mcg cap,dofetilide,Not Recorded,none,1,,,
617,Doripenem 250 mg inj,doripenem,Not Recorded,none,62,,,
618,Doripenem 500 mg inj,doripenem,Not Recorded,none,8405,,,
619,Doxorubicin 2  mg/ 1 mL inj,doxorubicin,Not Recorded,1 mL,26,mL,1,
620,Doxorubicin PFS 10mg/5mL inj,doxorubicin,Not Recorded,5 mL,38,mL,5,
621,Doxycycline 100 mg cap,doxycycline,Not Recorded,none,3,,,
622,Doxycycline 100 mg inj,doxycycline,Not Recorded,none,6078,,,
623,Doxycycline 100mg IVPB,doxycycline in ns,Not Recorded,none,13361,,,
624,Doxycycline 1mg/mL NS peds syringe,doxycycline/ns syringe,Not Recorded,none,2,,,
625,Doxycycline 50mg cap,doxycycline,Not Recorded,none,1,,,
626,Doxycycline hyclate 100 mg tab,doxycycline,Not Recorded,none,7,,,
627,Droperidol 0.625mg/2mL ns for OR,droperidol,Not Recorded,2 mL,88,mL,2,
628,Droperidol 2.5mg/mL inj,droperidol,Not Recorded,none,131,,,
629,ED-Calcium Gluconate 2gm IVPB for ED use only,calcium gluconate/ns,Not Recorded,none,49,,,
630,EPHEDrine 25mg/5ml (5mg/mL) syringe,ePHEDrine,Not Recorded,5 mL,8,mL,5,
631,EPHEDrine 50 mg/1 mL inj,ePHEDrine,Not Recorded,1 mL,25779,mL,1,
632,EPHEDrine 50 mg/10mL inj,ePHEDrine,Not Recorded,10 mL,16,mL,10,
633,EPHEDrine 5mg/mL OR syringe,ePHEDrine,Not Recorded,none,152790,,,
634,EPInephrine 0.3mg Auto-injector,EPInephrine hcl,Not Recorded,none,4,,,
635,EPInephrine 1 mg/ 1 mL inj,EPInephrine,Microgram/Kilogram/Minute,1 mL,36048,mL,1,
636,EPInephrine 1 mg/10 mL inj,EPInephrine,Not Recorded,10 mL,2843,mL,10,
637,EPInephrine 160mcg Syr OR,EPInephrine,Not Recorded,none,1245,,,
638,EPInephrine 1mg/ml 30 mL inj,EPInephrine,Not Recorded,30 mL,160479,mL,30,
639,EPIrubicin 2 mg / 1 mL inj,EPIrubicin,Not Recorded,1 mL,1,mL,1,
640,Eculizumab 300 mg/30mL inj.,eculizumab,Not Recorded,30 mL,65,mL,30,
641,Edrophonium 10 mg/mL 15 mL inj,edrophonium,Not Recorded,15 mL,1,mL,15,
642,Edrophonium 10 mg/mL per mL,edrophonium,Not Recorded,none,8,,,
643,Empty Container,Empty Container,Not Recorded,none,40939,,,
644,Empty Container Non-DEHP,Empty Container Non-DEHP,Not Recorded,none,4,,,
645,Enalaprilat 1.25 mg/1 mL inj,enalapril,Not Recorded,1 mL,446,mL,1,
646,Enalaprilat 2.5 mg/2 mL inj,enalaprilat,Not Recorded,2 mL,3341,mL,2,
647,Enoxaparin 100 mg/ 1 mL inj,enoxaparin,Not Recorded,1 mL,270,mL,1,
648,Enoxaparin 120 mg/ 0.8 mL  inj,enoxaparin,Not Recorded,0.8 mL,2,mL,0.8,
649,Enoxaparin 20 mg/ 0.2 mL syringe,enoxaparin syringe,Not Recorded,0.2 mL,3,mL,0.2,
650,Enoxaparin 30 mg/0.3 mL inj,enoxaparin,Not Recorded,0.3 mL,163,mL,0.3,
651,Enoxaparin 40 mg/ 0.4 mL inj,enoxaparin,Not Recorded,0.4 mL,4,mL,0.4,
652,Enoxaparin 60 mg/ 0.6 mL inj,enoxaparin,Not Recorded,0.6 mL,2,mL,0.6,
653,Epidural Infusion,Epidural Infusion,Not Recorded,none,2,,,
654,"Epoetin 10,000 units/ 1 mL inj",epoetin,Not Recorded,1 mL,4614,mL,1,
655,"Epoetin 2,000 units/ 1 mL inj",epoetin alfa,Not Recorded,1 mL,139,mL,1,
656,"Epoetin 20,000 units inj",epoetin,Not Recorded,none,1277,,,
657,"Epoetin 40,000 units/ 1 mL",epoetin,Not Recorded,1 mL,71,mL,1,
658,Epoetin 4000 units/1 mL inj,epoetin alfa,Not Recorded,1 mL,257,mL,1,
659,"Epoetin alfa-epbx (Retacrit) 10,000 units/1 mL inj",epoetin alfa-epbx,Not Recorded,1 mL,1302,mL,1,
660,"Epoetin alfa-epbx (Retacrit) 2,000 units/1 mL inj",epoetin alfa-epbx,Not Recorded,1 mL,73,mL,1,
661,"Epoetin alfa-epbx (Retacrit) 20,000 units/1 mL inj",epoetin alfa-epbx,Not Recorded,1 mL,406,mL,1,
662,"Epoetin alfa-epbx (Retacrit) 40,000 units/1 mL inj",epoetin alfa-epbx,Not Recorded,1 mL,62,mL,1,
663,Epoprostenol  Diluent 50mL for ICU Drip,epoprostenol diluent,Not Recorded,50 mL,51,mL,50,
664,Epoprostenol  Diluent 50mL for ICU Drip,epoprostenol/Flolan diluent,Not Recorded,50 mL,4417,mL,50,
665,Epoprostenol  Diluent 50mL vial,epoprostenol diluent,Not Recorded,50 mL,13,mL,50,
666,Epoprostenol  Diluent 50mL vial,epoprostenol/Flolan diluent,Not Recorded,50 mL,924,mL,50,
667,Epoprostenol 0.5 mg inj,epoprostenol,Not Recorded,none,18956,,,
668,"Epoprostenol 1,000,000 ng (1mg) inhale (Veletri)",epoprostenol inhale,Not Recorded,none,39,,,
669,Epoprostenol 1.5 mg inj.,epoprostenol,Not Recorded,none,2404,,,
670,"Epoprostenol 500,000 ng (0.5mg) inhale (Veletri)",epoprostenol inhale,Not Recorded,none,9,,,
671,Epoprostenol CADD Conc-Dose-Rate Confirm,Epoprostenol CADD Conc-Dose-Rate Confirm,Not Recorded,none,5,,,
672,Epoprostenol Cassette,Epoprostenol cassette,Not Recorded,none,18,,,
673,Epoprostenol Cassette,flolan casstte,Not Recorded,none,6,,,
674,Eptifibatide 2 mg/mL 10 mL bolus inj,eptifibatide,Not Recorded,10 mL,40,mL,10,
675,Eribulin 1mg/2mL inj,eribulin,Not Recorded,2 mL,2,mL,2,
676,Ertapenem 1000 mg inj,ertapenem,Not Recorded,none,24830,,,
677,Erythromycin 500 mg inj,erythromycin,Not Recorded,none,11899,,,
678,Esmolol 100 mg/10 mL inj,esmolol,Not Recorded,10 mL,854,mL,10,
679,Esmolol 10mg/mL OR syringe,esmolol,Not Recorded,none,2216,,,
680,Esmolol 2.5 gm/10 mL inj,esmolol,Not Recorded,10 mL,21,mL,10,
681,Estradiol 1 mg tab,estradiol,Not Recorded,none,1,,,
682,Estrogens 25 mg/5 mL inj.,"estrogens, conjugated",Not Recorded,5 mL,398,mL,5,
683,Ethacrynate 50 mg/50 mL inj,ethacrynate,Not Recorded,50 mL,249,mL,50,
684,Ethanol Lock soln 70% 3mL,ethanol 70% lock soln.,Not Recorded,3 mL,6,mL,3,
685,Ethiodized Oil (37% iodine) 10 mL inj,ethiodized oil (37% iodine),Not Recorded,10 mL,1,mL,10,
686,Ethiodized Oil 480mg/mL,ethiodized oil,Not Recorded,none,1,,,
687,Etomidate 10mg/5mL syringe,etomidate,Not Recorded,5 mL,7,mL,5,
688,Etomidate 2 mg/mL  20 mL inj,etomidate,Not Recorded,20 mL,1001,mL,20,
689,Etomidate 2 mg/mL inj 10mL,etomidate,Not Recorded,10 mL,5292,mL,10,
690,Etoposide 100 mg / 5 mL,etoposide,Not Recorded,5 mL,11606,mL,5,
691,Etoposide 500 mg/25 mL inj,etoposide,Not Recorded,25 mL,4403,mL,25,
692,Factor 7a (VIIa),coagulation factor 7a (VIIa),Not Recorded,none,952,,,
693,Factor 8 (VIII) bolus,Factor 8 (VIII) in syringe,Not Recorded,none,205,,,
694,Factor 8 (VIII) injection,Factor 8 (VIII) inj,Not Recorded,none,1272,,,
695,Factor 9 (IX) inj,factor 9 (IX),Not Recorded,none,197,,,
696,Factor 9 (IX) inj Bolus,factor 9 (IX) in syringe,Not Recorded,none,49,,,
697,"Factor VIII (Antihemophilic Factor, Recomb Porcine Seq) (Obizur)",factor 8 porcine,Not Recorded,none,42,,,
698,"Factor VIII (Antihemophilic Factor, Recomb Porcine Seq) (Obizur)",factor 8 porcine (Obizur),Not Recorded,none,1,,,
699,"Factor VIII (Antihemophilic Factor, Recomb Porcine) (Obizur)",factor 8 porcine,Not Recorded,none,24,,,
700,Factor7a (VIIa) 2000 mcg (OR CHARGE),coagulation factor VIIa,Not Recorded,none,3,,,
701,Famotidine 20 mg for Hyperal only,famotidine,Not Recorded,none,486069,,,
702,Famotidine 20 mg tab,fAMOTIDine,Not Recorded,none,42,,,
703,Famotidine 20 mg/2 mL inj,fAMOTIDine,Not Recorded,2 mL,322358,mL,2,
704,Famotidine 20mg/NS IV syringe,famotidine/ns in syringe,Not Recorded,none,12,,,
705,Famotidine 2mg/mL/NS neonate syringe,fAMOTIDine in NS syringe,Not Recorded,none,4,,,
706,Famotidine 40 mg tab,fAMOTIDine,Not Recorded,none,4,,,
707,Famotidine 40 mg/4 mL inj,fAMOTIDine,Not Recorded,4 mL,66,mL,4,
708,Fat Emulsion 20% 250 mL (Intralipid),fat emulsion 20%,Not Recorded,250 mL,15416,mL,250,
709,Fat Emulsion 20% 250 mL (Intralipid),fat emulsion 20% (Intralipid),Not Recorded,250 mL,5486,mL,250,
710,Fat Emulsion 20% 500mL,fat emulsion 20%,Not Recorded,500 mL,3,mL,500,
711,Fat Emulsion 20% NEONATE syringe,fat emulsion 20% in syr (Intralipid),Not Recorded,none,5,,,
712,Fat Emulsion 20% NEONATE syringe,fat emulsion 20% in syringe,Not Recorded,none,66,,,
713,"Fat emulsion, 20% 100mL (Neonate)",fat emulsion 20% (Intralipid),Not Recorded,100 mL,138,mL,100,
714,"Fat emulsion, 20% 100mL (Neonate)","fat emulsion 20%, intravenous",Not Recorded,100 mL,436,mL,100,
715,"Fat emulsion, intravenous (fish oil) 20% 250mL (Smoflipid)",fat emulsion 20%(Smoflipid),Not Recorded,250 mL,5112,mL,250,
716,"Fat emulsion, intravenous (fish oil) 20% 250mL (Smoflipid)","fat emulsion, intravenous 20%",Not Recorded,250 mL,2174,mL,250,
717,"Fat emulsion, intravenous (fish oil) 20% 500mL (for TPN) (Smoflipid)",fat emulsion 20%(Smoflipid),Not Recorded,500 mL,359,mL,500,
718,"Fat emulsion, intravenous (fish oil) 20% 500mL (for TPN) (Smoflipid)","fat emulsion, intravenous 20%",Not Recorded,500 mL,49,mL,500,
719,"Fat emulsion,intravenous (fish oil) 20% 1000mL (for TPN) (Smoflipid)",fat emulsion 20%(Smoflipid),Not Recorded,1000 mL,1806,mL,1000,
720,FentaNYL 50 mcg/mL 10mL inj,fentaNYL,Not Recorded,10 mL,33,mL,10,
721,FentaNYL PCA/NCA 10mcg/mL 50mL syringe,fentaNYL pca/nca,Not Recorded,50 mL,1669,mL,50,
722,Fentanyl  2.5 mg / 50 mL Drip,fentanyl citrate,Not Recorded,50 mL,4,mL,50,
723,Fentanyl 100 mcg buccal tab,fentaNYL,Not Recorded,none,1,,,
724,Fentanyl 100 mcg/hr patch,fentanyl,Not Recorded,none,3,,,
725,Fentanyl 1000 mcg/20 mL inj,fentanyl,Not Recorded,20 mL,3731,mL,20,
726,Fentanyl 100mcg/2 mL inj,fentanyl,Not Recorded,2 mL,493768,mL,2,
727,Fentanyl 10mcg/ml 60mL Syringe,fentanyl syringe,Micrograms/Hour,60 mL,46654,mL,60,
728,Fentanyl 12 mcg/hr patch,fentanyl,Not Recorded,none,2,,,
729,Fentanyl 200 mcg lozenge,fentanyl,Not Recorded,none,2,,,
730,Fentanyl 25 mcg/hr patch,fentanyl,Not Recorded,none,4,,,
731,Fentanyl 250 mcg/5 mL inj,fentanyl,Not Recorded,5 mL,3700,mL,5,
732,Fentanyl 50 mcg/hr patch,fentanyl,Not Recorded,none,2,,,
733,Fentanyl 75 mcg/hr patch,fentanyl,Not Recorded,none,4,,,
734,Fentanyl Patch Removal,fentanyl patch removal,Not Recorded,none,2,,,
735,Ferrlecit 62.5 mg/5 mL inj,ferric gluconate sodium complex,Not Recorded,5 mL,31,mL,5,
736,Ferumoxytol 510mg/17mL inj,ferumoxytol,Not Recorded,17 mL,915,mL,17,
737,Fibrinogen concentrate (Human),fibrinogen,Not Recorded,none,8,,,
738,Filgrastim 480 mcg/0.8 mL syr,filgrastim,Not Recorded,0.8 mL,3,mL,0.8,
739,Fluconazole 100 mg tab,fluconazole,Not Recorded,none,1,,,
740,Fluconazole 100mg/50mL NS,fluconazole in ns,Not Recorded,50 mL,3441,mL,50,
741,Fluconazole 200 mg tab,fluconazole,Not Recorded,none,7,,,
742,Fluconazole 200 mg/5 mL liq 35 mL,fluconazole,Not Recorded,5 mL,78,mL,5,
743,Fluconazole 200mg/100mL NS premix,fluconazole in ns,Not Recorded,100 mL,17825,mL,100,
744,Fluconazole 400mg/200mL D5W ivpb,fluconazole,Not Recorded,200 mL,306,mL,200,
745,Fluconazole 400mg/200mL D5W ivpb,fluconazole in d5w,Not Recorded,200 mL,21,mL,200,
746,Fluconazole 400mg/200mL NS premix,fluconazole in ns,Not Recorded,200 mL,19250,mL,200,
747,Fluconzole 2mg/mL/NS neonate syringe,fluconazole in NS syringe,Not Recorded,none,65,,,
748,Fludarabine 50  mg inj,fludarabine,Not Recorded,none,4111,,,
749,Flumazenil 0.5 mg/5 mL inj,flumazenil,Not Recorded,5 mL,1368,mL,5,
750,Flumazenil 0.5 mg/5 mL syringe,flumazenil,Not Recorded,5 mL,7,mL,5,
751,Fluorescein 10% 5mL inj,fluorescein 10%,Not Recorded,5 mL,500,mL,5,
752,Fluorescein 1mg ophth strip,fluorescein,Not Recorded,none,2,,,
753,Fluorouracil 50 mg/mL inj,fluorouracil,Not Recorded,none,602,,,
754,Folic Acid 1mg/mL Ped oral syringe,folic acid ped liq,Not Recorded,none,1,,,
755,Folic Acid 50 mg/10 mL inj,folic acid,Not Recorded,10 mL,141441,mL,10,
756,Fomepizole 1500mg/1.5mL,fomepizole,Not Recorded,1.5 mL,131,mL,1.5,
757,Fosaprepitant 150 mg inj.,fosaprepitant,Not Recorded,none,2680,,,
758,Foscarnet 6 gm/250 mL IVPB (Central Line),foscarnet,Not Recorded,250 mL,3252,mL,250,
759,Fosphenytoin 100 mgpe/2 mL inj,fosphenytoin,Not Recorded,2 mL,20113,mL,2,
760,Fosphenytoin 10mgPE/mL/NS neonate syringe,fosphenytoin in NS syringe,Not Recorded,none,33,,,
761,Fosphenytoin 500 mgpe/10 mL inj,fosphenytoin,Not Recorded,10 mL,4159,mL,10,
762,Furosemide 100 mg/10 mL inj,fUROSEMide,Not Recorded,10 mL,236562,mL,10,
763,Furosemide 100 mg/10 mL inj ADD,fUROSEMide add,Grams/Hour,10 mL,257943,mL,10,
764,Furosemide 10mg/mL Ped oral syringe,fUROSEMide ped liq,Not Recorded,none,9,,,
765,Furosemide 20 mg tab,fUROSEMide,Not Recorded,none,3,,,
766,Furosemide 20 mg/2 mL inj,fUROSEMide,Not Recorded,2 mL,73166,mL,2,
767,Furosemide 2mg/mL/NS neonate syringe,furosemide in NS syringe,Not Recorded,none,171,,,
768,Furosemide 40 mg/4 mL inj,fUROSEMide,Not Recorded,4 mL,359402,mL,4,
769,Furosemide 40 mg/5 mL liq,fUROSEMide,Not Recorded,5 mL,4,mL,5,
770,Furosemide 80 mg tablet,fUROSEMide,Not Recorded,none,18,,,
771,Gabapentin 100 mg cap,gabapentin,Not Recorded,none,17,,,
772,Gabapentin 300 mg cap,gabapentin,Not Recorded,none,444,,,
773,Gabapentin 300 mg/6 mL liq (60 mL),gabapentin,Not Recorded,6 mL,1,mL,6,
774,Gabapentin 400 mg cap,gabapentin,Not Recorded,none,13,,,
775,Ganciclovir 500 mg inj,ganciclovir sodium,Not Recorded,none,12218,,,
776,Ganciclovir 5mg/mL/NS neonate syringe,ganciclovir in NS syringe,Not Recorded,none,33,,,
777,Gemcitabine 200 mg inj,gemcitabine,Not Recorded,none,56,,,
778,Gemcitabine 38 mg/mL inj,gemcitabine,Not Recorded,none,263,,,
779,Gentamcin 120 mg/100mL NS premix,gentamicin in ns,Not Recorded,100 mL,1066,mL,100,
780,Gentamicin 100 mg/100 mL NS premix,gentamicin in ns,Not Recorded,100 mL,326,mL,100,
781,Gentamicin 100 mg/50 mL NS premix,gentamicin in ns,Not Recorded,50 mL,1293,mL,50,
782,Gentamicin 2mg/mL/NS neonate syringe,gentamicin in NS syringe,Not Recorded,none,408,,,
783,Gentamicin 4mg/mL/NS neonate syringe,gentamicin in NS syringe,Not Recorded,none,90,,,
784,Gentamicin 60 mg/50 mL NS premix,gentamicin in ns,Not Recorded,50 mL,2045,mL,50,
785,Gentamicin 80 mg/100mL NS premix,gentamicin in ns,Not Recorded,100 mL,928,mL,100,
786,Gentamicin 80 mg/2 mL inj,gentamicin,Not Recorded,2 mL,1717,mL,2,
787,Gentamicin 80 mg/50 mL NS premix,gentamicin in ns,Not Recorded,50 mL,8514,mL,50,
788,Gentamicin 800 mg/20 mL inj,gentamicin,Not Recorded,20 mL,6052,mL,20,
789,Gentamicin 8mg Intrathecal syringe,gentamicin intrathecal syringe,Not Recorded,none,1,,,
790,Glucagon 1 mg w/diluent inj,glucagon,Not Recorded,none,4174,,,
791,Glucose 25% 10mL inj,glucose,Not Recorded,10 mL,1,mL,10,
792,Glycopyrolate Inj for PO (Peds),glycopyrolate,Not Recorded,none,11,,,
793,Glycopyrrolate 0.2 mg/1 mL 5mL OR syringe,glycopyrrolate,Not Recorded,1 mL,27,mL,1,
794,Glycopyrrolate 0.2 mg/1 mL inj,glycopyrrolate,Not Recorded,1 mL,84111,mL,1,
795,Glycopyrrolate 0.2 mg/mL 20 mL inj,glycopyrrolate,Not Recorded,20 mL,30,mL,20,
796,Glycopyrrolate 0.2 mg/mL 5mL inj,glycopyrrolate,Not Recorded,5 mL,160,mL,5,
797,Glycopyrrolate 0.2 mg/mL syringe,glycopyrrolate,Not Recorded,none,153,,,
798,Glycopyrrolate 1 mg tab,glycopyrrolate,Not Recorded,none,8,,,
799,Glycopyrrolate 10 mcg/mL neonate syringe,glycopyrrolate,Not Recorded,none,1,,,
800,Glycopyrrolate 200mcg/mL oral neonate,glycopyrrolate,Not Recorded,none,9,,,
801,Granisetron 1 mg/1 mL inj,granisetron,Not Recorded,1 mL,6827,mL,1,
802,HYDROmorphone 0.5 mg/ 0.5mL,HYDROmorphone,Not Recorded,0.5 mL,267367,mL,0.5,
803,HYDROmorphone 0.5 mg/1ml,HYDROmorphone,Not Recorded,1 mL,141,mL,1,
804,HYDROmorphone 10mg/mL 50 mL inj for PCA,HYDROmorphone,Not Recorded,50 mL,2104,mL,50,
805,HYDROmorphone 2 mg/mL INJ,HYDROmorphone,Not Recorded,none,39635,,,
806,HYDROmorphone 4 mg/mL inj,HYDROmorphone,Not Recorded,none,13995,,,
807,HYDROmorphone PCA/NCA 1 mg/mL /NS syr,HYDROmorphone PCA/NCA 1 mg/ml NS syr,Not Recorded,none,513,,,
808,HYDROmorphone PF 10 mg/mL inj,HYDROmorphone PF,Not Recorded,none,4782,,,
809,HYDROmorphone PF 10 mg/mL inj ADD,HYDROmorphone,Milligram/Hour,none,24953,,,
810,Haloperidol 0.5 mg tab,haloperidol,Not Recorded,none,5,,,
811,Haloperidol 5 mg/1 mL inj,haloperidol,Not Recorded,1 mL,63653,mL,1,
812,Haloperidol decanoate 50 mg/ 1 mL inj,haloperidol,Not Recorded,1 mL,3,mL,1,
813,"HePARIN (1000unit/mL)10,000 units/10 mL inj",hePARIN,Not Recorded,10 mL,71072,mL,10,
814,"HePARIN 1,000 units/500 mL NS bag",hePARIN/ns,Not Recorded,500 mL,78,mL,500,
815,"HePARIN 1,000 units/mL 30 mL inj",hePARIN,Not Recorded,30 mL,213,mL,30,
816,"HePARIN 10,000 units/1 mL inj",hePARIN,Not Recorded,1 mL,1332,mL,1,
817,HePARIN 100 units /1 mL Flush PF,hePARIN flush pf,Not Recorded,1 mL,1241,mL,1,
818,HePARIN 100 units/mL 10mL syr.,hePARIN flush,Not Recorded,10 mL,17,mL,10,
819,HePARIN 1000 units/1 mL inj,hePARIN,Not Recorded,1 mL,11435,mL,1,
820,HePARIN 10000 units/1mL injection,hePARIN,Not Recorded,1 mL,90,mL,1,
821,"HePARIN 2,000 units/1,000 mL NS bag",hePARIN/ns,Not Recorded,000 mL,469,mL,0,
822,"HePARIN 30,000 unit(s)/NS 1000mL (EUOSH)",hePARIN in NS,Not Recorded,1000 mL,1,mL,1000,
823,"HePARIN 40,000 units/4 mL inj",hePARIN,Not Recorded,4 mL,1,mL,4,
824,"HePARIN 5,000 unit inj",hePARIN,Not Recorded,none,20313,,,
825,"HePARIN 5,000 units/ mL 10 mL inj",hePARIN,Not Recorded,10 mL,9,mL,10,
826,HePARIN 500 unit/5 mL Flush inj,hePARIN sodium-sodium chloride,Not Recorded,5 mL,4599,mL,5,
827,HePARIN Beef 10000 units/10mL inj,hePARIN beef,Not Recorded,10 mL,6,mL,10,
828,HePARIN Flush 100 Units/ mL 3 mL,hePARIN,Not Recorded,3 mL,12,mL,3,
829,HePARIN Flush neonate 1unit/mL in 1/2NS (Art-line),hePARIN flush in 1/2 NS neonate,Not Recorded,none,172,,,
830,HePARIN IR 1000 unit/mL/4 mL ADD,heparin,Not Recorded,4 mL,5928,mL,4,
831,Hemin 313 mg inj,hemin,Not Recorded,none,90,,,
832,Heparin 2000 unit/2mL inj,heparin,Not Recorded,2 mL,4,mL,2,
833,Heparin 4units/mL 1000mL (Neuro-Intervent Radiology),heparin in ns,Not Recorded,1000 mL,11,mL,1000,
834,Hepatitis B Immune Glob 5 mL inj (Hepagam B),hepatitis b im.glob,Not Recorded,5 mL,49,mL,5,
835,Hepatitis B immune globulin 1mL inj,hepatitis B immune globulin,Not Recorded,1 mL,1,mL,1,
836,Hetastarch 6%/ LR 500 mL bag,hetastarch 6% / lr,Hour,500 mL,1519,mL,500,
837,Hetastarch 6%/ NaCl 0.9% 500 mL bag,hetastarch 6% / ns,Not Recorded,500 mL,88,mL,500,
838,Hexaminolevulinate 100mg kit inj,hexaminolevulinate,Not Recorded,none,1,,,
839,Hyaluronidase 15 units/mL/NS neonate syringe,hyaluronidase in NS syringe,Not Recorded,none,2,,,
840,Hyaluronidase 150 units/mL inj,hyaluronidase,Not Recorded,none,1,,,
841,HydrALAZINE 10 mg tab,hydrALAZINE,Not Recorded,none,14,,,
842,HydrALAZINE 1mg/mL/NS neonate syringe,hydrALAZINE in NS syringe,Not Recorded,none,4,,,
843,HydrALAZINE 20 mg/1 mL inj,hydrALAZINE,Not Recorded,1 mL,285599,mL,1,
844,HydrALAZINE 25 mg tab,hydrALAZINE,Not Recorded,none,1,,,
845,HydrALAZINE 4 mg/mL Ped oral syringe,hydrALAZINE ped liq,Not Recorded,none,25,,,
846,HydrALAZINE 50 mg tab,hydrALAZINE,Not Recorded,none,20,,,
847,HydrOXYzine HCL 10 mg tab,hydrOXYzine,Not Recorded,none,1,,,
848,HydrOXYzine HCl 25 mg/mL inj,hydrOXYzine,Not Recorded,none,43,,,
849,Hydrocortisone  250 mg inj,hydrocortisone,Not Recorded,none,27,,,
850,Hydrocortisone  250 mg inj,hydrocortisone ss,Not Recorded,none,7,,,
851,Hydrocortisone 10 mg tab,hydrocortisone,Not Recorded,none,2,,,
852,Hydrocortisone 100 mg/2 mL for study,hydrocortisone/PBO,Not Recorded,2 mL,21,mL,2,
853,Hydrocortisone 100 mg/2 mL inj,hydrocortisone,Not Recorded,2 mL,190042,mL,2,
854,Hydrocortisone 100mg/60mL enema,hydrocortisone,Not Recorded,60 mL,1,mL,60,
855,Hydrocortisone 5 mg tab,hydrocortisone,Not Recorded,none,2,,,
856,Hydrocortisone 500 mg inj,hydrocortisone,Not Recorded,none,233,,,
857,Hydrocortisone PF 100mg/2mL inj,hydrocortisone,Not Recorded,2 mL,280,mL,2,
858,Hydrocortisone pf 1mg/mL/NS neonate syringe,hydrocortisone in NS syringe,Not Recorded,none,542,,,
859,Hydrocortisone pf 2mg/mL/NS neonate subq syr.,hydrocortisone in NS syringe,Not Recorded,none,23,,,
860,Hydrocortisone pf 2mg/mL/NS neonate syringe,hydrocortisone in NS syringe,Not Recorded,none,1,,,
861,Hydromorphone 0.4mg/mL+Ketamine 1mg/mL PCA (ortho OR),hydromorphone  0.4mg+ ketamine 1mg pca,Not Recorded,none,49,,,
862,Hydromorphone 1 mg/mL inj,hydromorphone,Not Recorded,none,928746,,,
863,Hydromorphone 10 mg/mL 5 mL inj,hydromorphone,Milligram/Hour,5 mL,1809,mL,5,
864,Hydromorphone 10 mg/mL 5 mL inj,hydromorphone-HP,Not Recorded,5 mL,482,mL,5,
865,Hydromorphone 2 mg tab,hydromorphone,Not Recorded,none,11,,,
866,Hydromorphone 2 mg/1 mL inj,hydromorphone,Not Recorded,1 mL,262327,mL,1,
867,Hydromorphone 2 mg/mL inj.,hydromorphone,Not Recorded,none,131529,,,
868,Hydromorphone 4 mg tab,hydromorphone,Not Recorded,none,3,,,
869,Hydromorphone 40 mg/20 mL inj,hydromorphone,Not Recorded,20 mL,11927,mL,20,
870,Hydromorphone PCA 0.2mg/ml Syr.,hydromorphone PCA 0.2mg Syr.,Not Recorded,none,20544,,,
871,Hydromorphone PCA 0.2mg/ml syringe,hydromorphone PCA 0.2mg/ml/ NS syr,Not Recorded,none,15434,,,
872,Hydromorphone PCA/NCA 0.2mg/ml syringe,hydromorphone PCA 0.2mg/ml in NS syr.,Not Recorded,none,8218,,,
873,Hydromorphone PCA/NCA 0.2mg/ml syringe,hydromorphone PCA 0.2mg/ml/ NS syr,Not Recorded,none,53939,,,
874,Hydromorphone PCA/NCA 0.2mg/ml syringe,hydromorphone PCA 0.2mg/ml/ NS syr.,Not Recorded,none,21378,,,
875,Hydromorphone PCA/NCA 0.2mg/ml syringe,hydromorphone PCA/NCA 0.2mg/ml/ NS syr,Not Recorded,none,166499,,,
876,Hydromorphone PCA/NCA 1mg/1 mL High Dose Syr.,hydromorphone PCA in NS syringe,Not Recorded,1 mL,22996,mL,1,
877,Hydromorphone PCA/NCA 1mg/1 mL High Dose Syr.,hydromorphone PCA/NCA in NS syringe,Not Recorded,1 mL,7508,mL,1,
878,Hydromorphone-PF 2 mg/1 mL,hydromorphone-pf,Not Recorded,1 mL,5778,mL,1,
879,Hydroxocobalamin 5 gm Kit,hydroxocobalamin,Not Recorded,none,368,,,
880,"Hydroxyethyl Starch 6%/ NaCl 0.9% 500 mL bag
",hydroxyethyl starch,Not Recorded,500 mL,5,mL,500,
881,Hyperalimentation for charging,hyperalimentation,Not Recorded,none,6,,,
882,Hypertonic NACL 16.4% 50mL (NaCl/NaAcetate),hypertonic saline 16.4%,Not Recorded,50 mL,9132,mL,50,
883,Hypertonic NACL 3% 500 mL IV bag,nacl 3%,Not Recorded,500 mL,105507,mL,500,
884,Hypertonic NaCl 23.4% 120meq IVPB for Neuro (30mL),"na chloride 23.4% in Bag, sterile",Not Recorded,30 mL,11503,mL,30,
885,Hypertonic NaCl 23.4% 240meq IVPB for Neuro,"na chloride 23.4% in Bag, sterile",Not Recorded,none,1506,,,
886,Hypertonic Saline 7.5% 100mL (NaCl/NaAcetate),hypertonic saline 7.5%,Not Recorded,100 mL,299,mL,100,
887,IDArubicin 10 mg Inj,IDArubicin hcl,Not Recorded,none,19,,,
888,IDArubicin 5 mg inj,IDArubicin,Not Recorded,none,1409,,,
889,IRINOtecan 20 mg/mL inj,IRINOtecan,Not Recorded,none,138,,,
890,IV Stabilizer Solution inj,IV stabilizer solution,Not Recorded,none,319,,,
891,Ibutilide 1 mg/10 mL inj,ibutilide,Not Recorded,10 mL,365,mL,10,
892,Idarucizumab 2.5gm/50ml inj,idarucizumab,Not Recorded,50 mL,87,mL,50,
893,Ifosfamide 1gm inj,ifosfamide,Not Recorded,none,5276,,,
894,Ifosfamide 3 gm,ifosfamide,Not Recorded,none,196,,,
895,Imipenem-Cilastatin  500 mg inj,imipenem-cilastatin,Not Recorded,none,628,,,
896,Immune Glob 6gm (Carimune) sucr.contng.,immune globulin human (sucrose contng.),Not Recorded,none,40,,,
897,Immune Glob. Lymphocyte (Atgam),"lymphocyte, immune globulin",Not Recorded,none,367,,,
898,Immune Glob.12gm (Carimune) sucrose contng.,immune glob. (hum) sucrose contng.,Not Recorded,none,282,,,
899,Immune Globulin 10gm/100mL (Privigen),immune globulin intraven. SF,Not Recorded,100 mL,3748,mL,100,
900,Immune Globulin 10gm/100mL (Privigen),immune globulin intravenous SF,Not Recorded,100 mL,125,mL,100,
901,Immune Globulin 20gm/200mL (Gammagard),immune globulin (hum) sf,Not Recorded,200 mL,334,mL,200,
902,Immune Globulin sf 10gm/100mL (Gammagard),immune globulin human SF,Not Recorded,100 mL,1071,mL,100,
903,Immune Globulin sf 30gm/300mL (Gammagard),immune globulin human SF,Not Recorded,300 mL,3,mL,300,
904,Immune Globuln 20gm/200mL SF (Privigen),immune globulin intravenous,Not Recorded,200 mL,1030,mL,200,
905,Immune globulin 1gm neonate syringe.,immune globulin human SF syringe,Not Recorded,none,2,,,
906,Immune globulin 5 gm inj (Gammagard),immune globulin human SF,Not Recorded,none,368,,,
907,Immune globulin 5 gm inj (Privigen) 10%,immune globulin human SF,Not Recorded,none,1279,,,
908,InFLIXimab (Remicade) 100 mg inj,inFLIXimab,Not Recorded,none,422,,,
909,InFLIXimab (Remicade) 100 mg inj,inFLIXimab (Remicade),Not Recorded,none,29,,,
910,Indigo 0.8% 5 mL inj,indigo carmine 0.8%,Not Recorded,5 mL,1117,mL,5,
911,Indomethacin 1 mg ped inj,indomethacin,Not Recorded,none,28,,,
912,Insulin Bolus Neonate 0.1 unit(s)/mL/NS syringe,insulin regular in NS syringe,Not Recorded,none,2,,,
913,Insulin Bolus Neonate 1 unit(s)/mL/NS syringe,insulin regular in NS syringe,Not Recorded,none,8,,,
914,Insulin Detemir 100 units/mL inj for pregnancy,insulin detemir,Not Recorded,none,1,,,
915,Insulin Glargine (Human),"insulin, glargine",Not Recorded,none,5,,,
916,Insulin Glargine 100 units/mL inj,insulin glargine,Not Recorded,none,3,,,
917,Insulin Isophane Human recomb. 100 units/mL inj,insulin isophane (NPH),Not Recorded,none,5,,,
918,Insulin NPH (Human),"insulin, nph human",Not Recorded,none,3,,,
919,Insulin Reg Hum.,insulin regular,Not Recorded,none,62,,,
920,Insulin Reg Hum. (WW),insulin reg human,Not Recorded,none,6,,,
921,Insulin Reg Hum.-BG-formula,insulin reg human,Not Recorded,none,18,,,
922,Insulin Regular Human recomb. 100 units/mL inj,insulin regular,U/Hr,none,2432,,,
923,Insulin aspart  (NovoLOG),insulin aspart,Not Recorded,none,46,,,
924,Insulin aspart (NovoLOG).,insulin aspart,Not Recorded,none,87,,,
925,Insulin regular COMPOUNDING USE,insulin reg human,Not Recorded,none,203074,,,
926,Insulin regular COMPOUNDING USE,insulin regular CMPD,Not Recorded,none,51140,,,
927,Insulin regular COMPOUNDING USE,insulin regular COMPOUNDING,Not Recorded,none,1681,,,
928,Insulin/PBO for Shine Study,insulin/PBO-P# Shine study,U/Hr,none,451,,,
929,Invest NS 500mL bag for study,invest NS bag,Not Recorded,500 mL,606,mL,500,
930,Invest ganciclovir 500 mg for study,ganciclovir p#val038,Not Recorded,none,1,,,
931,Iodixanol 270 mg 100 mL btl,iodixanol,Not Recorded,100 mL,1,mL,100,
932,Iodixanol 320 mg/ mL 50 mL,iodixanol,Not Recorded,50 mL,1,mL,50,
933,Iohexol 180 mg 20mL,iohexol,Not Recorded,20 mL,1,mL,20,
934,Iohexol 300 100 mL btl,iohexol,Not Recorded,100 mL,5,mL,100,
935,Iohexol 300 10mL,iohexol,Not Recorded,10 mL,1,mL,10,
936,Iohexol 300 150 mL,iohexol,Not Recorded,150 mL,2,mL,150,
937,Iohexol 300 50mL inj,iohexol,Not Recorded,50 mL,6,mL,50,
938,Iohexol 350 100 mL,iohexol,Not Recorded,100 mL,1,mL,100,
939,Iohexol 350 150 mL,iohexol,Not Recorded,150 mL,2,mL,150,
940,Iohexol 350 50 mL inj,iohexol,Not Recorded,50 mL,51,mL,50,
941,Iohexol-350 100 mL,iohexol,Not Recorded,100 mL,3,mL,100,
942,Iopamidol 61% (Isovue 300) 50mL inj,iopamidol,Not Recorded,50 mL,2,mL,50,
943,Iopamidol 76% (Isovue 370) 50mL inj,iopamidol,Not Recorded,50 mL,1,mL,50,
944,Ipratropium 0.02% Inh Sol 2.5mL.,ipratropium 0.02%,Not Recorded,2.5 mL,1,mL,2.5,
945,Iron Dextran 100 mg/2 mL inj,iron dextran,Not Recorded,2 mL,1137,mL,2,
946,Iron Sucrose 100 mg/5mL inj,iron sucrose,Not Recorded,5 mL,35608,mL,5,
947,Isavuconazonium 372 mg inj,isavuconazonium,Not Recorded,none,5883,,,
948,Isoproterenol 0.2 mg/ 1 mL inj,isoproterenol,Not Recorded,1 mL,7,mL,1,
949,Isoproterenol 1 mg/5 mL inj,isoproterenol,Not Recorded,5 mL,11656,mL,5,
950,Isosulfan Blue 1% 5 mL inj,isosulfan blue 1%,Not Recorded,5 mL,2,mL,5,
951,KCl 10mEq/100 mL St. Water  premix,potassium chloride in sterile water,Not Recorded,100 mL,108756,mL,100,
952,KCl 2 mEq/ml  20 mL inj.,potassium chloride,Not Recorded,20 mL,101034,mL,20,
953,KCl 20 mEq SA tab,potassium chloride tab SA,Not Recorded,none,31,,,
954,KCl 20 mEq packet,potassium chloride,Not Recorded,none,23,,,
955,KCl 20 mEq/15 mL oral liq,potassium chloride,Not Recorded,15 mL,15,mL,15,
956,KCl 20 mEq/50 mL St. Water premix,potassium chloride in sterile water,Not Recorded,50 mL,120958,mL,50,
957,KCl 40 mEq/ 100 mL St.Water premix,potassium chloride in sterile water,Not Recorded,100 mL,89939,mL,100,
958,KCl 40 mEq/ NS 100 mL,potassium chloride in NS,Not Recorded,100 mL,104,mL,100,
959,KCl 40 mEq/30 mL oral liq,potassium chloride elixir,Not Recorded,30 mL,28,mL,30,
960,KCl 40 mEq/30 mL oral liq,potassium chloride liquid,Not Recorded,30 mL,746,mL,30,
961,Ketamine 200 mg/20mL inj ADD,ketamine,Not Recorded,20 mL,178570,mL,20,
962,Ketamine 50 mg/5mL syringe,ketamine,Not Recorded,5 mL,31110,mL,5,
963,Ketamine 500 mg/10 mL inj ADD,ketamine,Milligram/Hour,10 mL,30917,mL,10,
964,Ketamine 500 mg/10 mL inj CMPD,ketamine,Not Recorded,10 mL,2201,mL,10,
965,Ketamine 500 mg/5 mL inj,ketamine,Not Recorded,5 mL,7399,mL,5,
966,Ketamine 500 mg/5mL inj ADD,ketamine,Not Recorded,5 mL,20957,mL,5,
967,Ketamine HCl 10 mg/ mL inj (WW),ketamine,Not Recorded,none,21,,,
968,Ketamine HCl 200 mg/20 mL inj,ketamine,Milligram/Hour,20 mL,40917,mL,20,
969,Ketorolac 15 mg inj,ketorolac,Not Recorded,none,216406,,,
970,Ketorolac 30 mg inj,ketorolac,Not Recorded,none,307294,,,
971,Ketorolac 60 mg/2 mL inj,ketorolac,Not Recorded,2 mL,40,mL,2,
972,L&D-Mag Sulf 4gm/100mL St.Water premix,magnesium sulfate in sterile water,Not Recorded,100 mL,1576,mL,100,
973,L&D-Mag Sulf 6gm/NS 100mL ivpb,magnesium sulfate in ns,Not Recorded,100 mL,300,mL,100,
974,LACOSamide 100 mg tab,LACOSamide,Not Recorded,none,1,,,
975,LACOSamide 100 mg/10 mL liquid UD,LACOSamide,Not Recorded,10 mL,2,mL,10,
976,LACOSamide 200 mg/20 mL inj,LACOSamide,Not Recorded,20 mL,26448,mL,20,
977,LACOSamide 50 mg tab,LACOSamide,Not Recorded,none,4,,,
978,LEVOleucovorin 50 mg,levoleucovorin,Not Recorded,none,3,,,
979,LR 1000 mL IV bag,lactated ringers,Not Recorded,1000 mL,3452776,mL,1000,
980,LR 250 mL IV bag,lactated ringers,Not Recorded,250 mL,70,mL,250,
981,LR 500 mL IV bag,lactated ringers,Not Recorded,500 mL,31691,mL,500,
982,LR 500 mL IV bag for study,lactated ringers,Not Recorded,500 mL,9,mL,500,
983,Labetalol 10 mg/2 mL syringe,labetalol,Not Recorded,2 mL,15,mL,2,
984,Labetalol 100 mg/20 mL inj,labetalol,Not Recorded,20 mL,60396,mL,20,
985,Labetalol 100 mg/20 mL inj ADD,labetalol,Milligrams/Minute,20 mL,38942,mL,20,
986,Labetalol 20 mg/4 mL inj,labetalol,Not Recorded,4 mL,79375,mL,4,
987,Labetalol 20 mg/4 mL syringe,labetalol,Not Recorded,4 mL,6,mL,4,
988,Labetalol 200 mg tab,labetalol,Not Recorded,none,1,,,
989,Labetalol 300 mg tab,labetalol,Not Recorded,none,3,,,
990,Leucovorin 100 mg inj,leucovorin,Not Recorded,none,15241,,,
991,Leucovorin 200  mg/10  mL inj,leucovorin,Not Recorded,10 mL,22,mL,10,
992,Leucovorin 350 mg/17.5mL inj,leucovorin,Not Recorded,17.5 mL,34,mL,17.5,
993,Leucovorin 5 mg tablet,leucovorin,Not Recorded,none,5,,,
994,Leucovorin 50  mg inj,leucovorin,Not Recorded,none,4,,,
995,LevETIRAcetam 1000 mg/100 mL NACL IVPB,levETIRAcetam in NACL,Not Recorded,100 mL,26101,mL,100,
996,LevETIRAcetam 1500 mg/100 mL NACL IVPB,levETIRAcetam in NACL,Not Recorded,100 mL,12478,mL,100,
997,LevETIRAcetam 500 mg/100 mL NACL IVPB,levETIRAcetam in NACL,Not Recorded,100 mL,29611,mL,100,
998,Levalbuterol 1.25 mg/0.5 mL solu UD,levalbuterol,Not Recorded,0.5 mL,1,mL,0.5,
999,LeveTIRACETAM 1000mg tab,leveTIRACETAM,Not Recorded,none,4,,,
1000,LeveTIRACETAM 500mg inj.,leveTIRACETAM,Not Recorded,none,60800,,,
1001,LeveTIRACETAM 500mg/5mL soln.,leveTIRACETAM,Not Recorded,5 mL,132,mL,5,
1002,LeveTIRACETAM XR 500mg tablet,levETIRAcetam XR,Not Recorded,none,1,,,
1003,LevoFLOXACIN 250 mg tab,levoFLOXACIN,Not Recorded,none,1,,,
1004,LevoFLOXACIN 250 mg/50 mL D5W,LevoFLOXACIN in d5w,Not Recorded,50 mL,4113,mL,50,
1005,LevoFLOXACIN 500 mg tab,levoFLOXACIN,Not Recorded,none,11,,,
1006,LevoFLOXACIN 500 mg/100 mL D5W,LevoFLOXACIN in d5w,Not Recorded,100 mL,30625,mL,100,
1007,LevoFLOXACIN 500mg inj,LevoFLOXACIN,Not Recorded,none,96,,,
1008,LevoFLOXACIN 750 mg tab,LevoFLOXACIN,Not Recorded,none,1,,,
1009,LevoFLOXACIN 750 mg/D5W 150 mL,LevoFLOXACIN in d5w,Not Recorded,150 mL,38533,mL,150,
1010,Levocarnitine 1000mg/5mL inj.,levocarnitine,Not Recorded,5 mL,16471,mL,5,
1011,Levocarnitine 1gm inj  TPN Charging,levocarnitine,Not Recorded,none,169,,,
1012,Levofloxacin 500mg/20mL oral soln,levofloxacin,Not Recorded,20 mL,1,mL,20,
1013,Levothyroxine 100 mcg tab,levothyroxine,Not Recorded,none,2,,,
1014,Levothyroxine 25 mcg tab,levothyroxine,Not Recorded,none,1,,,
1015,Levothyroxine 25mcg/mL 100 mL liq BULK,levothyroxine,Not Recorded,100 mL,2,mL,100,
1016,Levothyroxine 300 mcg tab,levothyroxine,Not Recorded,none,1,,,
1017,Levothyroxine 50 mcg tab,levothyroxine,Not Recorded,none,1,,,
1018,Levothyroxine 88 mcg tab,levothyroxine,Not Recorded,none,8,,,
1019,Lidocaine 0.5% PF 50 mL MDV inj,lidocaine 0.5%,Not Recorded,50 mL,3,mL,50,
1020,Lidocaine 0.5%/Epi inj 50 mL,lidocaine 0.5%/epi,Not Recorded,50 mL,2,mL,50,
1021,Lidocaine 1% 10 mL inj,lidocaine 1%,Not Recorded,10 mL,2,mL,10,
1022,Lidocaine 1% 20 mL inj.,lidocaine 1%,Not Recorded,20 mL,46,mL,20,
1023,Lidocaine 1% 50 mg/5 mL syringe (cardiac),lidocaine 1%,Not Recorded,5 mL,15,mL,5,
1024,Lidocaine 1% 5mL inj,lidocaine 1%,Not Recorded,5 mL,44,mL,5,
1025,Lidocaine 1% PF 30 mL,lidocaine 1% PF,Not Recorded,30 mL,62,mL,30,
1026,Lidocaine 1% PF 5 mL inj,lidocaine 1% PF,Not Recorded,5 mL,35,mL,5,
1027,"Lidocaine 1% w/Epi 1:100,000 50mL inj",lidocaine-epinephrine,Not Recorded,50 mL,1,mL,50,
1028,"Lidocaine 1% w/Epi 1:100,000 inj 20 mL",lidocaine 1% w/ epi,Not Recorded,20 mL,20,mL,20,
1029,"Lidocaine 1% w/Epi 1:200,000 inj 30mL PF inj",lidocaine 1% w/epi,Not Recorded,30 mL,3,mL,30,
1030,Lidocaine 1% w/Epi for local anesthesia,lidocaine 1% w/epi,Not Recorded,none,1,,,
1031,Lidocaine 1.5% 20mL inj,lidocaine 1.5%,Not Recorded,20 mL,6,mL,20,
1032,Lidocaine 1.5% w/epi 30 mL,lidocaine 1.5%/epi,Not Recorded,30 mL,35,mL,30,
1033,Lidocaine 100mg/5mL syringe (cardiac),lidocaine,Not Recorded,5 mL,2179,mL,5,
1034,Lidocaine 2% 10 mL inj,lidocaine 2%,Not Recorded,10 mL,212317,mL,10,
1035,Lidocaine 2% Epi 1.8mL Cart,lidocaine 2% w/-epi,Not Recorded,1.8 mL,6,mL,1.8,
1036,Lidocaine 2% Jelly  30 mL,lidocaine 2%,Not Recorded,30 mL,30,mL,30,
1037,Lidocaine 2% Nebulized soln,lidocaine 2%,Not Recorded,none,1,,,
1038,Lidocaine 2% PF 10 mL inj,lidocaine 2%,Not Recorded,10 mL,1,mL,10,
1039,Lidocaine 2% PF 2 mL inj,lidocaine 2%,Not Recorded,2 mL,4,mL,2,
1040,Lidocaine 2% PF 5 mL inj,lidocaine 2%,Not Recorded,5 mL,589,mL,5,
1041,Lidocaine 2% Visc 100 mL btl,lidocaine 2%,Not Recorded,100 mL,7,mL,100,
1042,Lidocaine 2% inj 20mL,lidocaine 2%,Not Recorded,20 mL,160,mL,20,
1043,Lidocaine 2% inj. 50mL inj,lidocaine,Not Recorded,50 mL,19,mL,50,
1044,Lidocaine 2% topical Gel 5 mL,lidocaine 2%,Not Recorded,5 mL,4,mL,5,
1045,Lidocaine 2% topical soln,lidocaine 2%,Not Recorded,none,4,,,
1046,Lidocaine 2% viscous liq 20 mL,lidocaine viscous 2%,Not Recorded,20 mL,15,mL,20,
1047,"Lidocaine 2% w/Epi 1:100,000 20mL inj",lidocaine 2% w/epi,Not Recorded,20 mL,7,mL,20,
1048,Lidocaine 20mg/mL OR syringe,lidocaine 2%,Not Recorded,none,5,,,
1049,Lidocaine 4% 5 mL inj,lidocaine 4%,Not Recorded,5 mL,96,mL,5,
1050,Lidocaine 4% Nebulized soln,lidocaine 4%,Not Recorded,none,16,,,
1051,Lidocaine 4% cream,lidocaine 4% cream,Not Recorded,none,1,,,
1052,Lidocaine 4% topical sol 50 mL,lidocaine 4%,Not Recorded,50 mL,14,mL,50,
1053,Lidocaine 5% oint 35 gm,lidocaine 5%,Not Recorded,none,1,,,
1054,Lidocaine 5%-Gluc 7.5% 2 mL inj,lidocaine 5% glucose 7.5%,Not Recorded,2 mL,2,mL,2,
1055,Lidocaine 8mg/ml Drip NEONATE,lidocaine in syringe,Not Recorded,none,16,,,
1056,Lidocaine Gel 2% 20mL (Uro-Jet Gel),lidocaine gel 2%,Not Recorded,20 mL,1,mL,20,
1057,Lidocaine Viscous 2%  UD,lidocaine viscous 2%,Not Recorded,none,101,,,
1058,Lidocaine topical 4% kit,lidocaine topical 4%,Not Recorded,none,46,,,
1059,Lidocaine w/ Epi 1.5% 10 mL inj,lidocaiine1.5%w/epi,Not Recorded,10 mL,3,mL,10,
1060,"Lidocaine w/Epi 2% 1:200,000 20 mL inj",lidocaine 2% w/ epi,Not Recorded,20 mL,4,mL,20,
1061,Linezolid 200 mg/100 mL premix,linezolid premix,Not Recorded,100 mL,18,mL,100,
1062,Linezolid 600 mg tab,linezolid,Not Recorded,none,2,,,
1063,Linezolid 600 mg/300 mL premix,linezolid premix,Not Recorded,300 mL,13164,mL,300,
1064,Linezolid 600 mg/300 mL premix.,linezolid premix,Not Recorded,300 mL,825,mL,300,
1065,Loratadine 10 mg tab,loratadine,Not Recorded,none,1,,,
1066,Lorazepam 0.5 mg tab,lorazepam,Not Recorded,none,2,,,
1067,Lorazepam 1 mg tab,lorazepam,Not Recorded,none,33,,,
1068,Lorazepam 2 mg/1 mL inj,lorazepam,Not Recorded,1 mL,241692,mL,1,
1069,Lorazepam 2 mg/mL 10 mL Extemp,lorazepam,Not Recorded,10 mL,1673,mL,10,
1070,Lorazepam 2 mg/mL 10 mL inj,lorazepam,Milligram/Hour,10 mL,64203,mL,10,
1071,Lorazepam 2 mg/mL conc. liq. (Palliative Care)BULK,lorazepam,Not Recorded,none,9,,,
1072,Lorazepam 4 mg/mL 10 mL inj,LORazepam,Not Recorded,10 mL,1,mL,10,
1073,Lorazepam IV Therapy,Lorazepam IV Therapy,Not Recorded,none,2,,,
1074,MORPHINE PF 0.5mg/ml in NS 2ml inj syr,morphine,Not Recorded,2 mL,6,mL,2,
1075,MVI Pediatric 10mL inj,multivit ped inj,Not Recorded,10 mL,92,mL,10,
1076,MVI-12   2X5 mL inj,multiple vitamins,Not Recorded,5 mL,56027,mL,5,
1077,MVI-12 (2X5mL) inj,multiple vitamins,Not Recorded,5 mL,62323,mL,5,
1078,Mag Sulf 1gm/100 mL D5W premix,magnesium sulfate in d5w,Not Recorded,100 mL,329,mL,100,
1079,Mag Sulf 6gm/NS 100mL ivpb,magnesium sulfate in ns,Not Recorded,100 mL,38,mL,100,
1080,Mag Sulfate 20gm/ 500ml Water inj,magnesium sulfate/water,Not Recorded,500 mL,111679,mL,500,
1081,Mag Sulfate 20mg/mL/NS neonate syringe,magnesium sulf. in NS syringe,Not Recorded,none,502,,,
1082,Mag Sulfate 40gm/ 1000ml Water inj,magnesium sulfate/water,Not Recorded,1000 mL,5743,mL,1000,
1083,Mag Sulfate 50%  5 gm/10mL inj ***,magnesium sulfate 50%,Not Recorded,10 mL,57261,mL,10,
1084,Mag Sulfate 50%(4 mEq/mL)2 mL inj,magnesium sulfate 50%,Not Recorded,2 mL,6673,mL,2,
1085,Magnesium Citrate oral soln Bulk,magnesium citrate,Not Recorded,none,1,,,
1086,Magnesium Sulf 2gm/50mL IVPB,magnesium sulfate,Not Recorded,50 mL,608868,mL,50,
1087,Magnesium Sulf 4gm/100mL IVPB,magnesium sulfate,Not Recorded,100 mL,119486,mL,100,
1088,Magnesium Sulf 5 gm/10mL OR syringe,magnesium sulfate,Not Recorded,10 mL,139,mL,10,
1089,Magnesium Sulf 5 gm/10mL inj ..,magnesium sulfate,Not Recorded,10 mL,4033,mL,10,
1090,Mannitol 20% 250 mL IV bag,mannitol 20%,Hour,250 mL,6165,mL,250,
1091,Mannitol 20% 500mL bag,mannitol 20%,Hour,500 mL,712,mL,500,
1092,Mannitol 25% 12.5gm/50 mL inj,mannitol 25%,Not Recorded,50 mL,648,mL,50,
1093,Melphalan 50 mg inj,melphalan,Not Recorded,none,2606,,,
1094,Meperidine 100 mg/1 mL inj.,meperidine,Not Recorded,1 mL,1922,mL,1,
1095,Meperidine 25 mg/1 mL inj,meperidine,Not Recorded,1 mL,3291,mL,1,
1096,Meperidine 25mg/0.5mL inj,meperidine,Not Recorded,0.5 mL,301,mL,0.5,
1097,Meperidine 50 mg/1 mL inj,meperidine,Not Recorded,1 mL,2032,mL,1,
1098,Mepivacaine 1% 30 mL inj,mepivacaine 1%,Not Recorded,30 mL,10,mL,30,
1099,Mepivacaine 2% 20 mL inj,mepivacaine 2%,Not Recorded,20 mL,11,mL,20,
1100,Meropenem 0.04mg/mL for Desensitization,meropenem/ns,Not Recorded,none,3,,,
1101,Meropenem 1000 mg inj,meropenem,Not Recorded,none,147597,,,
1102,Meropenem 1000mg/NS IVPB,meropenem in NS,Not Recorded,none,71792,,,
1103,Meropenem 10mg/mL for Desensitization,meropenem/ns,Not Recorded,none,4,,,
1104,Meropenem 1mg/mL for Desensitization,meropenem/ns,Not Recorded,none,1199,,,
1105,Meropenem 20mg/mL for Desensitization,meropenem/ns,Not Recorded,none,9,,,
1106,Meropenem 2gm Desensitization Rx Protocol- initiate,Meropenem 2gm Desensitization Rx Protocol- initiate,Not Recorded,none,29,,,
1107,Meropenem 500 mg inj,meropenem,Not Recorded,none,17599,,,
1108,Meropenem 500 mg/100 mL NS IVPB,meropenem in NS,Not Recorded,100 mL,44413,mL,100,
1109,Meropenem 500mg/NS 50mL IVPB,meropenem in ns,Not Recorded,50 mL,48829,mL,50,
1110,Mesna 1000 mg/10 mL inj,mesna,Not Recorded,10 mL,15427,mL,10,
1111,MethaDONE 1 mg/ 1 mL oral Liq,methaDONE,Not Recorded,1 mL,8,mL,1,
1112,MethaDONE 10 mg tab,methaDONE,Not Recorded,none,8,,,
1113,MethaDONE 10 mg/mL 20 mL inj,methaDONE,Not Recorded,20 mL,146,mL,20,
1114,MethaDONE 10 mg/ml 1mL IV syringe,methaDONE,Not Recorded,1 mL,12357,mL,1,
1115,MethaDONE 10 mg/ml neonate IV syringe,methaDONE,Not Recorded,none,21,,,
1116,MethaDONE 5 mg tab,methaDONE,Not Recorded,none,6,,,
1117,MethaDONE 5 mg/ 5 mL oral Liq,methaDONE,Not Recorded,5 mL,78,mL,5,
1118,Methocarbamol 1gm inj,methocarbamol,Not Recorded,none,33679,,,
1119,Methocarbamol 500 mg tab,methocarbamol,Not Recorded,none,8,,,
1120,Methocarbamol 750 mg tab,methocarbamol,Not Recorded,none,4,,,
1121,Methohexital 500 mg inj,methohexital,Not Recorded,none,4,,,
1122,Methotrexate 1gm inj,methotrexate,Not Recorded,none,1334,,,
1123,Methotrexate 50 mg/2 mL inj,methotrexate,Not Recorded,2 mL,5,mL,2,
1124,Methotrexate 50 mg/2 mL inj PF,methotrexate PF,Not Recorded,2 mL,3665,mL,2,
1125,Methotrexate Int Dose,methotrexate sodium,Not Recorded,none,4,,,
1126,MethylPREDNISolone  40 mg DEPO inj,methylPREDNISolone acetate (depo),Not Recorded,none,154,,,
1127,MethylPREDNISolone 1000mg inj,methylPREDNISolone,Not Recorded,none,21950,,,
1128,MethylPREDNISolone 125 mg/2 mL  inj,methylPREDNISolone,Not Recorded,2 mL,82174,mL,2,
1129,MethylPREDNISolone 2.5mg/mL/NS neonate syringe,methylPREDNISolone in NS syringe,Not Recorded,none,1,,,
1130,MethylPREDNISolone 2000mg inj,methylPREDNISolone,Not Recorded,none,5,,,
1131,MethylPREDNISolone 4 mg tab,methylPREDNISolone,Not Recorded,none,2,,,
1132,MethylPREDNISolone 40 mg inj,methylPREDNISolone,Not Recorded,none,161910,,,
1133,MethylPREDNISolone 40 mg/mL susp inj 5mL,methylPREDNISolone,Not Recorded,5 mL,1,mL,5,
1134,MethylPREDNISolone 500mg inj,methylPREDNISolone,Not Recorded,none,2788,,,
1135,Methylene Blue 1% 10mg/mL inj,methylene blue 1%,Not Recorded,none,443,,,
1136,Methylene Blue 100 mg / 10mL inj,methylene blue,Not Recorded,10 mL,531,mL,10,
1137,Methylene Blue 5mg/mL 10mL inj,methylene blue,Not Recorded,10 mL,929,mL,10,
1138,Methylergonovine 0.2 mg/1 mL inj,methylergonovine,Not Recorded,1 mL,81,mL,1,
1139,Methylnaltrexone 12mg inj.,methylnaltrexone,Not Recorded,none,6,,,
1140,Methylnaltrexone 8 mg inj,methylnaltrexone,Not Recorded,none,1,,,
1141,MetoCLOPRAMIDE 1 mg/1 mL Ped oral syringe,metoCLOPRAMIDE ped liq,Not Recorded,1 mL,2,mL,1,
1142,MetoCLOPRAMIDE 10 mg tab,metoCLOPRAMIDE,Not Recorded,none,10,,,
1143,MetoCLOPRAMIDE 10 mg/10 mL liq,metoCLOPRAMIDE,Not Recorded,10 mL,1,mL,10,
1144,MetoCLOPRAMIDE 10 mg/2 mL inj,metoCLOPRAMIDE,Not Recorded,2 mL,263442,mL,2,
1145,MetoCLOPRAMIDE 5 mg tab,metoCLOPRAMIDE,Not Recorded,none,1,,,
1146,MetoCLOPRAMIDE 5 mg/mL 10 mL inj,metoCLOPRAMIDE,Not Recorded,10 mL,21,mL,10,
1147,MetoPROLOL 5 mg/5 mL inj,metoPROLOL,Not Recorded,5 mL,162845,mL,5,
1148,MetoPROLOL Succinate XL 50 mg tab,metoPROLOL Succinate  XL,Not Recorded,none,1,,,
1149,MetoPROLOL Succinate XL 50 mg tab,metoPROLOL XL,Not Recorded,none,3,,,
1150,MetoPROLOL Tartrate 50 mg tab,metoPROLOL,Not Recorded,none,2,,,
1151,MetoPROLOL tartrate 25 mg tab,metoPROLOL,Not Recorded,none,1,,,
1152,MetoPROLOL tartrate 25 mg tab,metoPROLOL Tartrate,Not Recorded,none,1,,,
1153,MetroNIDAZOLE tab(s) for wound care,metroNIDAZOLE,Not Recorded,none,1,,,
1154,Metronidazole 500 mg tab,metronidazole,Not Recorded,none,4,,,
1155,Metronidazole 500 mg/NS 100 mL,metronidazole / NS,Not Recorded,100 mL,334932,mL,100,
1156,Metronidazole 5mg/mL/NS neonate syringe,metronidazole in NS syringe,Not Recorded,none,102,,,
1157,Micafungin 100 mg inj,micafungin,Not Recorded,none,43380,,,
1158,Micafungin 50 mg inj,micafungin,Not Recorded,none,25813,,,
1159,Micafungin 5mg/mL 2mL lock soln.,micafungin lock soln.,Not Recorded,2 mL,9,mL,2,
1160,Midazolam 10 mg/5mL syrup,midazolam,Not Recorded,5 mL,1,mL,5,
1161,Midazolam 1mg/mL inj 5 mL,midazolam,Not Recorded,5 mL,5006,mL,5,
1162,Midazolam 2mg/2mL inj,midazolam,Not Recorded,2 mL,241946,mL,2,
1163,Midazolam 5 mg/mL inj 10 mL,midazolam,Not Recorded,10 mL,108520,mL,10,
1164,Milrinone 10 mg/10 mL inj,milrinone,Not Recorded,10 mL,8,mL,10,
1165,Milrinone 20 mg/20 mL inj,milrinone,Microgram/Kilogram/Minute,20 mL,27327,mL,20,
1166,Minocycline 100 mg inj,minocycline,Not Recorded,none,849,,,
1167,Misoprostol 100 mcg tab,misoprostol,Not Recorded,none,1,,,
1168,Misoprostol 200 mcg tab,misoprostol,Not Recorded,none,2,,,
1169,Misoprostol 25 mcg tab,misoprostol,Not Recorded,none,1,,,
1170,MitoMYCIN 20 mg inj,mitoMYCIN,Not Recorded,none,6,,,
1171,MitoXANTRONE 20mg/10 mL inj,mitoXANTRONE,Not Recorded,10 mL,168,mL,10,
1172,MitoXANTRONE 25mg/12.5mL inj,mitoXANTRONE,Not Recorded,12.5 mL,78,mL,12.5,
1173,Morphine 1 mg/mL neonate syringe,morphine in syringe,Not Recorded,none,15,,,
1174,Morphine 10 mg/ 1 mL PF inj,morphine,Not Recorded,1 mL,12901,mL,1,
1175,Morphine 10 mg/1 mL inj vial,morphine,Not Recorded,1 mL,10282,mL,1,
1176,Morphine 10 mg/5 mL liq,morphine,Not Recorded,5 mL,12,mL,5,
1177,Morphine 10 mg/mL inj 10 mL vial,morphine,Not Recorded,10 mL,1180,mL,10,
1178,Morphine 15 mg/ 1 ml inj,morphine,Milligram/Hour,1 mL,6615,mL,1,
1179,Morphine 15mg/mL 20 mL inj,morphine,Not Recorded,20 mL,4873,mL,20,
1180,Morphine 2 mg/ 1 mL inj,morphine,Not Recorded,1 mL,628429,mL,1,
1181,Morphine 2 mg/mL inj for Neonate study only,morphine,Not Recorded,none,32,,,
1182,Morphine 2mg/mL oral liq,morphine,Not Recorded,none,2,,,
1183,Morphine 4 mg/ 1 mL inj,morphine,Not Recorded,1 mL,276887,mL,1,
1184,Morphine 5 mg/1 mL inj,morphine,Not Recorded,1 mL,26111,mL,1,
1185,Morphine 8 mg/1 mL inj,morphine sulfate,Not Recorded,1 mL,8337,mL,1,
1186,Morphine PCA 1mg/ml 50 mLSyr.,morphine PCA 1mg/ml 50mL Syr.,Not Recorded,none,4293,,,
1187,Morphine PCA 50 mg/50 mL,morphine PCA,Not Recorded,50 mL,3316,mL,50,
1188,Morphine PCA/NCA 50 mg/50 mL,morphine PCA,Not Recorded,50 mL,24842,mL,50,
1189,Morphine PCA/NCA 50 mg/50 mL,morphine PCA/NCA,Not Recorded,50 mL,13966,mL,50,
1190,Morphine-PF 10 mg/10 mL inj,morphine pf,Not Recorded,10 mL,185,mL,10,
1191,Morphine-PF 200 mg/20 mL inj,morphine,Not Recorded,20 mL,1,mL,20,
1192,Morphine-PF 5 mg/10 mL inj,morphine,Not Recorded,10 mL,8,mL,10,
1193,Moxifloxacin 400 mg/250 mL NS IVPB,moxifloxacin in ns,Not Recorded,250 mL,1016,mL,250,
1194,Multivitamin Pediatric 5 mL inj,multiple vitamins,Not Recorded,5 mL,126,mL,5,
1195,Mycophenolate 250 mg cap,mycophenolate,Not Recorded,none,1,,,
1196,Mycophenolate 500 mg inj,mycophenolate,Not Recorded,none,28188,,,
1197,Mycophenolate 500 mg tab,mycophenolate,Not Recorded,none,6,,,
1198,Mycophenolate 500 mg/2.5mL oral susp (UD cup),mycophenolate,Not Recorded,2.5 mL,11,mL,2.5,
1199,NACL  0.45% 100 ml bag,nacl 0.45%,Not Recorded,100 mL,591,mL,100,
1200,NACL  0.45% 50 mL IV bag,nacl 0.45%,Not Recorded,50 mL,18,mL,50,
1201,NACL 0.45% +20 mEq KCl 1000 mL,nacl 0.45% + kcl,Not Recorded,1000 mL,38575,mL,1000,
1202,NACL 0.45% 1000 mL IV bag,nacl 0.45%,Not Recorded,1000 mL,706959,mL,1000,
1203,NACL 0.45% 250 mL IV bag,nacl 0.45%,Not Recorded,250 mL,1542,mL,250,
1204,NACL 0.45% 500 mL IV bag,nacl 0.45%,Not Recorded,500 mL,21316,mL,500,
1205,NACL 2.5 mEq/ mL 40mL inj,NACL 2.5 mEq/mL,Not Recorded,40 mL,220,mL,40,
1206,NACL 800mEq/200mL 23.4% inj,nacl 23.4%,Not Recorded,200 mL,1,mL,200,
1207,NICU 10% Starter TPN,NICU 10% Starter TPN,Not Recorded,none,13,,,
1208,NICU Starter TPN,NICU Starter TPN,Not Recorded,none,78,,,
1209,NOREPInephrine 16mcg/mL OR syringe,NOREPInephrine,Not Recorded,none,45955,,,
1210,NOREPInephrine 4mcg/mL OR syringe (40mcg),NOREPInephrine,Not Recorded,none,18,,,
1211,NOREPInephrine 4mg/4mL inj,NOREPInephrine,Microgram/Kilogram/Minute,4 mL,882302,mL,4,
1212,NS 100 mL IV bag,nacl 0.9%,Not Recorded,100 mL,2011148,mL,100,
1213,NS 100 mL IV bag for chemo,nacl 0.9%,Not Recorded,100 mL,16226,mL,100,
1214,NS 1000 mL (Polyolefin) for chemo,ns (polyolefin),Not Recorded,1000 mL,5181,mL,1000,
1215,NS 1000 mL IV bag,NS,Not Recorded,1000 mL,7255566,mL,1000,
1216,NS 1000 mL IV bag for chemo,ns,Not Recorded,1000 mL,6608,mL,1000,
1217,NS 1000 mL btl for manufacturing,ns,Not Recorded,1000 mL,4,mL,1000,
1218,NS 1000 mL irrigation  btl,ns irrigation btl,Not Recorded,1000 mL,12,mL,1000,
1219,NS 100mL (polyolefin),nacl 0.9% (polyolefin),Not Recorded,100 mL,19458,mL,100,
1220,NS 10mL flush syr,saline flush,Not Recorded,10 mL,1349,mL,10,
1221,NS 10ml PF vial,ns pf,Not Recorded,10 mL,184,mL,10,
1222,NS 150 mL IV bag,nacl 0.9%,Not Recorded,150 mL,1929,mL,150,
1223,NS 150 mL IV bag for chemo,nacl 0.9%,Not Recorded,150 mL,585,mL,150,
1224,NS 2000 mL Irrigation bag,nacl 0.9%,Not Recorded,2000 mL,2,mL,2000,
1225,NS 250 mL IV bag,nacl 0.9%,Not Recorded,250 mL,779191,mL,250,
1226,NS 250 mL IV bag for IV Set,nacl 0.9%,Not Recorded,250 mL,14611,mL,250,
1227,NS 250 mL IV bag for chemo,nacl 0.9%,Not Recorded,250 mL,18498,mL,250,
1228,NS 250 mL IV btl,nacl 0.9% bottle,Not Recorded,250 mL,5463,mL,250,
1229,NS 250 mL IV btl for chemo,nacl 0.9%,Not Recorded,250 mL,59,mL,250,
1230,NS 250 mL Prime bag for Chemo,nacl 0.9%,Not Recorded,250 mL,15,mL,250,
1231,NS 250mL (Polyolefin),nacl 0.9% (polyolefin),Not Recorded,250 mL,461957,mL,250,
1232,NS 250mL (Polyolefin) for chemo,nacl 0.9% (polyolefin),Not Recorded,250 mL,495,mL,250,
1233,NS 250mL bag for narc drip,nacl 0.9%,Not Recorded,250 mL,83347,mL,250,
1234,NS 30 mL Bacteriostatic inj,sodium chloride bacteriostatic,Not Recorded,30 mL,1,mL,30,
1235,NS 3000 mL Irrigation bag,ns irrigation,Not Recorded,3000 mL,12,mL,3000,
1236,NS 3mL flush,saline flush,Not Recorded,3 mL,6,mL,3,
1237,NS 50 mL IV bag,nacl 0.9%,Not Recorded,50 mL,1555074,mL,50,
1238,NS 50 mL IV bag for chemo,nacl 0.9%,Not Recorded,50 mL,11616,mL,50,
1239,NS 500 mL IV bag,nacl 0.9%,Not Recorded,500 mL,395487,mL,500,
1240,NS 500 mL IVPB,nacl 0.9%,Not Recorded,500 mL,187,mL,500,
1241,NS 500 mL irrigation btl,nacl 0.9%,Not Recorded,500 mL,3,mL,500,
1242,NS 500mL (Polyolefin),nacl 0.9% (polyolefin),Not Recorded,500 mL,7316,mL,500,
1243,NS 500mL (Polyolefin) for chemo,nacl 0.9% (polyolefin),Not Recorded,500 mL,9861,mL,500,
1244,NS 500mL IV bag for chemo,nacl 0.9%,Not Recorded,500 mL,10335,mL,500,
1245,NS Continuous Bladder Irrigation 3000mL,NS Bladder Irrigation,Not Recorded,3000 mL,1,mL,3000,
1246,NS PCA,nacl 0.9%,Not Recorded,none,59082,,,
1247,NS inj (Preservative Free),ns pf,Not Recorded,none,147,,,
1248,NS inj (Preservative Free),ns pf.,Not Recorded,none,56,,,
1249,NS+20 mEq KCl 1000 mL IV bag,ns + kcl,Not Recorded,1000 mL,77705,mL,1000,
1250,NS+40 mEq KCl 1000 mL,ns + kcl,Not Recorded,1000 mL,17456,mL,1000,
1251,NTG 0.3 mg=1/200Gr SL tab,nitroglycerin,Not Recorded,none,1,,,
1252,NTG 0.4 mg=1/150Gr SL tab,nitroglycerin,Not Recorded,none,149,,,
1253,NTG Aerosol Spray,nitroglycerin,Not Recorded,none,45,,,
1254,NaCl conc 23.4% (4meq/mL) for compounding,na chloride conc(23.4%),Not Recorded,none,11938,,,
1255,NaCl conc 23.4% 5mL syr,na chloride conc(23.4%),Not Recorded,5 mL,5,mL,5,
1256,NaCl conc 23.4% 5mL syr (Dialysis),na chloride conc(23.4%),Not Recorded,5 mL,5,mL,5,
1257,Nafcillin 0.01mg/mL for Desensitization,nafcillin/ns for desensitization,Not Recorded,none,7,,,
1258,Nafcillin 0.1mg/mL for Desensitization,nafcillin/ns for desensitization,Not Recorded,none,7,,,
1259,Nafcillin 10 gm inj,nafcillin,Not Recorded,none,6300,,,
1260,Nafcillin 10mg/mL for Desensitization,nafcillin/ns for desensitization,Not Recorded,none,8,,,
1261,Nafcillin 1gm inj,nafcillin,Not Recorded,none,72,,,
1262,Nafcillin 1gm/50 mL Iso-Dex,nafcillin in Iso-Dex,Not Recorded,50 mL,5,mL,50,
1263,Nafcillin 1gm/50mL NS,nafcillin/ns,Not Recorded,50 mL,265,mL,50,
1264,Nafcillin 20mg/mL neonate syringe,nafcillin/ns in syringe,Not Recorded,none,32,,,
1265,Nafcillin 2gm Desensitization Rx Protocol- initiate,Nafcillin 2gm Desensitization Rx Protocol- initiate,Not Recorded,none,1,,,
1266,Nafcillin 2gm inj,nafcillin,Not Recorded,none,1714,,,
1267,Nafcillin 2gm/100 mL Iso-Dex,nafcillin in Iso-Dex,Not Recorded,100 mL,853,mL,100,
1268,Nafcillin 2gm/100mL NS IVPB,nafcillin/ns,Not Recorded,100 mL,15681,mL,100,
1269,Nafcillin 50mg/mL for Desensitization,nafcillin/ns for desensitization,Not Recorded,none,8,,,
1270,Nalbuphine 10 mg/1 mL inj,nalbuphine,Not Recorded,1 mL,11403,mL,1,
1271,Nalbuphine 20 mg/1 mL inj,nalbuphine,Not Recorded,1 mL,2168,mL,1,
1272,Naloxone (HIGH CONCENTRATION)  2 mg/2 mL syringe,naloxone,Not Recorded,2 mL,769,mL,2,
1273,Naloxone 0.4 mg/ 1 mL inj,naloxone,Not Recorded,1 mL,23004,mL,1,
1274,Nelarabine 250 mg/ 50mL inj,nelarabine,Not Recorded,50 mL,81,mL,50,
1275,Neonatal TPN,Neonatal TPN,Not Recorded,none,1633,,,
1276,Neonate Hyperalimentation,Hyperalimentation neonate,Not Recorded,none,938,,,
1277,Neonate Starter Hyperal 250mL,neonate starter hyperal,Not Recorded,250 mL,50,mL,250,
1278,Neostigmine 1 mg/mL 10 mL inj,neostigmine,Not Recorded,10 mL,317,mL,10,
1279,Neostigmine 1 mg/mL inj,neostigmine,Not Recorded,none,12,,,
1280,Neostigmine 3mg/3mL inj,neostigmine,Not Recorded,3 mL,1,mL,3,
1281,Neostigmine 3mg/3mL inj,neostimine,Not Recorded,3 mL,18,mL,3,
1282,Neostigmine 5mg/5mL Syr for Pyxis,neostigmine,Not Recorded,5 mL,1,mL,5,
1283,NiCARdipine 100mcg/mL 10 mL-OR syringe,niCARdipine,Not Recorded,10 mL,13424,mL,10,
1284,NiCARdipine 25mg/10mL inj,niCARdipine,Milligram/Hour,10 mL,13873,mL,10,
1285,NiCARdipine 30 mg cap,niCARdipine,Not Recorded,none,6,,,
1286,Nicardipine 1.25mg/6.25mL ECT syringe,nicardipine syringe,Not Recorded,6.25 mL,2,mL,6.25,
1287,Nitroglycerin 100mcg/mL for Cath Lab,nitroglycerin,Not Recorded,none,1348,,,
1288,Nitroglycerin 2% Oint 1 gm,nitroglycerin 2% 1 gm,Not Recorded,none,19,,,
1289,Nitroglycerin 200mcg/mL 10mL OR syringe,nitroglycerin,Not Recorded,10 mL,8,mL,10,
1290,Nitroglycerin 25 mg/5 mL inj,nitroglycerin,Not Recorded,5 mL,4,mL,5,
1291,Nitroglycerin 50 mg/ 10 mL inj,nitroglycerin,Not Recorded,10 mL,3558,mL,10,
1292,Nitroglycerin 50mcg/mL 10mL OR syringe,nitroglycerin,Not Recorded,10 mL,11540,mL,10,
1293,Nitroprusside 50 mg/ 2 mL inj,nitroprusside,Not Recorded,2 mL,6338,mL,2,
1294,Normosol-R Ph 7.4 1000mL bag,electrolytes,Not Recorded,1000 mL,4,mL,1000,
1295,Not Recorded,Not Recorded,Micrograms/Minute,none,993111,,,
1296,OXALIplatin 100mg inj,OXALIplatin,Not Recorded,none,202,,,
1297,OXALIplatin 50 mg inj,OXALIplatin,Not Recorded,none,34,,,
1298,Octreotide  100 mcg/1mL inj,octreotide,Not Recorded,1 mL,3473,mL,1,
1299,Octreotide  500  mcg/1 mL  inj,octreotide,Not Recorded,1 mL,549,mL,1,
1300,Octreotide  500  mcg/1 mL  inj ADD,octreotide add,Not Recorded,1 mL,124691,mL,1,
1301,Octreotide 1 mg/mL 5 mL inj,octreotide,Not Recorded,5 mL,111,mL,5,
1302,Octreotide 10 mcg/mL neonate syringe,octreotide,Not Recorded,none,3,,,
1303,Octreotide 100 mcg/0.2 mL syringe,octreotide,Not Recorded,0.2 mL,4,mL,0.2,
1304,Octreotide 20 mg/5 mL LAR inj,octreotide,Not Recorded,5 mL,1,mL,5,
1305,Octreotide 30 mg LAR Kit,octreotide,Not Recorded,none,6,,,
1306,Olanzapine 10 mg IM,olanzapine,Not Recorded,none,191,,,
1307,Ondansetron 4 mg ODT,ondansetron ODT,Not Recorded,none,112,,,
1308,Ondansetron 4 mg tab,ondansetron,Not Recorded,none,85,,,
1309,Ondansetron 4 mg/2 mL inj,ondansetron,Not Recorded,2 mL,1337705,mL,2,
1310,Ondansetron 40 mg/20 mL inj (MDV),ondansetron,Not Recorded,20 mL,1423,mL,20,
1311,Ondansetron 8 mg tab,ondansetron,Not Recorded,none,33,,,
1312,Ondansetron 8mg/NS IVPB,ondansetron/ns,Not Recorded,none,29,,,
1313,Ophth. Lubricant (Refresh P.M.) 3.5 gm,ophthalmic lubricant,Not Recorded,none,2,,,
1314,Oxacillin 1000mg inj,oxacillin,Not Recorded,none,323,,,
1315,Oxacillin 40mg/mL/NS neonate syringe,oxacillin in NS syringe,Not Recorded,none,42,,,
1316,Oxymetazoline 0.05% nasal spray 15 mL,oxymetazoline 0.05%,Not Recorded,15 mL,229,mL,15,
1317,Oxytocin 10 units/ 1 mL inj,oxytocin,Not Recorded,1 mL,2422,mL,1,
1318,Oxytocin 10 units/mL inj 10mL,oxytocin,Not Recorded,10 mL,45,mL,10,
1319,Oxytocin 15 unit(s)/NS 250mL (Induction),oxytocin/ns,Not Recorded,250 mL,65537,mL,250,
1320,Oxytocin 20 unit(s)/LR 1000mL (Infusion),oxytocin/LR,Not Recorded,1000 mL,21097,mL,1000,
1321,Oxytocin 20 units/1000 mL NS for infusion,oxytocin in NS,Not Recorded,1000 mL,8722,mL,1000,
1322,Oxytocin 20 units/500mL (Infusion),oxytocin infusion,Not Recorded,500 mL,22608,mL,500,
1323,Oxytocin 20 units/500mL (Infusion),oxytocin/LR,Not Recorded,500 mL,6933,mL,500,
1324,Oxytocin 30 units/NS 500 mL,oxytocin/NS,Not Recorded,500 mL,5110,mL,500,
1325,P.D. 1.5% 1000mL bag,p.d.soln 1.5%,Not Recorded,1000 mL,1,mL,1000,
1326,PACLItaxel 30 mg/5 mL inj,PACLItaxel,Not Recorded,5 mL,149,mL,5,
1327,PACLItaxel 300 mg/50 mL inj,PACLItaxel,Not Recorded,50 mL,384,mL,50,
1328,PACLItaxel 6 mg/mL inj,PACLItaxel,Not Recorded,none,3,,,
1329,PACLItaxel Protein-Bound 100mg inj,PACLItaxel protein-bound,Not Recorded,none,36,,,
1330,PCA IV Syringe,PCA IV Syringe,Not Recorded,none,65,,,
1331,PCA Reservoir & Syringe Volume Confirm,PCA Reservoir & Syringe Volume Confirm,Not Recorded,none,3,,,
1332,"PCN G Ben 300,000 unit(s)/1 mL inj",penicillin g benzathine,Not Recorded,1 mL,1,mL,1,
1333,PCN G Benzathine  1.2 mu/2 mL inj,penicillin g benzathine,Not Recorded,2 mL,2,mL,2,
1334,"PCN-G Procan 600,000 units/1 mL inj",penicillin g procaine,Not Recorded,1 mL,1,mL,1,
1335,PD Low Cal Ultra 1.5% 2 Liter,pd low cal 1.5% 2L,Not Recorded,2 L,2,L,2,
1336,PEMEtrexED 500 mg inj,PEMEtrexED,Not Recorded,none,8,,,
1337,PEMEtrexED 500 mg inj,pemetrexed,Not Recorded,none,7,,,
1338,PHENYLephrine 0.25% 30mL nsl spray,PHENYLephrine 0.25% nas spray,Not Recorded,30 mL,1,mL,30,
1339,PHENYLephrine 0.25% nsl spray 15 mL,PHENYLephrine nasal 0.25% spray,Not Recorded,15 mL,1,mL,15,
1340,PHENYLephrine 0.5% nasal spray 15mL,PHENYLephrine 0.5%,Not Recorded,15 mL,108,mL,15,
1341,PHENYLephrine 1% nasal spray 15 mL,PHENYLephrine 1%,Not Recorded,15 mL,1,mL,15,
1342,PHENYLephrine 10 mg/ 1 mL inj,PHENYLephrine,Not Recorded,1 mL,53849,mL,1,
1343,PHENYLephrine 1mg/10mL (1000mcg) inj,PHENYLephrine,Not Recorded,10 mL,298,mL,10,
1344,PHENYLephrine 1mg/10mL (1000mcg) ns syringe OR,PHENYLephrine,Not Recorded,10 mL,2182,mL,10,
1345,PHENYLephrine 50 mg/ 5 mL inj,PHENYLephrine,Not Recorded,5 mL,76,mL,5,
1346,PHENYLephrine 500mcg/mL 20mL syringe (I-cavernous),phenylephrine,Not Recorded,20 mL,4,mL,20,
1347,PRMX Alteplase 25 mg ADD for LVAD,alteplase,Milligram/Hour,none,1051,,,
1348,PRMX Argatroban 125mg/ 125 mL vial,argatroban,Not Recorded,125 mL,359,mL,125,
1349,PRMX Bivalirudin 250 mg inj,PRMX bivalirudin,Milligram/Kilogram/Hour,none,260,,,
1350,PRMX Bivalirudin 250 mg inj,bivalirudin,Not Recorded,none,469,,,
1351,PRMX DOBUTamine 1gm/D5W 250 mL (dbl),DOBUTamine-d5w,Microgram/Kilogram/Minute,250 mL,84232,mL,250,
1352,PRMX DOBUTamine 250mg/D5W 250 mL,DOBUTamine-d5w,Microgram/Kilogram/Minute,250 mL,3525,mL,250,
1353,PRMX DOBUTamine 500 mg Drip Std*,DOBUTamine/d5w,Microgram/Kilogram/Minute,none,655741,,,
1354,PRMX DOBUTamine 50mg/NS 50ml,DOBUTamine in ns,Not Recorded,50 mL,98,mL,50,
1355,PRMX DOPamine 400 mg Drip std*,DOPamine/d5w,Not Recorded,none,74693,,,
1356,PRMX DOPamine 800 mg/250 mL Drip DBL,DOPamine - d5w,Microgram/Kilogram/Minute,250 mL,2410,mL,250,
1357,PRMX EPInephrine 2mg/D5W drip std*,EPInephrine in d5w,Not Recorded,none,4539,,,
1358,PRMX EPInephrine 4mg/D5W drip std*,EPInephrine in d5w,Microgram/Kilogram/Minute,none,334797,,,
1359,PRMX EPInephrine 4mg/NS drip,EPInephrine in ns,Microgram/Kilogram/Minute,none,1277,,,
1360,PRMX Eptifibatide 200 mg/100 mL Drip,eptifibatide/water,Not Recorded,100 mL,207,mL,100,
1361,PRMX Esmolol 2.5gm/250 mL Drip std*,esmolol,Microgram/Kilogram/Minute,250 mL,51749,mL,250,
1362,"PRMX Fentanyl  2,500 mcg / 50 mL Premix Drip",fentanyl citrate,Not Recorded,50 mL,1982583,mL,50,
1363,PRMX Fentanyl  5000 mcg / 100 mL Premix Drip Double,fentaNYL,Not Recorded,100 mL,43392,mL,100,
1364,"PRMX HePARIN 25,000 units/250 mL Premix std*",hePARIN premix,Not Recorded,250 mL,2733486,mL,250,
1365,PRMX Hydromorphone 20 mg/NS Drip,HYDROmorphone PF,Not Recorded,none,6939,,,
1366,PRMX Hydromorphone 20 mg/NS Drip,HYDROmorphone in ns,Not Recorded,none,43,,,
1367,PRMX Insulin Reg Hum.,insulin reg human premix,Not Recorded,none,569298,,,
1368,PRMX Insulin Reg Hum. 100 units/100ml,insulin reg human premix,U/Hr,100 mL,459732,mL,100,
1369,PRMX Insulin Reg Human 250units Drip std* (OR charging),insulin reg human in ns,Not Recorded,none,293,,,
1370,PRMX Lidocaine 2 gm/250 mL D5W Drip std*,lidocaine in d5w,Not Recorded,250 mL,44582,mL,250,
1371,PRMX Midazolam 100mg Drip Std*,midazolam in ns,Not Recorded,none,307036,,,
1372,PRMX Milrinone 20mg/100mL D5W drip,PRMX milrinone in d5w,Not Recorded,100 mL,11252,mL,100,
1373,PRMX Milrinone 40 mg Drip std*,milrinone/d5w,Not Recorded,none,1148623,,,
1374,PRMX NOREPInephrine 4 mg/250 mL NS Drip,NOREPInephrine NS premix drip,Not Recorded,250 mL,1328332,mL,250,
1375,PRMX NOREPInephrine 4mg/250ml D5W Drip,NOREPInephrine in d5w,Microgram/Kilogram/Minute,250 mL,67520,mL,250,
1376,PRMX NiCARdipine 40 mg/200mL NS  Drip std*,niCARdipine/NS,Milligram/Hour,200 mL,358969,mL,200,
1377,PRMX Nitroglycerin 50 mg Drip std*,nitroglycerin/d5w,Micrograms/Minute,none,115331,,,
1378,PRMX PHENYLephrine 25mg/D5W drip,PHENYLephrine in d5w,Microgram/Kilogram/Minute,none,155,,,
1379,PRMX PHENYLephrine 25mg/NS drip std*,PHENYLephrine in ns,Microgram/Kilogram/Minute,none,139011,,,
1380,PRMX Propofol 1000 mg/100 mL std*,propofol,Microgram/Kilogram/Minute,100 mL,885654,mL,100,
1381,PRMX Propofol 500 mg/ 50 mL bottle,propofol,Not Recorded,50 mL,2077,mL,50,
1382,PRMX Tirofiban 12.5 mg/250 mL Drip,tirofiban in ns,Microgram/Kilogram/Minute,250 mL,31634,mL,250,
1383,PRMX Tirofiban 5 mg/100 mL Drip,tirofiban in ns,Microgram/Kilogram/Minute,100 mL,101,mL,100,
1384,PRMX Vasopressin 40 unit/100mL NS Drip (DBL Volume),vasopressin double volume drip,Unit/Minute,100 mL,5,mL,100,
1385,PRMX clevidipine 25 mg/50 mL Drip std*,PRMX clevidipine drip,Milligram/Hour,50 mL,3829,mL,50,
1386,PRMX dexmedetomidine 400mcg/100ml NS Drip,dexmedetomidine NS premix drip,Microgram/Kilogram/Hour,100 mL,1246108,mL,100,
1387,PRMX diltiazem 100 mg drip,diltiazem,Microgram/Kilogram/Minute,none,34652,,,
1388,PRMX diltiazem 125 mg drip,diltiazem,Milligram/Hour,none,15638,,,
1389,PRMX fentaNYL 2500 mcg/250 mL NS,PRMX fentaNYL,Microgram/Kilogram/Hour,250 mL,25708,mL,250,
1390,PRMX ketamine 400 mg Drip DBL (FOR ICU),ketamine drip,Milligram/Kilogram/Hour,none,76254,,,
1391,PRMX morphine 100 mg/100 mL NS Drip,morphine,Not Recorded,100 mL,7281,mL,100,
1392,PRMX sodium bicarbonate 150 mEq D5W 1000 mL,sodium bicarbonate/d5w,Not Recorded,1000 mL,3522,mL,1000,
1393,Palifermin 6.25mg (6250 mcg) inj,palifermin,Not Recorded,none,734,,,
1394,Palonosetron 250mcg/5mL inj,palonosetron,Not Recorded,5 mL,224,mL,5,
1395,Pamidronate 30 mg/10ml  injection,pamidronate,Not Recorded,10 mL,489,mL,10,
1396,Pamidronate 90 mg/10 mL inj,pamidronate,Not Recorded,10 mL,69,mL,10,
1397,Panitumumab100 mg/5mL inj,panitumumab,Not Recorded,5 mL,3,mL,5,
1398,Pantoprazole 40 mg granules,pantoprazole,Not Recorded,none,3,,,
1399,Pantoprazole 40 mg inj,pantoprazole,Not Recorded,none,945370,,,
1400,Pantoprazole 40 mg tab,pantoprazole,Not Recorded,none,29,,,
1401,Pantoprazole IV for Invest.study,pantoprazole P#3001k200042,Not Recorded,none,9,,,
1402,Paricalcitol 2 mcg/mL inj,paricalcitol,Not Recorded,none,632,,,
1403,Paricalcitol 5 mcg/mL inj,paricalcitol,Not Recorded,none,19,,,
1404,Pegaspargase 750 units/1mL inj,pegaspargase,Not Recorded,1 mL,92,mL,1,
1405,Pembrolizumab 100 mg inj,pembrolizumab,Not Recorded,none,1,,,
1406,Penicillin G K 20 million units CMPD,Penicillin G K,Not Recorded,none,24,,,
1407,Penicillin G K 5 million unit inj,penicillin g k,Not Recorded,none,20273,,,
1408,"Penicillin G K 5,000,000 unit(s)/ns IVPB",penicillin g k in ns,Not Recorded,none,10705,,,
1409,Penicillin G NA 5Mu inj,penicillin g sod.,Not Recorded,none,192,,,
1410,Penicillin G Pot. 0.1units/mL for Desensitization,Penicillin G Pot./ns,Not Recorded,none,16,,,
1411,Penicillin G Pot. 1000 units/mL for Desensitization,Penicillin G Pot./ns,Not Recorded,none,15,,,
1412,Penicillin G Pot. 10units/mL for Desensitization,Penicillin G Pot./ns,Not Recorded,none,16,,,
1413,"Penicillin G Pot. 3,000,000 units/50 mL D5W IVPB",Penicillin G Pot.,Not Recorded,50 mL,656,mL,50,
1414,"Penicillin G Pot. 3,000,000 units/50 mL D5W IVPB",Penicillin G Pot. D5W,Not Recorded,50 mL,1457,mL,50,
1415,"Penicillin G Pot. 3,000,000 units/50 mL IVPB",Penicillin G Pot.,Not Recorded,50 mL,13824,mL,50,
1416,"Penicillin G Pot. 50,000 units/mL for Desensitization",Penicillin G Pot./ns,Not Recorded,none,26,,,
1417,Penicillin G Sod. 5 mu/D5W 100mL IVPB,penicillin g sod. in D5W,Not Recorded,100 mL,71,mL,100,
1418,Pentamidine 300 mg inj,pentamidine,Not Recorded,none,234,,,
1419,Pentobarbital 50 mg/mL 20 mL inj ADD,pentobarbital add,Milligram/Kilogram/Hour,20 mL,482,mL,20,
1420,Pentostatin 10 mg inj,pentostatin,Not Recorded,none,17,,,
1421,Peramivir 200 mg/20mL inj,peramivir,Not Recorded,20 mL,118,mL,20,
1422,Perflutren,perflutren,Not Recorded,none,375,,,
1423,Peripheral Parenteral Nutrition,Peripheral Parenteral Nutrition (hyperal),Not Recorded,85 mL/hr,360683,mL/hr,85,
1424,Peripheral TPN,Peripheral TPN,Not Recorded,none,45390,,,
1425,Pertuzumab 420 mg inj,pertuzumab,Not Recorded,none,9,,,
1426,Phenobarbital 130 mg/1 mL inj,phenobarbital,Not Recorded,1 mL,8916,mL,1,
1427,Phenobarbital 4 mg/ mL ped. oral syringe,phenobarbital ped liq,Not Recorded,none,1,,,
1428,Phenobarbital 65 mg/1 mL inj,PHENobarbital,Not Recorded,1 mL,8202,mL,1,
1429,Phenobarbital 65mg/mL neonate syringe,PHENobarbital in syringe,Not Recorded,none,2,,,
1430,Phentolamine Mesylate 5 mg inj,phentolamine,Not Recorded,none,4,,,
1431,Phenylephrine nasal 0.5% soln 15mL,phenylephrine nasal 0.5%,Not Recorded,15 mL,2,mL,15,
1432,Phenytoin 100 mg/2 mL inj,phenytoin,Not Recorded,2 mL,1344,mL,2,
1433,Phenytoin 100 mg/4 mL oral susp,phenytoin,Not Recorded,4 mL,1,mL,4,
1434,Phenytoin 250 mg/5 mL inj,phenytoin,Not Recorded,5 mL,171,mL,5,
1435,Physostigmine 2 mg/2 mL inj,physostigmine,Not Recorded,2 mL,26,mL,2,
1436,Phytonadione 10 mg/1 mL inj,phytonadione,Not Recorded,1 mL,12482,mL,1,
1437,Phytonadione 5 mg tab,phytonadione,Not Recorded,none,12,,,
1438,Phytonadione Ped 1 mg inj,phytonadione ped,Not Recorded,none,7,,,
1439,Phytonadione Ped. 1 mg/mL (Vit.K) neonate syringe,phytonadione in ns,Not Recorded,none,30,,,
1440,Piperacil/Tazobactam  2.25gm inj,piperacillin-tazobact,Not Recorded,none,122,,,
1441,Piperacillin-Tazobactam  4.5 gm inj,piperacillin-tazobactam,Not Recorded,none,3277,,,
1442,Piperacillin-Tazobactam 3.375 gm/50 mL iso-dex,piperacillin-tazobac in iso-dex,Not Recorded,50 mL,52283,mL,50,
1443,Piperacillin-Tazobactam 3.375gm inj,piperacillin-tazobact,Not Recorded,none,30784,,,
1444,Piperacillin-Tazobactam 3.375gm/100 mL NS,piperacillin-tazobac in ns,Not Recorded,100 mL,149408,mL,100,
1445,Piperacillin-Tazobactam 4.5gm IVPB/NS 100mL,piperacillin-tazobactam in ns,Not Recorded,100 mL,337561,mL,100,
1446,Piperacillin-tazob 20mg/mL/NS neonate syringe,piperacillin-tazob in NS syringe,Not Recorded,none,181,,,
1447,Piperacillin-tazobactam 4.5 gm/iso-dex 100 ml ivpb,piperacillin-tazobact/iso-dex,Not Recorded,100 mL,21639,mL,100,
1448,Piperacillin/Tazobactam  2.25gm/NS IVPB,piperacillin-tazobact in NS,Not Recorded,none,648,,,
1449,Pipracil-Tazobac 3.375gm/50mL NS (for RAD),piperacillin-tazobac in ns,Not Recorded,50 mL,28,mL,50,
1450,Plasma-Lyte A 1000 mL bag,plasmalyte a,Not Recorded,1000 mL,578115,mL,1000,
1451,Pneumococcal 25 mcg/0.5 mL inj,pneumococcal vaccine  poly,Not Recorded,0.5 mL,2,mL,0.5,
1452,Polyethylene Glycol pwdr 17gm unit dose,polyethylene glycol,Not Recorded,none,1,,,
1453,"Polymyxin B 500,000 unit inj",polymyxin b sulfate,Not Recorded,none,121,,,
1454,Posaconazole 100mg tab,posaconazole,Not Recorded,none,2,,,
1455,Posaconazole 300mg inj,posaconazole,Not Recorded,none,4500,,,
1456,Posaconazole 40mg/mL oral susp.,posaconazole,Not Recorded,none,22,,,
1457,Potasium Aceta 2 mEq/mL 100 mL inj,potassium acetate,Not Recorded,100 mL,1,mL,100,
1458,PotassPhosphate 3mmol/mL 15mL inj,potassium phosphate,Not Recorded,15 mL,27479,mL,15,
1459,Potassium  Acet 100mEq/50mL inj,potassium acetate,Not Recorded,50 mL,6,mL,50,
1460,Potassium Aceta 2 mEq/mL 20 mL inj,potassium acetate,Not Recorded,20 mL,1028,mL,20,
1461,Potassium Chlor 0.1 meq/ml/NS neonate syringe,potassium chloride in NS syringe,Not Recorded,none,10,,,
1462,Potassium Chlor 0.2 meq/ml/NS neonate syringe,potassium chloride in NS syringe,Not Recorded,none,10,,,
1463,Potassium Chlor 2 meq/ml 10mL inj,potassium chloride,Not Recorded,10 mL,56042,mL,10,
1464,Potassium Chloride 10 mEq cap,potassium chloride,Not Recorded,none,23,,,
1465,Potassium Chloride 10 mEq tab,potassium chloride,Not Recorded,none,15,,,
1466,Potassium Chloride 20 mEq/15 mL liq 473mL BULK,potassium chloride,Not Recorded,15 mL,29,mL,15,
1467,"Potassium Chloride 8 mEq cap
",potassium chloride,Not Recorded,none,1,,,
1468,Potassium Cl 20meq/NS 500mL ivpb,potassium chloride in NS,Not Recorded,500 mL,46,mL,500,
1469,Potassium Cl 30meq/NS 500mL ivpb,potassium chloride in ns,Not Recorded,500 mL,63,mL,500,
1470,Potassium Cl 40meq/D5W 500mL (for HF),potassium chloride in d5w,Not Recorded,500 mL,86,mL,500,
1471,Potassium Cl 40meq/NS 500mL ivpb,potassium chloride in ns,Not Recorded,500 mL,120920,mL,500,
1472,Potassium Level Recheck Reminder,potassium level recheck reminder,Not Recorded,none,1,,,
1473,Potassium Phos 3 mmol/mL 50 mL inj,potassium phosphate,Not Recorded,50 mL,1646,mL,50,
1474,Potassium-Phos (K-PhosNeutral) tab,potassium phosphate/sod.phosphate,Not Recorded,none,1,,,
1475,Prasugrel 10 mg tab,prasugrel,Not Recorded,none,381,,,
1476,Pravastatin 40 mg tab,pravastatin,Not Recorded,none,1,,,
1477,PredniSONE 5 mg/5 mL liq 120mL,predniSONE,Not Recorded,5 mL,1,mL,5,
1478,Pregabalin 150 mg cap,pregabalin,Not Recorded,none,1,,,
1479,Pregabalin 75 mg caps,pregabalin,Not Recorded,none,6,,,
1480,Premix Dextrose 5%,Premix D5W,Not Recorded,none,2550365,,,
1481,Premix Diluent,Premix Diluent,Not Recorded,none,5691785,,,
1482,Premix NS,Premix NS,Not Recorded,none,4643474,,,
1483,"Premix Water, Sterile",Premix Sterile Water,Not Recorded,none,339,,,
1484,Preop famotidine,famotidine,Not Recorded,none,1,,,
1485,PrismaSol B22GK4/0 w/out Calcium soln,prismaSol B22GK4/0,Not Recorded,none,6,,,
1486,Prismasate B22GK4/0 w/o Calcium,prismasate b22gk4/0,Not Recorded,none,1,,,
1487,Prismasate BK 0/3.5 5L bag,Prismasate BK 0/3.5,Not Recorded,5 L,11,L,5,
1488,Procainamid 1gm/10 mL inj ADD,procainamide add,Milligrams/Minute,10 mL,264,mL,10,
1489,Procainamide 1gm/10 mL inj,procainamide,Not Recorded,10 mL,45,mL,10,
1490,Procainamide 1gm/2mL inj,procainamide,Not Recorded,2 mL,58,mL,2,
1491,Procainamide 1gm/2mL inj ADD,procainamide add..,Milligrams/Minute,2 mL,3630,mL,2,
1492,Procainamide 1gm/ns 50mL ivpb for ED use only,procainamide/ns,Not Recorded,50 mL,9,mL,50,
1493,Prochlorperazine 10 mg tab,prochlorperazine,Not Recorded,none,6,,,
1494,Prochlorperazine 10mg/2mL inj for IV use,prochlorperazine,Not Recorded,2 mL,88093,mL,2,
1495,Prochlorperazine 5 mg tab,prochlorperazine,Not Recorded,none,1,,,
1496,Prolastin 1gm inj,alpha 1 proteinase inhibitor,Not Recorded,none,3,,,
1497,Promethazine 12.5 mg supp,promethazine supp,Not Recorded,none,28,,,
1498,Promethazine 12.5 mg tab,promethazine tab,Not Recorded,none,1,,,
1499,Promethazine 12.5mg IV,promethazine inj,Not Recorded,none,145,,,
1500,Promethazine 25 mg supp,promethazine supp,Not Recorded,none,33,,,
1501,Promethazine 25 mg tab,promethazine tab,Not Recorded,none,1,,,
1502,Promethazine 25 mg/1 mL inj,promethazine inj,Not Recorded,1 mL,21318,mL,1,
1503,Promethazine 6.25 mg/5 ml 120 mL liq,promethazine,Not Recorded,5 mL,3,mL,5,
1504,Propofol 100 mg/ 10 mL Syringe,propofol,Not Recorded,10 mL,16,mL,10,
1505,Propofol 200 mg/ 20 mL inj,propofol,Not Recorded,20 mL,2341,mL,20,
1506,Propofol 500 mg/50 mL syringe,propofol,Not Recorded,50 mL,37,mL,50,
1507,Propranolol 1 mg/1 mL inj,propranolol,Not Recorded,1 mL,258,mL,1,
1508,ProtAMINE 10 mg/mL 5 mL inj,protAMINE,Not Recorded,5 mL,7201,mL,5,
1509,ProtAMINE 100mg/50ml IVPB,protamine ivpb,Not Recorded,50 mL,15,mL,50,
1510,ProtAMINE 10mg/mL 25mL inj,protAMINE,Not Recorded,25 mL,224,mL,25,
1511,Protein C Concentrate Human 1000 units/10 mL,Protein C Concentrate Human,Not Recorded,10 mL,11,mL,10,
1512,Prothrombin Complex concentrate (Bebulin),prothrombin complex conc.,Not Recorded,none,40,,,
1513,Prothrombin complex (Human) (Kcentra),prothrombin complex,Not Recorded,none,1552,,,
1514,Pyridostigmine 10 mg/2 mL inj,pyridostigmine,Not Recorded,2 mL,311,mL,2,
1515,Pyridostigmine 60 mg/5 mL liq 120mL,pyridostigmine,Not Recorded,5 mL,1,mL,5,
1516,Pyridoxine 100 mg/1 mL inj,pyridoxine,Not Recorded,1 mL,24298,mL,1,
1517,Pyridoxine 100 mg/1mL/NS neonate syringe,pyridoxine in NS syringe,Not Recorded,1 mL,1,mL,1,
1518,Pyridoxine 50 mg tab,pyridoxine,Not Recorded,none,1,,,
1519,REMIfentanil 1 mg inj,REMIfentanil,Not Recorded,none,5088,,,
1520,REMIfentanil 1000 mcg inj,REMIfentanil,Not Recorded,none,706,,,
1521,REMIfentanil 100mcg/2mL syringe,REMIfentanil,Not Recorded,2 mL,1,mL,2,
1522,REMIfentanil 2 mg inj,REMIfentanil,Not Recorded,none,10,,,
1523,RHo (D) immune globulin 1500 intl units/1.3 mL solu,RHo (D) immune globulin,Not Recorded,1.3 mL,32,mL,1.3,
1524,RHo (D) immune globulin 300 mcg (Rhogam IM),RHo (D) immune globulin,Not Recorded,none,7,,,
1525,RHo (D) immune globulin 300 mcg/1.3 mL inj,RHo (D) immune globulin,Not Recorded,1.3 mL,14,mL,1.3,
1526,RHo (D) immune globulin 300 mcg/2 mL inj,RHo (D) immune globulin,Not Recorded,2 mL,26,mL,2,
1527,Ramucirumab 500 mg/50mL inj,ramucirumab,Not Recorded,50 mL,2,mL,50,
1528,Ranitidine 50mg/2mL inj,ranitidine,Not Recorded,2 mL,226,mL,2,
1529,Rasburicase 7.5 mg inj.,rasburicase,Not Recorded,none,32,,,
1530,Refresh Classic Ophth Soln 0.4 mL,refresh,Not Recorded,0.4 mL,3,mL,0.4,
1531,Regadenoson 0.4 mg/5 mL inj,regadenoson,Not Recorded,5 mL,3200,mL,5,
1532,RifaMPIN 300 mg cap,rifaMPIN,Not Recorded,none,2,,,
1533,RifaMPIN 3mg/mL/NS neonate syringe,rifaMPIN in NS syringe,Not Recorded,none,1,,,
1534,RifaMPIN 600 mg inj,rifaMPIN,Not Recorded,none,2587,,,
1535,Rocuronium 10 mg/mL 10 mL inj,rocuronium,Not Recorded,10 mL,2037,mL,10,
1536,Rocuronium 10 mg/mL 5 mL inj,rocuronium,Not Recorded,5 mL,8712,mL,5,
1537,Rocuronium 10 mg/mL 5 mL syringe,rocuronium,Not Recorded,5 mL,3,mL,5,
1538,Rocuronium 10 mg/mL per mL,rocuronium,Not Recorded,none,8,,,
1539,Rocuronium 10mg/mL 5mL OR syringe,rocuronium,Not Recorded,5 mL,47,mL,5,
1540,Ropivacaine 0.5% 30 mL syringe (EUOSH),ropivacaine 0.5%,Not Recorded,30 mL,2,mL,30,
1541,Ropivacaine 1% 10mg/mL 20mL,ropivacaine 1%,Not Recorded,20 mL,1,mL,20,
1542,Ropivacaine 2 mg/mL 100 mL inj,ropivacaine 0.2%,Not Recorded,100 mL,14,mL,100,
1543,Ropivacaine 5 mg/mL 30 mL inj,ropivacaine 0.5%,Not Recorded,30 mL,76,mL,30,
1544,Ropivacaine 7.5 mg/mL 20 mL inj,ropivacaine 0.75%,Not Recorded,20 mL,2,mL,20,
1545,SJH hyperalimentation 1200-2200mL,hyperalimentation 1200-2200mL,Not Recorded,2200 mL,304628,mL,2200,
1546,SJH hyperalimentation <1200mL,hyperalimentation <1200mL,Not Recorded,1200 mL,13738,mL,1200,
1547,SJH hyperalimentation >2200mL,hyperalimentation >2200mL,Not Recorded,2200 mL,8387,mL,2200,
1548,SMOFlipid 20% 100 mL (Neonate),fat emulsion 20% (SMOFlipid),Not Recorded,100 mL,65,mL,100,
1549,SMX-TMP 800 mg-160 mg/20 mL suspension,sulfamethoxazole-trimethoprim,Not Recorded,20 mL,1,mL,20,
1550,SUMAtriptan 6mg/0.5mL inj,SUMAtriptan succinate,Not Recorded,0.5 mL,3,mL,0.5,
1551,SUfentanil 100 mcg/2 mL inj,SUfentanil,Not Recorded,2 mL,38,mL,2,
1552,SUfentanil 250 mcg/5 mL inj,SUfentanil,Not Recorded,5 mL,3,mL,5,
1553,SUfentanil 50 mcg/1 mL inj,SUFentanil,Not Recorded,1 mL,8,mL,1,
1554,Sargramustim 250 mcg inj,sargramostim,Not Recorded,none,5,,,
1555,Scopolamine 0.4 mg/ 1 mL inj,scopolamine,Not Recorded,1 mL,12,mL,1,
1556,Scopolamine patch,scopolamine,Not Recorded,none,1499,,,
1557,Secretin 16mcg synthetic human,secretin,Not Recorded,none,14,,,
1558,Selenium 400 mcg/10 mL inj,Selenious acid,Not Recorded,10 mL,12,mL,10,
1559,Selenium 600 mcg/10 mL inj,Selenious acid,Not Recorded,10 mL,1786,mL,10,
1560,Sildenafil 10 mg/12.5 mL inj.,sildenafil,Not Recorded,12.5 mL,877,mL,12.5,
1561,Siltuximab 400 mg inj,siltuximab,Not Recorded,none,2,,,
1562,Sincalide 5 mcg inj,sincalide,Not Recorded,none,3,,,
1563,Sirolimus 0.5 mg tab,sirolimus,Not Recorded,none,1,,,
1564,Sodium  Bicarb. 0.5mEq/1mL neonate syringe,sod. bicarbonate in syringe,Not Recorded,1 mL,2,mL,1,
1565,Sodium  Bicarbonate 0.25mEq/1mL neonate syringe,sod bicarbonate in syringe,Not Recorded,1 mL,6,mL,1,
1566,Sodium  Bicarbonate 0.5meq/mL neonate syringe,sod bicarbonate,Not Recorded,none,11,,,
1567,Sodium  Bicarbonate 2.5 mEq/5mL inj,sod bicarbonate inj,Not Recorded,5 mL,15,mL,5,
1568,Sodium  Bicarbonate 5 mEq/10mL syringe,sod bicarbonate inj,Not Recorded,10 mL,36,mL,10,
1569,Sodium Acetate 2 mEq/mL 20 mL inj,sodium acetate,Not Recorded,20 mL,608,mL,20,
1570,Sodium Acetate 2 mEq/mL inj,sodium acetate,Not Recorded,none,6119,,,
1571,Sodium Bicarb 10 mEq/10 mL  inj,sodium bicarbonate,Not Recorded,10 mL,188,mL,10,
1572,Sodium Bicarb 50 mEq/50 mL  vial,sodium bicarbonate,Not Recorded,50 mL,240162,mL,50,
1573,Sodium Bicarb 50 mEq/50 mL ADD,sodium bicarbonate,Not Recorded,50 mL,28571,mL,50,
1574,Sodium Bicarb 50 mEq/50 mL vial CMPD,sodium bicarbonate,Not Recorded,50 mL,980,mL,50,
1575,Sodium Bicarb 50 mEq/50mL syringe,sodium bicarbonate,Not Recorded,50 mL,170249,mL,50,
1576,Sodium Bicarbonate 650 mg tab,sodium bicarbonate,Not Recorded,none,1,,,
1577,Sodium Chloride 0.9% (50mL vial) for Remodulin,ns 50mL vial,Not Recorded,50 mL,4,mL,50,
1578,Sodium Chloride 0.9% 5mL Flush syr. (neonate),sodium chloride flush,Not Recorded,5 mL,43,mL,5,
1579,Sodium Chloride 3% 4mL inhalation soln.,sodium chloride 3%,Not Recorded,4 mL,1,mL,4,
1580,Sodium Glycerophosphate 20mmol/20mL inj,sodium glycerophosphate,Not Recorded,20 mL,9183,mL,20,
1581,Sodium Phosphat 3 mm/mL 50 mL inj,sodium phosphate,Not Recorded,50 mL,32465,mL,50,
1582,Sodium Phosphate 3mmol/ml  15 mL inj,sodium phosphate,Not Recorded,15 mL,7914,mL,15,
1583,Sodium Tetradecyl sulfate 1% inj,sodium tetradecyl sulfate,Not Recorded,none,1,,,
1584,Sodium Tetradecyl sulfate 3% inj,sodium tetradecyl 3%,Not Recorded,none,1,,,
1585,Sodium Thiosulfate 25% 50 mL inj,sodium thiosulfate 25%,Not Recorded,50 mL,832,mL,50,
1586,Sodium benzoate-Sodium phenylacetate 10%,sod.benzoate-sod.phenylacetate,Not Recorded,none,56,,,
1587,Standard PAL Line IV fluid,Standard PAL Line fluid,Not Recorded,none,167,,,
1588,Standard UAC Line IV fluid,Standard UAC Line fluid,Not Recorded,none,153,,,
1589,Standard UVC Line IV fluid,Standard UVC Line fluid,Not Recorded,none,101,,,
1590,Sterile/Free Water flush,"water, sterile/free flush",Not Recorded,none,1,,,
1591,Streptomycin 1 gm inj,streptomycin,Not Recorded,none,16,,,
1592,Streptozocin 1gm inj,streptozocin,Not Recorded,none,4,,,
1593,Succinylcholine 20 mg/mL OR syringe,succinylcholine,Not Recorded,none,1,,,
1594,Succinylcholine 200 mg/10 mL inj,succinylcholine,Not Recorded,10 mL,2193,mL,10,
1595,Succinylcholine 200 mg/10 ml syringe (EUOSH),succinylcholine,Not Recorded,10 mL,1,mL,10,
1596,Succinylcholine 200mg syr for pyxis,succinylchloline,Not Recorded,none,6,,,
1597,Succinylcholine 20mg/mL 10mL syringe,succinylcholine,Not Recorded,10 mL,20,mL,10,
1598,Succinylcholine 20mg/mL 5mL syringe,succinylcholine,Not Recorded,5 mL,3,mL,5,
1599,Succinylcholine 20mg/ml 10ml OR syringe,succinylcholine,Not Recorded,10 mL,11,mL,10,
1600,Succinylcholine 60 mg/3 mL syringe,succinylcholine,Not Recorded,3 mL,1,mL,3,
1601,Sugammadex 200 mg/2mL inj,sugammadex,Not Recorded,2 mL,52,mL,2,
1602,Sugammadex 500 mg/5mL inj,sugammadex,Not Recorded,5 mL,29,mL,5,
1603,Sulfamethoxazole-Trimethoprim 80mg-16  mg/mL 10mL inj,sulfamethoxazole-trimethoprim,Not Recorded,10 mL,4178,mL,10,
1604,Sulfamethoxazole-Trimethoprim 80mg-16 mg/mL inj,sulfamethoxazole-trimethoprim,Not Recorded,none,4343,,,
1605,"Syringe, chemo","Syringe, chemo",Not Recorded,none,42,,,
1606,TACRolimus 0.5 mg cap,TACRolimus,Not Recorded,none,61,,,
1607,TACRolimus 1 mg cap,TACRolimus,Not Recorded,none,7,,,
1608,TACRolimus 5mg inj,TACRolimus,Not Recorded,none,21146,,,
1609,TBO-filgrastim 300 mcg/0.5 mL inj,TBO-filgrastim,Not Recorded,0.5 mL,2,mL,0.5,
1610,TIGEcycline 50 mg inj,TIGEcycline,Not Recorded,none,3190,,,
1611,TOPOtecan 4 mg/ 4 mL inj,TOPOtecan,Not Recorded,4 mL,19,mL,4,
1612,Tamsulosin 0.4  mg cap,tamsulosin,Not Recorded,none,1,,,
1613,Telavancin 250 mg inj,telavancin,Not Recorded,none,144,,,
1614,Telavancin 750 mg inj,telavancin,Not Recorded,none,33,,,
1615,Temsirolimus 25 mg/mL inj.,temsirolimus,Not Recorded,none,1,,,
1616,Terbutaline 1 mg/1 mL inj,terbutaline,Not Recorded,1 mL,16,mL,1,
1617,"Tetanus/Diphtheria/Pertussis, Acel (Tdap) 0.5 mL","tetanus/diphtheria/pertussis, acel (Tdap)",Not Recorded,0.5 mL,1,mL,0.5,
1618,Tetanus/Dipth. Tox. Adsb. 0.5 ml inj,Tetanus/Diptheria toxoid,Not Recorded,0.5 mL,10,mL,0.5,
1619,Tetracaine 1% 2mL inj,tetracaine 1%,Not Recorded,2 mL,1,mL,2,
1620,Thiamine 100 mg/ml 2mL inj,thiamine,Not Recorded,2 mL,174096,mL,2,
1621,Thiamine 100 mg/ml 2mL inj FOR COMPOUNDING USE,thiamine,Not Recorded,2 mL,56650,mL,2,
1622,Thiotepa 15 mg inj,thiotepa,Not Recorded,none,80,,,
1623,Thrombin 5000 unit recombinant powder,thrombin,Not Recorded,none,2,,,
1624,Ticagrelor 90 mg tab,ticagrelor,Not Recorded,none,316,,,
1625,Ticar/Clav 3.1 IVPB,ticarcillin-clavulanate/ns,Not Recorded,none,110,,,
1626,Tirofiban 50 mcg/ mL 250 mL Drip*,tirofiban/ns,Not Recorded,250 mL,143,mL,250,
1627,Tobramycin 1.2gm/30ml Bulk Vial,tobramycin,Not Recorded,30 mL,3272,mL,30,
1628,Tobramycin 80 mg/ 100 mL NS,tobramycin,Not Recorded,100 mL,18,mL,100,
1629,Tobramycin 80 mg/2 mL inj,tobramycin,Not Recorded,2 mL,4054,mL,2,
1630,Tobramycin Intermittent Dosing by Pharmacist,tobramycin intermittent dosing,Not Recorded,none,1,,,
1631,Tocilizumab 200 mg/10mL inj,tocilizumab,Not Recorded,10 mL,124,mL,10,
1632,Tocilizumab 400 mg/20mL inj,tocilizumab,Not Recorded,20 mL,376,mL,20,
1633,Tolterodine 2 mg tab,tolterodine,Not Recorded,none,1,,,
1634,Tolterodine LA 4 mg cap,tolterodine LA,Not Recorded,none,1,,,
1635,Topiramate 100 mg tab,topiramate,Not Recorded,none,1,,,
1636,TraMADOL 50 mg tab,traMADOL,Not Recorded,none,1,,,
1637,Trabectedin 1mg inj.,trabectedin,Not Recorded,none,75,,,
1638,Trace Elements 10 mL inj,trace elements,Not Recorded,10 mL,124,mL,10,
1639,Tranexamic acid 100 mg/mL inj,tranexamic acid,Not Recorded,none,7479,,,
1640,Tranexamic acid 1000 mg/NS 100mL,tranexamic acid,Not Recorded,100 mL,375,mL,100,
1641,Tranexamic acid 2gm bolus dose,tranexamic acid,Not Recorded,none,77,,,
1642,Tranexamic acid 650 mg tab,tranexamic acid,Not Recorded,none,51,,,
1643,Trastuzumab 150 mg inj,trastuzumab,Not Recorded,none,9,,,
1644,Trastuzumab 440 mg inj,trastuzumab,Not Recorded,none,12,,,
1645,Trepostinil 5 mg/mL 20mL inj,treprostinil,Not Recorded,20 mL,106,mL,20,
1646,Treprostinil 1 mg/mL 20mL inj,treprostinil,ng/kg/min,20 mL,28,mL,20,
1647,Treprostinil 10 mg/mL 20mL,treprostinil,Not Recorded,20 mL,29,mL,20,
1648,Treprostinil 2.5 mg/mL 20mL,treprostinil,Not Recorded,20 mL,103,mL,20,
1649,Treprostinil 20mg/20mL inj,trepostinil,Not Recorded,20 mL,80,mL,20,
1650,Treprostinil 20mg/20mL inj,treprostinil,Not Recorded,20 mL,9,mL,20,
1651,Tri-sodium Citrate,sod. citrate-citric acid,Not Recorded,none,15,,,
1652,Triamcinolone acet  40 mg/ 1 mL inj,triamcinolone,Not Recorded,1 mL,1,mL,1,
1653,Trimethobenzamide 200 mg/2 mL inj,trimethobenzamide,Not Recorded,2 mL,1,mL,2,
1654,Trisodium citrate solution,anticoag. sodium citrate,Not Recorded,none,1,,,
1655,Tromethamine 500 mL  Btl,tromethamine,Not Recorded,500 mL,4418,mL,500,
1656,Ustekinumab 130mg/26mL inj,ustekinumab,Not Recorded,26 mL,14,mL,26,
1657,Valproate 250mg/5mL Liq,valproate,Not Recorded,5 mL,3,mL,5,
1658,Valproate Sodium 500 mg/ 5 mL inj,valproate,Not Recorded,5 mL,21497,mL,5,
1659,Vancomycin 125 mg cap,vancomycin,Not Recorded,none,1,,,
1660,Vancomycin 1250mg/ NS 250mL IVPB,vancomycin/ns,Not Recorded,250 mL,17506,mL,250,
1661,Vancomycin 1250mg/NS 250mL IVPB,vancomycin/ns,Not Recorded,250 mL,105411,mL,250,
1662,Vancomycin 1500mg/500ml NS ivpb,vancomycin in ns,Not Recorded,500 mL,39672,mL,500,
1663,Vancomycin 1500mg/NS ivpb (EUOSH ONLY),vancomycin in ns,Not Recorded,500 mL,68672,ml,500,imputed
1664,Vancomycin 1750mg/NS 500ml IVPB,vancomycin in ns,Not Recorded,500 mL,8435,mL,500,
1665,Vancomycin 1gm inj,vancomycin,Not Recorded,500 mL,58757,mL,500,imputed
1666,Vancomycin 1gm/ 200mL Iso-Dex IVPB,vancomycin in D5W,Not Recorded,200 mL,65538,mL,200,
1667,Vancomycin 1gm/NS 250mL IVPB,vancomycin in NS,Not Recorded,250 mL,10367,mL,250,
1668,Vancomycin 1gm/NS 250ml  IVPB,vancomycin in ns,Not Recorded,250 mL,95228,mL,250,
1669,Vancomycin 250 mg/5 mL oral soln.,vancomycin,Not Recorded,5 mL,5,mL,5,
1670,Vancomycin 500 mg inj,vancomycin,Not Recorded,500 mL,5174,mL,500,imputed
1671,Vancomycin 500 mg/100ml - Iso-Dex,vancomycin in iso-dex,Not Recorded,100 mL,2872,mL,100,
1672,Vancomycin 500 mg/NS 100ml ivpb,vancomycin/ns,Not Recorded,100 mL,9565,mL,100,
1673,Vancomycin 500mg (10gm vial),vancomycin,Not Recorded,500 mL,87110,mL,500,imputed
1674,Vancomycin 500mg in NS 500mL enema,vancomycin enema,Not Recorded,500 mL,2,mL,500,
1675,Vancomycin 5mg/mL/NS neonate syringe,vancomycin in NS syringe,Not Recorded,none,579,,,
1676,Vancomycin 750 mg inj.,vancomycin,Not Recorded,500 mL,16727,mL,500,imputed
1677,Vancomycin 750 mg/150 mL,vancomycin,Not Recorded,150 mL,2680,mL,150,
1678,Vancomycin 750 mg/150 mL Iso-Dex,vancomycin in iso-dex,Not Recorded,150 mL,44581,mL,150,
1679,Vancomycin Intermittent Dosing by Pharmacist,vancomycin intermittent dosing,Not Recorded,none,1,,,
1680,Vancomycin Intermittent Dosing by Pharmacist,vancomycin pulse dosing,Not Recorded,none,2,,,
1681,Vasopressin 20 unit/ml 10ml inj,vasopressin,Not Recorded,10 mL,50924,mL,10,
1682,Vasopressin 20 units/ 1 mL (Vasostrict),vasopressin,Unit/Minute,1 mL,893643,mL,1,
1683,Vasopressin 20 units/ 1 mL inj,vasopressin,Unit/Minute,1 mL,30960,mL,1,
1684,Vasopressin/Placebo for study,vasopressin/placebo (P#IDS22),Not Recorded,none,6,,,
1685,Vecuronium 10 mg inj,vecuronium,Not Recorded,none,18341,,,
1686,Vecuronium 1mg/mL 10mL syringe,vecuronium,Not Recorded,10 mL,17,mL,10,
1687,Vecuronium 1mg/mL neonate syringe,vecuronium in NS syringe,Not Recorded,none,21,,,
1688,Vecuronium 20 mg inj,vecuronium,Not Recorded,none,13,,,
1689,Vedolizumab 300 mg inj.,vedolizumab,Not Recorded,none,17,,,
1690,Verapamil 300 mcg/3 mL syringe CATH LAB,verapamil 300 mcg/3 mL,Not Recorded,3 mL,250,mL,3,
1691,Verapamil 300 mcg/3 mL syringe CATH LAB,verapamil 5 mg/50 mL,Not Recorded,3 mL,34,mL,3,
1692,Verapamil 5 mg/2 mL inj,verapamil,Not Recorded,2 mL,2098,mL,2,
1693,VinBLAStine 10 mg/10 mL inj,vinBLAStine,Not Recorded,10 mL,37,mL,10,
1694,VinCRIStine 1 mg/mL inj,vinCRIStine,Not Recorded,none,5953,,,
1695,VinORELBine 10 mg/1 mL inj,vinORELBine,Not Recorded,1 mL,71,mL,1,
1696,Vincristine 2 mg/ 2mL inj,vincristine,Not Recorded,2 mL,978,mL,2,
1697,Visipaque 320 mg 200 mL btl,iodixanol,Not Recorded,200 mL,1,mL,200,
1698,Voriconazole 200 mg inj,voriconazole,Not Recorded,none,4580,,,
1699,Voriconazole 200 mg tab,voriconazole,Not Recorded,none,1,,,
1700,Voriconazole 50mg tab,voriconazole,Not Recorded,none,5,,,
1701,"Water, Sterile 100  mL bag","water, sterile",Not Recorded,100 mL,95,mL,100,
1702,"Water, Sterile 1000 mL IV bag","water, sterile bag",Not Recorded,1000 mL,75232,mL,1000,
1703,"Water, Sterile 2 Liter bag","water, sterile",Not Recorded,2 L,51,L,2,
1704,"Water, Sterile 20 mL inj","water, sterile",Not Recorded,20 mL,60,mL,20,
1705,"Water, Sterile 50 mL inj","water, sterile",Not Recorded,50 mL,15979,mL,50,
1706,"Water, Sterile Irrig 1500 mL","water, sterile irrig",Not Recorded,1500 mL,3,mL,1500,
1707,"Water,St. 1000 mL  irrigation btl","water, sterile irr btl",Not Recorded,1000 mL,1,mL,1000,
1708,"Water,Sterile 10 mL inj","water, sterile",Not Recorded,10 mL,15,mL,10,
1709,Zidovudine 200mg inj,zidovudine,Not Recorded,none,813,,,
1710,Zidovudine 4mg/mL/D5W neonate syringe,zidovudine in D5W syringe,Not Recorded,none,14,,,
1711,Zinc Sulfate 5 mg/mL inj,zinc sulfate,Not Recorded,none,6116,,,
1712,Zinc Trace Element 10 mg/10 mL inj,zinc,Not Recorded,10 mL,1592,mL,10,
1713,Zinecard 500 mg inj cardio tox,dexrazoxane,Not Recorded,none,22,,,
1714,Ziprasidone 20 mg/ 1 mL inj,ziprasidone,Not Recorded,1 mL,13,mL,1,
1715,Zoledronic 4 mg inj,zoledronic acid,Not Recorded,none,925,,,
1716,Zoledronic 4 mg/NS 100mL,zoledronic acid in ns,Not Recorded,100 mL,30,mL,100,
1717,Zoledronic acid 4 mg/100 mL premix IVPB,zoledronic acid,Not Recorded,100 mL,408,mL,100,
1718,Zoledronic acid 5 mg/100 mL IVPB,zoledronic acid,Not Recorded,100 mL,8,mL,100,
1719,acetaminophen 10 mg/mL neonate IVPB syringe,acetaminophen IVPB syringe,Not Recorded,none,6,,,
1720,acetaminophen-codeine 300 mg-15 mg tab,acetaminophen-codeine,Not Recorded,none,1,,,
1721,adenosine 200 mcg/20 mL syringe  CATH LAB ONLY,adenosine syringe CATH LAB ONLY,Not Recorded,20 mL,5,mL,20,
1722,adenosine 90 mg/90 mL NS CATH LAB,adenosine,Not Recorded,90 mL,401,mL,90,
1723,albuterol 2.5 mg/ 0.5 ml neb,albuterol,Not Recorded,0.5 mL,3,mL,0.5,
1724,albuterol 2.5 mg/0.5mL neb,albuterol,Not Recorded,0.5 mL,2,mL,0.5,
1725,albuterol 2.5 mg/3 mL neb,albuterol 0.083%,Not Recorded,3 mL,2,mL,3,
1726,alteplase 2 mg inj Syringe,alteplase,Milligram/Hour,none,1660,,,
1727,alteplase STEMI bolus inj,alteplase,Not Recorded,none,3,,,
1728,alteplase inj for bolus,alteplase,Not Recorded,none,325,,,
1729,alteplase per 10 mg,alteplase,Milligram/Hour,none,1817,,,
1730,alteplase per 12.5mg ADD,alteplase,Not Recorded,none,13635,,,
1731,amiodarone 500 mg/250 mL CATH LAB,amiodarone,Not Recorded,250 mL,27,mL,250,
1732,amphotericin B lock soln. 2.5mg/ml 2ml syr.,amphotericin B lock soln.,Not Recorded,2 mL,4,mL,2,
1733,anti-inhibitor coagulant complex 1000 units,anti-inhibitor coagulant complex,Not Recorded,none,114,,,
1734,anti-inhibitor coagulant complex 2500 units,anti-inhibitor coagulant complex,Not Recorded,none,570,,,
1735,anti-inhibitor coagulant complex 50 units,anti-inhibitor coagulant complex,Not Recorded,none,36,,,
1736,anti-inhibitor coagulant complex 50 units inj,anti-inhibitor coagulant complex,Not Recorded,none,439,,,
1737,antihemophilic factor 8 recombinant 1000 units,factor 8,Not Recorded,none,194,,,
1738,antihemophilic factor 8 recombinant 1000 units,factor 8 (Kogenate),Not Recorded,none,67,,,
1739,antihemophilic factor 8 recombinant 1000 units inj,antihemophilic factor 8,Not Recorded,none,101,,,
1740,antihemophilic factor 8 recombinant 2000 units,factor 8,Not Recorded,none,388,,,
1741,antihemophilic factor 8 recombinant 2000 units,factor 8 (Kogenate),Not Recorded,none,84,,,
1742,antihemophilic factor 8 recombinant 250 units,factor 8,Not Recorded,none,5,,,
1743,antihemophilic factor 8 recombinant 3000 units,factor 8,Not Recorded,none,61,,,
1744,antihemophilic factor 8 recombinant 3000 units,factor 8 (Kogenate),Not Recorded,none,86,,,
1745,antihemophilic factor 8 recombinant 500 units,factor 8,Not Recorded,none,59,,,
1746,antihemophilic factor 8 recombinant 500 units,factor 8 (Kogenate),Not Recorded,none,3,,,
1747,antihemophilic factor-von Willebrand 500 units,antihemophilic F8-von Willebrand,Not Recorded,none,10,,,
1748,antihemophilic factor-von Willebrand 500 units (HUMATE P),antihemoph F8-vonWill HUMATE P,Not Recorded,none,2,,,
1749,antihemophilic factor-von Willebrand 500 units (HUMATE P),antihemophilic F8-von Willebrand,Not Recorded,none,1,,,
1750,antihemophilic factor-von Willebrand factor (WILATE) 1000U,antihemoph-vonwillebrand (WILATE),Not Recorded,none,137,,,
1751,antihemophilic factor-von Willebrand factor (WILATE) 500U,antihemoph-vonwille WILATE,Not Recorded,none,7,,,
1752,antihemophilic factor-von Willebrand factor 1000 units,antihemophilic F8-von Willebrand,Not Recorded,none,46,,,
1753,antihemophilic factor-von Willebrand factor 1000 units (HUMATE P),antihemoph F8-vonWill HUMATE P,Not Recorded,none,19,,,
1754,antihemophilic factor-von Willebrand factor 1000 units (HUMATE P),antihemophilic F8-von Willebrand,Not Recorded,none,57,,,
1755,antihemophilic factor-von Willebrand factor 1600 units,antihemophilic F8-von Willebrand,Not Recorded,none,48,,,
1756,antihemophilic factor-von Willebrand factor 1600 units (HUMATE P),antihemoph F8-vonWill HUMATE P,Not Recorded,none,2,,,
1757,antihemophilic factor-von Willebrand factor 1600 units (HUMATE P),antihemophilic F8-von Willebrand,Not Recorded,none,1,,,
1758,antihemophilic factor-von Willebrand factor 2400 units,antihemophilic factor-von Willebrand factor,Not Recorded,none,8,,,
1759,aprepitant 130 mg inj,aprepitant,Not Recorded,none,2260,,,
1760,arsenic trioxide 1 mg/mL 10 mL inj,arsenic trioxide,Not Recorded,10 mL,941,mL,10,
1761,arsenic trioxide 2 mg/mL injection,arsenic trioxide,Not Recorded,none,230,,,
1762,artesunate 110 mg IV inj,artesunate,Not Recorded,none,7,,,
1763,atropine-diphenoxylate 5 mg/10 mL UD liq,atropine-diphenoxylate,Not Recorded,10 mL,1,mL,10,
1764,aztreonam 1 gm inj,aztreonam,Not Recorded,none,2902,,,
1765,aztreonam 2 gm inj,aztreonam,Not Recorded,none,4321,,,
1766,bendamustine 45 mg/0.5mL inj,bendamustine,Not Recorded,0.5 mL,5,mL,0.5,
1767,bevacizumab-awwb 100mg/4mL inj,bevacizumab-awwb(MVASI),Not Recorded,4 mL,1,mL,4,
1768,bevacizumab-awwb 400mg/16mL inj,bevacizumab-awwb(MVASI),Not Recorded,16 mL,1,mL,16,
1769,"bottle, sterile","bottle, sterile",Not Recorded,none,56,,,
1770,cabazitaxel 60 mg/6 mL inj,cabazitaxel,Not Recorded,6 mL,1,mL,6,
1771,calcium carbonate 1250 mg (500 mg elemental) tab,calcium carbonate,Not Recorded,none,2,,,
1772,calcium gluconate 1 gm/100 mL NS IVPB,calcium gluconate/NS,Not Recorded,100 mL,1138,mL,100,
1773,calcium gluconate 1 gm/50 mL IVPB,calcium gluconate,Not Recorded,50 mL,735,mL,50,
1774,calcium gluconate 1 gm/50 mL NS IVPB,calcium gluconate NS,Not Recorded,50 mL,5,mL,50,
1775,calcium gluconate 10gm/100ml inj,calcium gluconate,Not Recorded,100 mL,71,mL,100,
1776,calcium gluconate 2 gm/100 mL NS IVPB,calcium gluconate/NS,Not Recorded,100 mL,254,mL,100,
1777,calcium gluconate 3 gm/100 mL NS IVPB,calcium gluconate/NS,Not Recorded,100 mL,5,mL,100,
1778,calcium gluconate 5 gm/50 mL inj,calcium gluconate,Grams/Hour,50 mL,116539,mL,50,
1779,cangrelor 50 mg inj,cangrelor,Microgram/Kilogram/Minute,none,8489,,,
1780,caplacizumab-yhdp 11 mg kit,caplacizumab-yhdp,Not Recorded,none,2,,,
1781,carfilzomib 10 mg inj,carfilzomib,Not Recorded,none,2,,,
1782,casirivimab 1332mg inj,casirivimab,Not Recorded,none,1,,,
1783,casirivimab 1332mg inj,casirivimab REGN 10933,Not Recorded,none,15,,,
1784,casirivimab 300mg inj,casirivimab REGN10933,Not Recorded,none,147,,,
1785,casirivimab-imdevimab 600 mg-600 mg/10 mL inj,casirivimab-imdevimab,Not Recorded,10 mL,36,mL,10,
1786,casirivimab-imdevimab 600 mg-600 mg/10 mL inj,casirivimab-imdevimab 600-600mg,Not Recorded,10 mL,243,mL,10,
1787,ceFAZolin 1 gm in NS 50mL ivpb,ceFAZolin in NS,Not Recorded,50 mL,11625,mL,50,
1788,ceFAZolin 2 gm/50 mL IVPB,ceFAZolin,Not Recorded,50 mL,1068,mL,50,
1789,ceFAZolin 2 gm/60 mL D5W IVPB,ceFAZolin,Not Recorded,60 mL,1491,mL,60,
1790,cefEPIME 1gm inj,cefEPIME,Not Recorded,none,20943,,,
1791,cefEPIME 2gm inj,cefEPIME,Not Recorded,none,162213,,,
1792,cefOXiitin 1 gm inj,cefOXitin,Not Recorded,none,1255,,,
1793,cefOXiitin 1 gm inj,cefoxitin,Not Recorded,none,2105,,,
1794,cefOXiitin 2 gm inj,cefOXitin,Not Recorded,none,4325,,,
1795,cefOXiitin 2 gm inj,cefoxitin,Not Recorded,none,3556,,,
1796,cefTAZIDime 1gm inj,cefTAZIDime,Not Recorded,none,25474,,,
1797,cefTAZIDime 2gm inj,cefTAZIDime,Not Recorded,none,91054,,,
1798,cefTRIAXone 1 gm IV inj,cefTRIAXone,Not Recorded,none,75020,,,
1799,cefTRIAXone 1gm IM inj,cefTRIAXone,Not Recorded,none,350,,,
1800,cefTRIAXone 1gm IM inj,ceftriaxone,Not Recorded,none,8779,,,
1801,cefTRIAXone 2 gm IM inj,cefTRIAXone,Not Recorded,none,67,,,
1802,cefTRIAXone 2 gm inj,cefTRIAXone,Not Recorded,none,137856,,,
1803,cefTRIAXone 2 gm inj,ceftriaxone,Not Recorded,none,3877,,,
1804,cefTRIAXone 500mg IM inj,cefTRIAXone,Not Recorded,none,40,,,
1805,cefaZOLIN 1 gm OR syringe,cefaZOLIN,Not Recorded,none,107336,,,
1806,cefaZOLIN 1 gm inj,cefaZOLIN,Not Recorded,none,174682,,,
1807,cefaZOLIN 1 gm/50 mL Iso-Dex,cefaZOLIN in Iso-Dex,Not Recorded,50 mL,2168,mL,50,
1808,cefaZOLIN 2 g/20 mL OR syringe,ceFAZolin,Not Recorded,20 mL,4,mL,20,
1809,cefaZOLIN 2 g/20 mL OR syringe,cefaZOLIN,Not Recorded,20 mL,2,mL,20,
1810,cefaZOLIN 2 gm OR syringe,cefaZOLIN,Not Recorded,none,32,,,
1811,cefaZOLIN 500 mg inj,cefaZOLIN,Not Recorded,none,1081,,,
1812,cefepime 2 gm/NS 50 mL IVPB,cefepime,Not Recorded,50 mL,842,mL,50,
1813,cefiderocol 1 gm inj,cefiderocol,Not Recorded,none,1019,,,
1814,chlorproMAZINE 50 mg/2mL inj,chlorproMAZINE,Not Recorded,2 mL,306,mL,2,
1815,clindamycin 6mg/1mL/NS neonate syringe,clindamycin in NS syringe,Not Recorded,1 mL,16,mL,1,
1816,clofarabine 20 mg/20mL inj,clofarabine,Not Recorded,20 mL,19,mL,20,
1817,coagulation factor IX recombinant 1000 units,factor 9,Not Recorded,none,10,,,
1818,coagulation factor IX recombinant 2000 units,factor 9,Not Recorded,none,2,,,
1819,coagulation factor IX recombinant 3000 units,factor 9,Not Recorded,none,89,,,
1820,coagulation factor IX recombinant inj,coagulation factor IX,Not Recorded,none,7,,,
1821,"coagulation factor Xa (recombinant), inactivated-zhzo (ANDEXXA)",coagulation factor Xa,Milligram/Hour,none,53,,,
1822,cytarabine lipo-daunorub lipo 100mg-44mg,cytarabine liposomal-daunorubicin liposomal,Not Recorded,none,3,,,
1823,cytarabine lipo-daunorub lipo 100mg-44mg,cytarabine-daunorubicin lipo,Not Recorded,none,151,,,
1824,deferoxamine 2 gm inj,deferoxamine,Not Recorded,none,5,,,
1825,defibrotide 80 mg/mL 2.5ml inj,defibrotide,Not Recorded,2.5 mL,91,mL,2.5,
1826,dexamethasone 10 mg/mL 1 mL PF injection,dexamethasone,Not Recorded,1 mL,7428,mL,1,
1827,dexamethasone 10 mg/mL 1 mL PF injection,dexamethasone.,Not Recorded,1 mL,4235,mL,1,
1828,dexamethasone 10 mg/mL 1 mL inj,dexamethasone,Not Recorded,1 mL,1718,mL,1,
1829,dilTIAZem 5 mg/mL ADD,dilTIAZem,Milligram/Hour,none,87,,,
1830,droperidol 0.625 mg/mL/NS syr,droperidol,Not Recorded,none,361,,,
1831,"epoprostenol 750,000 ng (0.75mg) inhale (Veletri)",epoprostenol,Not Recorded,none,11,,,
1832,eravacycline 50 mg inj,eravacycline,Not Recorded,none,1047,,,
1833,esmolol 10 mg/mL bolus from bag,esmolol,Not Recorded,none,19,,,
1834,fentaNYL 2 mcg/mL-ropiv 0.2% EPIDURAL 50mL,fentanyl-ropivacaine 0.2%,Not Recorded,50 mL,3,mL,50,
1835,fentaNYL 50 mcg/1 mL inj,fentaNYL,Not Recorded,1 mL,2258,mL,1,
1836,fentanyl 500 mcg/50 mL PCA,fentaNYL pca,Not Recorded,50 mL,1,mL,50,
1837,fentanyl 600 mcg/60 mL PCA,fentanyl pca,Not Recorded,60 mL,49,mL,60,
1838,fluconazole 40 mg/mL UD Liquid,fluconazole,Not Recorded,none,4,,,
1839,gabapentin 300 mg/6 mL liq UD,gabapentin,Not Recorded,6 mL,2,mL,6,
1840,ganciclovir 2000 mcg/0.1 mL intravitreal inj,ganciclovir,Not Recorded,0.1 mL,2,mL,0.1,
1841,gemtuzumab ozogamicin 4.5 mg/4.5 mL inj,gemtuzumab ozogamicin,Not Recorded,4.5 mL,44,mL,4.5,
1842,glucarpidase 1000 units inj,glucarpidase,Not Recorded,none,1,,,
1843,glycopyrrolate 0.2 mg/mL 2 mL syringe,glycopyrrolate,Not Recorded,2 mL,2,mL,2,
1844,hePARIN Vas-Cath 1000 unit(s)/mL,hePARIN vascath,Not Recorded,none,324,,,
1845,hemin 350 mg inj,hemin,Not Recorded,none,76,,,
1846,heparin 100 units/mL re-bolus from bag,heparin,Not Recorded,none,214,,,
1847,heparin 5000 units inhale,heparin,Not Recorded,none,15,,,
1848,heparin 5000 units inhale,heparin inhale,Not Recorded,none,1,,,
1849,hepatitis B immune globulin /NS IVPB,hepatitis B immune glob./NS,Not Recorded,none,132,,,
1850,hepatitis B immune globulin /NS IVPB,hepatitis B immune globulin/NS IVPB,Not Recorded,none,9,,,
1851,imdevimab 1332mg inj,imdevimab,Not Recorded,none,1,,,
1852,imdevimab 1332mg inj,imdevimab REGN10987,Not Recorded,none,15,,,
1853,imdevimab 300mg inj,imdevimab REGN10987,Not Recorded,none,147,,,
1854,immune globulin intravenous 10% 10g (Gammagard S/D Low IgA),immune globulin intravenous 10%,Not Recorded,none,33,,,
1855,immune globulin intravenous 10% 5g (Gammagard  S/D Low IgA),immune globulin intravenous 10%,Not Recorded,none,5,,,
1856,inFLIXimab-dyyb (Inflectra) 100 mg inj,inFLIXimab-dyyb,Not Recorded,none,40,,,
1857,inFLIXimab-dyyb (Inflectra) 100 mg inj,inFLIXimab-dyyb (Inflectra),Not Recorded,none,169,,,
1858,indocyanine green 25 mg,indocyanine green,Not Recorded,none,2416,,,
1859,influenza virus vaccine (Fluarix) 0.5mL inj,influenza virus 0.5 mL vaccine,Not Recorded,0.5 mL,1,mL,0.5,
1860,inotuzumab 0.9 mg/3.6 mL inj,inotuzumab ozogamicin,Not Recorded,3.6 mL,11,mL,3.6,
1861,insulin isophane (NPH) 100 units/mL,insulin isophane (NPH),Not Recorded,none,1,,,
1862,insulin isophane-regular 70u-30u/mL inj 3 mL,insulin isophane-insulin regular,Not Recorded,3 mL,2,mL,3,
1863,insulin lispro 10 unit(s)/mL OR syringe,insulin lispro,Not Recorded,none,214,,,
1864,insulin lispro 10 unit(s)/mL OR syringe,insulin lispro OR,Not Recorded,none,278,,,
1865,insulin lispro 100 unit/mL inj,insulin lispro,Not Recorded,none,335,,,
1866,insulin lispro 100 units/mL inj.,insulin lispro,Not Recorded,none,80,,,
1867,insulin pump patient - lispro,insulin pump patient - lispro,Not Recorded,none,1,,,
1868,insulin pump patient - regular,insulin pump patient - regular,Not Recorded,none,5,,,
1869,insulin regular 1 unit/mL bolus from bag,insulin regular,Not Recorded,none,98,,,
1870,insulin regular 100 units/mL inj 3 mL,insulin regular,Not Recorded,3 mL,25431,mL,3,
1871,insulin regular OR SYR 1unit(s)/mL 10mL,insulin reg human,Not Recorded,10 mL,5577,mL,10,
1872,insulin regular OR SYR 1unit(s)/mL 10mL,insulin regular OR,Not Recorded,10 mL,2940,mL,10,
1873,ketamine 50 mg/5 mL-NaCl 0.9% solu,ketamine,Not Recorded,5 mL,3,mL,5,
1874,ketamine Bolus from bag,ketamine Bolus from bag,Not Recorded,none,231,,,
1875,labetalol 200 mg/40 mL ADD,labetalol,Milligrams/Minute,40 mL,2833,mL,40,
1876,labetalol 200 mg/40 mL inj,labetalol,Not Recorded,40 mL,15,mL,40,
1877,leucovorin 500 mg/50mL inj,leucovorin,Not Recorded,50 mL,55,mL,50,
1878,levETIRAcetam 100 mg/mL ped oral syringe,levETIRAcetam,Not Recorded,none,1,,,
1879,leveTIRACETAM 500 mg tab,leveTIRACETAM,Not Recorded,none,6,,,
1880,levothyroxine 100 mcg (0.1 mg) inj.,levothyroxine,Not Recorded,none,35654,,,
1881,levothyroxine 100 mcg (0.1 mg) pwd inj,levothyroxine,Not Recorded,none,757,,,
1882,levothyroxine 100 mcg (0.1 mg)/5 mL inj,levothyroxine,Not Recorded,5 mL,1760,mL,5,
1883,lidocaine 1% inj 50mL,lidocaine,Not Recorded,50 mL,1,mL,50,
1884,lidocaine 1% inj for local anesthesia,lidocaine 1%,Not Recorded,none,34,,,
1885,lidocaine 1% preservative-free inj 10mL,lidocaine 1%,Not Recorded,10 mL,4,mL,10,
1886,lidocaine 2% inj for local anesthesia,lidocaine 2%,Not Recorded,none,2,,,
1887,liothyronine 10 mcg/mL inj,liothyronine,Not Recorded,none,125,,,
1888,melphalan 50 mg inj (EVOMELA),melphalan (EVOMELA),Not Recorded,none,160,,,
1889,meropenem 1000 mg/ 50 mL NS IVPB,meropenem,Not Recorded,50 mL,2405,mL,50,
1890,meropenem 20mg/mL/NS neonate syringe,meropenem in NS syringe,Not Recorded,none,170,,,
1891,meropenem-vaborbactam 2gm inj,meropenem-vaborbactam,Not Recorded,none,1055,,,
1892,methadone 10 mg/mL ADULT oral conc,methadone,Not Recorded,none,1,,,
1893,methocarbamol 1000 mg/100 mL NS IVPB,methocarbamol in NS,Not Recorded,100 mL,1026,mL,100,
1894,methocarbamol 500 mg/50 mL NS IVPB,methocarbamol in NS,Not Recorded,50 mL,589,mL,50,
1895,methylPREDNISolone 8 mg tab,methylPREDNISolone,Not Recorded,none,6,,,
1896,metroNIDAZOLE 5mg/ml CMPD,metroNIDAZOLE / NS,Not Recorded,none,968,,,
1897,midazolam (HIGH CONCENTRATION) 5 mg/mL inj   2 mL,midazolam,Not Recorded,2 mL,1233,mL,2,
1898,midazolam (HIGH CONCENTRATION) 5 mg/mL pf  1 mL inj,midazolam,Not Recorded,1 mL,1346,mL,1,
1899,morphine 50 mg/50 mL PCA/NCA,morphine PCA,Not Recorded,50 mL,7592,mL,50,
1900,morphine 50 mg/mL 20 mL inj,morphine,Not Recorded,20 mL,188,mL,20,
1901,nf bulk,nf bulk,Not Recorded,none,15,,,
1902,nf chemo,nf chemo,Not Recorded,none,1511,,,
1903,nf ivpb,nf ivpb,Not Recorded,none,9203,,,
1904,nf med,nf med,Not Recorded,none,4802,,,
1905,nitroglycerin 0.2 mg/mL 3 mL syr CATH LAB,nitroglycerin,Not Recorded,3 mL,17,mL,3,
1906,nitroglycerin 10 mg/50 mL D5W CATH LAB,nitroglycerin 10 mg/50 mL CATH LAB,Not Recorded,50 mL,272,mL,50,
1907,nitroglycerin 25mg/250mL drip (100mcg/mL) for Cath Lab,nitroglycerin,Not Recorded,250 mL,30,mL,250,
1908,nitroprusside 25 mg/250 mL NS Drip CATH LAB,nitroprusside 25 mg drip CATH LAB,Not Recorded,250 mL,25,mL,250,
1909,nivolumab 10 mg/mL 4 mL inj,nivolumab,Not Recorded,4 mL,3,mL,4,
1910,nn-levETIRAcetam 5 mg/mL NS Neonate Syringe,levETIRAcetam NS syringe,Not Recorded,none,1,,,
1911,nn-morphine 10 mg/mL ADD,morphine,Milligram/Kilogram/Hour,none,95,,,
1912,obinutuzumab 1000 mg/40mL,obinutuzumab,Not Recorded,40 mL,10,mL,40,
1913,omadacycline 100 mg inj,omadacycline,Not Recorded,none,125,,,
1914,oxymetazoline 0.05% nasal spray 30 mL,oxymetazoline nasal,Not Recorded,30 mL,182,mL,30,
1915,oxytocin 30 units/500 mL Infusion,oxytocin infusion,Not Recorded,500 mL,5386,mL,500,
1916,pamidronate 60 mg/10mL injection,pamidronate,Not Recorded,10 mL,15,mL,10,
1917,papaverine 30 mg/mL 2mL inj,papaverine,Not Recorded,2 mL,2,mL,2,
1918,patisiran 10 mg/5 mL inj,patisiran,Not Recorded,5 mL,2,mL,5,
1919,phytonadione  (Vit K) 10 mg/mL inj,phytonadione,Not Recorded,none,1089,,,
1920,piperacillin-tazobactam 4.5 gm / 100 mL IVPB (EUH),piperacillin-tazobactam,Not Recorded,100 mL,4085,mL,100,
1921,potassium chloride 10 mEq/100 mL NS IVPB,potassium chloride,Not Recorded,100 mL,288,mL,100,
1922,potassium chloride 10 mEq/100 mL NS IVPB,potassium chloride in NS,Not Recorded,100 mL,2634,mL,100,
1923,potassium chloride 10 mEq/5 mL (2mEq/mL) inj,potassium chloride,Not Recorded,5 mL,11,mL,5,
1924,potassium chloride 20 mEq/50 mL NS IVPB,potassium chloride,Not Recorded,50 mL,8,mL,50,
1925,potassium chloride 20 mEq/50 mL NS IVPB,potassium chloride/NS,Not Recorded,50 mL,3608,mL,50,
1926,potassium chloride 40 mEq/500 mL NS Premix,potassium chloride,Not Recorded,500 mL,1626,mL,500,
1927,rasburicase 1.5 mg inj,rasburicase,Not Recorded,none,1582,,,
1928,ravulizumab-cwvz 300 mg/30mL inj,ravulizumab,Not Recorded,30 mL,1,mL,30,
1929,remdesivir 100 mg / 20 mL inj,remdesivir,Not Recorded,20 mL,28719,mL,20,
1930,remdesivir 100 mg/250 mL IVPB,remdesivir,Not Recorded,250 mL,1594,mL,250,
1931,riTUXimab (Rituxan) 100 mg inj,riTUXimab,Not Recorded,none,20,,,
1932,riTUXimab (Rituxan) 100 mg inj,riTUXimab (Rituxan),Not Recorded,none,27,,,
1933,riTUXimab (Rituxan) 500 mg inj,riTUXimab,Not Recorded,none,17,,,
1934,riTUXimab (Rituxan) 500 mg inj,riTUXimab (Rituxan),Not Recorded,none,11,,,
1935,riTUXimab 100 mg inj,RiTUXimab,Not Recorded,none,527,,,
1936,riTUXimab 100 mg inj,riTUXimab,Not Recorded,none,3246,,,
1937,riTUXimab 500 mg inj,riTUXimab,Not Recorded,none,233,,,
1938,riTUXimab 500 mg inj,rituximab,Not Recorded,none,21,,,
1939,riTUXimab-abbs (Truxima) 100 mg inj,riTUXimab-abbs,Not Recorded,none,412,,,
1940,riTUXimab-abbs (Truxima) 100 mg inj,riTUXimab-abbs (Truxima),Not Recorded,none,591,,,
1941,riTUXimab-abbs (Truxima) 500 mg inj,riTUXimab-abbs,Not Recorded,none,82,,,
1942,riTUXimab-abbs (Truxima) 500 mg inj,riTUXimab-abbs (Truxima),Not Recorded,none,77,,,
1943,sildenafil 10 mg / 12.5 mL inj. neonate syringe,sildenafil,Not Recorded,12.5 mL,1,mL,12.5,
1944,sodium bicarbonate 2.5 mEq / 5 mL vial,sodium bicarbonate,Not Recorded,5 mL,49,mL,5,
1945,sodium chloride 0.9% injection 20mL,sodium chloride 0.9%,Not Recorded,20 mL,36,mL,20,
1946,sotrovimab 500 mg/8 mL inj,sotrovimab,Not Recorded,8 mL,8,mL,8,
1947,"syringe, IV","syringe, IV",Not Recorded,none,175,,,
1948,tagraxofusp-erzs 1000 mcg inj,tagraxofusp,Not Recorded,none,15,,,
1949,tedizolid 200 mg inj,tedizolid,Not Recorded,none,8,,,
1950,ticagrelor 60 mg tab,ticagrelor,Not Recorded,none,1,,,
1951,tirofiban 12.5 mg/250 mL NS Drip CATH LAB,tirofiban in ns,Not Recorded,250 mL,2259,mL,250,
1952,tirofiban 250 mcg/mL 15 mL inj CATH LAB,tirofiban,Not Recorded,15 mL,7,mL,15,
1953,tirofiban 5mg/100ml Vial CATH LAB ONLY,tirofiban,Not Recorded,100 mL,9,mL,100,
1954,tranexamic acid 500mg/5mL TOPICAL solution,tranexamic acid,Not Recorded,5 mL,16,mL,5,
1955,trastuzumab dkst 150 mg inj,trastuzumab-dkst (Ogivri),Not Recorded,none,1,,,
1956,trastuzumab-dkst 420 mg inj,trastuzumab-dkst (Ogivri),Not Recorded,none,1,,,
1957,treprostinil diluent 50ml vial,treprostinil diluent,Not Recorded,50 mL,79,mL,50,
1958,vancomycin 125 mg/2.5 mL Oral soln.,vancomycin,Not Recorded,2.5 mL,1,mL,2.5,
1959,vancomycin 750 mg/250 mL NS IVPB,vancomycin,Not Recorded,250 mL,228,mL,250,
1960,vancomycin 750 mg/250 mL NS IVPB,vancomycin/ns,Not Recorded,250 mL,326,mL,250,
1961,vasopressin 1 unit/0.05 mL neonate ADD,vasopressin,Not Recorded,0.05 mL,8,mL,0.05,
1962,von Willebrand factor recombinant 900-1700 units,von Willebrand factor,Not Recorded,none,8,,,
1963,zzzD5W 250mL (Polyolefin) for chemo,d5w (polyolefin),Not Recorded,250 mL,1,mL,250,
1964,zzzD5W 50 mL IV bag for chemo,d5w,Not Recorded,50 mL,127,mL,50,
1965,zzzD5W 500 mL (Polyolefin) for chemo,d5w (polyolefin) for chemo,Not Recorded,500 mL,19,mL,500,
1966,zzzD5W 500 mL (Polyolefin) for chemo,zzzd5w (polyolefin) for chemo,Not Recorded,500 mL,4,mL,500,
1967,zzzHYDROmorphone PCA/NCA 1 mg/mL /NS syr,HYDROmorphone PCA/NCA 1 mg/ml NS syr,Not Recorded,none,702,,,
1968,zzzHYDROmorphone PCA/NCA 1 mg/mL /NS syr,zzzHYDROmorphone PCA/NCA 1 mg/ml NS syr,Not Recorded,none,2,,,
1969,zzzMethylPREDNISolone 2.5mg/mL/NS neonate syringe,methylPREDNISolone in NS syringe,Not Recorded,none,1,,,
1970,zzzNS 100 mL IV bag for chemo,nacl 0.9%,Not Recorded,100 mL,142,mL,100,
1971,zzzNS 1000 mL IV bag for chemo,ns,Not Recorded,1000 mL,70,mL,1000,
1972,zzzNS 250 mL IV bag for chemo,nacl 0.9%,Not Recorded,250 mL,373,mL,250,
1973,zzzNS 250mL (Polyolefin) for chemo,nacl 0.9% (polyolefin),Not Recorded,250 mL,5,mL,250,
1974,zzzNS 500mL (Polyolefin) for chemo,nacl 0.9% (polyolefin),Not Recorded,500 mL,110,mL,500,
1975,zzzPRMX ketamine 400 mg Drip DBL (FOR ICU),ketamine drip,Not Recorded,none,86,,,
1976,zzzQuinidine Gluc 80 mg/mL 10mL inj,quiNIDine,Not Recorded,10 mL,562,mL,10,
1977,zzzcisatracurium 2 mg/mL 5 mL inj,cisatracurium,Not Recorded,5 mL,36,mL,5,
1978,zzzondansetron 4 mg/2 mL inj..,ondansetron,Not Recorded,2 mL,2,mL,2,
1979,zzzondansetron 4 mg/2 mL inj..,zzzondansetron,Not Recorded,2 mL,6,mL,2,
1980,zzzondansetron 4 mg/2 mL inj..,zzzondansetron..,Not Recorded,2 mL,2,mL,2,
