Unnamed: 0,formulary_name,med_name_generic,med_action_dose_unit,volume_given,count,volume_unit,volume_numeric,Unnamed: 8,primary_amount,amount_unit,amount_numeric,concentration,is_infusion,is_anesthesia,is_fluids
0,ADD dexmedetomidine 400 mcg/100 mL NS,dexmedetomidine,Not Recorded,100.0 mL,866,mL,100.0,,400.0 mcg,mcg,400.0,400.0 mcg/100.0 ML,True,False,False
1,ALfentanil 2500 mcg/5 mL,ALfentanil,Not Recorded,5.0 mL,6,mL,5.0,,2500.0 mcg,mcg,2500.0,2500.0 mcg/5.0 ML,True,False,False
2,ANES Adenosine 3 mg/1 mL inj,adenosine,Not Recorded,1.0 mL,103,mL,1.0,,3.0 mg,mg,3.0,3.0 mg/1.0 ML,False,True,False
3,ANES Aminocaproic 250 mg/1 mL inj,aminocaproic acid,Not Recorded,1.0 mL,286,mL,1.0,,250.0 mg,mg,250.0,250.0 mg/1.0 ML,False,True,False
4,ANES Aminophylline 25 mg/1 mL inj,aminophylline,Not Recorded,1.0 mL,8,mL,1.0,,25.0 mg,mg,25.0,25.0 mg/1.0 ML,False,True,False
5,ANES Anti-thymocyt globulin (rabbit) 25mg/5mL,anti-thymocyt globulin (rabbit),Not Recorded,5.0 mL,166,mL,5.0,,25.0 mg,mg,25.0,25.0 mg/5.0 ML,True,True,False
6,ANES Atropine 1 mg/1 mL inj,atropine,Not Recorded,1.0 mL,194,mL,1.0,,1.0 mg,mg,1.0,1.0 mg/1.0 ML,False,True,False
7,ANES Atropine Sulfate 0.4 mg/ 1mL inj,atropine,Not Recorded,1.0 mL,303,mL,1.0,,0.4 mg,mg,0.4,0.4 mg/1.0 ML,False,True,False
8,ANES Bupivicaine 0.15%/NS 250 mL Epidural,bupivicaine 0.15%/NS250,Not Recorded,250.0 mL,1,mL,250.0,,none,,,none,False,True,False
9,ANES Calcium Chloride  100 mg/mL syringe,calcium chloride,Not Recorded,none,40471,,,,100.0 mg,mg,100.0,none,False,True,False
10,ANES Calcium Gluconate 100 mg/mL inj,calcium gluconate,Not Recorded,none,971,,,,100.0 mg,mg,100.0,none,False,True,False
11,ANES Cefoxitin 2 gm/100 mL NS,cefoxitin,Not Recorded,100.0 mL,1425,mL,100.0,,2.0 gm,gm,2.0,none,True,True,False
12,ANES Clevidipine 25mg/50mL Drip std*,ANES clevidipine premix,Not Recorded,50.0 mL,527,mL,50.0,,25.0 mg,mg,25.0,25.0 mg/50.0 ML,True,True,False
13,ANES DOBUTamine 500 mg Drip Std*,DOBUTamine/d5w,Not Recorded,none,4046,,,,500.0 mg,mg,500.0,none,True,True,False
14,ANES DOPamine 400 mg Drip std*,DOPamine/d5w,Not Recorded,none,252,,,,400.0 mg,mg,400.0,none,True,True,False
15,ANES Dexmedetomidine 200 mcg/50 mL NS Drip Std*,dexmedetomidine NS drip,Not Recorded,50.0 mL,174,mL,50.0,,200.0 mcg,mcg,200.0,200.0 mcg/50.0 ML,True,True,False
16,ANES Dexmedetomidine 400 mcg/100 mL NS Drip Std*,dexmedetomidine NS drip,Not Recorded,100.0 mL,43043,mL,100.0,,400.0 mcg,mcg,400.0,400.0 mcg/100.0 ML,True,True,False
17,ANES Diazepam 5 mg/mL inj,diazepam,Not Recorded,none,3,,,,5.0 mg,mg,5.0,none,False,True,False
18,ANES Digoxin 0.25 mg/1 mL inj,digoxin,Not Recorded,1.0 mL,10,mL,1.0,,0.25 mg,mg,0.25,0.25 mg/1.0 ML,False,True,False
19,ANES Diltiazem 5 mg/1 mL inj,diltiazem,Not Recorded,1.0 mL,107,mL,1.0,,5.0 mg,mg,5.0,5.0 mg/1.0 ML,False,True,False
20,ANES EPInephrine 100 mcg/1 mL inj,EPInephrine,Not Recorded,1.0 mL,1862,mL,1.0,,100.0 mcg,mcg,100.0,100.0 mcg/1.0 ML,False,True,False
21,ANES EPInephrine 16mcg/mL Syr OR,EPInephrine,Not Recorded,none,4006,,,,16.0 mcg,mcg,16.0,none,False,True,False
22,ANES EPInephrine 4mg/D5W drip std*,EPInephrine in d5w,Not Recorded,none,19805,,,,4.0 mg,mg,4.0,none,True,True,False
23,ANES Erythromycin 500 mg/100 mL NS IVPB,erythromycin,Not Recorded,100.0 mL,6,mL,100.0,,500.0 mg,mg,500.0,500.0 mg/100.0 ML,True,True,False
24,ANES Esmolol 10mg/mL OR syringe,esmolol,Not Recorded,none,30961,,,,10.0 mg,mg,10.0,none,False,True,False
25,ANES Esmolol 2.5gm/250 mL Drip std*,esmolol,Not Recorded,250.0 mL,442,mL,250.0,,2.5 gm,gm,2.5,none,True,True,False
26,ANES Etomidate 2 mg/mL 20 mL inj,etomidate,Not Recorded,20.0 mL,4849,mL,20.0,,2.0 mg,mg,2.0,none,False,True,False
27,ANES Famotidine 10 mg/1 mL inj,fAMOTIDine,Not Recorded,1.0 mL,5798,mL,1.0,,10.0 mg,mg,10.0,10.0 mg/1.0 ML,False,True,False
28,ANES Fentanyl 50 mcg/1 mL inj,fentanyl,Not Recorded,1.0 mL,556934,mL,1.0,,50.0 mcg,mcg,50.0,50.0 mcg/1.0 ML,False,True,False
29,ANES Flumazenil 0.1 mg/1 mL inj,flumazenil,Not Recorded,1.0 mL,170,mL,1.0,,0.1 mg,mg,0.1,0.1 mg/1.0 ML,False,True,False
30,ANES Fosphenytoin 50 mgpe/mL inj,fosphenytoin,Not Recorded,none,16,,,,none,,,none,False,True,False
31,ANES Furosemide 10 mg/1 mL inj,fUROSEMide,Not Recorded,1.0 mL,2075,mL,1.0,,10.0 mg,mg,10.0,10.0 mg/1.0 ML,False,True,False
32,"ANES HePARIN 1,000 units/mL 30 mL inj",hePARIN,Not Recorded,30.0 mL,4303,mL,30.0,,1000.0 unit,unit,1000.0,none,False,True,False
33,"ANES HePARIN 25,000 units/250 mL Premix std*",hePARIN premix,Not Recorded,250.0 mL,400,mL,250.0,,25000.0 unit,unit,25000.0,0.0 unit/250.0 ML,True,True,False
34,ANES HydrALAZINE 4 mg/mL inj,hydrALAZINE,Not Recorded,none,2480,,,,4.0 mg,mg,4.0,none,False,True,False
35,ANES HydrALAZINE 5 mg/mL inj,hydrALAZINE,Not Recorded,none,4511,,,,5.0 mg,mg,5.0,none,False,True,False
36,ANES Hydrocortisone 50 mg/mL inj,hydrocortisone,Not Recorded,none,1427,,,,50.0 mg,mg,50.0,none,False,True,False
37,ANES Hydromorphone 0.001%/NS Epidural,Hydromorphone 0.001%/NS Epidural,Not Recorded,none,1,,,,none,,,none,False,True,False
38,ANES Hydromorphone 0.002% epidural,hydromorphone 0.002%/ns,Not Recorded,none,1,,,,none,,,none,False,True,False
39,ANES Hyperal Central,Hyperal - Central,Not Recorded,none,580,,,,none,,,none,True,True,False
40,ANES Hyperal Peripheral,Hyperal - Peripheral,Not Recorded,none,138,,,,none,,,none,True,True,False
41,ANES Insulin Aspart 10 unit(s)/mL OR syringe,insulin aspart,Not Recorded,none,1,,,,10.0 unit,unit,10.0,none,False,True,False
42,ANES Insulin Reg Human 100units Drip std*,insulin reg human in ns,Not Recorded,none,12394,,,,100.0 unit,unit,100.0,none,True,True,False
43,ANES Insulin Reg Human 250units Drip std*,insulin reg human in ns,Not Recorded,none,15665,,,,250.0 unit,unit,250.0,none,True,True,False
44,ANES Isoproterenol 1 mg/250 mL drip std*,isoproterenol,Not Recorded,250.0 mL,23,mL,250.0,,1.0 mg,mg,1.0,1.0 mg/250.0 ML,True,True,False
45,ANES Isoproterenol 200 mcg/1 mL inj,isoproterenol,Not Recorded,1.0 mL,47,mL,1.0,,200.0 mcg,mcg,200.0,200.0 mcg/1.0 ML,False,True,False
46,ANES Ketamine 50 mg/1 mL inj,ketamine,Not Recorded,1.0 mL,7268,mL,1.0,,50.0 mg,mg,50.0,50.0 mg/1.0 ML,False,True,False
47,ANES Labetalol 5 mg/1 mL inj,labetalol,Not Recorded,1.0 mL,21486,mL,1.0,,5.0 mg,mg,5.0,5.0 mg/1.0 ML,False,True,False
48,ANES LeveTIRACETAM 500mg/5mL,leveTIRACETAM,Not Recorded,5.0 mL,89,mL,5.0,,500.0 mg,mg,500.0,500.0 mg/5.0 ML,True,True,False
49,ANES Lidocaine 2 gm/250 mL D5W Drip std*,lidocaine in d5w,Not Recorded,250.0 mL,9359,mL,250.0,,2.0 gm,gm,2.0,none,True,True,False
50,ANES Magnesium Sulf 500 mg/1 mL OR syringe,magnesium sulfate,Not Recorded,1.0 mL,139,mL,1.0,,500.0 mg,mg,500.0,500.0 mg/1.0 ML,False,True,False
51,ANES Meperidine 0.1%/Bupivacaine 0.1% epidural,meperidine 0.1%/bupiv 0.1%/ns,Not Recorded,none,2,,,,none,,,none,False,True,False
52,ANES MethylPREDNISolone 62.5 mg/1 mL  inj,methylPREDNISolone,Not Recorded,1.0 mL,2027,mL,1.0,,62.5 mg,mg,62.5,62.5 mg/1.0 ML,False,True,False
53,ANES Methyldopa 50 mg/mL inj,methyldopa,Not Recorded,none,1,,,,50.0 mg,mg,50.0,none,False,True,False
54,ANES MetoCLOPRAMIDE 5 mg/1 mL inj,metoCLOPRAMIDE,Not Recorded,1.0 mL,361,mL,1.0,,5.0 mg,mg,5.0,5.0 mg/1.0 ML,False,True,False
55,ANES MetoPROLOL 1 mg/mL inj,metoPROLOL,Not Recorded,none,9906,,,,1.0 mg,mg,1.0,none,False,True,False
56,ANES Midazolam 1mg/mL inj 5 mL,midazolam,Not Recorded,5.0 mL,140813,mL,5.0,,1.0 mg,mg,1.0,none,False,True,False
57,ANES Milrinone 1 mg/mL inj,milrinone,Not Recorded,none,336,,,,1.0 mg,mg,1.0,none,False,True,False
58,ANES Milrinone 40 mg Drip std*,milrinone/d5w,Not Recorded,none,4668,,,,40.0 mg,mg,40.0,none,True,True,False
59,ANES Morphine-PF 0.5 mg/mL inj,morphine,Not Recorded,none,23,,,,0.5 mg,mg,0.5,none,False,True,False
60,ANES NOREPInephrine 4mg Drip std*,NOREPInephrine in d5w,Not Recorded,none,85943,,,,4.0 mg,mg,4.0,none,True,True,False
61,ANES Neostigmine 1 mg/mL inj,neostigmine,Not Recorded,none,46603,,,,1.0 mg,mg,1.0,none,False,True,False
62,ANES Nitroglycerin 50 mg/250 mL D5W Drip std*,nitroglycerin/d5w,Not Recorded,250.0 mL,1015,mL,250.0,,50.0 mg,mg,50.0,50.0 mg/250.0 ML,True,True,False
63,ANES Nitroprusside 50 mg/250 mL NS Drip Std*,nitroprusside,Not Recorded,250.0 mL,119,mL,250.0,,50.0 mg,mg,50.0,50.0 mg/250.0 ML,True,True,False
64,ANES Octreotide  500  mcg/100 mL NS Drip Std*,octreotide,Not Recorded,100.0 mL,131,mL,100.0,,500.0 mcg,mcg,500.0,500.0 mcg/100.0 ML,True,True,False
65,ANES Ondansetron 2 mg/1 mL inj,ondansetron,Not Recorded,1.0 mL,58596,mL,1.0,,2.0 mg,mg,2.0,2.0 mg/1.0 ML,False,True,False
66,ANES PHENYLephrine 100mcg/mL OR syringe,PHENYLephrine,Not Recorded,none,472922,,,,100.0 mcg,mcg,100.0,none,False,True,False
67,ANES PHENYLephrine 25mg/250 mL NS drip std*,PHENYLephrine in ns,Not Recorded,250.0 mL,45734,mL,250.0,,25.0 mg,mg,25.0,25.0 mg/250.0 ML,True,True,False
68,ANES Piperacillin-Tazobactam 3.375gm inj,piperacillin-tazobactam,Not Recorded,none,7,,,,3.375 gm,gm,3.375,none,False,True,False
69,ANES Procainamide 100 mg/mL inj,procainamide,Not Recorded,none,3,,,,100.0 mg,mg,100.0,none,False,True,False
70,ANES Propofol 10 mg/1 mL inj,propofol,Not Recorded,1.0 mL,361295,mL,1.0,,10.0 mg,mg,10.0,10.0 mg/1.0 ML,False,True,False
71,ANES Propofol 1000 mg/100 mL Drip std*,propofol,Not Recorded,100.0 mL,28607,mL,100.0,,1000.0 mg,mg,1000.0,1000.0 mg/100.0 ML,True,True,False
72,ANES REMIfentanil 10 mcg/mL inj,REMIfentanil,Not Recorded,none,705,,,,10.0 mcg,mcg,10.0,none,False,True,False
73,ANES REMIfentanil 25 mcg/mL inj,REMIfentanil,Not Recorded,none,54,,,,25.0 mcg,mcg,25.0,none,False,True,False
74,ANES REMIfentanil 5 mcg/mL inj,REMIfentanil,Not Recorded,none,52,,,,5.0 mcg,mcg,5.0,none,False,True,False
75,ANES REMIfentanil 50 mcg/mL inj,REMIfentanil,Not Recorded,none,232,,,,50.0 mcg,mcg,50.0,none,False,True,False
76,ANES Ranitidine 25 mg/mL inj,ranitidine,Not Recorded,none,20,,,,25.0 mg,mg,25.0,none,False,True,False
77,ANES Rocuronium 10 mg/mL 10 mL inj,rocuronium,Not Recorded,10.0 mL,330545,mL,10.0,,10.0 mg,mg,10.0,none,False,True,False
78,ANES SUfentanil 50 mcg/mL inj,SUfentanil,Not Recorded,none,5761,,,,50.0 mcg,mcg,50.0,none,False,True,False
79,ANES Sodium Bicarb 1 mEq/mL syringe,sodium bicarbonate,Not Recorded,none,4751,,,,1.0 mEq,mEq,1.0,none,False,True,False
80,ANES Succinylcholine 20mg/ml 10ml OR syringe,succinylcholine,Not Recorded,10.0 mL,51614,mL,10.0,,20.0 mg,mg,20.0,none,False,True,False
81,ANES Tranexamic acid 100 mg/100mL NS,tranexamic acid,Not Recorded,100.0 mL,55771,mL,100.0,,100.0 mg,mg,100.0,100.0 mg/100.0 ML,True,True,False
82,ANES Tranexamic acid 50 mg/mL inj,tranexamic acid,Not Recorded,none,13001,,,,50.0 mg,mg,50.0,none,False,True,False
83,ANES Vasopressin 2 units/mL inj,vasopressin,Not Recorded,none,15725,,,,2.0 unit,unit,2.0,none,False,True,False
84,ANES Vecuronium 1 mg/mL inj,vecuronium,Not Recorded,none,44930,,,,1.0 mg,mg,1.0,none,False,True,False
85,ANES Verapamil 2.5 mg/mL inj,verapamil,Not Recorded,none,50,,,,2.5 mg,mg,2.5,none,False,True,False
86,ANES albuterol CFC free 90 mcg/inh,albuterol,Not Recorded,none,923,,,,90.0 mcg,mcg,90.0,none,True,True,False
87,ANES amiodarone 750 mg/500 mL D5W Premix,amiodarone 750mg/500mL D5W drip,Not Recorded,500.0 mL,1518,mL,500.0,,750.0 mg,mg,750.0,750.0 mg/500.0 ML,True,True,False
88,ANES basiliximab 20mg/50 mL NS,basiliximab,Not Recorded,50.0 mL,2952,mL,50.0,,20.0 mg,mg,20.0,20.0 mg/50.0 ML,True,True,False
89,ANES bivalirudin 250 mg / 50 mL NS,bivalirudin,Not Recorded,50.0 mL,353,mL,50.0,,250.0 mg,mg,250.0,250.0 mg/50.0 ML,True,True,False
90,ANES bupivacaine 0.25%/ns epidural,bupivacaine 0.25%/ns epidural,Not Recorded,none,7,,,,none,,,none,False,True,False
91,ANES cisatracurium 2 mg/mL 10 mL inj,cisatracurium,Not Recorded,10.0 mL,13123,mL,10.0,,2.0 mg,mg,2.0,none,False,True,False
92,ANES citric acid-sodium citrate soln,citric acid-na citrate,Not Recorded,none,15,,,,none,,,none,True,True,False
93,ANES desmopressin 40 mcg/50 mL NS,ANES desmopressin,Not Recorded,50.0 mL,508,mL,50.0,,40.0 mcg,mcg,40.0,40.0 mcg/50.0 ML,True,True,False
94,"ANES epoprostenol 20,000ng/mL inhale",epoprostenol inhale,Not Recorded,none,1319,,,,20000.0 ng,ng,20000.0,none,False,True,False
95,ANES hePARIN 1000 units/mL 1 mL inj,hePARIN,Not Recorded,1.0 mL,27703,mL,1.0,,1000.0 unit,unit,1000.0,none,False,True,False
96,ANES ketamine 10 mg/1 mL,ketamine,Not Recorded,1.0 mL,46914,mL,1.0,,10.0 mg,mg,10.0,10.0 mg/1.0 ML,True,True,False
97,ANES ketamine 100 mg/1 mL,ketamine,Not Recorded,1.0 mL,2192,mL,1.0,,100.0 mg,mg,100.0,100.0 mg/1.0 ML,True,True,False
98,ANES ketamine 200 mg/50 mL drip,ketamine,Not Recorded,50.0 mL,410,mL,50.0,,200.0 mg,mg,200.0,200.0 mg/50.0 ML,True,True,False
99,ANES levothyroxine 0.4 mcg/mL IV,levothyroxine,Not Recorded,none,97,,,,0.4 mcg,mcg,0.4,none,True,True,False
100,ANES methocarbamol 500 mg/50 mL NS,methocarbamol,Not Recorded,50.0 mL,1526,mL,50.0,,500.0 mg,mg,500.0,500.0 mg/50.0 ML,True,True,False
101,ANES methylPREDNISolone 500 mg/50 mL NS,methylPREDNISolone,Not Recorded,50.0 mL,2088,mL,50.0,,500.0 mg,mg,500.0,500.0 mg/50.0 ML,True,True,False
102,ANES micafungin 1.5 mg/mL,micafungin,Not Recorded,none,14,,,,1.5 mg,mg,1.5,none,True,True,False
103,ANES mycophenolate 750mg/250 mL D5W,mycophenolate mofetil,Not Recorded,250.0 mL,195,mL,250.0,,750.0 mg,mg,750.0,750.0 mg/250.0 ML,True,True,False
104,ANES niCARdipine 40 mg/200mL NS  Drip std*,ANES niCARdipine/NS drip,Not Recorded,200.0 mL,2131,mL,200.0,,40.0 mg,mg,40.0,40.0 mg/200.0 ML,True,True,False
105,ANES oxytocin 10 units/mL,oxytocin,Not Recorded,none,2,,,,10.0 unit,unit,10.0,none,True,True,False
106,"ANES penicillin 2,000,000 U/50 mL IVPB",penicillin 2MU IVPB,Not Recorded,50.0 mL,6,mL,50.0,,2000000.0 unit,unit,2000000.0,0.0 unit/50.0 ML,True,True,False
107,ANES protAMINE 10 mg/mL inj,protAMINE,Not Recorded,none,20363,,,,10.0 mg,mg,10.0,none,False,True,False
108,ANES sugammadex 100 mg/mL soln,sugammadex,Not Recorded,none,75288,,,,100.0 mg,mg,100.0,none,True,True,False
109,ANES vasopressin 20 unit/50 mL NS drip,vasopressin 100 drip,Not Recorded,50.0 mL,6369,mL,50.0,,20.0 unit,unit,20.0,20.0 unit/50.0 ML,True,True,False
110,ANES vasopressin 20 unit/50 mL NS drip,vasopressin 200 drip,Not Recorded,50.0 mL,215,mL,50.0,,20.0 unit,unit,20.0,20.0 unit/50.0 ML,True,True,False
111,ANES vasopressin 20 unit/50 mL NS drip,vasopression 20 unit drip,Not Recorded,50.0 mL,12614,mL,50.0,,20.0 unit,unit,20.0,20.0 unit/50.0 ML,True,True,False
112,ANES verapamil 100 mcg/mL CATH LAB,verapamil,Not Recorded,none,1,,,,100.0 mcg,mcg,100.0,none,True,True,False
113,ANESMycophenolate 500 mg inj,mycophenolate,Not Recorded,none,2,,,,500.0 mg,mg,500.0,none,False,True,False
114,Abatacept 250 mg inj,abatacept,Not Recorded,none,124,,,,250.0 mg,mg,250.0,none,False,False,False
115,Abciximab 10 mg/5 mL inj,abciximab,Not Recorded,5.0 mL,70,mL,5.0,,10.0 mg,mg,10.0,10.0 mg/5.0 ML,False,False,False
116,Abciximab 10 mg/5 mL inj ADD,abciximab ADD,Micrograms/Minute,5.0 mL,292,mL,5.0,,10.0 mg,mg,10.0,10.0 mg/5.0 ML,False,False,False
117,AcetaZOLAMIDE 250 mg tab,acetaZOLAMIDE,Not Recorded,none,1,,,,250.0 mg,mg,250.0,none,False,False,False
118,AcetaZOLAMIDE 500 mg inj,acetaZOLAMIDE,Not Recorded,none,10966,,,,500.0 mg,mg,500.0,none,False,False,False
119,Acetaminophen 100 mg/mL Ped liq BULK btl.,acetaminophen,Not Recorded,none,1,,,,100.0 mg,mg,100.0,none,True,False,False
120,Acetaminophen 1000mg/100mL IVPB,acetaminophen,Not Recorded,100.0 mL,94592,mL,100.0,,1000.0 mg,mg,1000.0,1000.0 mg/100.0 ML,True,False,False
121,Acetaminophen 100mg/mL Ped oral syringe,acetaminophen ped liq,Not Recorded,none,1,,,,100.0 mg,mg,100.0,none,False,False,False
122,Acetaminophen 120 mg supp,acetaminophen,Not Recorded,none,1,,,,120.0 mg,mg,120.0,none,False,False,False
123,Acetaminophen 160 mg/5 mL liq. 120mL,acetaminophen,Not Recorded,5.0 mL,2,mL,5.0,,160.0 mg,mg,160.0,160.0 mg/5.0 ML,True,False,False
124,Acetaminophen 325 mg supp,acetaminophen,Not Recorded,none,4,,,,325.0 mg,mg,325.0,none,False,False,False
125,Acetaminophen 325 mg tab,acetaminophen,Not Recorded,none,531,,,,325.0 mg,mg,325.0,none,False,False,False
126,Acetaminophen 650 mg supp,acetaminophen,Not Recorded,none,33,,,,650.0 mg,mg,650.0,none,False,False,False
127,Acetaminophen 650/20.3  mL liq,acetaminophen,Not Recorded,20.3 mL,11,mL,20.3,,none,,,none,True,False,False
128,Acetylcholine I-coronary 0.18mcg/mL Low conc. 20mL syringe,acetylcholine i-cornonary low conc.,Not Recorded,20.0 mL,17,mL,20.0,,0.18 mcg,mcg,0.18,none,False,False,False
129,Acetylcholine I-coronary 18mcg/mL High conc. 20mL syringe,acetylcholine i-cornonary High conc.,Not Recorded,20.0 mL,17,mL,20.0,,18.0 mcg,mcg,18.0,none,False,False,False
130,Acetylcysteine 10% Sol 10 mL,acetylcysteine 10%,Not Recorded,10.0 mL,1,mL,10.0,,none,,,none,True,False,False
131,Acetylcysteine 20% High dose oral 2000mg,acetylcysteine 20%,Not Recorded,none,1,,,,2000.0 mg,mg,2000.0,none,False,False,False
132,Acetylcysteine 20% IV injection,acetylcysteine,Not Recorded,none,19309,,,,none,,,none,False,False,False
133,Acetylcysteine 20% IV injection,acetylcysteine 20%,Not Recorded,none,6425,,,,none,,,none,False,False,False
134,Acetylcysteine 20% IV injection,acetylcysteine 20% injection,Not Recorded,none,8956,,,,none,,,none,False,False,False
135,Acyclovir 1gm inj,acyclovir,Not Recorded,none,11137,,,,1.0 gm,gm,1.0,none,False,False,False
136,Acyclovir 500 mg inj,acyclovir,Not Recorded,none,169,,,,500.0 mg,mg,500.0,none,False,False,False
137,Acyclovir 500mg/10mL inj,acyclovir,Not Recorded,10.0 mL,33954,mL,10.0,,500.0 mg,mg,500.0,500.0 mg/10.0 ML,False,False,False
138,Acyclovir 7mg/mL/NS neonate syringe,acyclovir in NS syringe,Not Recorded,none,96,,,,7.0 mg,mg,7.0,none,False,False,False
139,Acyclovir 800 mg tablet,acyclovir,Not Recorded,none,1,,,,800.0 mg,mg,800.0,none,False,False,False
140,Adenosine 180 mg/90 mL D5W DBL CATH LAB,adenosine dbl drip,Not Recorded,90.0 mL,9,mL,90.0,,180.0 mg,mg,180.0,180.0 mg/90.0 ML,True,False,False
141,Adenosine 3 mg/mL inj 20mL for cath lab,adenosine,Not Recorded,20.0 mL,301,mL,20.0,,3.0 mg,mg,3.0,none,False,False,False
142,Adenosine 3 mg/mL inj 30mL Nuc Med/CARD MRI,adenosine,Not Recorded,30.0 mL,2,mL,30.0,,3.0 mg,mg,3.0,none,False,False,False
143,Adenosine 3 mg/mL inj 30mL Nuclear Medicine,adenosine,Not Recorded,30.0 mL,3,mL,30.0,,3.0 mg,mg,3.0,none,False,False,False
144,Adenosine 3mg/mL iv neonate,adenosine,Not Recorded,none,1,,,,3.0 mg,mg,3.0,none,True,False,False
145,Adenosine 5mg/250mL NS CATH LAB,adenosine/ns,Not Recorded,250.0 mL,236,mL,250.0,,5.0 mg,mg,5.0,5.0 mg/250.0 ML,True,False,False
146,Adenosine 6 mg/2 mL inj,adenosine,Not Recorded,2.0 mL,4859,mL,2.0,,6.0 mg,mg,6.0,6.0 mg/2.0 ML,False,False,False
147,Adenosine 90 mg/NS 50mL,adenosine,Not Recorded,50.0 mL,12,mL,50.0,,90.0 mg,mg,90.0,none,True,False,False
148,Ado-Trastuzumab emtansine 100mg inj.,ado-trastuzumab emtansine,Not Recorded,none,1,,,,100.0 mg,mg,100.0,none,False,False,False
149,Al/Mg hydrox/Simeth (Maalox) liq,Al/Mg hydrox/Simeth liq,Not Recorded,none,1,,,,none,,,none,True,False,False
150,Al/Mg hydrox/Simeth (Maalox) liq 30mL UD,Al/Mg hydrox/Simeth (Maalox) liq,Not Recorded,30.0 mL,1,mL,30.0,,none,,,none,True,False,False
151,Albumin 5% 50 mL (2.5gm) inj,albumin 5%,Not Recorded,50.0 mL,14,mL,50.0,,2.5 gm,gm,2.5,none,False,False,True
152,Albumin Human 25% 100mL,albumin 25%,Not Recorded,100.0 mL,6304,mL,100.0,,none,,,none,True,False,True
153,Albumin Human 25% 50mL,albumin 25%,Not Recorded,50.0 mL,77694,mL,50.0,,none,,,none,True,False,True
154,Albumin Human 5% 250 mL,albumin 5%,Not Recorded,250.0 mL,75690,mL,250.0,,none,,,none,True,False,True
155,Albumin Human 5% 500 mL (OR USE ONLY),albumin 5%,Not Recorded,500.0 mL,50485,mL,500.0,,none,,,none,True,False,True
156,Albuterol 5 mg/mL inhale 20mL soln.,albuterol,Not Recorded,20.0 mL,1,mL,20.0,,5.0 mg,mg,5.0,none,False,False,False
157,Albuterol 70mg (10mg/hr) cont. inhalation,albuterol inhale,Not Recorded,none,3,,,,70.0 mg,mg,70.0,none,False,False,False
158,Albuterol Aerosol Inhaler,albuterol inhaler,Not Recorded,none,301,,,,none,,,none,False,False,False
159,Albuterol Aerosol Inhaler (Selfuse),albuterol,Not Recorded,none,3,,,,none,,,none,False,False,False
160,Albuterol Aerosol Inhaler (WW),albuterol,Not Recorded,none,6,,,,none,,,none,False,False,False
161,Albuterol CFC free 90 mcg/inh aero,albuterol,Not Recorded,none,194,,,,90.0 mcg,mcg,90.0,none,False,False,False
162,Albuterol CFC free 90 mcg/inh aero.,albuterol,Not Recorded,none,3,,,,90.0 mcg,mcg,90.0,none,False,False,False
163,Alcohol (Dehydrated) 1mL inj,ethyl alcohol,Not Recorded,1.0 mL,4,mL,1.0,,none,,,none,False,False,False
164,"Alcohol, Ethyl (Dehydrated) 5 mL inj","alcohol, ethyl",Not Recorded,5.0 mL,97,mL,5.0,,none,,,none,False,False,False
165,"Aldesleukin 22,000,000 unit(s) inj",aldesleukin,Not Recorded,none,337,,,,22000000.0 unit,unit,22000000.0,none,False,False,False
166,Alemtuzumab 30 mg/mL inj,alemtuzumab,Not Recorded,none,102,,,,30.0 mg,mg,30.0,none,False,False,False
167,Allopurinol 500 mg inj,allopurinol,Not Recorded,none,255,,,,500.0 mg,mg,500.0,none,False,False,False
168,Alprazolam 0.5 mg tab,alprazolam,Not Recorded,none,1,,,,0.5 mg,mg,0.5,none,False,False,False
169,Alprostadil 500 mcg inj,alprostadil,Not Recorded,none,195,,,,500.0 mcg,mcg,500.0,none,False,False,False
170,Alteplase 100 mg inj,"alteplase, t-pa",Not Recorded,none,952,,,,100.0 mg,mg,100.0,none,False,False,False
171,Alteplase 100 mg inj ADD,"alteplase, t-pa ADD",Not Recorded,none,4452,,,,100.0 mg,mg,100.0,none,False,False,False
172,Alteplase 1mg/mL for Stroke protocol use only,alteplase,Not Recorded,none,665,,,,1.0 mg,mg,1.0,none,True,False,False
173,Alteplase 2 mg inj for drip,alteplase for drip,Not Recorded,none,2150,,,,2.0 mg,mg,2.0,none,False,False,False
174,Alteplase 30mg/30mL NS for Chest Tube,alteplase in syringe,Not Recorded,30.0 mL,3,mL,30.0,,30.0 mg,mg,30.0,30.0 mg/30.0 ML,True,False,False
175,Alteplase 50 mg inj,alteplase,Not Recorded,none,2414,,,,50.0 mg,mg,50.0,none,False,False,False
176,Alteplase 50 mg inj ADD,"alteplase, t-pa ADD",Not Recorded,none,354,,,,50.0 mg,mg,50.0,none,False,False,False
177,Alteplase Intrathecal/Intravent syringe,alteplase intra-thecal syringe,Not Recorded,none,9,,,,none,,,none,False,False,False
178,"Alteplase,Cathflo 2 mg inj",alteplase,Not Recorded,none,42229,,,,2.0 mg,mg,2.0,none,False,False,False
179,"Alteplase,Cathflo 20mg/20mL syringe for i-arterial",alteplase in syringe,Not Recorded,20.0 mL,41,mL,20.0,,20.0 mg,mg,20.0,20.0 mg/20.0 ML,False,False,False
180,Amifostine 500 mg inj,amifostine,Not Recorded,none,1,,,,500.0 mg,mg,500.0,none,False,False,False
181,Amikacin Nebulized Soln.,amikacin,Not Recorded,none,1,,,,none,,,none,True,False,False
182,Amikacin Sulf. 1000mg/4mL inj,amikacin,Not Recorded,4.0 mL,591,mL,4.0,,1000.0 mg,mg,1000.0,1000.0 mg/4.0 ML,False,False,False
183,Amikacin Sulfate 500 mg/ 2 mL inj,amikacin,Not Recorded,2.0 mL,1051,mL,2.0,,500.0 mg,mg,500.0,500.0 mg/2.0 ML,False,False,False
184,Amino Acid 3% UAC Line Fluid,amino acid 3% UAC,Not Recorded,none,27,,,,none,,,none,True,False,False
185,Amino Acid Injection 50gm/1000ml for Lutathera,Amino Acid Injection 50gm/1000ml for Lutathera,Not Recorded,1000.0 mL,701,mL,1000.0,,50.0 gm,gm,50.0,none,False,False,False
186,Amino Acids 10% (Trophamine) 500mL,amino acid 10%,Not Recorded,500.0 mL,14,mL,500.0,,none,,,none,True,False,False
187,Amino Acids 15% (Clinisol) inv. protocol AAA-177Lu-03,Amino Acids 15% (Clinisol) inv. protocol AAA-177Lu-03,Not Recorded,none,38,,,,none,,,none,True,False,False
188,Amino Acids 3% and Glycerin 3% / Lytes (ProcalAmine) 1000 mL,Amino acid Lytes 3% / Glycerin 3%,Not Recorded,1000.0 mL,13791,mL,1000.0,,none,,,none,True,False,False
189,Aminocaproic 500 mg tab,aminocaproic acid,Not Recorded,none,2,,,,500.0 mg,mg,500.0,none,False,False,False
190,Aminocaproic 5gm/20 mL inj,aminocaproic acid,Not Recorded,20.0 mL,26876,mL,20.0,,5.0 gm,gm,5.0,none,False,False,False
191,Aminocaproic acid 250mg/mL oral syrup,aminocaproic acid,Not Recorded,none,13,,,,250.0 mg,mg,250.0,none,False,False,False
192,Aminophylline 250 mg/ 10 mL inj,aminophylline,Not Recorded,10.0 mL,4,mL,10.0,,250.0 mg,mg,250.0,250.0 mg/10.0 ML,False,False,False
193,Aminophylline 500 mg/ 20 mL inj,aminophylline,Not Recorded,20.0 mL,51,mL,20.0,,500.0 mg,mg,500.0,500.0 mg/20.0 ML,False,False,False
194,Aminophylline 5mg/mL for ped syringe,aminophylline/ns,Not Recorded,none,1,,,,5.0 mg,mg,5.0,none,False,False,False
195,Aminosyn II 10% Solution 2000 mL (amino acid injection),amino acids 10%,Not Recorded,2000.0 mL,46,mL,2000.0,,none,,,none,False,False,False
196,Amiodarone 150 mg/100 mL Bolus,amiodarone,Not Recorded,100.0 mL,3165,mL,100.0,,150.0 mg,mg,150.0,150.0 mg/100.0 ML,True,False,False
197,Amiodarone 150 mg/100 mL Bolus,amiodarone in iso-dex,Not Recorded,100.0 mL,792,mL,100.0,,150.0 mg,mg,150.0,150.0 mg/100.0 ML,True,False,False
198,Amiodarone 150 mg/100 mL iso-dex Bolus,amiodarone in iso-dex,Not Recorded,100.0 mL,30110,mL,100.0,,150.0 mg,mg,150.0,150.0 mg/100.0 ML,True,False,False
199,Amiodarone 150 mg/3 mL inj,amiodarone,Milligrams/Minute,3.0 mL,639678,mL,3.0,,150.0 mg,mg,150.0,150.0 mg/3.0 ML,False,False,False
200,Amiodarone 200 mg tab,amiodarone,Not Recorded,none,19,,,,200.0 mg,mg,200.0,none,False,False,False
201,Amiodarone 450 mg/9 mL inj,amiodarone,Not Recorded,9.0 mL,46967,mL,9.0,,450.0 mg,mg,450.0,450.0 mg/9.0 ML,False,False,False
202,Amiodarone 900 mg Drip,amiodarone 900 mg drip,Not Recorded,none,24,,,,900.0 mg,mg,900.0,none,True,False,False
203,Amobarbital 500 mg inj,amobarbital,Not Recorded,none,1,,,,500.0 mg,mg,500.0,none,False,False,False
204,Amphotericin  liposomal  50 mg inj (Ambisome),amphotericin b liposome,Not Recorded,none,6039,,,,50.0 mg,mg,50.0,none,False,False,False
205,Amphotericin-B 50 mg inj,amphotericin B,Not Recorded,none,19,,,,50.0 mg,mg,50.0,none,False,False,False
206,Amphotericin-B 5mg/mL/D5W neonate syringe,amphotericin B in D5W syringe,Not Recorded,none,1,,,,5.0 mg,mg,5.0,none,False,False,False
207,Ampicillin 0.01mg/mL for Desensitization,ampicillin/ns for desensitization,Not Recorded,none,3,,,,0.01 mg,mg,0.01,none,True,False,False
208,Ampicillin 0.1mg/mL for Desensitization,ampicillin/ns for desensitization,Not Recorded,none,3,,,,0.1 mg,mg,0.1,none,True,False,False
209,Ampicillin 10 gm inj,ampicillin,Not Recorded,none,580,,,,10.0 gm,gm,10.0,none,False,False,False
210,Ampicillin 10mg/mL for Desensitization,ampicillin/ns for desensitization,Not Recorded,none,3,,,,10.0 mg,mg,10.0,none,True,False,False
211,Ampicillin 1gm IVPB,ampicillin in ns,Not Recorded,none,4442,,,,1.0 gm,gm,1.0,none,True,False,False
212,Ampicillin 1gm inj,ampicillin,Not Recorded,none,2635,,,,1.0 gm,gm,1.0,none,False,False,False
213,Ampicillin 2 gm inj,ampicillin,Not Recorded,none,11900,,,,2.0 gm,gm,2.0,none,False,False,False
214,Ampicillin 250 mg inj,ampicillin,Not Recorded,none,87,,,,250.0 mg,mg,250.0,none,False,False,False
215,Ampicillin 2gm IVPB,ampicillin in ns,Not Recorded,none,36652,,,,2.0 gm,gm,2.0,none,True,False,False
216,Ampicillin 500 mg inj,ampicillin,Not Recorded,none,975,,,,500.0 mg,mg,500.0,none,False,False,False
217,Ampicillin 500mg IVPB,ampicillin in ns,Not Recorded,none,197,,,,500.0 mg,mg,500.0,none,True,False,False
218,Ampicillin 50mg/mL for Desensitization,ampicillin/ns for desensitization,Not Recorded,none,3,,,,50.0 mg,mg,50.0,none,True,False,False
219,Ampicillin-Sulbactam  1.5gm inj,ampicillin-sulbactam,Not Recorded,none,3210,,,,1.5 gm,gm,1.5,none,False,False,False
220,Ampicillin-Sulbactam 3gm inj,ampicillin-sulbactam,Not Recorded,none,14266,,,,3.0 gm,gm,3.0,none,False,False,False
221,Ampicillin/Sulbactam 1.5gm IVPB,ampicil/sulbact in ns,Not Recorded,none,8173,,,,1.5 gm,gm,1.5,none,True,False,False
222,Ampicillin/Sulbactam 3gm  IVPB,Ampicil/sulbact in ns,Not Recorded,none,103154,,,,3.0 gm,gm,3.0,none,True,False,False
223,Angiotensin II 2.5mg/ml,angiotensin II,ng/kg/min,none,17322,,,,2.5 mg,mg,2.5,none,True,False,False
224,Anti-Thymocyte Globulin (Rabbit) 25 mg/5 mL,anti-thymocyt globulin(rabbit),Not Recorded,5.0 mL,4136,mL,5.0,,25.0 mg,mg,25.0,25.0 mg/5.0 ML,True,False,False
225,Anti-Thymocyte Globulin for study,thymocyt glob/PBO p# ITN028A1,Not Recorded,none,5,,,,none,,,none,True,False,False
226,Anti-Thymocyte Globulin for study2,thymocyt glob p#thymo102700103,Not Recorded,none,3,,,,none,,,none,True,False,False
227,Anticoagulant Citrate B 500 mL,Anticoagulant citrate B,Not Recorded,500.0 mL,1,mL,500.0,,none,,,none,True,False,False
228,Anticoagulant Citrate Dextrose A 1000mL,Anticoagulant citrate dext-A,Not Recorded,1000.0 mL,68,mL,1000.0,,none,,,none,True,False,False
229,Anticoagulant Citrate Soln-A 500mL,anticoagulant citrate dext-A,Not Recorded,500.0 mL,89,mL,500.0,,none,,,none,True,False,False
230,Antihemophilic factor-von Willebrand factor Bolus,antihemophilic factor-von Willebrand in syringe,Not Recorded,none,126,,,,none,,,none,True,False,False
231,Antihemophilic factor-von Willebrand factor inj,antihemophilic factor-von Willebrand,Not Recorded,none,119,,,,none,,,none,False,False,False
232,Antithrombin III 500 units bolus,antithrombin III in syringe,Not Recorded,none,426,,,,500.0 unit,unit,500.0,none,True,False,False
233,Antithrombin III 500 units-bolus,antithrombin III,Not Recorded,none,433,,,,500.0 unit,unit,500.0,none,True,False,False
234,Antithrombin III 500 units-bolus,antithrombin III in syringe,Not Recorded,none,15,,,,500.0 unit,unit,500.0,none,True,False,False
235,Antithrombin III 500 units-bolus (OR CHARGE),antithrombin III,Not Recorded,none,13,,,,500.0 unit,unit,500.0,none,True,False,False
236,Antivenin (Crotalidae) polyvalent inj,"crotalidae, antivenin",Not Recorded,none,69,,,,none,,,none,False,False,False
237,Aprepitant 125 mg cap,aprepitant,Not Recorded,none,1,,,,125.0 mg,mg,125.0,none,False,False,False
238,Aprepitant 125 mg-80 mg kit,aprepitant,Not Recorded,none,1,,,,125.0 mg,mg,125.0,none,True,False,False
239,Aprepitant 40 mg caps,aprepitant,Not Recorded,none,327,,,,40.0 mg,mg,40.0,none,False,False,False
240,Aprepitant 80 mg cap,aprepitant,Not Recorded,none,45,,,,80.0 mg,mg,80.0,none,False,False,False
241,Argatroban 250 mg vial,argatroban,Not Recorded,none,128662,,,,250.0 mg,mg,250.0,none,True,False,False
242,Arginine 10% 300 mL,arginine 10%,Not Recorded,300.0 mL,498,mL,300.0,,none,,,none,True,False,False
243,Arsenic 10mg/10mL inj,arsenic trioxide,Not Recorded,10.0 mL,1009,mL,10.0,,10.0 mg,mg,10.0,10.0 mg/10.0 ML,False,False,False
244,Ascorbic 500 mg/mL 50 mL inj,ascorbic acid,Not Recorded,50.0 mL,15274,mL,50.0,,500.0 mg,mg,500.0,none,False,False,False
245,Ascorbic Acid 500 mg tab,ascorbic acid,Not Recorded,none,2,,,,500.0 mg,mg,500.0,none,False,False,False
246,Ascorbic Acid 500mg inj,ascorbic acid,Not Recorded,none,9,,,,500.0 mg,mg,500.0,none,False,False,False
247,Ascorbic acid 500 mg/mL 1mL inj,ascorbic acid,Not Recorded,1.0 mL,311,mL,1.0,,500.0 mg,mg,500.0,none,False,False,False
248,Aspirin 300 mg supp,aspirin,Not Recorded,none,4,,,,300.0 mg,mg,300.0,none,False,False,False
249,Aspirin 325 mg tab,aspirin,Not Recorded,none,33,,,,325.0 mg,mg,325.0,none,False,False,False
250,Aspirin 600 mg supp,aspirin,Not Recorded,none,1,,,,600.0 mg,mg,600.0,none,False,False,False
251,Aspirin 81 mg chew tab,aspirin chewable,Not Recorded,none,78,,,,81.0 mg,mg,81.0,none,False,False,False
252,Aspirin Buffered 325 mg tab,"aspirin, buffered",Not Recorded,none,43,,,,325.0 mg,mg,325.0,none,False,False,False
253,Aspirin EC 325 mg tab,aspirin ec,Not Recorded,none,100,,,,325.0 mg,mg,325.0,none,False,False,False
254,Atorvastatin 80 mg tab,atorvastatin,Not Recorded,none,1,,,,80.0 mg,mg,80.0,none,False,False,False
255,Atracurium 50 mg/5 mL inj,atracurium,Microgram/Kilogram/Minute,5.0 mL,42,mL,5.0,,50.0 mg,mg,50.0,50.0 mg/5.0 ML,False,False,False
256,Atropine 0.4mg/mL 20mL,atropine,Not Recorded,20.0 mL,8,mL,20.0,,0.4 mg,mg,0.4,none,True,False,False
257,Atropine 0.5mg/5mL inj,atropine,Not Recorded,5.0 mL,47,mL,5.0,,0.5 mg,mg,0.5,0.5 mg/5.0 ML,False,False,False
258,Atropine 1 mg/1 mL inj,atropine,Not Recorded,1.0 mL,241,mL,1.0,,1.0 mg,mg,1.0,1.0 mg/1.0 ML,False,False,False
259,Atropine Sulfate 0.4 mg/ 1mL inj,atropine,Not Recorded,1.0 mL,2066,mL,1.0,,0.4 mg,mg,0.4,0.4 mg/1.0 ML,False,False,False
260,Atropine Sulfate 1 mg/10 mL inj,atropine sulfate,Not Recorded,10.0 mL,1924,mL,10.0,,1.0 mg,mg,1.0,1.0 mg/10.0 ML,False,False,False
261,Avibactam-CefTAZidime 2.5 gm inj,avibactam-cefTAZidime,Not Recorded,none,6161,,,,2.5 gm,gm,2.5,none,False,False,False
262,Azacitidine 100 mg/10mL inj (IV),azacitidine,Not Recorded,10.0 mL,452,mL,10.0,,100.0 mg,mg,100.0,100.0 mg/10.0 ML,False,False,False
263,Azacitidine 100 mg/4mL inj (SubQ),azacitidine,Not Recorded,4.0 mL,6,mL,4.0,,100.0 mg,mg,100.0,100.0 mg/4.0 ML,False,False,False
264,Azathioprine 100 mg inj,azathioprine,Not Recorded,none,25,,,,100.0 mg,mg,100.0,none,False,False,False
265,Azithromycin 100 mg/5 mL susp.,azithromycin,Not Recorded,5.0 mL,1,mL,5.0,,100.0 mg,mg,100.0,100.0 mg/5.0 ML,True,False,False
266,Azithromycin 250 mg tablet,azithromycin,Not Recorded,none,2,,,,250.0 mg,mg,250.0,none,False,False,False
267,Azithromycin 500 mg inj,azithromycin,Not Recorded,none,598,,,,500.0 mg,mg,500.0,none,False,False,False
268,Azithromycin 500mg/NS 250ml IVPB,Azithromycin in ns,Not Recorded,250.0 mL,49426,mL,250.0,,500.0 mg,mg,500.0,none,True,False,False
269,Azithromycin 600 mg tab,azithromycin,Not Recorded,none,1,,,,600.0 mg,mg,600.0,none,False,False,False
270,Aztreonam 1gm/50 mL Iso-Dex IVPB,aztreonam in Iso-Dex,Not Recorded,50.0 mL,6030,mL,50.0,,1.0 gm,gm,1.0,none,True,False,False
271,Aztreonam 1gm/50mL NS IVPB,aztreonam in ns,Not Recorded,50.0 mL,6170,mL,50.0,,1.0 gm,gm,1.0,none,True,False,False
272,Aztreonam 20mg/mL neonate syringe,aztreonam/ns,Not Recorded,none,60,,,,20.0 mg,mg,20.0,none,False,False,False
273,Aztreonam 20mg/mL neonate syringe,aztreonam/ns syringe,Not Recorded,none,1,,,,20.0 mg,mg,20.0,none,False,False,False
274,Aztreonam 2gm/100mL NS IVPB,aztreonam/ns,Not Recorded,100.0 mL,6597,mL,100.0,,2.0 gm,gm,2.0,none,True,False,False
275,Aztreonam 2gm/50 mL Iso-Dex IVPB,aztreonam in Iso-Dex,Not Recorded,50.0 mL,10189,mL,50.0,,2.0 gm,gm,2.0,none,True,False,False
276,Aztreonam 75 mg for Inhalation,aztreonam,Not Recorded,none,3,,,,75.0 mg,mg,75.0,none,False,False,False
277,"Bacitracin 50,000 unit inj",bacitracin,Not Recorded,none,89,,,,50000.0 unit,unit,50000.0,none,False,False,False
278,Baclofen 10 mg tab,baclofen,Not Recorded,none,1,,,,10.0 mg,mg,10.0,none,False,False,False
279,"Bag, Empty Sterile (Polyolefin) 2L","bag, empty sterile (polyolefin)",Not Recorded,2.0 L,55,L,2.0,,none,,,none,True,False,False
280,"Bag, PCA  Infusion",pca -  bag,Not Recorded,none,210,,,,none,,,none,True,False,False
281,"Bag, Sterile Empty","Bag, Sterile Empty",Not Recorded,none,647,,,,none,,,none,True,False,False
282,"Bag, Sterile Empty for IVPB","Bag, Sterile Empty",Not Recorded,none,108,,,,none,,,none,True,False,False
283,"Bag, sterile for invst study","bag, sterile for invst study",Not Recorded,none,2,,,,none,,,none,True,False,False
284,Basiliximab 20mg inj,basiliximab,Not Recorded,none,2647,,,,20.0 mg,mg,20.0,none,False,False,False
285,Belatacept 250mg inj,belatacept,Not Recorded,none,1990,,,,250.0 mg,mg,250.0,none,False,False,False
286,Bendamustine 100 mg inj,bendamustine,Not Recorded,none,4,,,,100.0 mg,mg,100.0,none,False,False,False
287,Bendamustine 100 mg/4mL inj,bendamustine,Not Recorded,4.0 mL,70,mL,4.0,,100.0 mg,mg,100.0,100.0 mg/4.0 ML,False,False,False
288,Benzocaine 20% Mouth Gel,benzocaine 20%,Not Recorded,none,1,,,,none,,,none,False,False,False
289,Benzocaine 20% oral aerosol spray,benzocaine 20%,Not Recorded,none,48,,,,none,,,none,False,False,False
290,Benzocaine topical 20% spray 0.5mL UD,benzocaine topical,Not Recorded,0.5 mL,1,mL,0.5,,none,,,none,False,False,False
291,Benztropine 2 mg/2 mL inj,benztropine,Not Recorded,2.0 mL,115,mL,2.0,,2.0 mg,mg,2.0,2.0 mg/2.0 ML,False,False,False
292,BetamethPhos/Acetate 6 mg/mL 5 mL inj,betamethasone,Not Recorded,5.0 mL,3,mL,5.0,,6.0 mg,mg,6.0,none,False,False,False
293,Bevacizumab 100mg/4mL,bevacizumab,Not Recorded,4.0 mL,39,mL,4.0,,100.0 mg,mg,100.0,100.0 mg/4.0 ML,True,False,False
294,Bevacizumab 400mg inj,bevacizumab,Not Recorded,none,26,,,,400.0 mg,mg,400.0,none,False,False,False
295,Bivalirudin 250mg/NS,bivalirudin in ns,Not Recorded,none,71146,,,,250.0 mg,mg,250.0,none,True,False,False
296,Bleomycin 15 units inj,bleomycin,Not Recorded,none,36,,,,15.0 unit,unit,15.0,none,False,False,False
297,Bleomycin 30 units inj.,bleomycin,Not Recorded,none,2,,,,30.0 unit,unit,30.0,none,False,False,False
298,Blinatumomab 35 mcg inj,blinatumomab,Not Recorded,none,300,,,,35.0 mcg,mcg,35.0,none,False,False,False
299,Bortezomib 3.5 mg inj (IV),bortezomib,Not Recorded,none,32,,,,3.5 mg,mg,3.5,none,False,False,False
300,Bortezomib 3.5 mg inj (SubQ),bortezomib in syringe,Not Recorded,none,2,,,,3.5 mg,mg,3.5,none,False,False,False
301,Brand necessary-Ciprofloxacin 400mg/200mL D5W premix ivpb,ciprofloxacin in D5W,Not Recorded,200.0 mL,4125,mL,200.0,,400.0 mg,mg,400.0,400.0 mg/200.0 ML,True,False,False
302,Brentuximab vedotin 50 mg inj,brentuximab vedotin,Not Recorded,none,10,,,,50.0 mg,mg,50.0,none,False,False,False
303,Bumetanide 0.25 mg/mL 10 mL inj,bumetanide,Milligram/Hour,10.0 mL,50371,mL,10.0,,0.25 mg,mg,0.25,none,False,False,False
304,Bumetanide 1 mg/4 mL inj,bumetanide,Not Recorded,4.0 mL,11559,mL,4.0,,1.0 mg,mg,1.0,1.0 mg/4.0 ML,False,False,False
305,Bupivacaine  0.25% w/Epi  30 mL,bupivacaine 0.25% w/epi,Not Recorded,30.0 mL,37,mL,30.0,,none,,,none,True,False,False
306,Bupivacaine  0.25% w/Epi  PF 30 mL,bupivacaine 0.25% w/epi,Not Recorded,30.0 mL,2,mL,30.0,,none,,,none,True,False,False
307,Bupivacaine  0.5% w/Epi 10 mL inj,bupivacaine 0.5% w/epi,Not Recorded,10.0 mL,10,mL,10.0,,none,,,none,False,False,False
308,Bupivacaine 0.25% 30 mL inj,bupivacaine 0.25%,Not Recorded,30.0 mL,19,mL,30.0,,none,,,none,False,False,False
309,Bupivacaine 0.25% pf  10mL inj,bupivacaine 0.25% pf,Not Recorded,10.0 mL,13,mL,10.0,,none,,,none,False,False,False
310,Bupivacaine 0.25% pf 30mL inj,bupivacaine 0.25% pf,Not Recorded,30.0 mL,5,mL,30.0,,none,,,none,False,False,False
311,Bupivacaine 0.5% 10 mL inj,bupivacaine 0.5%,Not Recorded,10.0 mL,152,mL,10.0,,none,,,none,False,False,False
312,Bupivacaine 0.5% pf 10 mL inj,bupivacaine 0.5%,Not Recorded,10.0 mL,43,mL,10.0,,none,,,none,False,False,False
313,Bupivacaine 0.5% pf 30 mL inj,bupivacaine 0.5%,Not Recorded,30.0 mL,2909,mL,30.0,,none,,,none,False,False,False
314,Bupivacaine 0.5% pf inj 10mL,bupivacaine 0.5% pf,Not Recorded,10.0 mL,4,mL,10.0,,none,,,none,False,False,False
315,Bupivacaine 0.75% 10 mL inj pf,bupivacaine 0.75%,Not Recorded,10.0 mL,4,mL,10.0,,none,,,none,False,False,False
316,Bupivacaine Spinal 0.75% 2 mL inj,bupivacaine 0.75%,Not Recorded,2.0 mL,10,mL,2.0,,none,,,none,False,False,False
317,Bupivacaine liposome 1.3% (13.3 mg/mL) inj. 20mL,bupivacaine liposome,Not Recorded,20.0 mL,7,mL,20.0,,13.3 mg,mg,13.3,none,False,False,False
318,Buprenorphone 0.3 mg/ 1 mL inj,buprenorphine,Not Recorded,1.0 mL,11,mL,1.0,,0.3 mg,mg,0.3,0.3 mg/1.0 ML,False,False,False
319,Busulfan 6mg/mL 10 mL inj,busulfan,Not Recorded,10.0 mL,1722,mL,10.0,,6.0 mg,mg,6.0,none,False,False,False
320,Butorphanol 2 mg/mL inj,butorphanol,Not Recorded,none,312,,,,2.0 mg,mg,2.0,none,False,False,False
321,Butorphanol 4 mg/2 mL inj,butorphanol,Not Recorded,2.0 mL,15,mL,2.0,,4.0 mg,mg,4.0,4.0 mg/2.0 ML,False,False,False
322,C1 Esterase Inhibitor 500 units inj (Berinert),C1 esterase inhibitor,Not Recorded,none,19,,,,500.0 unit,unit,500.0,none,False,False,False
323,C1 Esterase Inhibitor 500 units inj (Berinert) (pt. Own Med),C1 esterase inhibitor,Not Recorded,none,2,,,,500.0 unit,unit,500.0,none,False,False,False
324,"C1 esterase inhibitor, human 500 units (Cinryze)","C1 esterase inhibitor, human",Not Recorded,none,1,,,,500.0 unit,unit,500.0,none,True,False,False
325,CARBOplatin 10 mg/mL inj,CARBOplatin,Not Recorded,none,1441,,,,10.0 mg,mg,10.0,none,False,False,False
326,CARBOplatin 150mg inj,CARBOplatin,Not Recorded,none,3,,,,150.0 mg,mg,150.0,none,False,False,False
327,CISplatin 100 mg/100mL inj,CISplatin,Not Recorded,100.0 mL,13,mL,100.0,,100.0 mg,mg,100.0,100.0 mg/100.0 ML,False,False,False
328,CISplatin 200  mg/200  mL inj,CISplatin,Not Recorded,200.0 mL,4265,mL,200.0,,200.0 mg,mg,200.0,200.0 mg/200.0 ML,False,False,False
329,"CMPD fentanyl  2,500 mcg vial",fentanyl citrate,Not Recorded,none,15018,,,,2500.0 mcg,mcg,2500.0,none,True,False,False
330,CaRVEDILOL 12.5 mg tab,CaRVEDILOL,Not Recorded,none,1,,,,12.5 mg,mg,12.5,none,False,False,False
331,CaRVEDILOL 25 mg tab,CaRVEDILOL,Not Recorded,none,1,,,,25.0 mg,mg,25.0,none,False,False,False
332,Caffeine Citrate 20mg/mL neonate syringe,caffeine citrate syringe,Not Recorded,none,439,,,,20.0 mg,mg,20.0,none,False,False,False
333,Caffeine Citrate 60mg/3ml inj,caffeine citrate,Not Recorded,3.0 mL,6,mL,3.0,,60.0 mg,mg,60.0,60.0 mg/3.0 ML,False,False,False
334,Caffeine-Sod Benz 500 mg/2 mL inj,caffeine-sodium benzoate,Not Recorded,2.0 mL,182,mL,2.0,,500.0 mg,mg,500.0,500.0 mg/2.0 ML,False,False,False
335,Calcitonin 400 IU/2 mL inj,calcitonin,Not Recorded,2.0 mL,2,mL,2.0,,400.0 IU,IU,400.0,400.0 IU/2.0 ML,False,False,False
336,Calcitriol 1 mcg/1 mL inj,calcitriol,Not Recorded,1.0 mL,446,mL,1.0,,1.0 mcg,mcg,1.0,1.0 mcg/1.0 ML,False,False,False
337,Calcium Chloride  1gm/10 mL inj vial,calcium chloride,Not Recorded,10.0 mL,2793,mL,10.0,,1.0 gm,gm,1.0,none,False,False,False
338,Calcium Chloride  1gm/10 mL syringe,calcium chloride,Not Recorded,10.0 mL,32810,mL,10.0,,1.0 gm,gm,1.0,none,False,False,False
339,Calcium Chloride (45x) 6.3gm granules,calcium chloride,Not Recorded,none,7,,,,6.3 gm,gm,6.3,none,False,False,False
340,Calcium Glubionate 1.8 gm/5 ml liq 15 mL,calcium glubionate,Not Recorded,5.0 mL,1,mL,5.0,,1.8 gm,gm,1.8,none,True,False,False
341,Calcium Gluconate 1 gm/10 mL inj,calcium gluconate,Not Recorded,10.0 mL,143562,mL,10.0,,1.0 gm,gm,1.0,none,False,False,False
342,Calcium Gluconate 1 gm/10 mL inj ADD,calcium gluconate,Grams/Hour,10.0 mL,29686,mL,10.0,,1.0 gm,gm,1.0,none,False,False,False
343,Calcium chloride 5.1gm granules,calcium chloride,Not Recorded,none,1,,,,5.1 gm,gm,5.1,none,False,False,False
344,Calcium gluconate 50mg/mL/NS neonate syringe,calcium gluconate in NS syringe,Not Recorded,none,168,,,,50.0 mg,mg,50.0,none,False,False,False
345,Carbidopa-Levodopa 25/100 CR tab,carbidopa-levodopa cr 25/100,Not Recorded,none,1,,,,none,,,none,False,False,False
346,Carbidopa-Levodopa 25/100 tab,carbidopa-levodopa 25/100,Not Recorded,none,1,,,,100.0 tab,tab,100.0,none,False,False,False
347,Carbidopa/Entacapone/Levodopa 37.5 mg-200 mg-150 mg tabl,carbidopa/entacapone/levodopa 37.5/200/150,Not Recorded,none,1,,,,37.5 mg,mg,37.5,none,False,False,False
348,Carboprost Trm 250 mcg/ 1 mL,carboprost,Not Recorded,1.0 mL,8,mL,1.0,,250.0 mcg,mcg,250.0,250.0 mcg/1.0 ML,True,False,False
349,Carfilzomib 60 mg inj,carfilzomib,Not Recorded,none,19,,,,60.0 mg,mg,60.0,none,False,False,False
350,Carmustine 100 mg inj,carmustine,Not Recorded,none,321,,,,100.0 mg,mg,100.0,none,False,False,False
351,CeFAZOLIN 2 g/50 mL,ceFAZolin in iso-dex,Not Recorded,50.0 mL,90075,mL,50.0,,2.0 g,g,2.0,2.0 g/50.0 ML,True,False,False
352,CeFAZOLIN 2 g/50 mL,ceFAZolin ivpb,Not Recorded,50.0 mL,104079,mL,50.0,,2.0 g,g,2.0,2.0 g/50.0 ML,True,False,False
353,CeFAZolin 500mg (10gm vial),ceFAZolin,Not Recorded,none,3100,,,,500.0 mg,mg,500.0,none,True,False,False
354,CeTUXimab 2 mg/mL 50 mL inj,ceTUXimab,Not Recorded,50.0 mL,3,mL,50.0,,2.0 mg,mg,2.0,none,False,False,False
355,CefEPIME 1 gm/D5W 50mL IVPB,cefepime in D5W,Not Recorded,50.0 mL,8193,mL,50.0,,1.0 gm,gm,1.0,none,True,False,False
356,CefEPIME 1 gm/ns 100ml,cefEPIME in NS,Not Recorded,100.0 mL,496,mL,100.0,,1.0 gm,gm,1.0,none,True,False,False
357,CefEPIME 20mg/mL neonate syringe,cefEPIME in syringe,Not Recorded,none,32,,,,20.0 mg,mg,20.0,none,False,False,False
358,CefEPIME 2gm/D5W 50mL IVPB,cefEPIME in d5W,Not Recorded,50.0 mL,73715,mL,50.0,,2.0 gm,gm,2.0,none,True,False,False
359,CefTAZIDime 1gm IVPB,cefTAZIDime in ns,Not Recorded,none,8950,,,,1.0 gm,gm,1.0,none,True,False,False
360,CefTAZIDime 1gm/50 mL IVPB,cefTAZIDime IVPB,Not Recorded,50.0 mL,506,mL,50.0,,1.0 gm,gm,1.0,none,True,False,False
361,CefTAZIDime 1gm/50 mL IVPB,cefTAZIDime ivpb,Not Recorded,50.0 mL,109,mL,50.0,,1.0 gm,gm,1.0,none,True,False,False
362,CefTAZIDime 1gm/50 mL Iso-Dex,cefTAZIDime in Iso-Dex,Not Recorded,50.0 mL,31,mL,50.0,,1.0 gm,gm,1.0,none,True,False,False
363,CefTAZIDime 2gm/100 mL IVPB,cefTAZIDime in ns,Not Recorded,100.0 mL,5,mL,100.0,,2.0 gm,gm,2.0,none,True,False,False
364,CefTAZIDime 2gm/100 mL IVPB,cefTAZIDime ivpb,Not Recorded,100.0 mL,1008,mL,100.0,,2.0 gm,gm,2.0,none,True,False,False
365,CefTAZIDime 2gm/50 mL IVPB,cefTAZIDime ivpb,Not Recorded,50.0 mL,6021,mL,50.0,,2.0 gm,gm,2.0,none,True,False,False
366,CefTAZIDime 2gm/50 mL Iso-Dex,cefTAZIDime in Iso-Dex,Not Recorded,50.0 mL,4467,mL,50.0,,2.0 gm,gm,2.0,none,True,False,False
367,CefTAZIDime 2gm/NS IVPB,cefTAZIDime in ns,Not Recorded,none,45946,,,,2.0 gm,gm,2.0,none,True,False,False
368,CefTAZIDime 40mg/mL NS neonate syringe,cefTAZIDime in NS syringe,Not Recorded,none,74,,,,40.0 mg,mg,40.0,none,False,False,False
369,CefTAZIDime 40mg/mL NS neonate syringe,cefTAZidime in NS syringe,Not Recorded,none,212,,,,40.0 mg,mg,40.0,none,False,False,False
370,CefTAZidime 2.25mg/0.1mL for Intravitreal inj.,cefTAZidime intravitreal,Not Recorded,0.1 mL,9,mL,0.1,,2.25 mg,mg,2.25,2.25 mg/0.1 ML,False,False,False
371,CefaZOLIN 1gm/50 mL Iso-Dex,cefaZOLIN in iso-dex,Not Recorded,50.0 mL,98944,mL,50.0,,1.0 gm,gm,1.0,none,True,False,False
372,CefaZOLIN 20mg/mL/NS neonate syringe,cefaZOLIN in NS syringe,Not Recorded,none,25,,,,20.0 mg,mg,20.0,none,False,False,False
373,Cefazolin 2 gm/NS IVPB,cefazolin in ns,Not Recorded,none,3551,,,,2.0 gm,gm,2.0,none,True,False,False
374,Cefepime 2gm Desensitization Rx Protocol- initiate,Cefepime 2gm Desensitization Rx Protocol- initiate,Not Recorded,none,2,,,,2.0 gm,gm,2.0,none,True,False,False
375,Cefotaxime 1 gm inj,cefotaxime,Not Recorded,none,6,,,,1.0 gm,gm,1.0,none,False,False,False
376,Cefotaxime 50mg/mL neonate syringe,cefotaxime in syringe,Not Recorded,none,108,,,,50.0 mg,mg,50.0,none,False,False,False
377,Cefoxitin 1gm in Iso Dex,cefoxitin in iso dex,Not Recorded,none,2264,,,,1.0 gm,gm,1.0,none,True,False,False
378,Cefoxitin 1gm in NS,cefOXitin in NS,Not Recorded,none,57,,,,1.0 gm,gm,1.0,none,True,False,False
379,Cefoxitin 2gm in Iso Dex,cefoxitin in iso dex,Not Recorded,none,8513,,,,2.0 gm,gm,2.0,none,True,False,False
380,Cefoxitin 2gm in NS,cefOXitin in NS,Not Recorded,none,1000,,,,2.0 gm,gm,2.0,none,True,False,False
381,Ceftaroline 400 mg inj,ceftaroline,Not Recorded,none,6123,,,,400.0 mg,mg,400.0,none,False,False,False
382,Ceftaroline 600 mg inj,ceftaroline,Not Recorded,none,17749,,,,600.0 mg,mg,600.0,none,False,False,False
383,Ceftazidime 10mg/mL 2mL lock soln.,ceftazidime lock soln.,Not Recorded,2.0 mL,5,mL,2.0,,10.0 mg,mg,10.0,none,True,False,False
384,Ceftolozane-Tazobactam 1500mg inj,ceftolozane-tazobactam,Not Recorded,none,6239,,,,1500.0 mg,mg,1500.0,none,False,False,False
385,Ceftriaxone 1gm/ 50mL NS,ceftriaxone in NS,Not Recorded,50.0 mL,2105,mL,50.0,,1.0 gm,gm,1.0,none,True,False,False
386,Ceftriaxone 1gm/50 mL Iso-Dex,ceftriaxone in iso-dex,Not Recorded,50.0 mL,52262,mL,50.0,,1.0 gm,gm,1.0,none,True,False,False
387,Ceftriaxone 1gm/50 mL NS,ceftriaxone in NS,Not Recorded,50.0 mL,20410,mL,50.0,,1.0 gm,gm,1.0,none,True,False,False
388,Ceftriaxone 250 mg for neonate,ceftriaxone,Not Recorded,none,2,,,,250.0 mg,mg,250.0,none,True,False,False
389,Ceftriaxone 250 mg inj,ceftriaxone,Not Recorded,none,208,,,,250.0 mg,mg,250.0,none,False,False,False
390,Ceftriaxone 250mg/mL IM neonate syringe,ceftriaxone,Not Recorded,none,9,,,,250.0 mg,mg,250.0,none,False,False,False
391,Ceftriaxone 2gm/50 mL Iso-Dex,ceftriaxone in Iso-Dex,Not Recorded,50.0 mL,47463,mL,50.0,,2.0 gm,gm,2.0,none,True,False,False
392,Ceftriaxone 2gm/50 mL NS,ceftriaxone in NS,Not Recorded,50.0 mL,11746,mL,50.0,,2.0 gm,gm,2.0,none,True,False,False
393,Ceftriaxone 40mg/mL/ neonate syringe,ceftriaxone in syringe,Not Recorded,none,2,,,,40.0 mg,mg,40.0,none,False,False,False
394,Ceftriaxone 40mg/mL/NS neonate syringe,ceftriaxone in NS syringe,Not Recorded,none,1,,,,40.0 mg,mg,40.0,none,False,False,False
395,Cefuroxime 1500 mg inj,cefuroxime,Not Recorded,none,10250,,,,1500.0 mg,mg,1500.0,none,False,False,False
396,Cefuroxime 1500mg/NS 100mL IVPB,cefuroxime in ns,Not Recorded,100.0 mL,35271,mL,100.0,,1500.0 mg,mg,1500.0,none,True,False,False
397,Cefuroxime 750 mg inj,cefuroxime,Not Recorded,none,23,,,,750.0 mg,mg,750.0,none,False,False,False
398,Cefuroxme 1.5 gm/50 mL Iso-Dex,cefuroxime in iso-dex,Not Recorded,50.0 mL,1946,mL,50.0,,1.5 gm,gm,1.5,none,True,False,False
399,Celecoxib 100 mg cap,celecoxib,Not Recorded,none,3,,,,100.0 mg,mg,100.0,none,False,False,False
400,Celecoxib 200 mg cap,celecoxib,Not Recorded,none,32,,,,200.0 mg,mg,200.0,none,False,False,False
401,Central Parenteral Nutrition,Central Parenteral Nutrition (hyperal),Not Recorded,none,1352817,,,imputed,none,,,none,True,False,False
402,Central TPN,Central TPN,Not Recorded,none,127859,,,,none,,,none,True,False,False
403,Cetuximab 2 mg/mL 100mL,cetuximab,Not Recorded,100.0 mL,3,mL,100.0,,2.0 mg,mg,2.0,none,True,False,False
404,Chloramphenicol 1gm inj,chloramphenicol,Not Recorded,none,9,,,,1.0 gm,gm,1.0,none,False,False,False
405,Chloraseptic throat spray,chloraseptic,Not Recorded,none,1,,,,none,,,none,False,False,False
406,Chloroprocane-MPF 3% inj,chloroprocaine 3%,Not Recorded,none,2,,,,none,,,none,False,False,False
407,Chlorothiazide 125 mg in syringe,chlorothiazide syringe,Not Recorded,none,841,,,,125.0 mg,mg,125.0,none,False,False,False
408,Chlorothiazide 250 mg in syringe,chlorothiazide syringe,Not Recorded,none,3396,,,,250.0 mg,mg,250.0,none,False,False,False
409,Chlorothiazide 250 mg tab,chlorothiazide,Not Recorded,none,1,,,,250.0 mg,mg,250.0,none,False,False,False
410,Chlorothiazide 50 mg/1 mL liq Extemp,chlorothiazide,Not Recorded,1.0 mL,5,mL,1.0,,50.0 mg,mg,50.0,50.0 mg/1.0 ML,True,False,False
411,Chlorothiazide 500 mg inj,chlorothiazide,Not Recorded,none,29588,,,,500.0 mg,mg,500.0,none,False,False,False
412,Chlorothiazide 500 mg injection,chlorothiazide,Not Recorded,none,3087,,,,500.0 mg,mg,500.0,none,False,False,False
413,ChlorproMAZINE 25 mg/1 mL inj,chlorproMAZINE,Not Recorded,1.0 mL,197,mL,1.0,,25.0 mg,mg,25.0,25.0 mg/1.0 ML,False,False,False
414,Chromic 4 mcg/ml Inj,chromic chloride,Not Recorded,none,114,,,,4.0 mcg,mcg,4.0,none,False,False,False
415,Cidofovir 375 mg/ 5mL inj,cidofovir,Not Recorded,5.0 mL,45,mL,5.0,,375.0 mg,mg,375.0,375.0 mg/5.0 ML,False,False,False
416,Ciprofloxacin 200 mg/20 mL inj,ciprofloxacin,Not Recorded,20.0 mL,12,mL,20.0,,200.0 mg,mg,200.0,200.0 mg/20.0 ML,False,False,False
417,Ciprofloxacin 400 mg/40 mL inj,ciprofloxacin,Not Recorded,40.0 mL,33,mL,40.0,,400.0 mg,mg,400.0,400.0 mg/40.0 ML,False,False,False
418,Ciprofloxacin 500 mg tab,ciprofloxacin,Not Recorded,none,1,,,,500.0 mg,mg,500.0,none,False,False,False
419,Cisatracurium 10 mg/mL  20 mL inj,cisatracurium,Microgram/Kilogram/Minute,20.0 mL,135832,mL,20.0,,10.0 mg,mg,10.0,none,False,False,False
420,Cisatracurium 2 mg/mL 10 mL inj,cisatracurium,Not Recorded,10.0 mL,714,mL,10.0,,2.0 mg,mg,2.0,none,False,False,False
421,Cisatracurium 2mg/mL 10mL syringe,cisatracurium,Not Recorded,10.0 mL,5,mL,10.0,,2.0 mg,mg,2.0,none,False,False,False
422,Citric Acid-Na Citrate (Bicitra)30 mL,citric acid-na citrate,Not Recorded,30.0 mL,19,mL,30.0,,none,,,none,True,False,False
423,Cladribine 10 mg/10 mL inj,cladribine,Not Recorded,10.0 mL,10,mL,10.0,,10.0 mg,mg,10.0,10.0 mg/10.0 ML,False,False,False
424,Clindamycin 15 mg/mL 100mL susp,clindamycin,Not Recorded,100.0 mL,1,mL,100.0,,15.0 mg,mg,15.0,none,True,False,False
425,Clindamycin 600 mg inj,clindamycin,Not Recorded,none,578,,,,600.0 mg,mg,600.0,none,False,False,False
426,Clindamycin 600 mg/50 mL D5W,clindamycin in d5w,Not Recorded,50.0 mL,28328,mL,50.0,,600.0 mg,mg,600.0,600.0 mg/50.0 ML,True,False,False
427,Clindamycin 900 mg inj,clindamycin,Not Recorded,none,747,,,,900.0 mg,mg,900.0,none,False,False,False
428,Clindamycin 900 mg/50 mL D5W,clindamycin in d5w,Not Recorded,50.0 mL,40914,mL,50.0,,900.0 mg,mg,900.0,900.0 mg/50.0 ML,True,False,False
429,Clindamycin 900 mg/50mL NS IVPB,clindamycin in ns,Not Recorded,50.0 mL,7960,mL,50.0,,900.0 mg,mg,900.0,900.0 mg/50.0 ML,True,False,False
430,ClonIDINE 0.3 mg/24 hr patch,clonIDINE,Not Recorded,none,1,,,,0.3 mg,mg,0.3,none,False,False,False
431,ClonIDINE HCl 0.1 mg tab,clonIDINE,Not Recorded,none,3,,,,0.1 mg,mg,0.1,none,False,False,False
432,ClonIDINE HCl 0.2 mg tab,clonIDINE,Not Recorded,none,2,,,,0.2 mg,mg,0.2,none,False,False,False
433,Clopidogrel 300mg tablet,clopidogrel,Not Recorded,none,1,,,,300.0 mg,mg,300.0,none,False,False,False
434,Clopidogrel 75 mg tab,clopidogrel,Not Recorded,none,2,,,,75.0 mg,mg,75.0,none,False,False,False
435,Coagulation Factor 7a (VIIa) 1000 mcg,coagulation factor 7a (VIIa),Not Recorded,none,215,,,,1000.0 mcg,mcg,1000.0,none,True,False,False
436,Coagulation Factor 7a (VIIa) 2000 mcg,coagulation factor 7a (VIIa),Not Recorded,none,231,,,,2000.0 mcg,mcg,2000.0,none,True,False,False
437,Coagulation Factor 7a (VIIa) 5000 mcg,coagulation factor 7a (VIIa),Not Recorded,none,42,,,,5000.0 mcg,mcg,5000.0,none,True,False,False
438,Coagulation factor 7a (VIIa) 1000 mcg,coagulation factor 7a (VIIa),Not Recorded,none,49,,,,1000.0 mcg,mcg,1000.0,none,True,False,False
439,Coagulation factor 7a (VIIa) 2000 mcg,coagulation factor 7a (VIIa),Not Recorded,none,642,,,,2000.0 mcg,mcg,2000.0,none,True,False,False
440,Coagulation factor 7a (VIIa) 5000 mcg,coagulation factor 7a (VIIa),Not Recorded,none,14,,,,5000.0 mcg,mcg,5000.0,none,True,False,False
441,Coagulation factor 7a (VIIa) 8000 mcg,coagulation factor VIIa,Not Recorded,none,8,,,,8000.0 mcg,mcg,8000.0,none,True,False,False
442,Cocaine 4% 4 mL top solution,cocaine 4%,Not Recorded,4.0 mL,14,mL,4.0,,none,,,none,True,False,False
443,Colistimethate 150 mg for Inhalation syringe,colistimethate inhalation in syringe,Not Recorded,none,1,,,,150.0 mg,mg,150.0,none,False,False,False
444,Colistimethate 150 mg inj,colistimethate,Not Recorded,none,12062,,,,150.0 mg,mg,150.0,none,False,False,False
445,Conivaptan 20mg/D5W 100mL,conivaptan/d5w,Not Recorded,100.0 mL,64,mL,100.0,,20.0 mg,mg,20.0,none,True,False,False
446,Copper chloride 0.4mg/mL 10mL inj,copper chloride,Not Recorded,10.0 mL,1186,mL,10.0,,0.4 mg,mg,0.4,none,False,False,False
447,Copper sulfate 0.4 mg/mL inj,copper sulfate,Not Recorded,none,5,,,,0.4 mg,mg,0.4,none,False,False,False
448,Corticorelin 100 mcg/2 mL  inj,corticorelin,Not Recorded,2.0 mL,2,mL,2.0,,100.0 mcg,mcg,100.0,100.0 mcg/2.0 ML,False,False,False
449,Cosyntropin 0.25 mg inj,cosyntropin,Not Recorded,none,3176,,,,0.25 mg,mg,0.25,none,False,False,False
450,Cosyntropin 1mcg/mL/NS neonate syringe,cosyntropin in NS syringe,Not Recorded,none,2,,,,1.0 mcg,mcg,1.0,none,False,False,False
451,Cyanide Antidote Kit,sod thio-sod-amyl-nitr,Not Recorded,none,1,,,,none,,,none,True,False,False
452,"Cyanocobalamin 1,000 mcg/1 mL inj",cyanocobalamin,Not Recorded,1.0 mL,94,mL,1.0,,1000.0 mcg,mcg,1000.0,0.0 mcg/1.0 ML,False,False,False
453,Cyanocobalamin 100 mcg tab,cyanocobalamin,Not Recorded,none,1,,,,100.0 mcg,mcg,100.0,none,False,False,False
454,Cyanocobalamin 1000 mcg tab,cyanocobalamin,Not Recorded,none,4,,,,1000.0 mcg,mcg,1000.0,none,False,False,False
455,CycloPHOSphamide 1gm/50 mL inj,cycloPHOSphamide,Not Recorded,50.0 mL,11472,mL,50.0,,1.0 gm,gm,1.0,none,False,False,False
456,CycloPHOSphamide 2 gm inj,cycloPHOSphamide,Not Recorded,none,2,,,,2.0 gm,gm,2.0,none,False,False,False
457,CycloSPORINE 100 mg/mL Sol(Sandimmune) 50 mL,cycloSPORINE,Not Recorded,50.0 mL,1,mL,50.0,,100.0 mg,mg,100.0,none,True,False,False
458,CycloSPORINE 250 mg/5 mL inj,cycloSPORINE,Not Recorded,5.0 mL,3077,mL,5.0,,250.0 mg,mg,250.0,250.0 mg/5.0 ML,False,False,False
459,Cyclophosphamide 500 mg inj,cyclophosphamide,Not Recorded,none,418,,,,500.0 mg,mg,500.0,none,False,False,False
460,Cyclophosphamide 500mg/25mL inj,cyclophosphamide,Not Recorded,25.0 mL,11,mL,25.0,,500.0 mg,mg,500.0,500.0 mg/25.0 ML,False,False,False
461,Cytarabine 100 mg / 5 mL inj,cytarabine,Not Recorded,5.0 mL,388,mL,5.0,,100.0 mg,mg,100.0,100.0 mg/5.0 ML,False,False,False
462,Cytarabine 2000 mg/20 mL inj,cytarabine,Not Recorded,20.0 mL,10392,mL,20.0,,2000.0 mg,mg,2000.0,2000.0 mg/20.0 ML,False,False,False
463,Cytarabine 500 mg / 5 mL  inj,cytarabine,Not Recorded,5.0 mL,49,mL,5.0,,500.0 mg,mg,500.0,500.0 mg/5.0 ML,False,False,False
464,Cytomegalvirus Glob 2.5gm/50mL IV,cytomegalovirus globulin,Not Recorded,50.0 mL,345,mL,50.0,,2.5 gm,gm,2.5,none,True,False,False
465,D10W 0.2%NS 250  mL bag,d10.2ns,Not Recorded,250.0 mL,293,mL,250.0,,0.2 %,%,0.2,none,True,False,False
466,D10W 0.45%NS 250mL,D10W 0.45%NS,Not Recorded,250.0 mL,1,mL,250.0,,0.45 %,%,0.45,none,True,False,False
467,D10W 1000 mL IV bag,d10w,Not Recorded,1000.0 mL,202556,mL,1000.0,,none,,,none,True,False,False
468,D10W 25 gm/250 mL inj,D10W,Not Recorded,250.0 mL,7683,mL,250.0,,25.0 gm,gm,25.0,none,False,False,False
469,D10W 500 mL iv bag,d10w,Not Recorded,500.0 mL,9212,mL,500.0,,none,,,none,True,False,False
470,D12.5W 0.2%NS 250mL,D12.5W 0.2%NS,Not Recorded,250.0 mL,16,mL,250.0,,0.2 %,%,0.2,none,True,False,False
471,D12.5W 0.45%NS 250mL,D12.5W 0.45%NS,Not Recorded,250.0 mL,20,mL,250.0,,0.45 %,%,0.45,none,True,False,False
472,D12.5W 250ml,D12.5W,Not Recorded,250.0 mL,1,mL,250.0,,none,,,none,True,False,False
473,D15%W 250 ml,D15W,Not Recorded,250.0 mL,1,mL,250.0,,15.0 %,%,15.0,none,True,False,False
474,D20W 0.2%NS 250mL,D20W 0.2%NS,Not Recorded,250.0 mL,6,mL,250.0,,0.2 %,%,0.2,none,True,False,False
475,D20W 250mL,D20W,Not Recorded,250.0 mL,218,mL,250.0,,none,,,none,True,False,False
476,D20W 500 mL IV bag,dextrose 20%,Not Recorded,500.0 mL,51454,mL,500.0,,none,,,none,True,False,False
477,D25W 250mL,D25W,Not Recorded,250.0 mL,2,mL,250.0,,none,,,none,True,False,False
478,D5.2NS + 20 mEq KCl 1000 mL IV,d5w.2ns + kcl,Not Recorded,1000.0 mL,745,mL,1000.0,,20.0 mEq,mEq,20.0,none,True,False,False
479,D5.2NS + 40 mEq KCl 1000 mL IV,d5w.2ns + kcl,Not Recorded,1000.0 mL,116,mL,1000.0,,40.0 mEq,mEq,40.0,none,True,False,False
480,D5.2NS 1000 mL IV bag,d5.2ns,Not Recorded,1000.0 mL,11363,mL,1000.0,,none,,,none,True,False,False
481,D5.2NS 500 mL IV bag,d5.2ns,Not Recorded,500.0 mL,55,mL,500.0,,none,,,none,True,False,False
482,D5.45NS + 10 mEq KCl 1000 mL IV,d5.45ns + kcl,Not Recorded,1000.0 mL,45322,mL,1000.0,,10.0 mEq,mEq,10.0,none,True,False,False
483,D5.45NS + 20 mEq KCl 1000 ml  IV,d5.45ns + kcl,Not Recorded,1000.0 mL,806311,mL,1000.0,,20.0 mEq,mEq,20.0,none,True,False,False
484,D5.45NS + 30 mEq KCl 1000 mL IV,d5.45ns + kcl,Not Recorded,1000.0 mL,1609,mL,1000.0,,30.0 mEq,mEq,30.0,none,True,False,False
485,D5.45NS + 40 mEq KCl 1000 mL IV,d5.45ns + kcl,Not Recorded,1000.0 mL,20045,mL,1000.0,,40.0 mEq,mEq,40.0,none,True,False,False
486,D5.45NS 1000 mL IV bag,d5.45ns,Not Recorded,1000.0 mL,1151341,mL,1000.0,,none,,,none,True,False,False
487,D5.45NS 1000 mL for chemo,d5.45ns,Not Recorded,1000.0 mL,1510,mL,1000.0,,none,,,none,True,False,False
488,D5.45NS 500 mL IV bag,d5.45ns,Not Recorded,500.0 mL,1915,mL,500.0,,none,,,none,True,False,False
489,D5LR + 20 mEq KCl 1000mL,d5lr + kcl,Not Recorded,1000.0 mL,2985,mL,1000.0,,20.0 mEq,mEq,20.0,none,True,False,False
490,D5LR 1000 mL IV bag,d5lr,Not Recorded,1000.0 mL,170271,mL,1000.0,,none,,,none,True,False,False
491,D5LR 500 mL iv bag,D5LR,Not Recorded,500.0 mL,115,mL,500.0,,none,,,none,True,False,False
492,D5NS 1000 mL IV bag,d5ns,Not Recorded,1000.0 mL,448514,mL,1000.0,,none,,,none,True,False,False
493,D5NS 500 mL IV bag,d5ns,Not Recorded,500.0 mL,1043,mL,500.0,,none,,,none,True,False,False
494,D5NS+20 mEq KCl 1000 mL IV bag,d5ns + kcl,Not Recorded,1000.0 mL,63122,mL,1000.0,,20.0 mEq,mEq,20.0,none,True,False,False
495,D5W + 20 mEq KCl 1000 mL IV bag,d5w + kcl,Not Recorded,1000.0 mL,10295,mL,1000.0,,20.0 mEq,mEq,20.0,none,True,False,False
496,D5W 100 mL (Polyolefin),d5w (polyolefin),Not Recorded,100.0 mL,23702,mL,100.0,,none,,,none,True,False,False
497,D5W 100 mL IV bag,d5w,Not Recorded,100.0 mL,34853,mL,100.0,,none,,,none,True,False,False
498,D5W 100 mL IV bag chemo,d5w,Not Recorded,100.0 mL,114,mL,100.0,,none,,,none,True,False,False
499,D5W 1000 mL (Polyolefin),d5w (polyolefin),Not Recorded,1000.0 mL,160,mL,1000.0,,none,,,none,True,False,False
500,D5W 1000 mL (Polyolefin) for chemo,d5w (polyolefin),Not Recorded,1000.0 mL,15,mL,1000.0,,none,,,none,True,False,False
501,D5W 1000 mL IV bag,d5w,Not Recorded,1000.0 mL,711070,mL,1000.0,,none,,,none,True,False,False
502,D5W 1000 mL IV bag for chemo,d5w,Not Recorded,1000.0 mL,221,mL,1000.0,,none,,,none,True,False,False
503,D5W 150 mL IV bag,d5w,Not Recorded,150.0 mL,2668,mL,150.0,,none,,,none,True,False,False
504,D5W 150 mL IV bag for chemo,d5w,Not Recorded,150.0 mL,58,mL,150.0,,none,,,none,True,False,False
505,D5W 250 mL IV bag,d5w,Not Recorded,250.0 mL,195577,mL,250.0,,none,,,none,True,False,False
506,D5W 250 mL IV bag for chemo,d5w,Not Recorded,250.0 mL,350,mL,250.0,,none,,,none,True,False,False
507,D5W 250mL (Polyolefin),d5w (polyolefin),Not Recorded,250.0 mL,639400,mL,250.0,,none,,,none,True,False,False
508,D5W 250mL (Polyolefin) for chemo,d5w (polyolefin),Not Recorded,250.0 mL,223,mL,250.0,,none,,,none,True,False,False
509,D5W 50 mL IV bag,d5w,Not Recorded,50.0 mL,30895,mL,50.0,,none,,,none,True,False,False
510,D5W 50 mL IV bag for chemo,d5w,Not Recorded,50.0 mL,584,mL,50.0,,none,,,none,True,False,False
511,D5W 50 mL IV bottle,d5w btl,Not Recorded,50.0 mL,3,mL,50.0,,none,,,none,True,False,False
512,D5W 500 mL (Polyolefin),d5w (polyolefin),Not Recorded,500.0 mL,557952,mL,500.0,,none,,,none,True,False,False
513,D5W 500 mL (Polyolefin) for chemo,d5w (polyolefin) for chemo,Not Recorded,500.0 mL,782,mL,500.0,,none,,,none,True,False,False
514,D5W 500 mL IV bag,d5w,Not Recorded,500.0 mL,29085,mL,500.0,,none,,,none,True,False,False
515,D5W 500 mL IV bag for chemo,d5w,Not Recorded,500.0 mL,483,mL,500.0,,none,,,none,True,False,False
516,D5W 50mL (Polyolefin),d5w (polyolefin),Not Recorded,50.0 mL,7,mL,50.0,,none,,,none,True,False,False
517,D70W 1000mL IV bag,d70w,Not Recorded,1000.0 mL,264,mL,1000.0,,none,,,none,True,False,False
518,D70W 2000 mL IV bag,d70w,Not Recorded,2000.0 mL,419,mL,2000.0,,none,,,none,True,False,False
519,D70W 500 mL IV bag,d70w,Not Recorded,500.0 mL,118,mL,500.0,,none,,,none,True,False,False
520,DACTINOmycin 0.5 mg inj,DACTINOmycin,Not Recorded,none,44,,,,0.5 mg,mg,0.5,none,False,False,False
521,DAPTOmycin 350 mg inj,DAPTOmycin,Not Recorded,none,16976,,,,350.0 mg,mg,350.0,none,False,False,False
522,DAPTOmycin 50 mg/mL inj,DAPTOmycin,Not Recorded,none,2526,,,,50.0 mg,mg,50.0,none,False,False,False
523,DAUNOrubicin 20 mg inj,DAUNOrubicin,Not Recorded,none,240,,,,20.0 mg,mg,20.0,none,False,False,False
524,DAUNOrubicin 5 mg/ml injection,DAUNOrubicin,Not Recorded,none,94,,,,5.0 mg,mg,5.0,none,False,False,False
525,DOBUTamine 250 mg/20 mL inj,DOBUTamine,Microgram/Kilogram/Minute,20.0 mL,27450,mL,20.0,,250.0 mg,mg,250.0,250.0 mg/20.0 ML,False,False,False
526,DOBUTamine 250 mg/20 mL inj ADD,DOBUTamine,Not Recorded,20.0 mL,54,mL,20.0,,250.0 mg,mg,250.0,250.0 mg/20.0 ML,False,False,False
527,DOCEtaxel 10 mg/mL inj,DOCEtaxel,Not Recorded,none,8,,,,10.0 mg,mg,10.0,none,False,False,False
528,DOCEtaxel 20mg/1mL inj,DOCEtaxel,Not Recorded,1.0 mL,36,mL,1.0,,20.0 mg,mg,20.0,20.0 mg/1.0 ML,False,False,False
529,DOCEtaxel 80mg/4mL inj,DOCEtaxel,Not Recorded,4.0 mL,38,mL,4.0,,80.0 mg,mg,80.0,80.0 mg/4.0 ML,False,False,False
530,DOPamine 200 mg/5mL inj,DOPamine,Microgram/Kilogram/Minute,5.0 mL,996,mL,5.0,,200.0 mg,mg,200.0,200.0 mg/5.0 ML,False,False,False
531,DOPamine 400 mg/5 mL inj,DOPamine,Microgram/Kilogram/Minute,5.0 mL,1740,mL,5.0,,400.0 mg,mg,400.0,400.0 mg/5.0 ML,False,False,False
532,DOPamine 400mg/10mL inj,DOPamine,Microgram/Kilogram/Minute,10.0 mL,1526,mL,10.0,,400.0 mg,mg,400.0,400.0 mg/10.0 ML,False,False,False
533,DOXOrubicin  LYOPH 50mg for orderset only,DOXOrubicin LYOPH,Not Recorded,none,2,,,,50.0 mg,mg,50.0,none,True,False,False
534,DOXOrubicin  LYOPHILIZED 50mg inj,DOXOrubicin LYOPH,Not Recorded,none,22,,,,50.0 mg,mg,50.0,none,False,False,False
535,DOXOrubicin 2 mg/mL PF 25mL for orderset only,DOXOrubicin,Not Recorded,25.0 mL,112,mL,25.0,,2.0 mg,mg,2.0,none,True,False,False
536,DOXOrubicin 2 mg/mL PF soln. 25mL,DOXOrubicin,Not Recorded,25.0 mL,7396,mL,25.0,,2.0 mg,mg,2.0,none,True,False,False
537,DOXOrubicin PFS 10 mg/5 mL inj,DOXOrubicin,Not Recorded,5.0 mL,737,mL,5.0,,10.0 mg,mg,10.0,10.0 mg/5.0 ML,False,False,False
538,DOXOrubicin liposomal 2 mg/mL (Lipodox),DOXOrubicin liposomal,Not Recorded,none,11,,,,2.0 mg,mg,2.0,none,True,False,False
539,DOXOrubicin liposomal 20mg/ 10 mL inj,DOXOrubicin hcl liposome,Not Recorded,10.0 mL,78,mL,10.0,,20.0 mg,mg,20.0,20.0 mg/10.0 ML,False,False,False
540,Dacarbazine 200mg inj,dacarbazine,Not Recorded,none,90,,,,200.0 mg,mg,200.0,none,False,False,False
541,Dalbavancin 500 mg/25ml  inj,dalbavancin,Not Recorded,25.0 mL,162,mL,25.0,,500.0 mg,mg,500.0,500.0 mg/25.0 ML,False,False,False
542,Dalfopristin-Quinupristin 500 mg inj,dalfopristin-quinupristin,Not Recorded,none,20,,,,500.0 mg,mg,500.0,none,False,False,False
543,Dantrolene 100 mg cap,dantrolene,Not Recorded,none,1,,,,100.0 mg,mg,100.0,none,False,False,False
544,Dantrolene 20 mg inj,dantrolene,Not Recorded,none,40,,,,20.0 mg,mg,20.0,none,False,False,False
545,Dantrolene 250 mg inj,dantrolene,Not Recorded,none,44,,,,250.0 mg,mg,250.0,none,False,False,False
546,Daptomycin 500mg for IVPB,daptomycin,Not Recorded,none,15274,,,,500.0 mg,mg,500.0,none,True,False,False
547,Daptomycin 5mg/ml /LR 2mL lock soln.,daptomycin in LR lock soln.,Not Recorded,2.0 mL,7,mL,2.0,,5.0 mg,mg,5.0,none,True,False,False
548,Daratumumab 400mg/20mL inj.,daratumumab,Not Recorded,20.0 mL,4,mL,20.0,,400.0 mg,mg,400.0,400.0 mg/20.0 ML,False,False,False
549,Darbepoetin Alfa 25 mcg/0.42 mL syr.,darbepoetin alfa,Not Recorded,0.42 mL,47,mL,0.42,,25.0 mcg,mcg,25.0,25.0 mcg/0.42 ML,False,False,False
550,Darbepoetin Alfa 40 mcg/0.4 mL syr.,darbepoetin alfa,Not Recorded,0.4 mL,219,mL,0.4,,40.0 mcg,mcg,40.0,40.0 mcg/0.4 ML,False,False,False
551,Darbepoetin Alfa 40 mcg/0.4 mL syringe,darbepoetin alfa,Not Recorded,0.4 mL,2,mL,0.4,,40.0 mcg,mcg,40.0,40.0 mcg/0.4 ML,False,False,False
552,Darbepoetin alfa 100 mcg/0.5 mL syr. For Dialysis,darbepoetin alfa,Not Recorded,0.5 mL,106,mL,0.5,,100.0 mcg,mcg,100.0,100.0 mcg/0.5 ML,False,False,False
553,Darbepoetin alfa 100 mcg/0.5 mL syringe,darbepoetin alfa,Not Recorded,0.5 mL,145,mL,0.5,,100.0 mcg,mcg,100.0,100.0 mcg/0.5 ML,False,False,False
554,Darbepoetin alfa 100 mcg/0.5 mL syringe- APPRISE,darbepoetin alfa,Not Recorded,0.5 mL,3,mL,0.5,,100.0 mcg,mcg,100.0,100.0 mcg/0.5 ML,False,False,False
555,Darbepoetin alfa 150 mcg/0.3 mL syringe,darbepoetin alfa,Not Recorded,0.3 mL,11,mL,0.3,,150.0 mcg,mcg,150.0,150.0 mcg/0.3 ML,False,False,False
556,Darbepoetin alfa 200 mcg/0.4 mL syringe,darbepoetin alfa,Not Recorded,0.4 mL,13,mL,0.4,,200.0 mcg,mcg,200.0,200.0 mcg/0.4 ML,False,False,False
557,Darbepoetin alfa 60 mcg/0.3 mL syr.,darbepoetin alfa,Not Recorded,0.3 mL,1340,mL,0.3,,60.0 mcg,mcg,60.0,60.0 mcg/0.3 ML,False,False,False
558,Darbepoetin alfa 60 mcg/0.3 mL syringe,darbepoetin alfa,Not Recorded,0.3 mL,29,mL,0.3,,60.0 mcg,mcg,60.0,60.0 mcg/0.3 ML,False,False,False
559,Decitabine 50mg inj,decitabine,Not Recorded,none,2107,,,,50.0 mg,mg,50.0,none,False,False,False
560,Deferoxamine 500 mg inj,deferoxamine,Not Recorded,none,184,,,,500.0 mg,mg,500.0,none,False,False,False
561,Description Missing,Description Missing,Not Recorded,none,1,,,,none,,,none,True,False,False
562,Desmopressin 0.1 mg tab,desmopressin,Not Recorded,none,4,,,,0.1 mg,mg,0.1,none,False,False,False
563,Desmopressin 0.4 mcg/mL SubQ syringe,desmopress in syringe,Not Recorded,none,54,,,,0.4 mcg,mcg,0.4,none,False,False,False
564,Desmopressin 10mcg/inh 5mL nasal,desmopressin,Not Recorded,5.0 mL,2,mL,5.0,,10.0 mcg,mcg,10.0,none,True,False,False
565,Desmopressin 4 mcg/mL IV in syringe,desmopressin in syringe,Not Recorded,none,449,,,,4.0 mcg,mcg,4.0,none,False,False,False
566,Desmopressin 4 mcg/mL SubQ syringe,desmopressin in syringe,Not Recorded,none,15,,,,4.0 mcg,mcg,4.0,none,False,False,False
567,Desmopressin 4 mcg/mL inj,desmopressin,Not Recorded,none,4858,,,,4.0 mcg,mcg,4.0,none,False,False,False
568,Desmopressin 4 mcg/mL inj.,desmopressin,Not Recorded,none,396,,,,4.0 mcg,mcg,4.0,none,False,False,False
569,Dexamethasone 0.2mg/mL neonate syringe,Dexamethasone in syringe,Not Recorded,none,5,,,,0.2 mg,mg,0.2,none,False,False,False
570,Dexamethasone 0.5 mg tab,dexamethasone,Not Recorded,none,1,,,,0.5 mg,mg,0.5,none,False,False,False
571,Dexamethasone 10mg/NS IVPB,dexamethasone/ns,Not Recorded,none,11,,,,10.0 mg,mg,10.0,none,True,False,False
572,Dexamethasone 12mg/NS IVPB,dexamethasone/ns,Not Recorded,none,23,,,,12.0 mg,mg,12.0,none,True,False,False
573,Dexamethasone 2 mg tab,dexamethasone,Not Recorded,none,2,,,,2.0 mg,mg,2.0,none,False,False,False
574,Dexamethasone 20 mg/5 mL inj,dexamethasone,Not Recorded,5.0 mL,16655,mL,5.0,,20.0 mg,mg,20.0,20.0 mg/5.0 ML,False,False,False
575,Dexamethasone 20mg/NS IVPB,dexamethasone/ns,Not Recorded,none,69,,,,20.0 mg,mg,20.0,none,True,False,False
576,Dexamethasone 4 mg tab,dexamethasone,Not Recorded,none,24,,,,4.0 mg,mg,4.0,none,False,False,False
577,Dexamethasone 4 mg/1 mL inj,dexamethasone,Not Recorded,1.0 mL,314008,mL,1.0,,4.0 mg,mg,4.0,4.0 mg/1.0 ML,False,False,False
578,Dexamethasone 6  mg tab,dexamethasone,Not Recorded,none,4,,,,6.0 mg,mg,6.0,none,False,False,False
579,Dexamethasone 8 mg/NS IVPB,dexamethasone/ns,Not Recorded,none,14,,,,8.0 mg,mg,8.0,none,True,False,False
580,Dexamethson 10 mg/mL  10 mL inj,dexamethasone,Not Recorded,10.0 mL,177,mL,10.0,,10.0 mg,mg,10.0,none,False,False,False
581,Dexmedetomidine 200 mcg/2 mL inj,dexmedetomidine,Microgram/Kilogram/Hour,2.0 mL,101592,mL,2.0,,200.0 mcg,mcg,200.0,200.0 mcg/2.0 ML,False,False,False
582,Dexmedetomidine 4 mcg/mL 20mL vial (for OR),dexmedetomidine,Not Recorded,20.0 mL,840,mL,20.0,,4.0 mcg,mcg,4.0,none,True,False,False
583,Dexrazoxane 250 mg inj cardio tox,dexrazoxane,Not Recorded,none,16,,,,250.0 mg,mg,250.0,none,False,False,False
584,Dextran 40/ 500 mL IV bag,dextran 40,Not Recorded,500.0 mL,257,mL,500.0,,none,,,none,True,False,False
585,Dextran 40/ 500 mL IV bag,dextran 40/ns,Not Recorded,500.0 mL,173,mL,500.0,,none,,,none,True,False,False
586,Dextran 40/D5W 500 mL IV bag,dextran 40/d5w,Not Recorded,500.0 mL,496,mL,500.0,,none,,,none,True,False,False
587,Dextran-Dextrose 32% inj 100 mL inj,dextran-dextrose 32%,Not Recorded,100.0 mL,18,mL,100.0,,none,,,none,False,False,False
588,Dextrose 10% 5 mL inj,dextrose 10%,Not Recorded,5.0 mL,13,mL,5.0,,none,,,none,False,False,False
589,Dextrose 10% in Water 250mL,D10W,Not Recorded,250.0 mL,191,mL,250.0,,none,,,none,True,False,False
590,Dextrose 10% in Water 250mL btl.,D10W,Not Recorded,250.0 mL,892,mL,250.0,,none,,,none,True,False,False
591,Dextrose 30% in Water 500mL,dextrose 30% water,Not Recorded,500.0 mL,1,mL,500.0,,none,,,none,True,False,False
592,Dextrose 50% 50 mL syringe,dextrose 50%,Not Recorded,50.0 mL,62572,mL,50.0,,none,,,none,False,False,False
593,Dextrose 50% 50 mL vial,dextrose 50%,Not Recorded,50.0 mL,8170,mL,50.0,,none,,,none,True,False,False
594,Diazepam 10 mg/2 mL inj,diazepam,Not Recorded,2.0 mL,13498,mL,2.0,,10.0 mg,mg,10.0,10.0 mg/2.0 ML,False,False,False
595,Diazepam 2 mg tab,diazepam,Not Recorded,none,1,,,,2.0 mg,mg,2.0,none,False,False,False
596,Diazepam 5 mg tab,diazepam,Not Recorded,none,9,,,,5.0 mg,mg,5.0,none,False,False,False
597,Dicyclomine 20 mg/2 mL inj,dicyclomine,Not Recorded,2.0 mL,4,mL,2.0,,20.0 mg,mg,20.0,20.0 mg/2.0 ML,False,False,False
598,Digoxin 0.05 mg/mL Elixir  60 mL,digoxin,Not Recorded,60.0 mL,1,mL,60.0,,0.05 mg,mg,0.05,none,True,False,False
599,Digoxin 0.5 mg/2 mL inj,digoxin,Not Recorded,2.0 mL,10268,mL,2.0,,0.5 mg,mg,0.5,0.5 mg/2.0 ML,False,False,False
600,Digoxin Immune Fab 40mg (Digifab),digoxin immune fab,Not Recorded,none,49,,,,40.0 mg,mg,40.0,none,True,False,False
601,Dihydroergotamine 1 mg/1 mL inj,dihydroergotamine,Not Recorded,1.0 mL,1950,mL,1.0,,1.0 mg,mg,1.0,1.0 mg/1.0 ML,False,False,False
602,Diltiazem 100 mg ADD-Vantage,diltiazem,Milligram/Hour,none,31,,,,100.0 mg,mg,100.0,none,True,False,False
603,Diltiazem 125 mg vial,diltiazem,Milligram/Hour,none,40246,,,,125.0 mg,mg,125.0,none,True,False,False
604,Diltiazem 25 mg/5 mL inj,diltiazem,Not Recorded,5.0 mL,13081,mL,5.0,,25.0 mg,mg,25.0,25.0 mg/5.0 ML,False,False,False
605,Diltiazem 50 mg/10 mL inj,diltiazem,Not Recorded,10.0 mL,50,mL,10.0,,50.0 mg,mg,50.0,50.0 mg/10.0 ML,False,False,False
606,DiphenhydrAMI 2.5 mg/mL liq 240 mL,diphenhydrAMINE,Not Recorded,240.0 mL,4,mL,240.0,,2.5 mg,mg,2.5,none,True,False,False
607,DiphenhydrAMINE 12.5mg/5mL Liq,diphenhydrAMINE liq,Not Recorded,5.0 mL,1,mL,5.0,,12.5 mg,mg,12.5,12.5 mg/5.0 ML,True,False,False
608,DiphenhydrAMINE 25 mg cap,diphenhydrAMINE,Not Recorded,none,66,,,,25.0 mg,mg,25.0,none,False,False,False
609,DiphenhydrAMINE 25 mg/10 mL liq,diphenhydrAMINE,Not Recorded,10.0 mL,10,mL,10.0,,25.0 mg,mg,25.0,25.0 mg/10.0 ML,True,False,False
610,DiphenhydrAMINE 25mg/NS IVPB,diphenhydrAMINE/ns,Not Recorded,none,40,,,,25.0 mg,mg,25.0,none,True,False,False
611,DiphenhydrAMINE 50 mg cap,diphenhydrAMINE,Not Recorded,none,21,,,,50.0 mg,mg,50.0,none,False,False,False
612,DiphenhydrAMINE 50 mg/1 mL inj,diphenhydrAMINE,Not Recorded,1.0 mL,284906,mL,1.0,,50.0 mg,mg,50.0,50.0 mg/1.0 ML,False,False,False
613,DiphenhydrAMINE 50mg/NS IVPB,diphenhydrAMINE/ns,Not Recorded,none,202,,,,50.0 mg,mg,50.0,none,True,False,False
614,Disposable elastomeric pump,disposable elastomeric pump,Not Recorded,none,1,,,,none,,,none,True,False,False
615,Docusate Sodium 100 mg cap,docusate,Not Recorded,none,1,,,,100.0 mg,mg,100.0,none,False,False,False
616,Dofetilide 250 mcg cap,dofetilide,Not Recorded,none,1,,,,250.0 mcg,mcg,250.0,none,False,False,False
617,Doripenem 250 mg inj,doripenem,Not Recorded,none,62,,,,250.0 mg,mg,250.0,none,False,False,False
618,Doripenem 500 mg inj,doripenem,Not Recorded,none,8405,,,,500.0 mg,mg,500.0,none,False,False,False
619,Doxorubicin 2  mg/ 1 mL inj,doxorubicin,Not Recorded,1.0 mL,26,mL,1.0,,2.0 mg,mg,2.0,2.0 mg/1.0 ML,False,False,False
620,Doxorubicin PFS 10mg/5mL inj,doxorubicin,Not Recorded,5.0 mL,38,mL,5.0,,10.0 mg,mg,10.0,10.0 mg/5.0 ML,False,False,False
621,Doxycycline 100 mg cap,doxycycline,Not Recorded,none,3,,,,100.0 mg,mg,100.0,none,False,False,False
622,Doxycycline 100 mg inj,doxycycline,Not Recorded,none,6078,,,,100.0 mg,mg,100.0,none,False,False,False
623,Doxycycline 100mg IVPB,doxycycline in ns,Not Recorded,none,13361,,,,100.0 mg,mg,100.0,none,True,False,False
624,Doxycycline 1mg/mL NS peds syringe,doxycycline/ns syringe,Not Recorded,none,2,,,,1.0 mg,mg,1.0,none,False,False,False
625,Doxycycline 50mg cap,doxycycline,Not Recorded,none,1,,,,50.0 mg,mg,50.0,none,False,False,False
626,Doxycycline hyclate 100 mg tab,doxycycline,Not Recorded,none,7,,,,100.0 mg,mg,100.0,none,False,False,False
627,Droperidol 0.625mg/2mL ns for OR,droperidol,Not Recorded,2.0 mL,88,mL,2.0,,0.625 mg,mg,0.625,0.625 mg/2.0 ML,True,False,False
628,Droperidol 2.5mg/mL inj,droperidol,Not Recorded,none,131,,,,2.5 mg,mg,2.5,none,False,False,False
629,ED-Calcium Gluconate 2gm IVPB for ED use only,calcium gluconate/ns,Not Recorded,none,49,,,,2.0 gm,gm,2.0,none,True,False,False
630,EPHEDrine 25mg/5ml (5mg/mL) syringe,ePHEDrine,Not Recorded,5.0 mL,8,mL,5.0,,25.0 mg,mg,25.0,25.0 mg/5.0 ML,False,False,False
631,EPHEDrine 50 mg/1 mL inj,ePHEDrine,Not Recorded,1.0 mL,25779,mL,1.0,,50.0 mg,mg,50.0,50.0 mg/1.0 ML,False,False,False
632,EPHEDrine 50 mg/10mL inj,ePHEDrine,Not Recorded,10.0 mL,16,mL,10.0,,50.0 mg,mg,50.0,50.0 mg/10.0 ML,False,False,False
633,EPHEDrine 5mg/mL OR syringe,ePHEDrine,Not Recorded,none,152790,,,,5.0 mg,mg,5.0,none,False,False,False
634,EPInephrine 0.3mg Auto-injector,EPInephrine hcl,Not Recorded,none,4,,,,0.3 mg,mg,0.3,none,False,False,False
635,EPInephrine 1 mg/ 1 mL inj,EPInephrine,Microgram/Kilogram/Minute,1.0 mL,36048,mL,1.0,,1.0 mg,mg,1.0,1.0 mg/1.0 ML,False,False,False
636,EPInephrine 1 mg/10 mL inj,EPInephrine,Not Recorded,10.0 mL,2843,mL,10.0,,1.0 mg,mg,1.0,1.0 mg/10.0 ML,False,False,False
637,EPInephrine 160mcg Syr OR,EPInephrine,Not Recorded,none,1245,,,,160.0 mcg,mcg,160.0,none,False,False,False
638,EPInephrine 1mg/ml 30 mL inj,EPInephrine,Not Recorded,30.0 mL,160479,mL,30.0,,1.0 mg,mg,1.0,none,False,False,False
639,EPIrubicin 2 mg / 1 mL inj,EPIrubicin,Not Recorded,1.0 mL,1,mL,1.0,,2.0 mg,mg,2.0,2.0 mg/1.0 ML,False,False,False
640,Eculizumab 300 mg/30mL inj.,eculizumab,Not Recorded,30.0 mL,65,mL,30.0,,300.0 mg,mg,300.0,300.0 mg/30.0 ML,False,False,False
641,Edrophonium 10 mg/mL 15 mL inj,edrophonium,Not Recorded,15.0 mL,1,mL,15.0,,10.0 mg,mg,10.0,none,False,False,False
642,Edrophonium 10 mg/mL per mL,edrophonium,Not Recorded,none,8,,,,10.0 mg,mg,10.0,none,True,False,False
643,Empty Container,Empty Container,Not Recorded,none,40939,,,,none,,,none,True,False,False
644,Empty Container Non-DEHP,Empty Container Non-DEHP,Not Recorded,none,4,,,,none,,,none,True,False,False
645,Enalaprilat 1.25 mg/1 mL inj,enalapril,Not Recorded,1.0 mL,446,mL,1.0,,1.25 mg,mg,1.25,1.25 mg/1.0 ML,False,False,False
646,Enalaprilat 2.5 mg/2 mL inj,enalaprilat,Not Recorded,2.0 mL,3341,mL,2.0,,2.5 mg,mg,2.5,2.5 mg/2.0 ML,False,False,False
647,Enoxaparin 100 mg/ 1 mL inj,enoxaparin,Not Recorded,1.0 mL,270,mL,1.0,,100.0 mg,mg,100.0,100.0 mg/1.0 ML,False,False,False
648,Enoxaparin 120 mg/ 0.8 mL  inj,enoxaparin,Not Recorded,0.8 mL,2,mL,0.8,,120.0 mg,mg,120.0,120.0 mg/0.8 ML,False,False,False
649,Enoxaparin 20 mg/ 0.2 mL syringe,enoxaparin syringe,Not Recorded,0.2 mL,3,mL,0.2,,20.0 mg,mg,20.0,20.0 mg/0.2 ML,False,False,False
650,Enoxaparin 30 mg/0.3 mL inj,enoxaparin,Not Recorded,0.3 mL,163,mL,0.3,,30.0 mg,mg,30.0,30.0 mg/0.3 ML,False,False,False
651,Enoxaparin 40 mg/ 0.4 mL inj,enoxaparin,Not Recorded,0.4 mL,4,mL,0.4,,40.0 mg,mg,40.0,40.0 mg/0.4 ML,False,False,False
652,Enoxaparin 60 mg/ 0.6 mL inj,enoxaparin,Not Recorded,0.6 mL,2,mL,0.6,,60.0 mg,mg,60.0,60.0 mg/0.6 ML,False,False,False
653,Epidural Infusion,Epidural Infusion,Not Recorded,none,2,,,,none,,,none,False,False,False
654,"Epoetin 10,000 units/ 1 mL inj",epoetin,Not Recorded,1.0 mL,4614,mL,1.0,,10000.0 unit,unit,10000.0,0.0 unit/1.0 ML,False,False,False
655,"Epoetin 2,000 units/ 1 mL inj",epoetin alfa,Not Recorded,1.0 mL,139,mL,1.0,,2000.0 unit,unit,2000.0,0.0 unit/1.0 ML,False,False,False
656,"Epoetin 20,000 units inj",epoetin,Not Recorded,none,1277,,,,20000.0 unit,unit,20000.0,none,False,False,False
657,"Epoetin 40,000 units/ 1 mL",epoetin,Not Recorded,1.0 mL,71,mL,1.0,,40000.0 unit,unit,40000.0,0.0 unit/1.0 ML,True,False,False
658,Epoetin 4000 units/1 mL inj,epoetin alfa,Not Recorded,1.0 mL,257,mL,1.0,,4000.0 unit,unit,4000.0,4000.0 unit/1.0 ML,False,False,False
659,"Epoetin alfa-epbx (Retacrit) 10,000 units/1 mL inj",epoetin alfa-epbx,Not Recorded,1.0 mL,1302,mL,1.0,,10000.0 unit,unit,10000.0,0.0 unit/1.0 ML,False,False,False
660,"Epoetin alfa-epbx (Retacrit) 2,000 units/1 mL inj",epoetin alfa-epbx,Not Recorded,1.0 mL,73,mL,1.0,,2000.0 unit,unit,2000.0,0.0 unit/1.0 ML,False,False,False
661,"Epoetin alfa-epbx (Retacrit) 20,000 units/1 mL inj",epoetin alfa-epbx,Not Recorded,1.0 mL,406,mL,1.0,,20000.0 unit,unit,20000.0,0.0 unit/1.0 ML,False,False,False
662,"Epoetin alfa-epbx (Retacrit) 40,000 units/1 mL inj",epoetin alfa-epbx,Not Recorded,1.0 mL,62,mL,1.0,,40000.0 unit,unit,40000.0,0.0 unit/1.0 ML,False,False,False
663,Epoprostenol  Diluent 50mL for ICU Drip,epoprostenol diluent,Not Recorded,50.0 mL,51,mL,50.0,,none,,,none,True,False,False
664,Epoprostenol  Diluent 50mL for ICU Drip,epoprostenol/Flolan diluent,Not Recorded,50.0 mL,4417,mL,50.0,,none,,,none,True,False,False
665,Epoprostenol  Diluent 50mL vial,epoprostenol diluent,Not Recorded,50.0 mL,13,mL,50.0,,none,,,none,True,False,False
666,Epoprostenol  Diluent 50mL vial,epoprostenol/Flolan diluent,Not Recorded,50.0 mL,924,mL,50.0,,none,,,none,True,False,False
667,Epoprostenol 0.5 mg inj,epoprostenol,Not Recorded,none,18956,,,,0.5 mg,mg,0.5,none,False,False,False
668,"Epoprostenol 1,000,000 ng (1mg) inhale (Veletri)",epoprostenol inhale,Not Recorded,none,39,,,,1.0 mg,mg,1.0,none,False,False,False
669,Epoprostenol 1.5 mg inj.,epoprostenol,Not Recorded,none,2404,,,,1.5 mg,mg,1.5,none,False,False,False
670,"Epoprostenol 500,000 ng (0.5mg) inhale (Veletri)",epoprostenol inhale,Not Recorded,none,9,,,,0.5 mg,mg,0.5,none,False,False,False
671,Epoprostenol CADD Conc-Dose-Rate Confirm,Epoprostenol CADD Conc-Dose-Rate Confirm,Not Recorded,none,5,,,,none,,,none,True,False,False
672,Epoprostenol Cassette,Epoprostenol cassette,Not Recorded,none,18,,,,none,,,none,True,False,False
673,Epoprostenol Cassette,flolan casstte,Not Recorded,none,6,,,,none,,,none,True,False,False
674,Eptifibatide 2 mg/mL 10 mL bolus inj,eptifibatide,Not Recorded,10.0 mL,40,mL,10.0,,2.0 mg,mg,2.0,none,False,False,False
675,Eribulin 1mg/2mL inj,eribulin,Not Recorded,2.0 mL,2,mL,2.0,,1.0 mg,mg,1.0,1.0 mg/2.0 ML,False,False,False
676,Ertapenem 1000 mg inj,ertapenem,Not Recorded,none,24830,,,,1000.0 mg,mg,1000.0,none,False,False,False
677,Erythromycin 500 mg inj,erythromycin,Not Recorded,none,11899,,,,500.0 mg,mg,500.0,none,False,False,False
678,Esmolol 100 mg/10 mL inj,esmolol,Not Recorded,10.0 mL,854,mL,10.0,,100.0 mg,mg,100.0,100.0 mg/10.0 ML,False,False,False
679,Esmolol 10mg/mL OR syringe,esmolol,Not Recorded,none,2216,,,,10.0 mg,mg,10.0,none,False,False,False
680,Esmolol 2.5 gm/10 mL inj,esmolol,Not Recorded,10.0 mL,21,mL,10.0,,2.5 gm,gm,2.5,none,False,False,False
681,Estradiol 1 mg tab,estradiol,Not Recorded,none,1,,,,1.0 mg,mg,1.0,none,False,False,False
682,Estrogens 25 mg/5 mL inj.,"estrogens, conjugated",Not Recorded,5.0 mL,398,mL,5.0,,25.0 mg,mg,25.0,25.0 mg/5.0 ML,False,False,False
683,Ethacrynate 50 mg/50 mL inj,ethacrynate,Not Recorded,50.0 mL,249,mL,50.0,,50.0 mg,mg,50.0,50.0 mg/50.0 ML,False,False,False
684,Ethanol Lock soln 70% 3mL,ethanol 70% lock soln.,Not Recorded,3.0 mL,6,mL,3.0,,none,,,none,True,False,False
685,Ethiodized Oil (37% iodine) 10 mL inj,ethiodized oil (37% iodine),Not Recorded,10.0 mL,1,mL,10.0,,none,,,none,False,False,False
686,Ethiodized Oil 480mg/mL,ethiodized oil,Not Recorded,none,1,,,,480.0 mg,mg,480.0,none,True,False,False
687,Etomidate 10mg/5mL syringe,etomidate,Not Recorded,5.0 mL,7,mL,5.0,,10.0 mg,mg,10.0,10.0 mg/5.0 ML,False,False,False
688,Etomidate 2 mg/mL  20 mL inj,etomidate,Not Recorded,20.0 mL,1001,mL,20.0,,2.0 mg,mg,2.0,none,False,False,False
689,Etomidate 2 mg/mL inj 10mL,etomidate,Not Recorded,10.0 mL,5292,mL,10.0,,2.0 mg,mg,2.0,none,False,False,False
690,Etoposide 100 mg / 5 mL,etoposide,Not Recorded,5.0 mL,11606,mL,5.0,,100.0 mg,mg,100.0,100.0 mg/5.0 ML,True,False,False
691,Etoposide 500 mg/25 mL inj,etoposide,Not Recorded,25.0 mL,4403,mL,25.0,,500.0 mg,mg,500.0,500.0 mg/25.0 ML,False,False,False
692,Factor 7a (VIIa),coagulation factor 7a (VIIa),Not Recorded,none,952,,,,none,,,none,True,False,False
693,Factor 8 (VIII) bolus,Factor 8 (VIII) in syringe,Not Recorded,none,205,,,,none,,,none,True,False,False
694,Factor 8 (VIII) injection,Factor 8 (VIII) inj,Not Recorded,none,1272,,,,none,,,none,False,False,False
695,Factor 9 (IX) inj,factor 9 (IX),Not Recorded,none,197,,,,none,,,none,False,False,False
696,Factor 9 (IX) inj Bolus,factor 9 (IX) in syringe,Not Recorded,none,49,,,,none,,,none,False,False,False
697,"Factor VIII (Antihemophilic Factor, Recomb Porcine Seq) (Obizur)",factor 8 porcine,Not Recorded,none,42,,,,none,,,none,True,False,False
698,"Factor VIII (Antihemophilic Factor, Recomb Porcine Seq) (Obizur)",factor 8 porcine (Obizur),Not Recorded,none,1,,,,none,,,none,True,False,False
699,"Factor VIII (Antihemophilic Factor, Recomb Porcine) (Obizur)",factor 8 porcine,Not Recorded,none,24,,,,none,,,none,True,False,False
700,Factor7a (VIIa) 2000 mcg (OR CHARGE),coagulation factor VIIa,Not Recorded,none,3,,,,2000.0 mcg,mcg,2000.0,none,True,False,False
701,Famotidine 20 mg for Hyperal only,famotidine,Not Recorded,none,486069,,,,20.0 mg,mg,20.0,none,True,False,False
702,Famotidine 20 mg tab,fAMOTIDine,Not Recorded,none,42,,,,20.0 mg,mg,20.0,none,False,False,False
703,Famotidine 20 mg/2 mL inj,fAMOTIDine,Not Recorded,2.0 mL,322358,mL,2.0,,20.0 mg,mg,20.0,20.0 mg/2.0 ML,False,False,False
704,Famotidine 20mg/NS IV syringe,famotidine/ns in syringe,Not Recorded,none,12,,,,20.0 mg,mg,20.0,none,False,False,False
705,Famotidine 2mg/mL/NS neonate syringe,fAMOTIDine in NS syringe,Not Recorded,none,4,,,,2.0 mg,mg,2.0,none,False,False,False
706,Famotidine 40 mg tab,fAMOTIDine,Not Recorded,none,4,,,,40.0 mg,mg,40.0,none,False,False,False
707,Famotidine 40 mg/4 mL inj,fAMOTIDine,Not Recorded,4.0 mL,66,mL,4.0,,40.0 mg,mg,40.0,40.0 mg/4.0 ML,False,False,False
708,Fat Emulsion 20% 250 mL (Intralipid),fat emulsion 20%,Not Recorded,250.0 mL,15416,mL,250.0,,none,,,none,True,False,False
709,Fat Emulsion 20% 250 mL (Intralipid),fat emulsion 20% (Intralipid),Not Recorded,250.0 mL,5486,mL,250.0,,none,,,none,True,False,False
710,Fat Emulsion 20% 500mL,fat emulsion 20%,Not Recorded,500.0 mL,3,mL,500.0,,none,,,none,True,False,False
711,Fat Emulsion 20% NEONATE syringe,fat emulsion 20% in syr (Intralipid),Not Recorded,none,5,,,,none,,,none,False,False,False
712,Fat Emulsion 20% NEONATE syringe,fat emulsion 20% in syringe,Not Recorded,none,66,,,,none,,,none,False,False,False
713,"Fat emulsion, 20% 100mL (Neonate)",fat emulsion 20% (Intralipid),Not Recorded,100.0 mL,138,mL,100.0,,none,,,none,True,False,False
714,"Fat emulsion, 20% 100mL (Neonate)","fat emulsion 20%, intravenous",Not Recorded,100.0 mL,436,mL,100.0,,none,,,none,True,False,False
715,"Fat emulsion, intravenous (fish oil) 20% 250mL (Smoflipid)",fat emulsion 20%(Smoflipid),Not Recorded,250.0 mL,5112,mL,250.0,,none,,,none,True,False,False
716,"Fat emulsion, intravenous (fish oil) 20% 250mL (Smoflipid)","fat emulsion, intravenous 20%",Not Recorded,250.0 mL,2174,mL,250.0,,none,,,none,True,False,False
717,"Fat emulsion, intravenous (fish oil) 20% 500mL (for TPN) (Smoflipid)",fat emulsion 20%(Smoflipid),Not Recorded,500.0 mL,359,mL,500.0,,none,,,none,True,False,False
718,"Fat emulsion, intravenous (fish oil) 20% 500mL (for TPN) (Smoflipid)","fat emulsion, intravenous 20%",Not Recorded,500.0 mL,49,mL,500.0,,none,,,none,True,False,False
719,"Fat emulsion,intravenous (fish oil) 20% 1000mL (for TPN) (Smoflipid)",fat emulsion 20%(Smoflipid),Not Recorded,1000.0 mL,1806,mL,1000.0,,none,,,none,True,False,False
720,FentaNYL 50 mcg/mL 10mL inj,fentaNYL,Not Recorded,10.0 mL,33,mL,10.0,,50.0 mcg,mcg,50.0,none,False,False,False
721,FentaNYL PCA/NCA 10mcg/mL 50mL syringe,fentaNYL pca/nca,Not Recorded,50.0 mL,1669,mL,50.0,,10.0 mcg,mcg,10.0,none,False,False,False
722,Fentanyl  2.5 mg / 50 mL Drip,fentanyl citrate,Not Recorded,50.0 mL,4,mL,50.0,,2.5 mg,mg,2.5,2.5 mg/50.0 ML,True,False,False
723,Fentanyl 100 mcg buccal tab,fentaNYL,Not Recorded,none,1,,,,100.0 mcg,mcg,100.0,none,False,False,False
724,Fentanyl 100 mcg/hr patch,fentanyl,Not Recorded,none,3,,,,100.0 mcg,mcg,100.0,none,False,False,False
725,Fentanyl 1000 mcg/20 mL inj,fentanyl,Not Recorded,20.0 mL,3731,mL,20.0,,1000.0 mcg,mcg,1000.0,1000.0 mcg/20.0 ML,False,False,False
726,Fentanyl 100mcg/2 mL inj,fentanyl,Not Recorded,2.0 mL,493768,mL,2.0,,100.0 mcg,mcg,100.0,100.0 mcg/2.0 ML,False,False,False
727,Fentanyl 10mcg/ml 60mL Syringe,fentanyl syringe,Micrograms/Hour,60.0 mL,46654,mL,60.0,,10.0 mcg,mcg,10.0,none,False,False,False
728,Fentanyl 12 mcg/hr patch,fentanyl,Not Recorded,none,2,,,,12.0 mcg,mcg,12.0,none,False,False,False
729,Fentanyl 200 mcg lozenge,fentanyl,Not Recorded,none,2,,,,200.0 mcg,mcg,200.0,none,False,False,False
730,Fentanyl 25 mcg/hr patch,fentanyl,Not Recorded,none,4,,,,25.0 mcg,mcg,25.0,none,False,False,False
731,Fentanyl 250 mcg/5 mL inj,fentanyl,Not Recorded,5.0 mL,3700,mL,5.0,,250.0 mcg,mcg,250.0,250.0 mcg/5.0 ML,False,False,False
732,Fentanyl 50 mcg/hr patch,fentanyl,Not Recorded,none,2,,,,50.0 mcg,mcg,50.0,none,False,False,False
733,Fentanyl 75 mcg/hr patch,fentanyl,Not Recorded,none,4,,,,75.0 mcg,mcg,75.0,none,False,False,False
734,Fentanyl Patch Removal,fentanyl patch removal,Not Recorded,none,2,,,,none,,,none,False,False,False
735,Ferrlecit 62.5 mg/5 mL inj,ferric gluconate sodium complex,Not Recorded,5.0 mL,31,mL,5.0,,62.5 mg,mg,62.5,62.5 mg/5.0 ML,False,False,False
736,Ferumoxytol 510mg/17mL inj,ferumoxytol,Not Recorded,17.0 mL,915,mL,17.0,,510.0 mg,mg,510.0,510.0 mg/17.0 ML,False,False,False
737,Fibrinogen concentrate (Human),fibrinogen,Not Recorded,none,8,,,,none,,,none,True,False,False
738,Filgrastim 480 mcg/0.8 mL syr,filgrastim,Not Recorded,0.8 mL,3,mL,0.8,,480.0 mcg,mcg,480.0,480.0 mcg/0.8 ML,False,False,False
739,Fluconazole 100 mg tab,fluconazole,Not Recorded,none,1,,,,100.0 mg,mg,100.0,none,False,False,False
740,Fluconazole 100mg/50mL NS,fluconazole in ns,Not Recorded,50.0 mL,3441,mL,50.0,,100.0 mg,mg,100.0,100.0 mg/50.0 ML,True,False,False
741,Fluconazole 200 mg tab,fluconazole,Not Recorded,none,7,,,,200.0 mg,mg,200.0,none,False,False,False
742,Fluconazole 200 mg/5 mL liq 35 mL,fluconazole,Not Recorded,5.0 mL,78,mL,5.0,,200.0 mg,mg,200.0,200.0 mg/5.0 ML,True,False,False
743,Fluconazole 200mg/100mL NS premix,fluconazole in ns,Not Recorded,100.0 mL,17825,mL,100.0,,200.0 mg,mg,200.0,200.0 mg/100.0 ML,True,False,False
744,Fluconazole 400mg/200mL D5W ivpb,fluconazole,Not Recorded,200.0 mL,306,mL,200.0,,400.0 mg,mg,400.0,400.0 mg/200.0 ML,True,False,False
745,Fluconazole 400mg/200mL D5W ivpb,fluconazole in d5w,Not Recorded,200.0 mL,21,mL,200.0,,400.0 mg,mg,400.0,400.0 mg/200.0 ML,True,False,False
746,Fluconazole 400mg/200mL NS premix,fluconazole in ns,Not Recorded,200.0 mL,19250,mL,200.0,,400.0 mg,mg,400.0,400.0 mg/200.0 ML,True,False,False
747,Fluconzole 2mg/mL/NS neonate syringe,fluconazole in NS syringe,Not Recorded,none,65,,,,2.0 mg,mg,2.0,none,False,False,False
748,Fludarabine 50  mg inj,fludarabine,Not Recorded,none,4111,,,,50.0 mg,mg,50.0,none,False,False,False
749,Flumazenil 0.5 mg/5 mL inj,flumazenil,Not Recorded,5.0 mL,1368,mL,5.0,,0.5 mg,mg,0.5,0.5 mg/5.0 ML,False,False,False
750,Flumazenil 0.5 mg/5 mL syringe,flumazenil,Not Recorded,5.0 mL,7,mL,5.0,,0.5 mg,mg,0.5,0.5 mg/5.0 ML,False,False,False
751,Fluorescein 10% 5mL inj,fluorescein 10%,Not Recorded,5.0 mL,500,mL,5.0,,none,,,none,False,False,False
752,Fluorescein 1mg ophth strip,fluorescein,Not Recorded,none,2,,,,1.0 mg,mg,1.0,none,True,False,False
753,Fluorouracil 50 mg/mL inj,fluorouracil,Not Recorded,none,602,,,,50.0 mg,mg,50.0,none,False,False,False
754,Folic Acid 1mg/mL Ped oral syringe,folic acid ped liq,Not Recorded,none,1,,,,1.0 mg,mg,1.0,none,False,False,False
755,Folic Acid 50 mg/10 mL inj,folic acid,Not Recorded,10.0 mL,141441,mL,10.0,,50.0 mg,mg,50.0,50.0 mg/10.0 ML,False,False,False
756,Fomepizole 1500mg/1.5mL,fomepizole,Not Recorded,1.5 mL,131,mL,1.5,,1500.0 mg,mg,1500.0,1500.0 mg/1.5 ML,True,False,False
757,Fosaprepitant 150 mg inj.,fosaprepitant,Not Recorded,none,2680,,,,150.0 mg,mg,150.0,none,False,False,False
758,Foscarnet 6 gm/250 mL IVPB (Central Line),foscarnet,Not Recorded,250.0 mL,3252,mL,250.0,,6.0 gm,gm,6.0,none,True,False,False
759,Fosphenytoin 100 mgpe/2 mL inj,fosphenytoin,Not Recorded,2.0 mL,20113,mL,2.0,,none,,,none,False,False,False
760,Fosphenytoin 10mgPE/mL/NS neonate syringe,fosphenytoin in NS syringe,Not Recorded,none,33,,,,none,,,none,False,False,False
761,Fosphenytoin 500 mgpe/10 mL inj,fosphenytoin,Not Recorded,10.0 mL,4159,mL,10.0,,none,,,none,False,False,False
762,Furosemide 100 mg/10 mL inj,fUROSEMide,Not Recorded,10.0 mL,236562,mL,10.0,,100.0 mg,mg,100.0,100.0 mg/10.0 ML,False,False,False
763,Furosemide 100 mg/10 mL inj ADD,fUROSEMide add,Grams/Hour,10.0 mL,257943,mL,10.0,,100.0 mg,mg,100.0,100.0 mg/10.0 ML,False,False,False
764,Furosemide 10mg/mL Ped oral syringe,fUROSEMide ped liq,Not Recorded,none,9,,,,10.0 mg,mg,10.0,none,False,False,False
765,Furosemide 20 mg tab,fUROSEMide,Not Recorded,none,3,,,,20.0 mg,mg,20.0,none,False,False,False
766,Furosemide 20 mg/2 mL inj,fUROSEMide,Not Recorded,2.0 mL,73166,mL,2.0,,20.0 mg,mg,20.0,20.0 mg/2.0 ML,False,False,False
767,Furosemide 2mg/mL/NS neonate syringe,furosemide in NS syringe,Not Recorded,none,171,,,,2.0 mg,mg,2.0,none,False,False,False
768,Furosemide 40 mg/4 mL inj,fUROSEMide,Not Recorded,4.0 mL,359402,mL,4.0,,40.0 mg,mg,40.0,40.0 mg/4.0 ML,False,False,False
769,Furosemide 40 mg/5 mL liq,fUROSEMide,Not Recorded,5.0 mL,4,mL,5.0,,40.0 mg,mg,40.0,40.0 mg/5.0 ML,True,False,False
770,Furosemide 80 mg tablet,fUROSEMide,Not Recorded,none,18,,,,80.0 mg,mg,80.0,none,False,False,False
771,Gabapentin 100 mg cap,gabapentin,Not Recorded,none,17,,,,100.0 mg,mg,100.0,none,False,False,False
772,Gabapentin 300 mg cap,gabapentin,Not Recorded,none,444,,,,300.0 mg,mg,300.0,none,False,False,False
773,Gabapentin 300 mg/6 mL liq (60 mL),gabapentin,Not Recorded,6.0 mL,1,mL,6.0,,300.0 mg,mg,300.0,300.0 mg/6.0 ML,True,False,False
774,Gabapentin 400 mg cap,gabapentin,Not Recorded,none,13,,,,400.0 mg,mg,400.0,none,False,False,False
775,Ganciclovir 500 mg inj,ganciclovir sodium,Not Recorded,none,12218,,,,500.0 mg,mg,500.0,none,False,False,False
776,Ganciclovir 5mg/mL/NS neonate syringe,ganciclovir in NS syringe,Not Recorded,none,33,,,,5.0 mg,mg,5.0,none,False,False,False
777,Gemcitabine 200 mg inj,gemcitabine,Not Recorded,none,56,,,,200.0 mg,mg,200.0,none,False,False,False
778,Gemcitabine 38 mg/mL inj,gemcitabine,Not Recorded,none,263,,,,38.0 mg,mg,38.0,none,False,False,False
779,Gentamcin 120 mg/100mL NS premix,gentamicin in ns,Not Recorded,100.0 mL,1066,mL,100.0,,120.0 mg,mg,120.0,120.0 mg/100.0 ML,True,False,False
780,Gentamicin 100 mg/100 mL NS premix,gentamicin in ns,Not Recorded,100.0 mL,326,mL,100.0,,100.0 mg,mg,100.0,100.0 mg/100.0 ML,True,False,False
781,Gentamicin 100 mg/50 mL NS premix,gentamicin in ns,Not Recorded,50.0 mL,1293,mL,50.0,,100.0 mg,mg,100.0,100.0 mg/50.0 ML,True,False,False
782,Gentamicin 2mg/mL/NS neonate syringe,gentamicin in NS syringe,Not Recorded,none,408,,,,2.0 mg,mg,2.0,none,False,False,False
783,Gentamicin 4mg/mL/NS neonate syringe,gentamicin in NS syringe,Not Recorded,none,90,,,,4.0 mg,mg,4.0,none,False,False,False
784,Gentamicin 60 mg/50 mL NS premix,gentamicin in ns,Not Recorded,50.0 mL,2045,mL,50.0,,60.0 mg,mg,60.0,60.0 mg/50.0 ML,True,False,False
785,Gentamicin 80 mg/100mL NS premix,gentamicin in ns,Not Recorded,100.0 mL,928,mL,100.0,,80.0 mg,mg,80.0,80.0 mg/100.0 ML,True,False,False
786,Gentamicin 80 mg/2 mL inj,gentamicin,Not Recorded,2.0 mL,1717,mL,2.0,,80.0 mg,mg,80.0,80.0 mg/2.0 ML,False,False,False
787,Gentamicin 80 mg/50 mL NS premix,gentamicin in ns,Not Recorded,50.0 mL,8514,mL,50.0,,80.0 mg,mg,80.0,80.0 mg/50.0 ML,True,False,False
788,Gentamicin 800 mg/20 mL inj,gentamicin,Not Recorded,20.0 mL,6052,mL,20.0,,800.0 mg,mg,800.0,800.0 mg/20.0 ML,False,False,False
789,Gentamicin 8mg Intrathecal syringe,gentamicin intrathecal syringe,Not Recorded,none,1,,,,8.0 mg,mg,8.0,none,False,False,False
790,Glucagon 1 mg w/diluent inj,glucagon,Not Recorded,none,4174,,,,1.0 mg,mg,1.0,none,False,False,False
791,Glucose 25% 10mL inj,glucose,Not Recorded,10.0 mL,1,mL,10.0,,none,,,none,False,False,False
792,Glycopyrolate Inj for PO (Peds),glycopyrolate,Not Recorded,none,11,,,,none,,,none,False,False,False
793,Glycopyrrolate 0.2 mg/1 mL 5mL OR syringe,glycopyrrolate,Not Recorded,1.0 mL,27,mL,1.0,,0.2 mg,mg,0.2,0.2 mg/1.0 ML,False,False,False
794,Glycopyrrolate 0.2 mg/1 mL inj,glycopyrrolate,Not Recorded,1.0 mL,84111,mL,1.0,,0.2 mg,mg,0.2,0.2 mg/1.0 ML,False,False,False
795,Glycopyrrolate 0.2 mg/mL 20 mL inj,glycopyrrolate,Not Recorded,20.0 mL,30,mL,20.0,,0.2 mg,mg,0.2,none,False,False,False
796,Glycopyrrolate 0.2 mg/mL 5mL inj,glycopyrrolate,Not Recorded,5.0 mL,160,mL,5.0,,0.2 mg,mg,0.2,none,False,False,False
797,Glycopyrrolate 0.2 mg/mL syringe,glycopyrrolate,Not Recorded,none,153,,,,0.2 mg,mg,0.2,none,False,False,False
798,Glycopyrrolate 1 mg tab,glycopyrrolate,Not Recorded,none,8,,,,1.0 mg,mg,1.0,none,False,False,False
799,Glycopyrrolate 10 mcg/mL neonate syringe,glycopyrrolate,Not Recorded,none,1,,,,10.0 mcg,mcg,10.0,none,False,False,False
800,Glycopyrrolate 200mcg/mL oral neonate,glycopyrrolate,Not Recorded,none,9,,,,200.0 mcg,mcg,200.0,none,False,False,False
801,Granisetron 1 mg/1 mL inj,granisetron,Not Recorded,1.0 mL,6827,mL,1.0,,1.0 mg,mg,1.0,1.0 mg/1.0 ML,False,False,False
802,HYDROmorphone 0.5 mg/ 0.5mL,HYDROmorphone,Not Recorded,0.5 mL,267367,mL,0.5,,0.5 mg,mg,0.5,0.5 mg/0.5 ML,True,False,False
803,HYDROmorphone 0.5 mg/1ml,HYDROmorphone,Not Recorded,1.0 mL,141,mL,1.0,,0.5 mg,mg,0.5,0.5 mg/1.0 ML,True,False,False
804,HYDROmorphone 10mg/mL 50 mL inj for PCA,HYDROmorphone,Not Recorded,50.0 mL,2104,mL,50.0,,10.0 mg,mg,10.0,none,False,False,False
805,HYDROmorphone 2 mg/mL INJ,HYDROmorphone,Not Recorded,none,39635,,,,2.0 mg,mg,2.0,none,False,False,False
806,HYDROmorphone 4 mg/mL inj,HYDROmorphone,Not Recorded,none,13995,,,,4.0 mg,mg,4.0,none,False,False,False
807,HYDROmorphone PCA/NCA 1 mg/mL /NS syr,HYDROmorphone PCA/NCA 1 mg/ml NS syr,Not Recorded,none,513,,,,1.0 mg,mg,1.0,none,False,False,False
808,HYDROmorphone PF 10 mg/mL inj,HYDROmorphone PF,Not Recorded,none,4782,,,,10.0 mg,mg,10.0,none,False,False,False
809,HYDROmorphone PF 10 mg/mL inj ADD,HYDROmorphone,Milligram/Hour,none,24953,,,,10.0 mg,mg,10.0,none,False,False,False
810,Haloperidol 0.5 mg tab,haloperidol,Not Recorded,none,5,,,,0.5 mg,mg,0.5,none,False,False,False
811,Haloperidol 5 mg/1 mL inj,haloperidol,Not Recorded,1.0 mL,63653,mL,1.0,,5.0 mg,mg,5.0,5.0 mg/1.0 ML,False,False,False
812,Haloperidol decanoate 50 mg/ 1 mL inj,haloperidol,Not Recorded,1.0 mL,3,mL,1.0,,50.0 mg,mg,50.0,50.0 mg/1.0 ML,False,False,False
813,"HePARIN (1000unit/mL)10,000 units/10 mL inj",hePARIN,Not Recorded,10.0 mL,71072,mL,10.0,,1000.0 unit,unit,1000.0,0.0 unit/10.0 ML,False,False,False
814,"HePARIN 1,000 units/500 mL NS bag",hePARIN/ns,Not Recorded,500.0 mL,78,mL,500.0,,1000.0 unit,unit,1000.0,0.0 unit/500.0 ML,True,False,False
815,"HePARIN 1,000 units/mL 30 mL inj",hePARIN,Not Recorded,30.0 mL,213,mL,30.0,,1000.0 unit,unit,1000.0,none,False,False,False
816,"HePARIN 10,000 units/1 mL inj",hePARIN,Not Recorded,1.0 mL,1332,mL,1.0,,10000.0 unit,unit,10000.0,0.0 unit/1.0 ML,False,False,False
817,HePARIN 100 units /1 mL Flush PF,hePARIN flush pf,Not Recorded,1.0 mL,1241,mL,1.0,,100.0 unit,unit,100.0,100.0 unit/1.0 ML,True,False,False
818,HePARIN 100 units/mL 10mL syr.,hePARIN flush,Not Recorded,10.0 mL,17,mL,10.0,,100.0 unit,unit,100.0,none,False,False,False
819,HePARIN 1000 units/1 mL inj,hePARIN,Not Recorded,1.0 mL,11435,mL,1.0,,1000.0 unit,unit,1000.0,1000.0 unit/1.0 ML,False,False,False
820,HePARIN 10000 units/1mL injection,hePARIN,Not Recorded,1.0 mL,90,mL,1.0,,10000.0 unit,unit,10000.0,10000.0 unit/1.0 ML,False,False,False
821,"HePARIN 2,000 units/1,000 mL NS bag",hePARIN/ns,Not Recorded,1000.0 mL,469,mL,1000.0,,2000.0 unit,unit,2000.0,none,True,False,False
822,"HePARIN 30,000 unit(s)/NS 1000mL (EUOSH)",hePARIN in NS,Not Recorded,1000.0 mL,1,mL,1000.0,,30000.0 unit,unit,30000.0,none,True,False,False
823,"HePARIN 40,000 units/4 mL inj",hePARIN,Not Recorded,4.0 mL,1,mL,4.0,,40000.0 unit,unit,40000.0,0.0 unit/4.0 ML,False,False,False
824,"HePARIN 5,000 unit inj",hePARIN,Not Recorded,none,20313,,,,5000.0 unit,unit,5000.0,none,False,False,False
825,"HePARIN 5,000 units/ mL 10 mL inj",hePARIN,Not Recorded,10.0 mL,9,mL,10.0,,5000.0 unit,unit,5000.0,none,False,False,False
826,HePARIN 500 unit/5 mL Flush inj,hePARIN sodium-sodium chloride,Not Recorded,5.0 mL,4599,mL,5.0,,500.0 unit,unit,500.0,500.0 unit/5.0 ML,False,False,False
827,HePARIN Beef 10000 units/10mL inj,hePARIN beef,Not Recorded,10.0 mL,6,mL,10.0,,10000.0 unit,unit,10000.0,10000.0 unit/10.0 ML,False,False,False
828,HePARIN Flush 100 Units/ mL 3 mL,hePARIN,Not Recorded,3.0 mL,12,mL,3.0,,100.0 unit,unit,100.0,none,True,False,False
829,HePARIN Flush neonate 1unit/mL in 1/2NS (Art-line),hePARIN flush in 1/2 NS neonate,Not Recorded,none,172,,,,1.0 unit,unit,1.0,none,True,False,False
830,HePARIN IR 1000 unit/mL/4 mL ADD,heparin,Not Recorded,4.0 mL,5928,mL,4.0,,1000.0 unit,unit,1000.0,none,True,False,False
831,Hemin 313 mg inj,hemin,Not Recorded,none,90,,,,313.0 mg,mg,313.0,none,False,False,False
832,Heparin 2000 unit/2mL inj,heparin,Not Recorded,2.0 mL,4,mL,2.0,,2000.0 unit,unit,2000.0,2000.0 unit/2.0 ML,False,False,False
833,Heparin 4units/mL 1000mL (Neuro-Intervent Radiology),heparin in ns,Not Recorded,1000.0 mL,11,mL,1000.0,,4.0 unit,unit,4.0,none,True,False,False
834,Hepatitis B Immune Glob 5 mL inj (Hepagam B),hepatitis b im.glob,Not Recorded,5.0 mL,49,mL,5.0,,none,,,none,False,False,False
835,Hepatitis B immune globulin 1mL inj,hepatitis B immune globulin,Not Recorded,1.0 mL,1,mL,1.0,,none,,,none,False,False,False
836,Hetastarch 6%/ LR 500 mL bag,hetastarch 6% / lr,Hour,500.0 mL,1519,mL,500.0,,none,,,none,True,False,False
837,Hetastarch 6%/ NaCl 0.9% 500 mL bag,hetastarch 6% / ns,Not Recorded,500.0 mL,88,mL,500.0,,none,,,none,True,False,False
838,Hexaminolevulinate 100mg kit inj,hexaminolevulinate,Not Recorded,none,1,,,,100.0 mg,mg,100.0,none,False,False,False
839,Hyaluronidase 15 units/mL/NS neonate syringe,hyaluronidase in NS syringe,Not Recorded,none,2,,,,15.0 unit,unit,15.0,none,False,False,False
840,Hyaluronidase 150 units/mL inj,hyaluronidase,Not Recorded,none,1,,,,150.0 unit,unit,150.0,none,False,False,False
841,HydrALAZINE 10 mg tab,hydrALAZINE,Not Recorded,none,14,,,,10.0 mg,mg,10.0,none,False,False,False
842,HydrALAZINE 1mg/mL/NS neonate syringe,hydrALAZINE in NS syringe,Not Recorded,none,4,,,,1.0 mg,mg,1.0,none,False,False,False
843,HydrALAZINE 20 mg/1 mL inj,hydrALAZINE,Not Recorded,1.0 mL,285599,mL,1.0,,20.0 mg,mg,20.0,20.0 mg/1.0 ML,False,False,False
844,HydrALAZINE 25 mg tab,hydrALAZINE,Not Recorded,none,1,,,,25.0 mg,mg,25.0,none,False,False,False
845,HydrALAZINE 4 mg/mL Ped oral syringe,hydrALAZINE ped liq,Not Recorded,none,25,,,,4.0 mg,mg,4.0,none,False,False,False
846,HydrALAZINE 50 mg tab,hydrALAZINE,Not Recorded,none,20,,,,50.0 mg,mg,50.0,none,False,False,False
847,HydrOXYzine HCL 10 mg tab,hydrOXYzine,Not Recorded,none,1,,,,10.0 mg,mg,10.0,none,False,False,False
848,HydrOXYzine HCl 25 mg/mL inj,hydrOXYzine,Not Recorded,none,43,,,,25.0 mg,mg,25.0,none,False,False,False
849,Hydrocortisone  250 mg inj,hydrocortisone,Not Recorded,none,27,,,,250.0 mg,mg,250.0,none,False,False,False
850,Hydrocortisone  250 mg inj,hydrocortisone ss,Not Recorded,none,7,,,,250.0 mg,mg,250.0,none,False,False,False
851,Hydrocortisone 10 mg tab,hydrocortisone,Not Recorded,none,2,,,,10.0 mg,mg,10.0,none,False,False,False
852,Hydrocortisone 100 mg/2 mL for study,hydrocortisone/PBO,Not Recorded,2.0 mL,21,mL,2.0,,100.0 mg,mg,100.0,100.0 mg/2.0 ML,True,False,False
853,Hydrocortisone 100 mg/2 mL inj,hydrocortisone,Not Recorded,2.0 mL,190042,mL,2.0,,100.0 mg,mg,100.0,100.0 mg/2.0 ML,False,False,False
854,Hydrocortisone 100mg/60mL enema,hydrocortisone,Not Recorded,60.0 mL,1,mL,60.0,,100.0 mg,mg,100.0,100.0 mg/60.0 ML,True,False,False
855,Hydrocortisone 5 mg tab,hydrocortisone,Not Recorded,none,2,,,,5.0 mg,mg,5.0,none,False,False,False
856,Hydrocortisone 500 mg inj,hydrocortisone,Not Recorded,none,233,,,,500.0 mg,mg,500.0,none,False,False,False
857,Hydrocortisone PF 100mg/2mL inj,hydrocortisone,Not Recorded,2.0 mL,280,mL,2.0,,100.0 mg,mg,100.0,100.0 mg/2.0 ML,False,False,False
858,Hydrocortisone pf 1mg/mL/NS neonate syringe,hydrocortisone in NS syringe,Not Recorded,none,542,,,,1.0 mg,mg,1.0,none,False,False,False
859,Hydrocortisone pf 2mg/mL/NS neonate subq syr.,hydrocortisone in NS syringe,Not Recorded,none,23,,,,2.0 mg,mg,2.0,none,False,False,False
860,Hydrocortisone pf 2mg/mL/NS neonate syringe,hydrocortisone in NS syringe,Not Recorded,none,1,,,,2.0 mg,mg,2.0,none,False,False,False
861,Hydromorphone 0.4mg/mL+Ketamine 1mg/mL PCA (ortho OR),hydromorphone  0.4mg+ ketamine 1mg pca,Not Recorded,none,49,,,,0.4 mg,mg,0.4,none,True,False,False
862,Hydromorphone 1 mg/mL inj,hydromorphone,Not Recorded,none,928746,,,,1.0 mg,mg,1.0,none,False,False,False
863,Hydromorphone 10 mg/mL 5 mL inj,hydromorphone,Milligram/Hour,5.0 mL,1809,mL,5.0,,10.0 mg,mg,10.0,none,False,False,False
864,Hydromorphone 10 mg/mL 5 mL inj,hydromorphone-HP,Not Recorded,5.0 mL,482,mL,5.0,,10.0 mg,mg,10.0,none,False,False,False
865,Hydromorphone 2 mg tab,hydromorphone,Not Recorded,none,11,,,,2.0 mg,mg,2.0,none,False,False,False
866,Hydromorphone 2 mg/1 mL inj,hydromorphone,Not Recorded,1.0 mL,262327,mL,1.0,,2.0 mg,mg,2.0,2.0 mg/1.0 ML,False,False,False
867,Hydromorphone 2 mg/mL inj.,hydromorphone,Not Recorded,none,131529,,,,2.0 mg,mg,2.0,none,False,False,False
868,Hydromorphone 4 mg tab,hydromorphone,Not Recorded,none,3,,,,4.0 mg,mg,4.0,none,False,False,False
869,Hydromorphone 40 mg/20 mL inj,hydromorphone,Not Recorded,20.0 mL,11927,mL,20.0,,40.0 mg,mg,40.0,40.0 mg/20.0 ML,False,False,False
870,Hydromorphone PCA 0.2mg/ml Syr.,hydromorphone PCA 0.2mg Syr.,Not Recorded,none,20544,,,,0.2 mg,mg,0.2,none,False,False,False
871,Hydromorphone PCA 0.2mg/ml syringe,hydromorphone PCA 0.2mg/ml/ NS syr,Not Recorded,none,15434,,,,0.2 mg,mg,0.2,none,False,False,False
872,Hydromorphone PCA/NCA 0.2mg/ml syringe,hydromorphone PCA 0.2mg/ml in NS syr.,Not Recorded,none,8218,,,,0.2 mg,mg,0.2,none,False,False,False
873,Hydromorphone PCA/NCA 0.2mg/ml syringe,hydromorphone PCA 0.2mg/ml/ NS syr,Not Recorded,none,53939,,,,0.2 mg,mg,0.2,none,False,False,False
874,Hydromorphone PCA/NCA 0.2mg/ml syringe,hydromorphone PCA 0.2mg/ml/ NS syr.,Not Recorded,none,21378,,,,0.2 mg,mg,0.2,none,False,False,False
875,Hydromorphone PCA/NCA 0.2mg/ml syringe,hydromorphone PCA/NCA 0.2mg/ml/ NS syr,Not Recorded,none,166499,,,,0.2 mg,mg,0.2,none,False,False,False
876,Hydromorphone PCA/NCA 1mg/1 mL High Dose Syr.,hydromorphone PCA in NS syringe,Not Recorded,1.0 mL,22996,mL,1.0,,1.0 mg,mg,1.0,1.0 mg/1.0 ML,False,False,False
877,Hydromorphone PCA/NCA 1mg/1 mL High Dose Syr.,hydromorphone PCA/NCA in NS syringe,Not Recorded,1.0 mL,7508,mL,1.0,,1.0 mg,mg,1.0,1.0 mg/1.0 ML,False,False,False
878,Hydromorphone-PF 2 mg/1 mL,hydromorphone-pf,Not Recorded,1.0 mL,5778,mL,1.0,,2.0 mg,mg,2.0,2.0 mg/1.0 ML,True,False,False
879,Hydroxocobalamin 5 gm Kit,hydroxocobalamin,Not Recorded,none,368,,,,5.0 gm,gm,5.0,none,True,False,False
880,"Hydroxyethyl Starch 6%/ NaCl 0.9% 500 mL bag
",hydroxyethyl starch,Not Recorded,500.0 mL,5,mL,500.0,,none,,,none,True,False,False
881,Hyperalimentation for charging,hyperalimentation,Not Recorded,none,6,,,,none,,,none,True,False,False
882,Hypertonic NACL 16.4% 50mL (NaCl/NaAcetate),hypertonic saline 16.4%,Not Recorded,50.0 mL,9132,mL,50.0,,none,,,none,True,False,False
883,Hypertonic NACL 3% 500 mL IV bag,nacl 3%,Not Recorded,500.0 mL,105507,mL,500.0,,none,,,none,True,False,False
884,Hypertonic NaCl 23.4% 120meq IVPB for Neuro (30mL),"na chloride 23.4% in Bag, sterile",Not Recorded,30.0 mL,11503,mL,30.0,,120.0 mEq,mEq,120.0,none,True,False,False
885,Hypertonic NaCl 23.4% 240meq IVPB for Neuro,"na chloride 23.4% in Bag, sterile",Not Recorded,none,1506,,,,240.0 mEq,mEq,240.0,none,True,False,False
886,Hypertonic Saline 7.5% 100mL (NaCl/NaAcetate),hypertonic saline 7.5%,Not Recorded,100.0 mL,299,mL,100.0,,none,,,none,True,False,False
887,IDArubicin 10 mg Inj,IDArubicin hcl,Not Recorded,none,19,,,,10.0 mg,mg,10.0,none,False,False,False
888,IDArubicin 5 mg inj,IDArubicin,Not Recorded,none,1409,,,,5.0 mg,mg,5.0,none,False,False,False
889,IRINOtecan 20 mg/mL inj,IRINOtecan,Not Recorded,none,138,,,,20.0 mg,mg,20.0,none,False,False,False
890,IV Stabilizer Solution inj,IV stabilizer solution,Not Recorded,none,319,,,,none,,,none,False,False,False
891,Ibutilide 1 mg/10 mL inj,ibutilide,Not Recorded,10.0 mL,365,mL,10.0,,1.0 mg,mg,1.0,1.0 mg/10.0 ML,False,False,False
892,Idarucizumab 2.5gm/50ml inj,idarucizumab,Not Recorded,50.0 mL,87,mL,50.0,,2.5 gm,gm,2.5,none,False,False,False
893,Ifosfamide 1gm inj,ifosfamide,Not Recorded,none,5276,,,,1.0 gm,gm,1.0,none,False,False,False
894,Ifosfamide 3 gm,ifosfamide,Not Recorded,none,196,,,,3.0 gm,gm,3.0,none,True,False,False
895,Imipenem-Cilastatin  500 mg inj,imipenem-cilastatin,Not Recorded,none,628,,,,500.0 mg,mg,500.0,none,False,False,False
896,Immune Glob 6gm (Carimune) sucr.contng.,immune globulin human (sucrose contng.),Not Recorded,none,40,,,,6.0 gm,gm,6.0,none,True,False,False
897,Immune Glob. Lymphocyte (Atgam),"lymphocyte, immune globulin",Not Recorded,none,367,,,,none,,,none,True,False,False
898,Immune Glob.12gm (Carimune) sucrose contng.,immune glob. (hum) sucrose contng.,Not Recorded,none,282,,,,12.0 gm,gm,12.0,none,True,False,False
899,Immune Globulin 10gm/100mL (Privigen),immune globulin intraven. SF,Not Recorded,100.0 mL,3748,mL,100.0,,10.0 gm,gm,10.0,none,True,False,False
900,Immune Globulin 10gm/100mL (Privigen),immune globulin intravenous SF,Not Recorded,100.0 mL,125,mL,100.0,,10.0 gm,gm,10.0,none,True,False,False
901,Immune Globulin 20gm/200mL (Gammagard),immune globulin (hum) sf,Not Recorded,200.0 mL,334,mL,200.0,,20.0 gm,gm,20.0,none,True,False,False
902,Immune Globulin sf 10gm/100mL (Gammagard),immune globulin human SF,Not Recorded,100.0 mL,1071,mL,100.0,,10.0 gm,gm,10.0,none,True,False,False
903,Immune Globulin sf 30gm/300mL (Gammagard),immune globulin human SF,Not Recorded,300.0 mL,3,mL,300.0,,30.0 gm,gm,30.0,none,True,False,False
904,Immune Globuln 20gm/200mL SF (Privigen),immune globulin intravenous,Not Recorded,200.0 mL,1030,mL,200.0,,20.0 gm,gm,20.0,none,True,False,False
905,Immune globulin 1gm neonate syringe.,immune globulin human SF syringe,Not Recorded,none,2,,,,1.0 gm,gm,1.0,none,False,False,False
906,Immune globulin 5 gm inj (Gammagard),immune globulin human SF,Not Recorded,none,368,,,,5.0 gm,gm,5.0,none,False,False,False
907,Immune globulin 5 gm inj (Privigen) 10%,immune globulin human SF,Not Recorded,none,1279,,,,5.0 gm,gm,5.0,none,False,False,False
908,InFLIXimab (Remicade) 100 mg inj,inFLIXimab,Not Recorded,none,422,,,,100.0 mg,mg,100.0,none,False,False,False
909,InFLIXimab (Remicade) 100 mg inj,inFLIXimab (Remicade),Not Recorded,none,29,,,,100.0 mg,mg,100.0,none,False,False,False
910,Indigo 0.8% 5 mL inj,indigo carmine 0.8%,Not Recorded,5.0 mL,1117,mL,5.0,,none,,,none,False,False,False
911,Indomethacin 1 mg ped inj,indomethacin,Not Recorded,none,28,,,,1.0 mg,mg,1.0,none,False,False,False
912,Insulin Bolus Neonate 0.1 unit(s)/mL/NS syringe,insulin regular in NS syringe,Not Recorded,none,2,,,,0.1 unit,unit,0.1,none,False,False,False
913,Insulin Bolus Neonate 1 unit(s)/mL/NS syringe,insulin regular in NS syringe,Not Recorded,none,8,,,,1.0 unit,unit,1.0,none,False,False,False
914,Insulin Detemir 100 units/mL inj for pregnancy,insulin detemir,Not Recorded,none,1,,,,100.0 unit,unit,100.0,none,False,False,False
915,Insulin Glargine (Human),"insulin, glargine",Not Recorded,none,5,,,,none,,,none,True,False,False
916,Insulin Glargine 100 units/mL inj,insulin glargine,Not Recorded,none,3,,,,100.0 unit,unit,100.0,none,False,False,False
917,Insulin Isophane Human recomb. 100 units/mL inj,insulin isophane (NPH),Not Recorded,none,5,,,,100.0 unit,unit,100.0,none,False,False,False
918,Insulin NPH (Human),"insulin, nph human",Not Recorded,none,3,,,,none,,,none,True,False,False
919,Insulin Reg Hum.,insulin regular,Not Recorded,none,62,,,,none,,,none,True,False,False
920,Insulin Reg Hum. (WW),insulin reg human,Not Recorded,none,6,,,,none,,,none,True,False,False
921,Insulin Reg Hum.-BG-formula,insulin reg human,Not Recorded,none,18,,,,none,,,none,True,False,False
922,Insulin Regular Human recomb. 100 units/mL inj,insulin regular,U/Hr,none,2432,,,,100.0 unit,unit,100.0,none,False,False,False
923,Insulin aspart  (NovoLOG),insulin aspart,Not Recorded,none,46,,,,none,,,none,True,False,False
924,Insulin aspart (NovoLOG).,insulin aspart,Not Recorded,none,87,,,,none,,,none,True,False,False
925,Insulin regular COMPOUNDING USE,insulin reg human,Not Recorded,none,203074,,,,none,,,none,True,False,False
926,Insulin regular COMPOUNDING USE,insulin regular CMPD,Not Recorded,none,51140,,,,none,,,none,True,False,False
927,Insulin regular COMPOUNDING USE,insulin regular COMPOUNDING,Not Recorded,none,1681,,,,none,,,none,True,False,False
928,Insulin/PBO for Shine Study,insulin/PBO-P# Shine study,U/Hr,none,451,,,,none,,,none,True,False,False
929,Invest NS 500mL bag for study,invest NS bag,Not Recorded,500.0 mL,606,mL,500.0,,none,,,none,True,False,False
930,Invest ganciclovir 500 mg for study,ganciclovir p#val038,Not Recorded,none,1,,,,500.0 mg,mg,500.0,none,True,False,False
931,Iodixanol 270 mg 100 mL btl,iodixanol,Not Recorded,100.0 mL,1,mL,100.0,,270.0 mg,mg,270.0,none,True,False,False
932,Iodixanol 320 mg/ mL 50 mL,iodixanol,Not Recorded,50.0 mL,1,mL,50.0,,320.0 mg,mg,320.0,none,True,False,False
933,Iohexol 180 mg 20mL,iohexol,Not Recorded,20.0 mL,1,mL,20.0,,180.0 mg,mg,180.0,none,True,False,False
934,Iohexol 300 100 mL btl,iohexol,Not Recorded,100.0 mL,5,mL,100.0,,none,,,none,True,False,False
935,Iohexol 300 10mL,iohexol,Not Recorded,10.0 mL,1,mL,10.0,,none,,,none,True,False,False
936,Iohexol 300 150 mL,iohexol,Not Recorded,150.0 mL,2,mL,150.0,,none,,,none,True,False,False
937,Iohexol 300 50mL inj,iohexol,Not Recorded,50.0 mL,6,mL,50.0,,none,,,none,False,False,False
938,Iohexol 350 100 mL,iohexol,Not Recorded,100.0 mL,1,mL,100.0,,none,,,none,True,False,False
939,Iohexol 350 150 mL,iohexol,Not Recorded,150.0 mL,2,mL,150.0,,none,,,none,True,False,False
940,Iohexol 350 50 mL inj,iohexol,Not Recorded,50.0 mL,51,mL,50.0,,none,,,none,False,False,False
941,Iohexol-350 100 mL,iohexol,Not Recorded,100.0 mL,3,mL,100.0,,none,,,none,True,False,False
942,Iopamidol 61% (Isovue 300) 50mL inj,iopamidol,Not Recorded,50.0 mL,2,mL,50.0,,none,,,none,False,False,False
943,Iopamidol 76% (Isovue 370) 50mL inj,iopamidol,Not Recorded,50.0 mL,1,mL,50.0,,none,,,none,False,False,False
944,Ipratropium 0.02% Inh Sol 2.5mL.,ipratropium 0.02%,Not Recorded,2.5 mL,1,mL,2.5,,none,,,none,True,False,False
945,Iron Dextran 100 mg/2 mL inj,iron dextran,Not Recorded,2.0 mL,1137,mL,2.0,,100.0 mg,mg,100.0,100.0 mg/2.0 ML,False,False,False
946,Iron Sucrose 100 mg/5mL inj,iron sucrose,Not Recorded,5.0 mL,35608,mL,5.0,,100.0 mg,mg,100.0,100.0 mg/5.0 ML,False,False,False
947,Isavuconazonium 372 mg inj,isavuconazonium,Not Recorded,none,5883,,,,372.0 mg,mg,372.0,none,False,False,False
948,Isoproterenol 0.2 mg/ 1 mL inj,isoproterenol,Not Recorded,1.0 mL,7,mL,1.0,,0.2 mg,mg,0.2,0.2 mg/1.0 ML,False,False,False
949,Isoproterenol 1 mg/5 mL inj,isoproterenol,Not Recorded,5.0 mL,11656,mL,5.0,,1.0 mg,mg,1.0,1.0 mg/5.0 ML,False,False,False
950,Isosulfan Blue 1% 5 mL inj,isosulfan blue 1%,Not Recorded,5.0 mL,2,mL,5.0,,none,,,none,False,False,False
951,KCl 10mEq/100 mL St. Water  premix,potassium chloride in sterile water,Not Recorded,100.0 mL,108756,mL,100.0,,10.0 mEq,mEq,10.0,10.0 mEq/100.0 ML,True,False,False
952,KCl 2 mEq/ml  20 mL inj.,potassium chloride,Not Recorded,20.0 mL,101034,mL,20.0,,2.0 mEq,mEq,2.0,none,False,False,False
953,KCl 20 mEq SA tab,potassium chloride tab SA,Not Recorded,none,31,,,,20.0 mEq,mEq,20.0,none,False,False,False
954,KCl 20 mEq packet,potassium chloride,Not Recorded,none,23,,,,20.0 mEq,mEq,20.0,none,True,False,False
955,KCl 20 mEq/15 mL oral liq,potassium chloride,Not Recorded,15.0 mL,15,mL,15.0,,20.0 mEq,mEq,20.0,20.0 mEq/15.0 ML,False,False,False
956,KCl 20 mEq/50 mL St. Water premix,potassium chloride in sterile water,Not Recorded,50.0 mL,120958,mL,50.0,,20.0 mEq,mEq,20.0,20.0 mEq/50.0 ML,True,False,False
957,KCl 40 mEq/ 100 mL St.Water premix,potassium chloride in sterile water,Not Recorded,100.0 mL,89939,mL,100.0,,40.0 mEq,mEq,40.0,40.0 mEq/100.0 ML,True,False,False
958,KCl 40 mEq/ NS 100 mL,potassium chloride in NS,Not Recorded,100.0 mL,104,mL,100.0,,40.0 mEq,mEq,40.0,none,True,False,False
959,KCl 40 mEq/30 mL oral liq,potassium chloride elixir,Not Recorded,30.0 mL,28,mL,30.0,,40.0 mEq,mEq,40.0,40.0 mEq/30.0 ML,False,False,False
960,KCl 40 mEq/30 mL oral liq,potassium chloride liquid,Not Recorded,30.0 mL,746,mL,30.0,,40.0 mEq,mEq,40.0,40.0 mEq/30.0 ML,False,False,False
961,Ketamine 200 mg/20mL inj ADD,ketamine,Not Recorded,20.0 mL,178570,mL,20.0,,200.0 mg,mg,200.0,200.0 mg/20.0 ML,False,False,False
962,Ketamine 50 mg/5mL syringe,ketamine,Not Recorded,5.0 mL,31110,mL,5.0,,50.0 mg,mg,50.0,50.0 mg/5.0 ML,False,False,False
963,Ketamine 500 mg/10 mL inj ADD,ketamine,Milligram/Hour,10.0 mL,30917,mL,10.0,,500.0 mg,mg,500.0,500.0 mg/10.0 ML,False,False,False
964,Ketamine 500 mg/10 mL inj CMPD,ketamine,Not Recorded,10.0 mL,2201,mL,10.0,,500.0 mg,mg,500.0,500.0 mg/10.0 ML,False,False,False
965,Ketamine 500 mg/5 mL inj,ketamine,Not Recorded,5.0 mL,7399,mL,5.0,,500.0 mg,mg,500.0,500.0 mg/5.0 ML,False,False,False
966,Ketamine 500 mg/5mL inj ADD,ketamine,Not Recorded,5.0 mL,20957,mL,5.0,,500.0 mg,mg,500.0,500.0 mg/5.0 ML,False,False,False
967,Ketamine HCl 10 mg/ mL inj (WW),ketamine,Not Recorded,none,21,,,,10.0 mg,mg,10.0,none,False,False,False
968,Ketamine HCl 200 mg/20 mL inj,ketamine,Milligram/Hour,20.0 mL,40917,mL,20.0,,200.0 mg,mg,200.0,200.0 mg/20.0 ML,False,False,False
969,Ketorolac 15 mg inj,ketorolac,Not Recorded,none,216406,,,,15.0 mg,mg,15.0,none,False,False,False
970,Ketorolac 30 mg inj,ketorolac,Not Recorded,none,307294,,,,30.0 mg,mg,30.0,none,False,False,False
971,Ketorolac 60 mg/2 mL inj,ketorolac,Not Recorded,2.0 mL,40,mL,2.0,,60.0 mg,mg,60.0,60.0 mg/2.0 ML,False,False,False
972,L&D-Mag Sulf 4gm/100mL St.Water premix,magnesium sulfate in sterile water,Not Recorded,100.0 mL,1576,mL,100.0,,4.0 gm,gm,4.0,none,True,False,False
973,L&D-Mag Sulf 6gm/NS 100mL ivpb,magnesium sulfate in ns,Not Recorded,100.0 mL,300,mL,100.0,,6.0 gm,gm,6.0,none,True,False,False
974,LACOSamide 100 mg tab,LACOSamide,Not Recorded,none,1,,,,100.0 mg,mg,100.0,none,False,False,False
975,LACOSamide 100 mg/10 mL liquid UD,LACOSamide,Not Recorded,10.0 mL,2,mL,10.0,,100.0 mg,mg,100.0,100.0 mg/10.0 ML,True,False,False
976,LACOSamide 200 mg/20 mL inj,LACOSamide,Not Recorded,20.0 mL,26448,mL,20.0,,200.0 mg,mg,200.0,200.0 mg/20.0 ML,False,False,False
977,LACOSamide 50 mg tab,LACOSamide,Not Recorded,none,4,,,,50.0 mg,mg,50.0,none,False,False,False
978,LEVOleucovorin 50 mg,levoleucovorin,Not Recorded,none,3,,,,50.0 mg,mg,50.0,none,True,False,False
979,LR 1000 mL IV bag,lactated ringers,Not Recorded,1000.0 mL,3452776,mL,1000.0,,none,,,none,True,False,False
980,LR 250 mL IV bag,lactated ringers,Not Recorded,250.0 mL,70,mL,250.0,,none,,,none,True,False,False
981,LR 500 mL IV bag,lactated ringers,Not Recorded,500.0 mL,31691,mL,500.0,,none,,,none,True,False,False
982,LR 500 mL IV bag for study,lactated ringers,Not Recorded,500.0 mL,9,mL,500.0,,none,,,none,True,False,False
983,Labetalol 10 mg/2 mL syringe,labetalol,Not Recorded,2.0 mL,15,mL,2.0,,10.0 mg,mg,10.0,10.0 mg/2.0 ML,False,False,False
984,Labetalol 100 mg/20 mL inj,labetalol,Not Recorded,20.0 mL,60396,mL,20.0,,100.0 mg,mg,100.0,100.0 mg/20.0 ML,False,False,False
985,Labetalol 100 mg/20 mL inj ADD,labetalol,Milligrams/Minute,20.0 mL,38942,mL,20.0,,100.0 mg,mg,100.0,100.0 mg/20.0 ML,False,False,False
986,Labetalol 20 mg/4 mL inj,labetalol,Not Recorded,4.0 mL,79375,mL,4.0,,20.0 mg,mg,20.0,20.0 mg/4.0 ML,False,False,False
987,Labetalol 20 mg/4 mL syringe,labetalol,Not Recorded,4.0 mL,6,mL,4.0,,20.0 mg,mg,20.0,20.0 mg/4.0 ML,False,False,False
988,Labetalol 200 mg tab,labetalol,Not Recorded,none,1,,,,200.0 mg,mg,200.0,none,False,False,False
989,Labetalol 300 mg tab,labetalol,Not Recorded,none,3,,,,300.0 mg,mg,300.0,none,False,False,False
990,Leucovorin 100 mg inj,leucovorin,Not Recorded,none,15241,,,,100.0 mg,mg,100.0,none,False,False,False
991,Leucovorin 200  mg/10  mL inj,leucovorin,Not Recorded,10.0 mL,22,mL,10.0,,200.0 mg,mg,200.0,200.0 mg/10.0 ML,False,False,False
992,Leucovorin 350 mg/17.5mL inj,leucovorin,Not Recorded,17.5 mL,34,mL,17.5,,350.0 mg,mg,350.0,350.0 mg/17.5 ML,False,False,False
993,Leucovorin 5 mg tablet,leucovorin,Not Recorded,none,5,,,,5.0 mg,mg,5.0,none,False,False,False
994,Leucovorin 50  mg inj,leucovorin,Not Recorded,none,4,,,,50.0 mg,mg,50.0,none,False,False,False
995,LevETIRAcetam 1000 mg/100 mL NACL IVPB,levETIRAcetam in NACL,Not Recorded,100.0 mL,26101,mL,100.0,,1000.0 mg,mg,1000.0,1000.0 mg/100.0 ML,True,False,False
996,LevETIRAcetam 1500 mg/100 mL NACL IVPB,levETIRAcetam in NACL,Not Recorded,100.0 mL,12478,mL,100.0,,1500.0 mg,mg,1500.0,1500.0 mg/100.0 ML,True,False,False
997,LevETIRAcetam 500 mg/100 mL NACL IVPB,levETIRAcetam in NACL,Not Recorded,100.0 mL,29611,mL,100.0,,500.0 mg,mg,500.0,500.0 mg/100.0 ML,True,False,False
998,Levalbuterol 1.25 mg/0.5 mL solu UD,levalbuterol,Not Recorded,0.5 mL,1,mL,0.5,,1.25 mg,mg,1.25,1.25 mg/0.5 ML,True,False,False
999,LeveTIRACETAM 1000mg tab,leveTIRACETAM,Not Recorded,none,4,,,,1000.0 mg,mg,1000.0,none,False,False,False
1000,LeveTIRACETAM 500mg inj.,leveTIRACETAM,Not Recorded,none,60800,,,,500.0 mg,mg,500.0,none,False,False,False
1001,LeveTIRACETAM 500mg/5mL soln.,leveTIRACETAM,Not Recorded,5.0 mL,132,mL,5.0,,500.0 mg,mg,500.0,500.0 mg/5.0 ML,True,False,False
1002,LeveTIRACETAM XR 500mg tablet,levETIRAcetam XR,Not Recorded,none,1,,,,500.0 mg,mg,500.0,none,False,False,False
1003,LevoFLOXACIN 250 mg tab,levoFLOXACIN,Not Recorded,none,1,,,,250.0 mg,mg,250.0,none,False,False,False
1004,LevoFLOXACIN 250 mg/50 mL D5W,LevoFLOXACIN in d5w,Not Recorded,50.0 mL,4113,mL,50.0,,250.0 mg,mg,250.0,250.0 mg/50.0 ML,True,False,False
1005,LevoFLOXACIN 500 mg tab,levoFLOXACIN,Not Recorded,none,11,,,,500.0 mg,mg,500.0,none,False,False,False
1006,LevoFLOXACIN 500 mg/100 mL D5W,LevoFLOXACIN in d5w,Not Recorded,100.0 mL,30625,mL,100.0,,500.0 mg,mg,500.0,500.0 mg/100.0 ML,True,False,False
1007,LevoFLOXACIN 500mg inj,LevoFLOXACIN,Not Recorded,none,96,,,,500.0 mg,mg,500.0,none,False,False,False
1008,LevoFLOXACIN 750 mg tab,LevoFLOXACIN,Not Recorded,none,1,,,,750.0 mg,mg,750.0,none,False,False,False
1009,LevoFLOXACIN 750 mg/D5W 150 mL,LevoFLOXACIN in d5w,Not Recorded,150.0 mL,38533,mL,150.0,,750.0 mg,mg,750.0,none,True,False,False
1010,Levocarnitine 1000mg/5mL inj.,levocarnitine,Not Recorded,5.0 mL,16471,mL,5.0,,1000.0 mg,mg,1000.0,1000.0 mg/5.0 ML,False,False,False
1011,Levocarnitine 1gm inj  TPN Charging,levocarnitine,Not Recorded,none,169,,,,1.0 gm,gm,1.0,none,False,False,False
1012,Levofloxacin 500mg/20mL oral soln,levofloxacin,Not Recorded,20.0 mL,1,mL,20.0,,500.0 mg,mg,500.0,500.0 mg/20.0 ML,False,False,False
1013,Levothyroxine 100 mcg tab,levothyroxine,Not Recorded,none,2,,,,100.0 mcg,mcg,100.0,none,False,False,False
1014,Levothyroxine 25 mcg tab,levothyroxine,Not Recorded,none,1,,,,25.0 mcg,mcg,25.0,none,False,False,False
1015,Levothyroxine 25mcg/mL 100 mL liq BULK,levothyroxine,Not Recorded,100.0 mL,2,mL,100.0,,25.0 mcg,mcg,25.0,none,True,False,False
1016,Levothyroxine 300 mcg tab,levothyroxine,Not Recorded,none,1,,,,300.0 mcg,mcg,300.0,none,False,False,False
1017,Levothyroxine 50 mcg tab,levothyroxine,Not Recorded,none,1,,,,50.0 mcg,mcg,50.0,none,False,False,False
1018,Levothyroxine 88 mcg tab,levothyroxine,Not Recorded,none,8,,,,88.0 mcg,mcg,88.0,none,False,False,False
1019,Lidocaine 0.5% PF 50 mL MDV inj,lidocaine 0.5%,Not Recorded,50.0 mL,3,mL,50.0,,none,,,none,False,False,False
1020,Lidocaine 0.5%/Epi inj 50 mL,lidocaine 0.5%/epi,Not Recorded,50.0 mL,2,mL,50.0,,none,,,none,False,False,False
1021,Lidocaine 1% 10 mL inj,lidocaine 1%,Not Recorded,10.0 mL,2,mL,10.0,,none,,,none,False,False,False
1022,Lidocaine 1% 20 mL inj.,lidocaine 1%,Not Recorded,20.0 mL,46,mL,20.0,,none,,,none,False,False,False
1023,Lidocaine 1% 50 mg/5 mL syringe (cardiac),lidocaine 1%,Not Recorded,5.0 mL,15,mL,5.0,,50.0 mg,mg,50.0,50.0 mg/5.0 ML,False,False,False
1024,Lidocaine 1% 5mL inj,lidocaine 1%,Not Recorded,5.0 mL,44,mL,5.0,,none,,,none,False,False,False
1025,Lidocaine 1% PF 30 mL,lidocaine 1% PF,Not Recorded,30.0 mL,62,mL,30.0,,none,,,none,True,False,False
1026,Lidocaine 1% PF 5 mL inj,lidocaine 1% PF,Not Recorded,5.0 mL,35,mL,5.0,,none,,,none,False,False,False
1027,"Lidocaine 1% w/Epi 1:100,000 50mL inj",lidocaine-epinephrine,Not Recorded,50.0 mL,1,mL,50.0,,none,,,none,False,False,False
1028,"Lidocaine 1% w/Epi 1:100,000 inj 20 mL",lidocaine 1% w/ epi,Not Recorded,20.0 mL,20,mL,20.0,,none,,,none,False,False,False
1029,"Lidocaine 1% w/Epi 1:200,000 inj 30mL PF inj",lidocaine 1% w/epi,Not Recorded,30.0 mL,3,mL,30.0,,none,,,none,False,False,False
1030,Lidocaine 1% w/Epi for local anesthesia,lidocaine 1% w/epi,Not Recorded,none,1,,,,none,,,none,True,False,False
1031,Lidocaine 1.5% 20mL inj,lidocaine 1.5%,Not Recorded,20.0 mL,6,mL,20.0,,none,,,none,False,False,False
1032,Lidocaine 1.5% w/epi 30 mL,lidocaine 1.5%/epi,Not Recorded,30.0 mL,35,mL,30.0,,none,,,none,True,False,False
1033,Lidocaine 100mg/5mL syringe (cardiac),lidocaine,Not Recorded,5.0 mL,2179,mL,5.0,,100.0 mg,mg,100.0,100.0 mg/5.0 ML,False,False,False
1034,Lidocaine 2% 10 mL inj,lidocaine 2%,Not Recorded,10.0 mL,212317,mL,10.0,,none,,,none,False,False,False
1035,Lidocaine 2% Epi 1.8mL Cart,lidocaine 2% w/-epi,Not Recorded,1.8 mL,6,mL,1.8,,none,,,none,True,False,False
1036,Lidocaine 2% Jelly  30 mL,lidocaine 2%,Not Recorded,30.0 mL,30,mL,30.0,,none,,,none,True,False,False
1037,Lidocaine 2% Nebulized soln,lidocaine 2%,Not Recorded,none,1,,,,none,,,none,True,False,False
1038,Lidocaine 2% PF 10 mL inj,lidocaine 2%,Not Recorded,10.0 mL,1,mL,10.0,,none,,,none,False,False,False
1039,Lidocaine 2% PF 2 mL inj,lidocaine 2%,Not Recorded,2.0 mL,4,mL,2.0,,none,,,none,False,False,False
1040,Lidocaine 2% PF 5 mL inj,lidocaine 2%,Not Recorded,5.0 mL,589,mL,5.0,,none,,,none,False,False,False
1041,Lidocaine 2% Visc 100 mL btl,lidocaine 2%,Not Recorded,100.0 mL,7,mL,100.0,,none,,,none,True,False,False
1042,Lidocaine 2% inj 20mL,lidocaine 2%,Not Recorded,20.0 mL,160,mL,20.0,,none,,,none,False,False,False
1043,Lidocaine 2% inj. 50mL inj,lidocaine,Not Recorded,50.0 mL,19,mL,50.0,,none,,,none,False,False,False
1044,Lidocaine 2% topical Gel 5 mL,lidocaine 2%,Not Recorded,5.0 mL,4,mL,5.0,,none,,,none,False,False,False
1045,Lidocaine 2% topical soln,lidocaine 2%,Not Recorded,none,4,,,,none,,,none,True,False,False
1046,Lidocaine 2% viscous liq 20 mL,lidocaine viscous 2%,Not Recorded,20.0 mL,15,mL,20.0,,none,,,none,True,False,False
1047,"Lidocaine 2% w/Epi 1:100,000 20mL inj",lidocaine 2% w/epi,Not Recorded,20.0 mL,7,mL,20.0,,none,,,none,False,False,False
1048,Lidocaine 20mg/mL OR syringe,lidocaine 2%,Not Recorded,none,5,,,,20.0 mg,mg,20.0,none,False,False,False
1049,Lidocaine 4% 5 mL inj,lidocaine 4%,Not Recorded,5.0 mL,96,mL,5.0,,none,,,none,False,False,False
1050,Lidocaine 4% Nebulized soln,lidocaine 4%,Not Recorded,none,16,,,,none,,,none,True,False,False
1051,Lidocaine 4% cream,lidocaine 4% cream,Not Recorded,none,1,,,,none,,,none,True,False,False
1052,Lidocaine 4% topical sol 50 mL,lidocaine 4%,Not Recorded,50.0 mL,14,mL,50.0,,none,,,none,True,False,False
1053,Lidocaine 5% oint 35 gm,lidocaine 5%,Not Recorded,none,1,,,,35.0 gm,gm,35.0,none,True,False,False
1054,Lidocaine 5%-Gluc 7.5% 2 mL inj,lidocaine 5% glucose 7.5%,Not Recorded,2.0 mL,2,mL,2.0,,none,,,none,False,False,False
1055,Lidocaine 8mg/ml Drip NEONATE,lidocaine in syringe,Not Recorded,none,16,,,,8.0 mg,mg,8.0,none,True,False,False
1056,Lidocaine Gel 2% 20mL (Uro-Jet Gel),lidocaine gel 2%,Not Recorded,20.0 mL,1,mL,20.0,,none,,,none,False,False,False
1057,Lidocaine Viscous 2%  UD,lidocaine viscous 2%,Not Recorded,none,101,,,,none,,,none,True,False,False
1058,Lidocaine topical 4% kit,lidocaine topical 4%,Not Recorded,none,46,,,,none,,,none,True,False,False
1059,Lidocaine w/ Epi 1.5% 10 mL inj,lidocaiine1.5%w/epi,Not Recorded,10.0 mL,3,mL,10.0,,none,,,none,False,False,False
1060,"Lidocaine w/Epi 2% 1:200,000 20 mL inj",lidocaine 2% w/ epi,Not Recorded,20.0 mL,4,mL,20.0,,none,,,none,False,False,False
1061,Linezolid 200 mg/100 mL premix,linezolid premix,Not Recorded,100.0 mL,18,mL,100.0,,200.0 mg,mg,200.0,200.0 mg/100.0 ML,True,False,False
1062,Linezolid 600 mg tab,linezolid,Not Recorded,none,2,,,,600.0 mg,mg,600.0,none,False,False,False
1063,Linezolid 600 mg/300 mL premix,linezolid premix,Not Recorded,300.0 mL,13164,mL,300.0,,600.0 mg,mg,600.0,600.0 mg/300.0 ML,True,False,False
1064,Linezolid 600 mg/300 mL premix.,linezolid premix,Not Recorded,300.0 mL,825,mL,300.0,,600.0 mg,mg,600.0,600.0 mg/300.0 ML,True,False,False
1065,Loratadine 10 mg tab,loratadine,Not Recorded,none,1,,,,10.0 mg,mg,10.0,none,False,False,False
1066,Lorazepam 0.5 mg tab,lorazepam,Not Recorded,none,2,,,,0.5 mg,mg,0.5,none,False,False,False
1067,Lorazepam 1 mg tab,lorazepam,Not Recorded,none,33,,,,1.0 mg,mg,1.0,none,False,False,False
1068,Lorazepam 2 mg/1 mL inj,lorazepam,Not Recorded,1.0 mL,241692,mL,1.0,,2.0 mg,mg,2.0,2.0 mg/1.0 ML,False,False,False
1069,Lorazepam 2 mg/mL 10 mL Extemp,lorazepam,Not Recorded,10.0 mL,1673,mL,10.0,,2.0 mg,mg,2.0,none,True,False,False
1070,Lorazepam 2 mg/mL 10 mL inj,lorazepam,Milligram/Hour,10.0 mL,64203,mL,10.0,,2.0 mg,mg,2.0,none,False,False,False
1071,Lorazepam 2 mg/mL conc. liq. (Palliative Care)BULK,lorazepam,Not Recorded,none,9,,,,2.0 mg,mg,2.0,none,True,False,False
1072,Lorazepam 4 mg/mL 10 mL inj,LORazepam,Not Recorded,10.0 mL,1,mL,10.0,,4.0 mg,mg,4.0,none,False,False,False
1073,Lorazepam IV Therapy,Lorazepam IV Therapy,Not Recorded,none,2,,,,none,,,none,True,False,False
1074,MORPHINE PF 0.5mg/ml in NS 2ml inj syr,morphine,Not Recorded,2.0 mL,6,mL,2.0,,0.5 mg,mg,0.5,none,False,False,False
1075,MVI Pediatric 10mL inj,multivit ped inj,Not Recorded,10.0 mL,92,mL,10.0,,none,,,none,False,False,False
1076,MVI-12   2X5 mL inj,multiple vitamins,Not Recorded,5.0 mL,56027,mL,5.0,,none,,,none,False,False,False
1077,MVI-12 (2X5mL) inj,multiple vitamins,Not Recorded,5.0 mL,62323,mL,5.0,,none,,,none,False,False,False
1078,Mag Sulf 1gm/100 mL D5W premix,magnesium sulfate in d5w,Not Recorded,100.0 mL,329,mL,100.0,,1.0 gm,gm,1.0,none,True,False,False
1079,Mag Sulf 6gm/NS 100mL ivpb,magnesium sulfate in ns,Not Recorded,100.0 mL,38,mL,100.0,,6.0 gm,gm,6.0,none,True,False,False
1080,Mag Sulfate 20gm/ 500ml Water inj,magnesium sulfate/water,Not Recorded,500.0 mL,111679,mL,500.0,,20.0 gm,gm,20.0,none,False,False,False
1081,Mag Sulfate 20mg/mL/NS neonate syringe,magnesium sulf. in NS syringe,Not Recorded,none,502,,,,20.0 mg,mg,20.0,none,False,False,False
1082,Mag Sulfate 40gm/ 1000ml Water inj,magnesium sulfate/water,Not Recorded,1000.0 mL,5743,mL,1000.0,,40.0 gm,gm,40.0,none,False,False,False
1083,Mag Sulfate 50%  5 gm/10mL inj ***,magnesium sulfate 50%,Not Recorded,10.0 mL,57261,mL,10.0,,5.0 gm,gm,5.0,none,False,False,False
1084,Mag Sulfate 50%(4 mEq/mL)2 mL inj,magnesium sulfate 50%,Not Recorded,2.0 mL,6673,mL,2.0,,4.0 mEq,mEq,4.0,none,False,False,False
1085,Magnesium Citrate oral soln Bulk,magnesium citrate,Not Recorded,none,1,,,,none,,,none,False,False,False
1086,Magnesium Sulf 2gm/50mL IVPB,magnesium sulfate,Not Recorded,50.0 mL,608868,mL,50.0,,2.0 gm,gm,2.0,none,True,False,False
1087,Magnesium Sulf 4gm/100mL IVPB,magnesium sulfate,Not Recorded,100.0 mL,119486,mL,100.0,,4.0 gm,gm,4.0,none,True,False,False
1088,Magnesium Sulf 5 gm/10mL OR syringe,magnesium sulfate,Not Recorded,10.0 mL,139,mL,10.0,,5.0 gm,gm,5.0,none,False,False,False
1089,Magnesium Sulf 5 gm/10mL inj ..,magnesium sulfate,Not Recorded,10.0 mL,4033,mL,10.0,,5.0 gm,gm,5.0,none,False,False,False
1090,Mannitol 20% 250 mL IV bag,mannitol 20%,Hour,250.0 mL,6165,mL,250.0,,none,,,none,True,False,False
1091,Mannitol 20% 500mL bag,mannitol 20%,Hour,500.0 mL,712,mL,500.0,,none,,,none,True,False,False
1092,Mannitol 25% 12.5gm/50 mL inj,mannitol 25%,Not Recorded,50.0 mL,648,mL,50.0,,12.5 gm,gm,12.5,none,False,False,False
1093,Melphalan 50 mg inj,melphalan,Not Recorded,none,2606,,,,50.0 mg,mg,50.0,none,False,False,False
1094,Meperidine 100 mg/1 mL inj.,meperidine,Not Recorded,1.0 mL,1922,mL,1.0,,100.0 mg,mg,100.0,100.0 mg/1.0 ML,False,False,False
1095,Meperidine 25 mg/1 mL inj,meperidine,Not Recorded,1.0 mL,3291,mL,1.0,,25.0 mg,mg,25.0,25.0 mg/1.0 ML,False,False,False
1096,Meperidine 25mg/0.5mL inj,meperidine,Not Recorded,0.5 mL,301,mL,0.5,,25.0 mg,mg,25.0,25.0 mg/0.5 ML,False,False,False
1097,Meperidine 50 mg/1 mL inj,meperidine,Not Recorded,1.0 mL,2032,mL,1.0,,50.0 mg,mg,50.0,50.0 mg/1.0 ML,False,False,False
1098,Mepivacaine 1% 30 mL inj,mepivacaine 1%,Not Recorded,30.0 mL,10,mL,30.0,,none,,,none,False,False,False
1099,Mepivacaine 2% 20 mL inj,mepivacaine 2%,Not Recorded,20.0 mL,11,mL,20.0,,none,,,none,False,False,False
1100,Meropenem 0.04mg/mL for Desensitization,meropenem/ns,Not Recorded,none,3,,,,0.04 mg,mg,0.04,none,True,False,False
1101,Meropenem 1000 mg inj,meropenem,Not Recorded,none,147597,,,,1000.0 mg,mg,1000.0,none,False,False,False
1102,Meropenem 1000mg/NS IVPB,meropenem in NS,Not Recorded,none,71792,,,,1000.0 mg,mg,1000.0,none,True,False,False
1103,Meropenem 10mg/mL for Desensitization,meropenem/ns,Not Recorded,none,4,,,,10.0 mg,mg,10.0,none,True,False,False
1104,Meropenem 1mg/mL for Desensitization,meropenem/ns,Not Recorded,none,1199,,,,1.0 mg,mg,1.0,none,True,False,False
1105,Meropenem 20mg/mL for Desensitization,meropenem/ns,Not Recorded,none,9,,,,20.0 mg,mg,20.0,none,True,False,False
1106,Meropenem 2gm Desensitization Rx Protocol- initiate,Meropenem 2gm Desensitization Rx Protocol- initiate,Not Recorded,none,29,,,,2.0 gm,gm,2.0,none,True,False,False
1107,Meropenem 500 mg inj,meropenem,Not Recorded,none,17599,,,,500.0 mg,mg,500.0,none,False,False,False
1108,Meropenem 500 mg/100 mL NS IVPB,meropenem in NS,Not Recorded,100.0 mL,44413,mL,100.0,,500.0 mg,mg,500.0,500.0 mg/100.0 ML,True,False,False
1109,Meropenem 500mg/NS 50mL IVPB,meropenem in ns,Not Recorded,50.0 mL,48829,mL,50.0,,500.0 mg,mg,500.0,none,True,False,False
1110,Mesna 1000 mg/10 mL inj,mesna,Not Recorded,10.0 mL,15427,mL,10.0,,1000.0 mg,mg,1000.0,1000.0 mg/10.0 ML,False,False,False
1111,MethaDONE 1 mg/ 1 mL oral Liq,methaDONE,Not Recorded,1.0 mL,8,mL,1.0,,1.0 mg,mg,1.0,1.0 mg/1.0 ML,False,False,False
1112,MethaDONE 10 mg tab,methaDONE,Not Recorded,none,8,,,,10.0 mg,mg,10.0,none,False,False,False
1113,MethaDONE 10 mg/mL 20 mL inj,methaDONE,Not Recorded,20.0 mL,146,mL,20.0,,10.0 mg,mg,10.0,none,False,False,False
1114,MethaDONE 10 mg/ml 1mL IV syringe,methaDONE,Not Recorded,1.0 mL,12357,mL,1.0,,10.0 mg,mg,10.0,none,False,False,False
1115,MethaDONE 10 mg/ml neonate IV syringe,methaDONE,Not Recorded,none,21,,,,10.0 mg,mg,10.0,none,False,False,False
1116,MethaDONE 5 mg tab,methaDONE,Not Recorded,none,6,,,,5.0 mg,mg,5.0,none,False,False,False
1117,MethaDONE 5 mg/ 5 mL oral Liq,methaDONE,Not Recorded,5.0 mL,78,mL,5.0,,5.0 mg,mg,5.0,5.0 mg/5.0 ML,False,False,False
1118,Methocarbamol 1gm inj,methocarbamol,Not Recorded,none,33679,,,,1.0 gm,gm,1.0,none,False,False,False
1119,Methocarbamol 500 mg tab,methocarbamol,Not Recorded,none,8,,,,500.0 mg,mg,500.0,none,False,False,False
1120,Methocarbamol 750 mg tab,methocarbamol,Not Recorded,none,4,,,,750.0 mg,mg,750.0,none,False,False,False
1121,Methohexital 500 mg inj,methohexital,Not Recorded,none,4,,,,500.0 mg,mg,500.0,none,False,False,False
1122,Methotrexate 1gm inj,methotrexate,Not Recorded,none,1334,,,,1.0 gm,gm,1.0,none,False,False,False
1123,Methotrexate 50 mg/2 mL inj,methotrexate,Not Recorded,2.0 mL,5,mL,2.0,,50.0 mg,mg,50.0,50.0 mg/2.0 ML,False,False,False
1124,Methotrexate 50 mg/2 mL inj PF,methotrexate PF,Not Recorded,2.0 mL,3665,mL,2.0,,50.0 mg,mg,50.0,50.0 mg/2.0 ML,False,False,False
1125,Methotrexate Int Dose,methotrexate sodium,Not Recorded,none,4,,,,none,,,none,True,False,False
1126,MethylPREDNISolone  40 mg DEPO inj,methylPREDNISolone acetate (depo),Not Recorded,none,154,,,,40.0 mg,mg,40.0,none,False,False,False
1127,MethylPREDNISolone 1000mg inj,methylPREDNISolone,Not Recorded,none,21950,,,,1000.0 mg,mg,1000.0,none,False,False,False
1128,MethylPREDNISolone 125 mg/2 mL  inj,methylPREDNISolone,Not Recorded,2.0 mL,82174,mL,2.0,,125.0 mg,mg,125.0,125.0 mg/2.0 ML,False,False,False
1129,MethylPREDNISolone 2.5mg/mL/NS neonate syringe,methylPREDNISolone in NS syringe,Not Recorded,none,1,,,,2.5 mg,mg,2.5,none,False,False,False
1130,MethylPREDNISolone 2000mg inj,methylPREDNISolone,Not Recorded,none,5,,,,2000.0 mg,mg,2000.0,none,False,False,False
1131,MethylPREDNISolone 4 mg tab,methylPREDNISolone,Not Recorded,none,2,,,,4.0 mg,mg,4.0,none,False,False,False
1132,MethylPREDNISolone 40 mg inj,methylPREDNISolone,Not Recorded,none,161910,,,,40.0 mg,mg,40.0,none,False,False,False
1133,MethylPREDNISolone 40 mg/mL susp inj 5mL,methylPREDNISolone,Not Recorded,5.0 mL,1,mL,5.0,,40.0 mg,mg,40.0,none,False,False,False
1134,MethylPREDNISolone 500mg inj,methylPREDNISolone,Not Recorded,none,2788,,,,500.0 mg,mg,500.0,none,False,False,False
1135,Methylene Blue 1% 10mg/mL inj,methylene blue 1%,Not Recorded,none,443,,,,10.0 mg,mg,10.0,none,False,False,False
1136,Methylene Blue 100 mg / 10mL inj,methylene blue,Not Recorded,10.0 mL,531,mL,10.0,,100.0 mg,mg,100.0,100.0 mg/10.0 ML,False,False,False
1137,Methylene Blue 5mg/mL 10mL inj,methylene blue,Not Recorded,10.0 mL,929,mL,10.0,,5.0 mg,mg,5.0,none,False,False,False
1138,Methylergonovine 0.2 mg/1 mL inj,methylergonovine,Not Recorded,1.0 mL,81,mL,1.0,,0.2 mg,mg,0.2,0.2 mg/1.0 ML,False,False,False
1139,Methylnaltrexone 12mg inj.,methylnaltrexone,Not Recorded,none,6,,,,12.0 mg,mg,12.0,none,False,False,False
1140,Methylnaltrexone 8 mg inj,methylnaltrexone,Not Recorded,none,1,,,,8.0 mg,mg,8.0,none,False,False,False
1141,MetoCLOPRAMIDE 1 mg/1 mL Ped oral syringe,metoCLOPRAMIDE ped liq,Not Recorded,1.0 mL,2,mL,1.0,,1.0 mg,mg,1.0,1.0 mg/1.0 ML,False,False,False
1142,MetoCLOPRAMIDE 10 mg tab,metoCLOPRAMIDE,Not Recorded,none,10,,,,10.0 mg,mg,10.0,none,False,False,False
1143,MetoCLOPRAMIDE 10 mg/10 mL liq,metoCLOPRAMIDE,Not Recorded,10.0 mL,1,mL,10.0,,10.0 mg,mg,10.0,10.0 mg/10.0 ML,True,False,False
1144,MetoCLOPRAMIDE 10 mg/2 mL inj,metoCLOPRAMIDE,Not Recorded,2.0 mL,263442,mL,2.0,,10.0 mg,mg,10.0,10.0 mg/2.0 ML,False,False,False
1145,MetoCLOPRAMIDE 5 mg tab,metoCLOPRAMIDE,Not Recorded,none,1,,,,5.0 mg,mg,5.0,none,False,False,False
1146,MetoCLOPRAMIDE 5 mg/mL 10 mL inj,metoCLOPRAMIDE,Not Recorded,10.0 mL,21,mL,10.0,,5.0 mg,mg,5.0,none,False,False,False
1147,MetoPROLOL 5 mg/5 mL inj,metoPROLOL,Not Recorded,5.0 mL,162845,mL,5.0,,5.0 mg,mg,5.0,5.0 mg/5.0 ML,False,False,False
1148,MetoPROLOL Succinate XL 50 mg tab,metoPROLOL Succinate  XL,Not Recorded,none,1,,,,50.0 mg,mg,50.0,none,False,False,False
1149,MetoPROLOL Succinate XL 50 mg tab,metoPROLOL XL,Not Recorded,none,3,,,,50.0 mg,mg,50.0,none,False,False,False
1150,MetoPROLOL Tartrate 50 mg tab,metoPROLOL,Not Recorded,none,2,,,,50.0 mg,mg,50.0,none,False,False,False
1151,MetoPROLOL tartrate 25 mg tab,metoPROLOL,Not Recorded,none,1,,,,25.0 mg,mg,25.0,none,False,False,False
1152,MetoPROLOL tartrate 25 mg tab,metoPROLOL Tartrate,Not Recorded,none,1,,,,25.0 mg,mg,25.0,none,False,False,False
1153,MetroNIDAZOLE tab(s) for wound care,metroNIDAZOLE,Not Recorded,none,1,,,,none,,,none,False,False,False
1154,Metronidazole 500 mg tab,metronidazole,Not Recorded,none,4,,,,500.0 mg,mg,500.0,none,False,False,False
1155,Metronidazole 500 mg/NS 100 mL,metronidazole / NS,Not Recorded,100.0 mL,334932,mL,100.0,,500.0 mg,mg,500.0,none,True,False,False
1156,Metronidazole 5mg/mL/NS neonate syringe,metronidazole in NS syringe,Not Recorded,none,102,,,,5.0 mg,mg,5.0,none,False,False,False
1157,Micafungin 100 mg inj,micafungin,Not Recorded,none,43380,,,,100.0 mg,mg,100.0,none,False,False,False
1158,Micafungin 50 mg inj,micafungin,Not Recorded,none,25813,,,,50.0 mg,mg,50.0,none,False,False,False
1159,Micafungin 5mg/mL 2mL lock soln.,micafungin lock soln.,Not Recorded,2.0 mL,9,mL,2.0,,5.0 mg,mg,5.0,none,True,False,False
1160,Midazolam 10 mg/5mL syrup,midazolam,Not Recorded,5.0 mL,1,mL,5.0,,10.0 mg,mg,10.0,10.0 mg/5.0 ML,False,False,False
1161,Midazolam 1mg/mL inj 5 mL,midazolam,Not Recorded,5.0 mL,5006,mL,5.0,,1.0 mg,mg,1.0,none,False,False,False
1162,Midazolam 2mg/2mL inj,midazolam,Not Recorded,2.0 mL,241946,mL,2.0,,2.0 mg,mg,2.0,2.0 mg/2.0 ML,False,False,False
1163,Midazolam 5 mg/mL inj 10 mL,midazolam,Not Recorded,10.0 mL,108520,mL,10.0,,5.0 mg,mg,5.0,none,False,False,False
1164,Milrinone 10 mg/10 mL inj,milrinone,Not Recorded,10.0 mL,8,mL,10.0,,10.0 mg,mg,10.0,10.0 mg/10.0 ML,False,False,False
1165,Milrinone 20 mg/20 mL inj,milrinone,Microgram/Kilogram/Minute,20.0 mL,27327,mL,20.0,,20.0 mg,mg,20.0,20.0 mg/20.0 ML,False,False,False
1166,Minocycline 100 mg inj,minocycline,Not Recorded,none,849,,,,100.0 mg,mg,100.0,none,False,False,False
1167,Misoprostol 100 mcg tab,misoprostol,Not Recorded,none,1,,,,100.0 mcg,mcg,100.0,none,False,False,False
1168,Misoprostol 200 mcg tab,misoprostol,Not Recorded,none,2,,,,200.0 mcg,mcg,200.0,none,False,False,False
1169,Misoprostol 25 mcg tab,misoprostol,Not Recorded,none,1,,,,25.0 mcg,mcg,25.0,none,False,False,False
1170,MitoMYCIN 20 mg inj,mitoMYCIN,Not Recorded,none,6,,,,20.0 mg,mg,20.0,none,False,False,False
1171,MitoXANTRONE 20mg/10 mL inj,mitoXANTRONE,Not Recorded,10.0 mL,168,mL,10.0,,20.0 mg,mg,20.0,20.0 mg/10.0 ML,False,False,False
1172,MitoXANTRONE 25mg/12.5mL inj,mitoXANTRONE,Not Recorded,12.5 mL,78,mL,12.5,,25.0 mg,mg,25.0,25.0 mg/12.5 ML,False,False,False
1173,Morphine 1 mg/mL neonate syringe,morphine in syringe,Not Recorded,none,15,,,,1.0 mg,mg,1.0,none,False,False,False
1174,Morphine 10 mg/ 1 mL PF inj,morphine,Not Recorded,1.0 mL,12901,mL,1.0,,10.0 mg,mg,10.0,10.0 mg/1.0 ML,False,False,False
1175,Morphine 10 mg/1 mL inj vial,morphine,Not Recorded,1.0 mL,10282,mL,1.0,,10.0 mg,mg,10.0,10.0 mg/1.0 ML,False,False,False
1176,Morphine 10 mg/5 mL liq,morphine,Not Recorded,5.0 mL,12,mL,5.0,,10.0 mg,mg,10.0,10.0 mg/5.0 ML,True,False,False
1177,Morphine 10 mg/mL inj 10 mL vial,morphine,Not Recorded,10.0 mL,1180,mL,10.0,,10.0 mg,mg,10.0,none,False,False,False
1178,Morphine 15 mg/ 1 ml inj,morphine,Milligram/Hour,1.0 mL,6615,mL,1.0,,15.0 mg,mg,15.0,15.0 mg/1.0 ML,False,False,False
1179,Morphine 15mg/mL 20 mL inj,morphine,Not Recorded,20.0 mL,4873,mL,20.0,,15.0 mg,mg,15.0,none,False,False,False
1180,Morphine 2 mg/ 1 mL inj,morphine,Not Recorded,1.0 mL,628429,mL,1.0,,2.0 mg,mg,2.0,2.0 mg/1.0 ML,False,False,False
1181,Morphine 2 mg/mL inj for Neonate study only,morphine,Not Recorded,none,32,,,,2.0 mg,mg,2.0,none,False,False,False
1182,Morphine 2mg/mL oral liq,morphine,Not Recorded,none,2,,,,2.0 mg,mg,2.0,none,False,False,False
1183,Morphine 4 mg/ 1 mL inj,morphine,Not Recorded,1.0 mL,276887,mL,1.0,,4.0 mg,mg,4.0,4.0 mg/1.0 ML,False,False,False
1184,Morphine 5 mg/1 mL inj,morphine,Not Recorded,1.0 mL,26111,mL,1.0,,5.0 mg,mg,5.0,5.0 mg/1.0 ML,False,False,False
1185,Morphine 8 mg/1 mL inj,morphine sulfate,Not Recorded,1.0 mL,8337,mL,1.0,,8.0 mg,mg,8.0,8.0 mg/1.0 ML,False,False,False
1186,Morphine PCA 1mg/ml 50 mLSyr.,morphine PCA 1mg/ml 50mL Syr.,Not Recorded,none,4293,,,,1.0 mg,mg,1.0,none,False,False,False
1187,Morphine PCA 50 mg/50 mL,morphine PCA,Not Recorded,50.0 mL,3316,mL,50.0,,50.0 mg,mg,50.0,50.0 mg/50.0 ML,True,False,False
1188,Morphine PCA/NCA 50 mg/50 mL,morphine PCA,Not Recorded,50.0 mL,24842,mL,50.0,,50.0 mg,mg,50.0,50.0 mg/50.0 ML,True,False,False
1189,Morphine PCA/NCA 50 mg/50 mL,morphine PCA/NCA,Not Recorded,50.0 mL,13966,mL,50.0,,50.0 mg,mg,50.0,50.0 mg/50.0 ML,True,False,False
1190,Morphine-PF 10 mg/10 mL inj,morphine pf,Not Recorded,10.0 mL,185,mL,10.0,,10.0 mg,mg,10.0,10.0 mg/10.0 ML,False,False,False
1191,Morphine-PF 200 mg/20 mL inj,morphine,Not Recorded,20.0 mL,1,mL,20.0,,200.0 mg,mg,200.0,200.0 mg/20.0 ML,False,False,False
1192,Morphine-PF 5 mg/10 mL inj,morphine,Not Recorded,10.0 mL,8,mL,10.0,,5.0 mg,mg,5.0,5.0 mg/10.0 ML,False,False,False
1193,Moxifloxacin 400 mg/250 mL NS IVPB,moxifloxacin in ns,Not Recorded,250.0 mL,1016,mL,250.0,,400.0 mg,mg,400.0,400.0 mg/250.0 ML,True,False,False
1194,Multivitamin Pediatric 5 mL inj,multiple vitamins,Not Recorded,5.0 mL,126,mL,5.0,,none,,,none,False,False,False
1195,Mycophenolate 250 mg cap,mycophenolate,Not Recorded,none,1,,,,250.0 mg,mg,250.0,none,False,False,False
1196,Mycophenolate 500 mg inj,mycophenolate,Not Recorded,none,28188,,,,500.0 mg,mg,500.0,none,False,False,False
1197,Mycophenolate 500 mg tab,mycophenolate,Not Recorded,none,6,,,,500.0 mg,mg,500.0,none,False,False,False
1198,Mycophenolate 500 mg/2.5mL oral susp (UD cup),mycophenolate,Not Recorded,2.5 mL,11,mL,2.5,,500.0 mg,mg,500.0,500.0 mg/2.5 ML,False,False,False
1199,NACL  0.45% 100 ml bag,nacl 0.45%,Not Recorded,100.0 mL,591,mL,100.0,,none,,,none,True,False,False
1200,NACL  0.45% 50 mL IV bag,nacl 0.45%,Not Recorded,50.0 mL,18,mL,50.0,,none,,,none,True,False,False
1201,NACL 0.45% +20 mEq KCl 1000 mL,nacl 0.45% + kcl,Not Recorded,1000.0 mL,38575,mL,1000.0,,20.0 mEq,mEq,20.0,none,True,False,False
1202,NACL 0.45% 1000 mL IV bag,nacl 0.45%,Not Recorded,1000.0 mL,706959,mL,1000.0,,none,,,none,True,False,False
1203,NACL 0.45% 250 mL IV bag,nacl 0.45%,Not Recorded,250.0 mL,1542,mL,250.0,,none,,,none,True,False,False
1204,NACL 0.45% 500 mL IV bag,nacl 0.45%,Not Recorded,500.0 mL,21316,mL,500.0,,none,,,none,True,False,False
1205,NACL 2.5 mEq/ mL 40mL inj,NACL 2.5 mEq/mL,Not Recorded,40.0 mL,220,mL,40.0,,2.5 mEq,mEq,2.5,none,False,False,False
1206,NACL 800mEq/200mL 23.4% inj,nacl 23.4%,Not Recorded,200.0 mL,1,mL,200.0,,800.0 mEq,mEq,800.0,800.0 mEq/200.0 ML,False,False,False
1207,NICU 10% Starter TPN,NICU 10% Starter TPN,Not Recorded,none,13,,,,none,,,none,True,False,False
1208,NICU Starter TPN,NICU Starter TPN,Not Recorded,none,78,,,,none,,,none,True,False,False
1209,NOREPInephrine 16mcg/mL OR syringe,NOREPInephrine,Not Recorded,none,45955,,,,16.0 mcg,mcg,16.0,none,False,False,False
1210,NOREPInephrine 4mcg/mL OR syringe (40mcg),NOREPInephrine,Not Recorded,none,18,,,,4.0 mcg,mcg,4.0,none,False,False,False
1211,NOREPInephrine 4mg/4mL inj,NOREPInephrine,Microgram/Kilogram/Minute,4.0 mL,882302,mL,4.0,,4.0 mg,mg,4.0,4.0 mg/4.0 ML,False,False,False
1212,NS 100 mL IV bag,nacl 0.9%,Not Recorded,100.0 mL,2011148,mL,100.0,,none,,,none,True,False,False
1213,NS 100 mL IV bag for chemo,nacl 0.9%,Not Recorded,100.0 mL,16226,mL,100.0,,none,,,none,True,False,False
1214,NS 1000 mL (Polyolefin) for chemo,ns (polyolefin),Not Recorded,1000.0 mL,5181,mL,1000.0,,none,,,none,True,False,False
1215,NS 1000 mL IV bag,NS,Not Recorded,1000.0 mL,7255566,mL,1000.0,,none,,,none,True,False,False
1216,NS 1000 mL IV bag for chemo,ns,Not Recorded,1000.0 mL,6608,mL,1000.0,,none,,,none,True,False,False
1217,NS 1000 mL btl for manufacturing,ns,Not Recorded,1000.0 mL,4,mL,1000.0,,none,,,none,True,False,False
1218,NS 1000 mL irrigation  btl,ns irrigation btl,Not Recorded,1000.0 mL,12,mL,1000.0,,none,,,none,True,False,False
1219,NS 100mL (polyolefin),nacl 0.9% (polyolefin),Not Recorded,100.0 mL,19458,mL,100.0,,none,,,none,True,False,False
1220,NS 10mL flush syr,saline flush,Not Recorded,10.0 mL,1349,mL,10.0,,none,,,none,False,False,False
1221,NS 10ml PF vial,ns pf,Not Recorded,10.0 mL,184,mL,10.0,,none,,,none,True,False,False
1222,NS 150 mL IV bag,nacl 0.9%,Not Recorded,150.0 mL,1929,mL,150.0,,none,,,none,True,False,False
1223,NS 150 mL IV bag for chemo,nacl 0.9%,Not Recorded,150.0 mL,585,mL,150.0,,none,,,none,True,False,False
1224,NS 2000 mL Irrigation bag,nacl 0.9%,Not Recorded,2000.0 mL,2,mL,2000.0,,none,,,none,True,False,False
1225,NS 250 mL IV bag,nacl 0.9%,Not Recorded,250.0 mL,779191,mL,250.0,,none,,,none,True,False,False
1226,NS 250 mL IV bag for IV Set,nacl 0.9%,Not Recorded,250.0 mL,14611,mL,250.0,,none,,,none,True,False,False
1227,NS 250 mL IV bag for chemo,nacl 0.9%,Not Recorded,250.0 mL,18498,mL,250.0,,none,,,none,True,False,False
1228,NS 250 mL IV btl,nacl 0.9% bottle,Not Recorded,250.0 mL,5463,mL,250.0,,none,,,none,True,False,False
1229,NS 250 mL IV btl for chemo,nacl 0.9%,Not Recorded,250.0 mL,59,mL,250.0,,none,,,none,True,False,False
1230,NS 250 mL Prime bag for Chemo,nacl 0.9%,Not Recorded,250.0 mL,15,mL,250.0,,none,,,none,True,False,False
1231,NS 250mL (Polyolefin),nacl 0.9% (polyolefin),Not Recorded,250.0 mL,461957,mL,250.0,,none,,,none,True,False,False
1232,NS 250mL (Polyolefin) for chemo,nacl 0.9% (polyolefin),Not Recorded,250.0 mL,495,mL,250.0,,none,,,none,True,False,False
1233,NS 250mL bag for narc drip,nacl 0.9%,Not Recorded,250.0 mL,83347,mL,250.0,,none,,,none,True,False,False
1234,NS 30 mL Bacteriostatic inj,sodium chloride bacteriostatic,Not Recorded,30.0 mL,1,mL,30.0,,none,,,none,False,False,False
1235,NS 3000 mL Irrigation bag,ns irrigation,Not Recorded,3000.0 mL,12,mL,3000.0,,none,,,none,True,False,False
1236,NS 3mL flush,saline flush,Not Recorded,3.0 mL,6,mL,3.0,,none,,,none,True,False,False
1237,NS 50 mL IV bag,nacl 0.9%,Not Recorded,50.0 mL,1555074,mL,50.0,,none,,,none,True,False,False
1238,NS 50 mL IV bag for chemo,nacl 0.9%,Not Recorded,50.0 mL,11616,mL,50.0,,none,,,none,True,False,False
1239,NS 500 mL IV bag,nacl 0.9%,Not Recorded,500.0 mL,395487,mL,500.0,,none,,,none,True,False,False
1240,NS 500 mL IVPB,nacl 0.9%,Not Recorded,500.0 mL,187,mL,500.0,,none,,,none,True,False,False
1241,NS 500 mL irrigation btl,nacl 0.9%,Not Recorded,500.0 mL,3,mL,500.0,,none,,,none,True,False,False
1242,NS 500mL (Polyolefin),nacl 0.9% (polyolefin),Not Recorded,500.0 mL,7316,mL,500.0,,none,,,none,True,False,False
1243,NS 500mL (Polyolefin) for chemo,nacl 0.9% (polyolefin),Not Recorded,500.0 mL,9861,mL,500.0,,none,,,none,True,False,False
1244,NS 500mL IV bag for chemo,nacl 0.9%,Not Recorded,500.0 mL,10335,mL,500.0,,none,,,none,True,False,False
1245,NS Continuous Bladder Irrigation 3000mL,NS Bladder Irrigation,Not Recorded,3000.0 mL,1,mL,3000.0,,none,,,none,True,False,False
1246,NS PCA,nacl 0.9%,Not Recorded,none,59082,,,,none,,,none,True,False,False
1247,NS inj (Preservative Free),ns pf,Not Recorded,none,147,,,,none,,,none,False,False,False
1248,NS inj (Preservative Free),ns pf.,Not Recorded,none,56,,,,none,,,none,False,False,False
1249,NS+20 mEq KCl 1000 mL IV bag,ns + kcl,Not Recorded,1000.0 mL,77705,mL,1000.0,,20.0 mEq,mEq,20.0,none,True,False,False
1250,NS+40 mEq KCl 1000 mL,ns + kcl,Not Recorded,1000.0 mL,17456,mL,1000.0,,40.0 mEq,mEq,40.0,none,True,False,False
1251,NTG 0.3 mg=1/200Gr SL tab,nitroglycerin,Not Recorded,none,1,,,,0.3 mg,mg,0.3,none,False,False,False
1252,NTG 0.4 mg=1/150Gr SL tab,nitroglycerin,Not Recorded,none,149,,,,0.4 mg,mg,0.4,none,False,False,False
1253,NTG Aerosol Spray,nitroglycerin,Not Recorded,none,45,,,,none,,,none,False,False,False
1254,NaCl conc 23.4% (4meq/mL) for compounding,na chloride conc(23.4%),Not Recorded,none,11938,,,,4.0 mEq,mEq,4.0,none,True,False,False
1255,NaCl conc 23.4% 5mL syr,na chloride conc(23.4%),Not Recorded,5.0 mL,5,mL,5.0,,none,,,none,False,False,False
1256,NaCl conc 23.4% 5mL syr (Dialysis),na chloride conc(23.4%),Not Recorded,5.0 mL,5,mL,5.0,,none,,,none,False,False,False
1257,Nafcillin 0.01mg/mL for Desensitization,nafcillin/ns for desensitization,Not Recorded,none,7,,,,0.01 mg,mg,0.01,none,True,False,False
1258,Nafcillin 0.1mg/mL for Desensitization,nafcillin/ns for desensitization,Not Recorded,none,7,,,,0.1 mg,mg,0.1,none,True,False,False
1259,Nafcillin 10 gm inj,nafcillin,Not Recorded,none,6300,,,,10.0 gm,gm,10.0,none,False,False,False
1260,Nafcillin 10mg/mL for Desensitization,nafcillin/ns for desensitization,Not Recorded,none,8,,,,10.0 mg,mg,10.0,none,True,False,False
1261,Nafcillin 1gm inj,nafcillin,Not Recorded,none,72,,,,1.0 gm,gm,1.0,none,False,False,False
1262,Nafcillin 1gm/50 mL Iso-Dex,nafcillin in Iso-Dex,Not Recorded,50.0 mL,5,mL,50.0,,1.0 gm,gm,1.0,none,True,False,False
1263,Nafcillin 1gm/50mL NS,nafcillin/ns,Not Recorded,50.0 mL,265,mL,50.0,,1.0 gm,gm,1.0,none,True,False,False
1264,Nafcillin 20mg/mL neonate syringe,nafcillin/ns in syringe,Not Recorded,none,32,,,,20.0 mg,mg,20.0,none,False,False,False
1265,Nafcillin 2gm Desensitization Rx Protocol- initiate,Nafcillin 2gm Desensitization Rx Protocol- initiate,Not Recorded,none,1,,,,2.0 gm,gm,2.0,none,True,False,False
1266,Nafcillin 2gm inj,nafcillin,Not Recorded,none,1714,,,,2.0 gm,gm,2.0,none,False,False,False
1267,Nafcillin 2gm/100 mL Iso-Dex,nafcillin in Iso-Dex,Not Recorded,100.0 mL,853,mL,100.0,,2.0 gm,gm,2.0,none,True,False,False
1268,Nafcillin 2gm/100mL NS IVPB,nafcillin/ns,Not Recorded,100.0 mL,15681,mL,100.0,,2.0 gm,gm,2.0,none,True,False,False
1269,Nafcillin 50mg/mL for Desensitization,nafcillin/ns for desensitization,Not Recorded,none,8,,,,50.0 mg,mg,50.0,none,True,False,False
1270,Nalbuphine 10 mg/1 mL inj,nalbuphine,Not Recorded,1.0 mL,11403,mL,1.0,,10.0 mg,mg,10.0,10.0 mg/1.0 ML,False,False,False
1271,Nalbuphine 20 mg/1 mL inj,nalbuphine,Not Recorded,1.0 mL,2168,mL,1.0,,20.0 mg,mg,20.0,20.0 mg/1.0 ML,False,False,False
1272,Naloxone (HIGH CONCENTRATION)  2 mg/2 mL syringe,naloxone,Not Recorded,2.0 mL,769,mL,2.0,,2.0 mg,mg,2.0,2.0 mg/2.0 ML,False,False,False
1273,Naloxone 0.4 mg/ 1 mL inj,naloxone,Not Recorded,1.0 mL,23004,mL,1.0,,0.4 mg,mg,0.4,0.4 mg/1.0 ML,False,False,False
1274,Nelarabine 250 mg/ 50mL inj,nelarabine,Not Recorded,50.0 mL,81,mL,50.0,,250.0 mg,mg,250.0,250.0 mg/50.0 ML,False,False,False
1275,Neonatal TPN,Neonatal TPN,Not Recorded,none,1633,,,,none,,,none,True,False,False
1276,Neonate Hyperalimentation,Hyperalimentation neonate,Not Recorded,none,938,,,,none,,,none,True,False,False
1277,Neonate Starter Hyperal 250mL,neonate starter hyperal,Not Recorded,250.0 mL,50,mL,250.0,,none,,,none,True,False,False
1278,Neostigmine 1 mg/mL 10 mL inj,neostigmine,Not Recorded,10.0 mL,317,mL,10.0,,1.0 mg,mg,1.0,none,False,False,False
1279,Neostigmine 1 mg/mL inj,neostigmine,Not Recorded,none,12,,,,1.0 mg,mg,1.0,none,False,False,False
1280,Neostigmine 3mg/3mL inj,neostigmine,Not Recorded,3.0 mL,1,mL,3.0,,3.0 mg,mg,3.0,3.0 mg/3.0 ML,False,False,False
1281,Neostigmine 3mg/3mL inj,neostimine,Not Recorded,3.0 mL,18,mL,3.0,,3.0 mg,mg,3.0,3.0 mg/3.0 ML,False,False,False
1282,Neostigmine 5mg/5mL Syr for Pyxis,neostigmine,Not Recorded,5.0 mL,1,mL,5.0,,5.0 mg,mg,5.0,5.0 mg/5.0 ML,False,False,False
1283,NiCARdipine 100mcg/mL 10 mL-OR syringe,niCARdipine,Not Recorded,10.0 mL,13424,mL,10.0,,100.0 mcg,mcg,100.0,none,False,False,False
1284,NiCARdipine 25mg/10mL inj,niCARdipine,Milligram/Hour,10.0 mL,13873,mL,10.0,,25.0 mg,mg,25.0,25.0 mg/10.0 ML,False,False,False
1285,NiCARdipine 30 mg cap,niCARdipine,Not Recorded,none,6,,,,30.0 mg,mg,30.0,none,False,False,False
1286,Nicardipine 1.25mg/6.25mL ECT syringe,nicardipine syringe,Not Recorded,6.25 mL,2,mL,6.25,,1.25 mg,mg,1.25,1.25 mg/6.25 ML,False,False,False
1287,Nitroglycerin 100mcg/mL for Cath Lab,nitroglycerin,Not Recorded,none,1348,,,,100.0 mcg,mcg,100.0,none,True,False,False
1288,Nitroglycerin 2% Oint 1 gm,nitroglycerin 2% 1 gm,Not Recorded,none,19,,,,1.0 gm,gm,1.0,none,True,False,False
1289,Nitroglycerin 200mcg/mL 10mL OR syringe,nitroglycerin,Not Recorded,10.0 mL,8,mL,10.0,,200.0 mcg,mcg,200.0,none,False,False,False
1290,Nitroglycerin 25 mg/5 mL inj,nitroglycerin,Not Recorded,5.0 mL,4,mL,5.0,,25.0 mg,mg,25.0,25.0 mg/5.0 ML,False,False,False
1291,Nitroglycerin 50 mg/ 10 mL inj,nitroglycerin,Not Recorded,10.0 mL,3558,mL,10.0,,50.0 mg,mg,50.0,50.0 mg/10.0 ML,False,False,False
1292,Nitroglycerin 50mcg/mL 10mL OR syringe,nitroglycerin,Not Recorded,10.0 mL,11540,mL,10.0,,50.0 mcg,mcg,50.0,none,False,False,False
1293,Nitroprusside 50 mg/ 2 mL inj,nitroprusside,Not Recorded,2.0 mL,6338,mL,2.0,,50.0 mg,mg,50.0,50.0 mg/2.0 ML,False,False,False
1294,Normosol-R Ph 7.4 1000mL bag,electrolytes,Not Recorded,1000.0 mL,4,mL,1000.0,,none,,,none,True,False,False
1295,Not Recorded,Not Recorded,Micrograms/Minute,none,993111,,,,none,,,none,True,False,False
1296,OXALIplatin 100mg inj,OXALIplatin,Not Recorded,none,202,,,,100.0 mg,mg,100.0,none,False,False,False
1297,OXALIplatin 50 mg inj,OXALIplatin,Not Recorded,none,34,,,,50.0 mg,mg,50.0,none,False,False,False
1298,Octreotide  100 mcg/1mL inj,octreotide,Not Recorded,1.0 mL,3473,mL,1.0,,100.0 mcg,mcg,100.0,100.0 mcg/1.0 ML,False,False,False
1299,Octreotide  500  mcg/1 mL  inj,octreotide,Not Recorded,1.0 mL,549,mL,1.0,,500.0 mcg,mcg,500.0,500.0 mcg/1.0 ML,False,False,False
1300,Octreotide  500  mcg/1 mL  inj ADD,octreotide add,Not Recorded,1.0 mL,124691,mL,1.0,,500.0 mcg,mcg,500.0,500.0 mcg/1.0 ML,False,False,False
1301,Octreotide 1 mg/mL 5 mL inj,octreotide,Not Recorded,5.0 mL,111,mL,5.0,,1.0 mg,mg,1.0,none,False,False,False
1302,Octreotide 10 mcg/mL neonate syringe,octreotide,Not Recorded,none,3,,,,10.0 mcg,mcg,10.0,none,False,False,False
1303,Octreotide 100 mcg/0.2 mL syringe,octreotide,Not Recorded,0.2 mL,4,mL,0.2,,100.0 mcg,mcg,100.0,100.0 mcg/0.2 ML,False,False,False
1304,Octreotide 20 mg/5 mL LAR inj,octreotide,Not Recorded,5.0 mL,1,mL,5.0,,20.0 mg,mg,20.0,20.0 mg/5.0 ML,False,False,False
1305,Octreotide 30 mg LAR Kit,octreotide,Not Recorded,none,6,,,,30.0 mg,mg,30.0,none,True,False,False
1306,Olanzapine 10 mg IM,olanzapine,Not Recorded,none,191,,,,10.0 mg,mg,10.0,none,True,False,False
1307,Ondansetron 4 mg ODT,ondansetron ODT,Not Recorded,none,112,,,,4.0 mg,mg,4.0,none,True,False,False
1308,Ondansetron 4 mg tab,ondansetron,Not Recorded,none,85,,,,4.0 mg,mg,4.0,none,False,False,False
1309,Ondansetron 4 mg/2 mL inj,ondansetron,Not Recorded,2.0 mL,1337705,mL,2.0,,4.0 mg,mg,4.0,4.0 mg/2.0 ML,False,False,False
1310,Ondansetron 40 mg/20 mL inj (MDV),ondansetron,Not Recorded,20.0 mL,1423,mL,20.0,,40.0 mg,mg,40.0,40.0 mg/20.0 ML,False,False,False
1311,Ondansetron 8 mg tab,ondansetron,Not Recorded,none,33,,,,8.0 mg,mg,8.0,none,False,False,False
1312,Ondansetron 8mg/NS IVPB,ondansetron/ns,Not Recorded,none,29,,,,8.0 mg,mg,8.0,none,True,False,False
1313,Ophth. Lubricant (Refresh P.M.) 3.5 gm,ophthalmic lubricant,Not Recorded,none,2,,,,3.5 gm,gm,3.5,none,True,False,False
1314,Oxacillin 1000mg inj,oxacillin,Not Recorded,none,323,,,,1000.0 mg,mg,1000.0,none,False,False,False
1315,Oxacillin 40mg/mL/NS neonate syringe,oxacillin in NS syringe,Not Recorded,none,42,,,,40.0 mg,mg,40.0,none,False,False,False
1316,Oxymetazoline 0.05% nasal spray 15 mL,oxymetazoline 0.05%,Not Recorded,15.0 mL,229,mL,15.0,,none,,,none,False,False,False
1317,Oxytocin 10 units/ 1 mL inj,oxytocin,Not Recorded,1.0 mL,2422,mL,1.0,,10.0 unit,unit,10.0,10.0 unit/1.0 ML,False,False,False
1318,Oxytocin 10 units/mL inj 10mL,oxytocin,Not Recorded,10.0 mL,45,mL,10.0,,10.0 unit,unit,10.0,none,False,False,False
1319,Oxytocin 15 unit(s)/NS 250mL (Induction),oxytocin/ns,Not Recorded,250.0 mL,65537,mL,250.0,,15.0 unit,unit,15.0,none,True,False,False
1320,Oxytocin 20 unit(s)/LR 1000mL (Infusion),oxytocin/LR,Not Recorded,1000.0 mL,21097,mL,1000.0,,20.0 unit,unit,20.0,none,True,False,False
1321,Oxytocin 20 units/1000 mL NS for infusion,oxytocin in NS,Not Recorded,1000.0 mL,8722,mL,1000.0,,20.0 unit,unit,20.0,20.0 unit/1000.0 ML,True,False,False
1322,Oxytocin 20 units/500mL (Infusion),oxytocin infusion,Not Recorded,500.0 mL,22608,mL,500.0,,20.0 unit,unit,20.0,20.0 unit/500.0 ML,True,False,False
1323,Oxytocin 20 units/500mL (Infusion),oxytocin/LR,Not Recorded,500.0 mL,6933,mL,500.0,,20.0 unit,unit,20.0,20.0 unit/500.0 ML,True,False,False
1324,Oxytocin 30 units/NS 500 mL,oxytocin/NS,Not Recorded,500.0 mL,5110,mL,500.0,,30.0 unit,unit,30.0,none,True,False,False
1325,P.D. 1.5% 1000mL bag,p.d.soln 1.5%,Not Recorded,1000.0 mL,1,mL,1000.0,,none,,,none,True,False,False
1326,PACLItaxel 30 mg/5 mL inj,PACLItaxel,Not Recorded,5.0 mL,149,mL,5.0,,30.0 mg,mg,30.0,30.0 mg/5.0 ML,False,False,False
1327,PACLItaxel 300 mg/50 mL inj,PACLItaxel,Not Recorded,50.0 mL,384,mL,50.0,,300.0 mg,mg,300.0,300.0 mg/50.0 ML,False,False,False
1328,PACLItaxel 6 mg/mL inj,PACLItaxel,Not Recorded,none,3,,,,6.0 mg,mg,6.0,none,False,False,False
1329,PACLItaxel Protein-Bound 100mg inj,PACLItaxel protein-bound,Not Recorded,none,36,,,,100.0 mg,mg,100.0,none,False,False,False
1330,PCA IV Syringe,PCA IV Syringe,Not Recorded,none,65,,,,none,,,none,False,False,False
1331,PCA Reservoir & Syringe Volume Confirm,PCA Reservoir & Syringe Volume Confirm,Not Recorded,none,3,,,,none,,,none,False,False,False
1332,"PCN G Ben 300,000 unit(s)/1 mL inj",penicillin g benzathine,Not Recorded,1.0 mL,1,mL,1.0,,300000.0 unit,unit,300000.0,none,False,False,False
1333,PCN G Benzathine  1.2 mu/2 mL inj,penicillin g benzathine,Not Recorded,2.0 mL,2,mL,2.0,,none,,,none,False,False,False
1334,"PCN-G Procan 600,000 units/1 mL inj",penicillin g procaine,Not Recorded,1.0 mL,1,mL,1.0,,600000.0 unit,unit,600000.0,0.0 unit/1.0 ML,False,False,False
1335,PD Low Cal Ultra 1.5% 2 Liter,pd low cal 1.5% 2L,Not Recorded,2.0 L,2,L,2.0,,none,,,none,True,False,False
1336,PEMEtrexED 500 mg inj,PEMEtrexED,Not Recorded,none,8,,,,500.0 mg,mg,500.0,none,False,False,False
1337,PEMEtrexED 500 mg inj,pemetrexed,Not Recorded,none,7,,,,500.0 mg,mg,500.0,none,False,False,False
1338,PHENYLephrine 0.25% 30mL nsl spray,PHENYLephrine 0.25% nas spray,Not Recorded,30.0 mL,1,mL,30.0,,none,,,none,False,False,False
1339,PHENYLephrine 0.25% nsl spray 15 mL,PHENYLephrine nasal 0.25% spray,Not Recorded,15.0 mL,1,mL,15.0,,none,,,none,False,False,False
1340,PHENYLephrine 0.5% nasal spray 15mL,PHENYLephrine 0.5%,Not Recorded,15.0 mL,108,mL,15.0,,none,,,none,False,False,False
1341,PHENYLephrine 1% nasal spray 15 mL,PHENYLephrine 1%,Not Recorded,15.0 mL,1,mL,15.0,,none,,,none,False,False,False
1342,PHENYLephrine 10 mg/ 1 mL inj,PHENYLephrine,Not Recorded,1.0 mL,53849,mL,1.0,,10.0 mg,mg,10.0,10.0 mg/1.0 ML,False,False,False
1343,PHENYLephrine 1mg/10mL (1000mcg) inj,PHENYLephrine,Not Recorded,10.0 mL,298,mL,10.0,,1.0 mg,mg,1.0,1.0 mg/10.0 ML,False,False,False
1344,PHENYLephrine 1mg/10mL (1000mcg) ns syringe OR,PHENYLephrine,Not Recorded,10.0 mL,2182,mL,10.0,,1.0 mg,mg,1.0,1.0 mg/10.0 ML,False,False,False
1345,PHENYLephrine 50 mg/ 5 mL inj,PHENYLephrine,Not Recorded,5.0 mL,76,mL,5.0,,50.0 mg,mg,50.0,50.0 mg/5.0 ML,False,False,False
1346,PHENYLephrine 500mcg/mL 20mL syringe (I-cavernous),phenylephrine,Not Recorded,20.0 mL,4,mL,20.0,,500.0 mcg,mcg,500.0,none,False,False,False
1347,PRMX Alteplase 25 mg ADD for LVAD,alteplase,Milligram/Hour,none,1051,,,,25.0 mg,mg,25.0,none,True,False,False
1348,PRMX Argatroban 125mg/ 125 mL vial,argatroban,Not Recorded,125.0 mL,359,mL,125.0,,125.0 mg,mg,125.0,125.0 mg/125.0 ML,True,False,False
1349,PRMX Bivalirudin 250 mg inj,PRMX bivalirudin,Milligram/Kilogram/Hour,none,260,,,,250.0 mg,mg,250.0,none,False,False,False
1350,PRMX Bivalirudin 250 mg inj,bivalirudin,Not Recorded,none,469,,,,250.0 mg,mg,250.0,none,False,False,False
1351,PRMX DOBUTamine 1gm/D5W 250 mL (dbl),DOBUTamine-d5w,Microgram/Kilogram/Minute,250.0 mL,84232,mL,250.0,,1.0 gm,gm,1.0,none,True,False,False
1352,PRMX DOBUTamine 250mg/D5W 250 mL,DOBUTamine-d5w,Microgram/Kilogram/Minute,250.0 mL,3525,mL,250.0,,250.0 mg,mg,250.0,none,True,False,False
1353,PRMX DOBUTamine 500 mg Drip Std*,DOBUTamine/d5w,Microgram/Kilogram/Minute,none,655741,,,,500.0 mg,mg,500.0,none,True,False,False
1354,PRMX DOBUTamine 50mg/NS 50ml,DOBUTamine in ns,Not Recorded,50.0 mL,98,mL,50.0,,50.0 mg,mg,50.0,none,True,False,False
1355,PRMX DOPamine 400 mg Drip std*,DOPamine/d5w,Not Recorded,none,74693,,,,400.0 mg,mg,400.0,none,True,False,False
1356,PRMX DOPamine 800 mg/250 mL Drip DBL,DOPamine - d5w,Microgram/Kilogram/Minute,250.0 mL,2410,mL,250.0,,800.0 mg,mg,800.0,800.0 mg/250.0 ML,True,False,False
1357,PRMX EPInephrine 2mg/D5W drip std*,EPInephrine in d5w,Not Recorded,none,4539,,,,2.0 mg,mg,2.0,none,True,False,False
1358,PRMX EPInephrine 4mg/D5W drip std*,EPInephrine in d5w,Microgram/Kilogram/Minute,none,334797,,,,4.0 mg,mg,4.0,none,True,False,False
1359,PRMX EPInephrine 4mg/NS drip,EPInephrine in ns,Microgram/Kilogram/Minute,none,1277,,,,4.0 mg,mg,4.0,none,True,False,False
1360,PRMX Eptifibatide 200 mg/100 mL Drip,eptifibatide/water,Not Recorded,100.0 mL,207,mL,100.0,,200.0 mg,mg,200.0,200.0 mg/100.0 ML,True,False,False
1361,PRMX Esmolol 2.5gm/250 mL Drip std*,esmolol,Microgram/Kilogram/Minute,250.0 mL,51749,mL,250.0,,2.5 gm,gm,2.5,none,True,False,False
1362,"PRMX Fentanyl  2,500 mcg / 50 mL Premix Drip",fentanyl citrate,Not Recorded,50.0 mL,1982583,mL,50.0,,2500.0 mcg,mcg,2500.0,500.0 mcg/50.0 ML,True,False,False
1363,PRMX Fentanyl  5000 mcg / 100 mL Premix Drip Double,fentaNYL,Not Recorded,100.0 mL,43392,mL,100.0,,5000.0 mcg,mcg,5000.0,5000.0 mcg/100.0 ML,True,False,False
1364,"PRMX HePARIN 25,000 units/250 mL Premix std*",hePARIN premix,Not Recorded,250.0 mL,2733486,mL,250.0,,25000.0 unit,unit,25000.0,0.0 unit/250.0 ML,True,False,False
1365,PRMX Hydromorphone 20 mg/NS Drip,HYDROmorphone PF,Not Recorded,none,6939,,,,20.0 mg,mg,20.0,none,True,False,False
1366,PRMX Hydromorphone 20 mg/NS Drip,HYDROmorphone in ns,Not Recorded,none,43,,,,20.0 mg,mg,20.0,none,True,False,False
1367,PRMX Insulin Reg Hum.,insulin reg human premix,Not Recorded,none,569298,,,,none,,,none,True,False,False
1368,PRMX Insulin Reg Hum. 100 units/100ml,insulin reg human premix,U/Hr,100.0 mL,459732,mL,100.0,,100.0 unit,unit,100.0,100.0 unit/100.0 ML,True,False,False
1369,PRMX Insulin Reg Human 250units Drip std* (OR charging),insulin reg human in ns,Not Recorded,none,293,,,,250.0 unit,unit,250.0,none,True,False,False
1370,PRMX Lidocaine 2 gm/250 mL D5W Drip std*,lidocaine in d5w,Not Recorded,250.0 mL,44582,mL,250.0,,2.0 gm,gm,2.0,none,True,False,False
1371,PRMX Midazolam 100mg Drip Std*,midazolam in ns,Not Recorded,none,307036,,,,100.0 mg,mg,100.0,none,True,False,False
1372,PRMX Milrinone 20mg/100mL D5W drip,PRMX milrinone in d5w,Not Recorded,100.0 mL,11252,mL,100.0,,20.0 mg,mg,20.0,20.0 mg/100.0 ML,True,False,False
1373,PRMX Milrinone 40 mg Drip std*,milrinone/d5w,Not Recorded,none,1148623,,,,40.0 mg,mg,40.0,none,True,False,False
1374,PRMX NOREPInephrine 4 mg/250 mL NS Drip,NOREPInephrine NS premix drip,Not Recorded,250.0 mL,1328332,mL,250.0,,4.0 mg,mg,4.0,4.0 mg/250.0 ML,True,False,False
1375,PRMX NOREPInephrine 4mg/250ml D5W Drip,NOREPInephrine in d5w,Microgram/Kilogram/Minute,250.0 mL,67520,mL,250.0,,4.0 mg,mg,4.0,4.0 mg/250.0 ML,True,False,False
1376,PRMX NiCARdipine 40 mg/200mL NS  Drip std*,niCARdipine/NS,Milligram/Hour,200.0 mL,358969,mL,200.0,,40.0 mg,mg,40.0,40.0 mg/200.0 ML,True,False,False
1377,PRMX Nitroglycerin 50 mg Drip std*,nitroglycerin/d5w,Micrograms/Minute,none,115331,,,,50.0 mg,mg,50.0,none,True,False,False
1378,PRMX PHENYLephrine 25mg/D5W drip,PHENYLephrine in d5w,Microgram/Kilogram/Minute,none,155,,,,25.0 mg,mg,25.0,none,True,False,False
1379,PRMX PHENYLephrine 25mg/NS drip std*,PHENYLephrine in ns,Microgram/Kilogram/Minute,none,139011,,,,25.0 mg,mg,25.0,none,True,False,False
1380,PRMX Propofol 1000 mg/100 mL std*,propofol,Microgram/Kilogram/Minute,100.0 mL,885654,mL,100.0,,1000.0 mg,mg,1000.0,1000.0 mg/100.0 ML,True,False,False
1381,PRMX Propofol 500 mg/ 50 mL bottle,propofol,Not Recorded,50.0 mL,2077,mL,50.0,,500.0 mg,mg,500.0,500.0 mg/50.0 ML,True,False,False
1382,PRMX Tirofiban 12.5 mg/250 mL Drip,tirofiban in ns,Microgram/Kilogram/Minute,250.0 mL,31634,mL,250.0,,12.5 mg,mg,12.5,12.5 mg/250.0 ML,True,False,False
1383,PRMX Tirofiban 5 mg/100 mL Drip,tirofiban in ns,Microgram/Kilogram/Minute,100.0 mL,101,mL,100.0,,5.0 mg,mg,5.0,5.0 mg/100.0 ML,True,False,False
1384,PRMX Vasopressin 40 unit/100mL NS Drip (DBL Volume),vasopressin double volume drip,Unit/Minute,100.0 mL,5,mL,100.0,,40.0 unit,unit,40.0,40.0 unit/100.0 ML,True,False,False
1385,PRMX clevidipine 25 mg/50 mL Drip std*,PRMX clevidipine drip,Milligram/Hour,50.0 mL,3829,mL,50.0,,25.0 mg,mg,25.0,25.0 mg/50.0 ML,True,False,False
1386,PRMX dexmedetomidine 400mcg/100ml NS Drip,dexmedetomidine NS premix drip,Microgram/Kilogram/Hour,100.0 mL,1246108,mL,100.0,,400.0 mcg,mcg,400.0,400.0 mcg/100.0 ML,True,False,False
1387,PRMX diltiazem 100 mg drip,diltiazem,Microgram/Kilogram/Minute,none,34652,,,,100.0 mg,mg,100.0,none,True,False,False
1388,PRMX diltiazem 125 mg drip,diltiazem,Milligram/Hour,none,15638,,,,125.0 mg,mg,125.0,none,True,False,False
1389,PRMX fentaNYL 2500 mcg/250 mL NS,PRMX fentaNYL,Microgram/Kilogram/Hour,250.0 mL,25708,mL,250.0,,2500.0 mcg,mcg,2500.0,2500.0 mcg/250.0 ML,True,False,False
1390,PRMX ketamine 400 mg Drip DBL (FOR ICU),ketamine drip,Milligram/Kilogram/Hour,none,76254,,,,400.0 mg,mg,400.0,none,True,False,False
1391,PRMX morphine 100 mg/100 mL NS Drip,morphine,Not Recorded,100.0 mL,7281,mL,100.0,,100.0 mg,mg,100.0,100.0 mg/100.0 ML,True,False,False
1392,PRMX sodium bicarbonate 150 mEq D5W 1000 mL,sodium bicarbonate/d5w,Not Recorded,1000.0 mL,3522,mL,1000.0,,150.0 mEq,mEq,150.0,none,True,False,False
1393,Palifermin 6.25mg (6250 mcg) inj,palifermin,Not Recorded,none,734,,,,6.25 mg,mg,6.25,none,False,False,False
1394,Palonosetron 250mcg/5mL inj,palonosetron,Not Recorded,5.0 mL,224,mL,5.0,,250.0 mcg,mcg,250.0,250.0 mcg/5.0 ML,False,False,False
1395,Pamidronate 30 mg/10ml  injection,pamidronate,Not Recorded,10.0 mL,489,mL,10.0,,30.0 mg,mg,30.0,30.0 mg/10.0 ML,False,False,False
1396,Pamidronate 90 mg/10 mL inj,pamidronate,Not Recorded,10.0 mL,69,mL,10.0,,90.0 mg,mg,90.0,90.0 mg/10.0 ML,False,False,False
1397,Panitumumab100 mg/5mL inj,panitumumab,Not Recorded,5.0 mL,3,mL,5.0,,100.0 mg,mg,100.0,100.0 mg/5.0 ML,False,False,False
1398,Pantoprazole 40 mg granules,pantoprazole,Not Recorded,none,3,,,,40.0 mg,mg,40.0,none,False,False,False
1399,Pantoprazole 40 mg inj,pantoprazole,Not Recorded,none,945370,,,,40.0 mg,mg,40.0,none,False,False,False
1400,Pantoprazole 40 mg tab,pantoprazole,Not Recorded,none,29,,,,40.0 mg,mg,40.0,none,False,False,False
1401,Pantoprazole IV for Invest.study,pantoprazole P#3001k200042,Not Recorded,none,9,,,,none,,,none,True,False,False
1402,Paricalcitol 2 mcg/mL inj,paricalcitol,Not Recorded,none,632,,,,2.0 mcg,mcg,2.0,none,False,False,False
1403,Paricalcitol 5 mcg/mL inj,paricalcitol,Not Recorded,none,19,,,,5.0 mcg,mcg,5.0,none,False,False,False
1404,Pegaspargase 750 units/1mL inj,pegaspargase,Not Recorded,1.0 mL,92,mL,1.0,,750.0 unit,unit,750.0,750.0 unit/1.0 ML,False,False,False
1405,Pembrolizumab 100 mg inj,pembrolizumab,Not Recorded,none,1,,,,100.0 mg,mg,100.0,none,False,False,False
1406,Penicillin G K 20 million units CMPD,Penicillin G K,Not Recorded,none,24,,,,none,,,none,True,False,False
1407,Penicillin G K 5 million unit inj,penicillin g k,Not Recorded,none,20273,,,,none,,,none,False,False,False
1408,"Penicillin G K 5,000,000 unit(s)/ns IVPB",penicillin g k in ns,Not Recorded,none,10705,,,,5000000.0 unit,unit,5000000.0,none,True,False,False
1409,Penicillin G NA 5Mu inj,penicillin g sod.,Not Recorded,none,192,,,,none,,,none,False,False,False
1410,Penicillin G Pot. 0.1units/mL for Desensitization,Penicillin G Pot./ns,Not Recorded,none,16,,,,0.1 unit,unit,0.1,none,True,False,False
1411,Penicillin G Pot. 1000 units/mL for Desensitization,Penicillin G Pot./ns,Not Recorded,none,15,,,,1000.0 unit,unit,1000.0,none,True,False,False
1412,Penicillin G Pot. 10units/mL for Desensitization,Penicillin G Pot./ns,Not Recorded,none,16,,,,10.0 unit,unit,10.0,none,True,False,False
1413,"Penicillin G Pot. 3,000,000 units/50 mL D5W IVPB",Penicillin G Pot.,Not Recorded,50.0 mL,656,mL,50.0,,3000000.0 unit,unit,3000000.0,0.0 unit/50.0 ML,True,False,False
1414,"Penicillin G Pot. 3,000,000 units/50 mL D5W IVPB",Penicillin G Pot. D5W,Not Recorded,50.0 mL,1457,mL,50.0,,3000000.0 unit,unit,3000000.0,0.0 unit/50.0 ML,True,False,False
1415,"Penicillin G Pot. 3,000,000 units/50 mL IVPB",Penicillin G Pot.,Not Recorded,50.0 mL,13824,mL,50.0,,3000000.0 unit,unit,3000000.0,0.0 unit/50.0 ML,True,False,False
1416,"Penicillin G Pot. 50,000 units/mL for Desensitization",Penicillin G Pot./ns,Not Recorded,none,26,,,,50000.0 unit,unit,50000.0,none,True,False,False
1417,Penicillin G Sod. 5 mu/D5W 100mL IVPB,penicillin g sod. in D5W,Not Recorded,100.0 mL,71,mL,100.0,,none,,,none,True,False,False
1418,Pentamidine 300 mg inj,pentamidine,Not Recorded,none,234,,,,300.0 mg,mg,300.0,none,False,False,False
1419,Pentobarbital 50 mg/mL 20 mL inj ADD,pentobarbital add,Milligram/Kilogram/Hour,20.0 mL,482,mL,20.0,,50.0 mg,mg,50.0,none,False,False,False
1420,Pentostatin 10 mg inj,pentostatin,Not Recorded,none,17,,,,10.0 mg,mg,10.0,none,False,False,False
1421,Peramivir 200 mg/20mL inj,peramivir,Not Recorded,20.0 mL,118,mL,20.0,,200.0 mg,mg,200.0,200.0 mg/20.0 ML,False,False,False
1422,Perflutren,perflutren,Not Recorded,none,375,,,,none,,,none,True,False,False
1423,Peripheral Parenteral Nutrition,Peripheral Parenteral Nutrition (hyperal),Not Recorded,none,360683,,,,none,,,none,True,False,False
1424,Peripheral TPN,Peripheral TPN,Not Recorded,none,45390,,,,none,,,none,True,False,False
1425,Pertuzumab 420 mg inj,pertuzumab,Not Recorded,none,9,,,,420.0 mg,mg,420.0,none,False,False,False
1426,Phenobarbital 130 mg/1 mL inj,phenobarbital,Not Recorded,1.0 mL,8916,mL,1.0,,130.0 mg,mg,130.0,130.0 mg/1.0 ML,False,False,False
1427,Phenobarbital 4 mg/ mL ped. oral syringe,phenobarbital ped liq,Not Recorded,none,1,,,,4.0 mg,mg,4.0,none,False,False,False
1428,Phenobarbital 65 mg/1 mL inj,PHENobarbital,Not Recorded,1.0 mL,8202,mL,1.0,,65.0 mg,mg,65.0,65.0 mg/1.0 ML,False,False,False
1429,Phenobarbital 65mg/mL neonate syringe,PHENobarbital in syringe,Not Recorded,none,2,,,,65.0 mg,mg,65.0,none,False,False,False
1430,Phentolamine Mesylate 5 mg inj,phentolamine,Not Recorded,none,4,,,,5.0 mg,mg,5.0,none,False,False,False
1431,Phenylephrine nasal 0.5% soln 15mL,phenylephrine nasal 0.5%,Not Recorded,15.0 mL,2,mL,15.0,,none,,,none,True,False,False
1432,Phenytoin 100 mg/2 mL inj,phenytoin,Not Recorded,2.0 mL,1344,mL,2.0,,100.0 mg,mg,100.0,100.0 mg/2.0 ML,False,False,False
1433,Phenytoin 100 mg/4 mL oral susp,phenytoin,Not Recorded,4.0 mL,1,mL,4.0,,100.0 mg,mg,100.0,100.0 mg/4.0 ML,False,False,False
1434,Phenytoin 250 mg/5 mL inj,phenytoin,Not Recorded,5.0 mL,171,mL,5.0,,250.0 mg,mg,250.0,250.0 mg/5.0 ML,False,False,False
1435,Physostigmine 2 mg/2 mL inj,physostigmine,Not Recorded,2.0 mL,26,mL,2.0,,2.0 mg,mg,2.0,2.0 mg/2.0 ML,False,False,False
1436,Phytonadione 10 mg/1 mL inj,phytonadione,Not Recorded,1.0 mL,12482,mL,1.0,,10.0 mg,mg,10.0,10.0 mg/1.0 ML,False,False,False
1437,Phytonadione 5 mg tab,phytonadione,Not Recorded,none,12,,,,5.0 mg,mg,5.0,none,False,False,False
1438,Phytonadione Ped 1 mg inj,phytonadione ped,Not Recorded,none,7,,,,1.0 mg,mg,1.0,none,False,False,False
1439,Phytonadione Ped. 1 mg/mL (Vit.K) neonate syringe,phytonadione in ns,Not Recorded,none,30,,,,1.0 mg,mg,1.0,none,False,False,False
1440,Piperacil/Tazobactam  2.25gm inj,piperacillin-tazobact,Not Recorded,none,122,,,,2.25 gm,gm,2.25,none,False,False,False
1441,Piperacillin-Tazobactam  4.5 gm inj,piperacillin-tazobactam,Not Recorded,none,3277,,,,4.5 gm,gm,4.5,none,False,False,False
1442,Piperacillin-Tazobactam 3.375 gm/50 mL iso-dex,piperacillin-tazobac in iso-dex,Not Recorded,50.0 mL,52283,mL,50.0,,3.375 gm,gm,3.375,none,True,False,False
1443,Piperacillin-Tazobactam 3.375gm inj,piperacillin-tazobact,Not Recorded,none,30784,,,,3.375 gm,gm,3.375,none,False,False,False
1444,Piperacillin-Tazobactam 3.375gm/100 mL NS,piperacillin-tazobac in ns,Not Recorded,100.0 mL,149408,mL,100.0,,3.375 gm,gm,3.375,none,True,False,False
1445,Piperacillin-Tazobactam 4.5gm IVPB/NS 100mL,piperacillin-tazobactam in ns,Not Recorded,100.0 mL,337561,mL,100.0,,4.5 gm,gm,4.5,none,True,False,False
1446,Piperacillin-tazob 20mg/mL/NS neonate syringe,piperacillin-tazob in NS syringe,Not Recorded,none,181,,,,20.0 mg,mg,20.0,none,False,False,False
1447,Piperacillin-tazobactam 4.5 gm/iso-dex 100 ml ivpb,piperacillin-tazobact/iso-dex,Not Recorded,100.0 mL,21639,mL,100.0,,4.5 gm,gm,4.5,none,True,False,False
1448,Piperacillin/Tazobactam  2.25gm/NS IVPB,piperacillin-tazobact in NS,Not Recorded,none,648,,,,2.25 gm,gm,2.25,none,True,False,False
1449,Pipracil-Tazobac 3.375gm/50mL NS (for RAD),piperacillin-tazobac in ns,Not Recorded,50.0 mL,28,mL,50.0,,3.375 gm,gm,3.375,none,True,False,False
1450,Plasma-Lyte A 1000 mL bag,plasmalyte a,Not Recorded,1000.0 mL,578115,mL,1000.0,,none,,,none,True,False,False
1451,Pneumococcal 25 mcg/0.5 mL inj,pneumococcal vaccine  poly,Not Recorded,0.5 mL,2,mL,0.5,,25.0 mcg,mcg,25.0,25.0 mcg/0.5 ML,False,False,False
1452,Polyethylene Glycol pwdr 17gm unit dose,polyethylene glycol,Not Recorded,none,1,,,,17.0 gm,gm,17.0,none,True,False,False
1453,"Polymyxin B 500,000 unit inj",polymyxin b sulfate,Not Recorded,none,121,,,,500000.0 unit,unit,500000.0,none,False,False,False
1454,Posaconazole 100mg tab,posaconazole,Not Recorded,none,2,,,,100.0 mg,mg,100.0,none,False,False,False
1455,Posaconazole 300mg inj,posaconazole,Not Recorded,none,4500,,,,300.0 mg,mg,300.0,none,False,False,False
1456,Posaconazole 40mg/mL oral susp.,posaconazole,Not Recorded,none,22,,,,40.0 mg,mg,40.0,none,False,False,False
1457,Potasium Aceta 2 mEq/mL 100 mL inj,potassium acetate,Not Recorded,100.0 mL,1,mL,100.0,,2.0 mEq,mEq,2.0,none,False,False,False
1458,PotassPhosphate 3mmol/mL 15mL inj,potassium phosphate,Not Recorded,15.0 mL,27479,mL,15.0,,3.0 mmol,mmol,3.0,none,False,False,False
1459,Potassium  Acet 100mEq/50mL inj,potassium acetate,Not Recorded,50.0 mL,6,mL,50.0,,100.0 mEq,mEq,100.0,100.0 mEq/50.0 ML,False,False,False
1460,Potassium Aceta 2 mEq/mL 20 mL inj,potassium acetate,Not Recorded,20.0 mL,1028,mL,20.0,,2.0 mEq,mEq,2.0,none,False,False,False
1461,Potassium Chlor 0.1 meq/ml/NS neonate syringe,potassium chloride in NS syringe,Not Recorded,none,10,,,,0.1 mEq,mEq,0.1,none,False,False,False
1462,Potassium Chlor 0.2 meq/ml/NS neonate syringe,potassium chloride in NS syringe,Not Recorded,none,10,,,,0.2 mEq,mEq,0.2,none,False,False,False
1463,Potassium Chlor 2 meq/ml 10mL inj,potassium chloride,Not Recorded,10.0 mL,56042,mL,10.0,,2.0 mEq,mEq,2.0,none,False,False,False
1464,Potassium Chloride 10 mEq cap,potassium chloride,Not Recorded,none,23,,,,10.0 mEq,mEq,10.0,none,False,False,False
1465,Potassium Chloride 10 mEq tab,potassium chloride,Not Recorded,none,15,,,,10.0 mEq,mEq,10.0,none,False,False,False
1466,Potassium Chloride 20 mEq/15 mL liq 473mL BULK,potassium chloride,Not Recorded,15.0 mL,29,mL,15.0,,20.0 mEq,mEq,20.0,20.0 mEq/15.0 ML,True,False,False
1467,"Potassium Chloride 8 mEq cap
",potassium chloride,Not Recorded,none,1,,,,8.0 mEq,mEq,8.0,none,False,False,False
1468,Potassium Cl 20meq/NS 500mL ivpb,potassium chloride in NS,Not Recorded,500.0 mL,46,mL,500.0,,20.0 mEq,mEq,20.0,none,True,False,False
1469,Potassium Cl 30meq/NS 500mL ivpb,potassium chloride in ns,Not Recorded,500.0 mL,63,mL,500.0,,30.0 mEq,mEq,30.0,none,True,False,False
1470,Potassium Cl 40meq/D5W 500mL (for HF),potassium chloride in d5w,Not Recorded,500.0 mL,86,mL,500.0,,40.0 mEq,mEq,40.0,none,True,False,False
1471,Potassium Cl 40meq/NS 500mL ivpb,potassium chloride in ns,Not Recorded,500.0 mL,120920,mL,500.0,,40.0 mEq,mEq,40.0,none,True,False,False
1472,Potassium Level Recheck Reminder,potassium level recheck reminder,Not Recorded,none,1,,,,none,,,none,True,False,False
1473,Potassium Phos 3 mmol/mL 50 mL inj,potassium phosphate,Not Recorded,50.0 mL,1646,mL,50.0,,3.0 mmol,mmol,3.0,none,False,False,False
1474,Potassium-Phos (K-PhosNeutral) tab,potassium phosphate/sod.phosphate,Not Recorded,none,1,,,,none,,,none,False,False,False
1475,Prasugrel 10 mg tab,prasugrel,Not Recorded,none,381,,,,10.0 mg,mg,10.0,none,False,False,False
1476,Pravastatin 40 mg tab,pravastatin,Not Recorded,none,1,,,,40.0 mg,mg,40.0,none,False,False,False
1477,PredniSONE 5 mg/5 mL liq 120mL,predniSONE,Not Recorded,5.0 mL,1,mL,5.0,,5.0 mg,mg,5.0,5.0 mg/5.0 ML,True,False,False
1478,Pregabalin 150 mg cap,pregabalin,Not Recorded,none,1,,,,150.0 mg,mg,150.0,none,False,False,False
1479,Pregabalin 75 mg caps,pregabalin,Not Recorded,none,6,,,,75.0 mg,mg,75.0,none,False,False,False
1480,Premix Dextrose 5%,Premix D5W,Not Recorded,none,2550365,,,,none,,,none,True,False,False
1481,Premix Diluent,Premix Diluent,Not Recorded,none,5691785,,,,none,,,none,True,False,False
1482,Premix NS,Premix NS,Not Recorded,none,4643474,,,,none,,,none,True,False,False
1483,"Premix Water, Sterile",Premix Sterile Water,Not Recorded,none,339,,,,none,,,none,True,False,False
1484,Preop famotidine,famotidine,Not Recorded,none,1,,,,none,,,none,True,False,False
1485,PrismaSol B22GK4/0 w/out Calcium soln,prismaSol B22GK4/0,Not Recorded,none,6,,,,none,,,none,True,False,False
1486,Prismasate B22GK4/0 w/o Calcium,prismasate b22gk4/0,Not Recorded,none,1,,,,none,,,none,True,False,False
1487,Prismasate BK 0/3.5 5L bag,Prismasate BK 0/3.5,Not Recorded,5.0 L,11,L,5.0,,none,,,none,True,False,False
1488,Procainamid 1gm/10 mL inj ADD,procainamide add,Milligrams/Minute,10.0 mL,264,mL,10.0,,1.0 gm,gm,1.0,none,False,False,False
1489,Procainamide 1gm/10 mL inj,procainamide,Not Recorded,10.0 mL,45,mL,10.0,,1.0 gm,gm,1.0,none,False,False,False
1490,Procainamide 1gm/2mL inj,procainamide,Not Recorded,2.0 mL,58,mL,2.0,,1.0 gm,gm,1.0,none,False,False,False
1491,Procainamide 1gm/2mL inj ADD,procainamide add..,Milligrams/Minute,2.0 mL,3630,mL,2.0,,1.0 gm,gm,1.0,none,False,False,False
1492,Procainamide 1gm/ns 50mL ivpb for ED use only,procainamide/ns,Not Recorded,50.0 mL,9,mL,50.0,,1.0 gm,gm,1.0,none,True,False,False
1493,Prochlorperazine 10 mg tab,prochlorperazine,Not Recorded,none,6,,,,10.0 mg,mg,10.0,none,False,False,False
1494,Prochlorperazine 10mg/2mL inj for IV use,prochlorperazine,Not Recorded,2.0 mL,88093,mL,2.0,,10.0 mg,mg,10.0,10.0 mg/2.0 ML,False,False,False
1495,Prochlorperazine 5 mg tab,prochlorperazine,Not Recorded,none,1,,,,5.0 mg,mg,5.0,none,False,False,False
1496,Prolastin 1gm inj,alpha 1 proteinase inhibitor,Not Recorded,none,3,,,,1.0 gm,gm,1.0,none,False,False,False
1497,Promethazine 12.5 mg supp,promethazine supp,Not Recorded,none,28,,,,12.5 mg,mg,12.5,none,False,False,False
1498,Promethazine 12.5 mg tab,promethazine tab,Not Recorded,none,1,,,,12.5 mg,mg,12.5,none,False,False,False
1499,Promethazine 12.5mg IV,promethazine inj,Not Recorded,none,145,,,,12.5 mg,mg,12.5,none,True,False,False
1500,Promethazine 25 mg supp,promethazine supp,Not Recorded,none,33,,,,25.0 mg,mg,25.0,none,False,False,False
1501,Promethazine 25 mg tab,promethazine tab,Not Recorded,none,1,,,,25.0 mg,mg,25.0,none,False,False,False
1502,Promethazine 25 mg/1 mL inj,promethazine inj,Not Recorded,1.0 mL,21318,mL,1.0,,25.0 mg,mg,25.0,25.0 mg/1.0 ML,False,False,False
1503,Promethazine 6.25 mg/5 ml 120 mL liq,promethazine,Not Recorded,5.0 mL,3,mL,5.0,,6.25 mg,mg,6.25,6.25 mg/5.0 ML,True,False,False
1504,Propofol 100 mg/ 10 mL Syringe,propofol,Not Recorded,10.0 mL,16,mL,10.0,,100.0 mg,mg,100.0,100.0 mg/10.0 ML,False,False,False
1505,Propofol 200 mg/ 20 mL inj,propofol,Not Recorded,20.0 mL,2341,mL,20.0,,200.0 mg,mg,200.0,200.0 mg/20.0 ML,False,False,False
1506,Propofol 500 mg/50 mL syringe,propofol,Not Recorded,50.0 mL,37,mL,50.0,,500.0 mg,mg,500.0,500.0 mg/50.0 ML,False,False,False
1507,Propranolol 1 mg/1 mL inj,propranolol,Not Recorded,1.0 mL,258,mL,1.0,,1.0 mg,mg,1.0,1.0 mg/1.0 ML,False,False,False
1508,ProtAMINE 10 mg/mL 5 mL inj,protAMINE,Not Recorded,5.0 mL,7201,mL,5.0,,10.0 mg,mg,10.0,none,False,False,False
1509,ProtAMINE 100mg/50ml IVPB,protamine ivpb,Not Recorded,50.0 mL,15,mL,50.0,,100.0 mg,mg,100.0,100.0 mg/50.0 ML,True,False,False
1510,ProtAMINE 10mg/mL 25mL inj,protAMINE,Not Recorded,25.0 mL,224,mL,25.0,,10.0 mg,mg,10.0,none,False,False,False
1511,Protein C Concentrate Human 1000 units/10 mL,Protein C Concentrate Human,Not Recorded,10.0 mL,11,mL,10.0,,1000.0 unit,unit,1000.0,1000.0 unit/10.0 ML,True,False,False
1512,Prothrombin Complex concentrate (Bebulin),prothrombin complex conc.,Not Recorded,none,40,,,,none,,,none,True,False,False
1513,Prothrombin complex (Human) (Kcentra),prothrombin complex,Not Recorded,none,1552,,,,none,,,none,True,False,False
1514,Pyridostigmine 10 mg/2 mL inj,pyridostigmine,Not Recorded,2.0 mL,311,mL,2.0,,10.0 mg,mg,10.0,10.0 mg/2.0 ML,False,False,False
1515,Pyridostigmine 60 mg/5 mL liq 120mL,pyridostigmine,Not Recorded,5.0 mL,1,mL,5.0,,60.0 mg,mg,60.0,60.0 mg/5.0 ML,True,False,False
1516,Pyridoxine 100 mg/1 mL inj,pyridoxine,Not Recorded,1.0 mL,24298,mL,1.0,,100.0 mg,mg,100.0,100.0 mg/1.0 ML,False,False,False
1517,Pyridoxine 100 mg/1mL/NS neonate syringe,pyridoxine in NS syringe,Not Recorded,1.0 mL,1,mL,1.0,,100.0 mg,mg,100.0,100.0 mg/1.0 ML,False,False,False
1518,Pyridoxine 50 mg tab,pyridoxine,Not Recorded,none,1,,,,50.0 mg,mg,50.0,none,False,False,False
1519,REMIfentanil 1 mg inj,REMIfentanil,Not Recorded,none,5088,,,,1.0 mg,mg,1.0,none,False,False,False
1520,REMIfentanil 1000 mcg inj,REMIfentanil,Not Recorded,none,706,,,,1000.0 mcg,mcg,1000.0,none,False,False,False
1521,REMIfentanil 100mcg/2mL syringe,REMIfentanil,Not Recorded,2.0 mL,1,mL,2.0,,100.0 mcg,mcg,100.0,100.0 mcg/2.0 ML,False,False,False
1522,REMIfentanil 2 mg inj,REMIfentanil,Not Recorded,none,10,,,,2.0 mg,mg,2.0,none,False,False,False
1523,RHo (D) immune globulin 1500 intl units/1.3 mL solu,RHo (D) immune globulin,Not Recorded,1.3 mL,32,mL,1.3,,none,,,none,True,False,False
1524,RHo (D) immune globulin 300 mcg (Rhogam IM),RHo (D) immune globulin,Not Recorded,none,7,,,,300.0 mcg,mcg,300.0,none,True,False,False
1525,RHo (D) immune globulin 300 mcg/1.3 mL inj,RHo (D) immune globulin,Not Recorded,1.3 mL,14,mL,1.3,,300.0 mcg,mcg,300.0,300.0 mcg/1.3 ML,False,False,False
1526,RHo (D) immune globulin 300 mcg/2 mL inj,RHo (D) immune globulin,Not Recorded,2.0 mL,26,mL,2.0,,300.0 mcg,mcg,300.0,300.0 mcg/2.0 ML,False,False,False
1527,Ramucirumab 500 mg/50mL inj,ramucirumab,Not Recorded,50.0 mL,2,mL,50.0,,500.0 mg,mg,500.0,500.0 mg/50.0 ML,False,False,False
1528,Ranitidine 50mg/2mL inj,ranitidine,Not Recorded,2.0 mL,226,mL,2.0,,50.0 mg,mg,50.0,50.0 mg/2.0 ML,False,False,False
1529,Rasburicase 7.5 mg inj.,rasburicase,Not Recorded,none,32,,,,7.5 mg,mg,7.5,none,False,False,False
1530,Refresh Classic Ophth Soln 0.4 mL,refresh,Not Recorded,0.4 mL,3,mL,0.4,,none,,,none,True,False,False
1531,Regadenoson 0.4 mg/5 mL inj,regadenoson,Not Recorded,5.0 mL,3200,mL,5.0,,0.4 mg,mg,0.4,0.4 mg/5.0 ML,False,False,False
1532,RifaMPIN 300 mg cap,rifaMPIN,Not Recorded,none,2,,,,300.0 mg,mg,300.0,none,False,False,False
1533,RifaMPIN 3mg/mL/NS neonate syringe,rifaMPIN in NS syringe,Not Recorded,none,1,,,,3.0 mg,mg,3.0,none,False,False,False
1534,RifaMPIN 600 mg inj,rifaMPIN,Not Recorded,none,2587,,,,600.0 mg,mg,600.0,none,False,False,False
1535,Rocuronium 10 mg/mL 10 mL inj,rocuronium,Not Recorded,10.0 mL,2037,mL,10.0,,10.0 mg,mg,10.0,none,False,False,False
1536,Rocuronium 10 mg/mL 5 mL inj,rocuronium,Not Recorded,5.0 mL,8712,mL,5.0,,10.0 mg,mg,10.0,none,False,False,False
1537,Rocuronium 10 mg/mL 5 mL syringe,rocuronium,Not Recorded,5.0 mL,3,mL,5.0,,10.0 mg,mg,10.0,none,False,False,False
1538,Rocuronium 10 mg/mL per mL,rocuronium,Not Recorded,none,8,,,,10.0 mg,mg,10.0,none,True,False,False
1539,Rocuronium 10mg/mL 5mL OR syringe,rocuronium,Not Recorded,5.0 mL,47,mL,5.0,,10.0 mg,mg,10.0,none,False,False,False
1540,Ropivacaine 0.5% 30 mL syringe (EUOSH),ropivacaine 0.5%,Not Recorded,30.0 mL,2,mL,30.0,,none,,,none,False,False,False
1541,Ropivacaine 1% 10mg/mL 20mL,ropivacaine 1%,Not Recorded,20.0 mL,1,mL,20.0,,10.0 mg,mg,10.0,none,True,False,False
1542,Ropivacaine 2 mg/mL 100 mL inj,ropivacaine 0.2%,Not Recorded,100.0 mL,14,mL,100.0,,2.0 mg,mg,2.0,none,False,False,False
1543,Ropivacaine 5 mg/mL 30 mL inj,ropivacaine 0.5%,Not Recorded,30.0 mL,76,mL,30.0,,5.0 mg,mg,5.0,none,False,False,False
1544,Ropivacaine 7.5 mg/mL 20 mL inj,ropivacaine 0.75%,Not Recorded,20.0 mL,2,mL,20.0,,7.5 mg,mg,7.5,none,False,False,False
1545,SJH hyperalimentation 1200-2200mL,hyperalimentation 1200-2200mL,Not Recorded,2200.0 mL,304628,mL,2200.0,,none,,,none,True,False,False
1546,SJH hyperalimentation <1200mL,hyperalimentation <1200mL,Not Recorded,1200.0 mL,13738,mL,1200.0,,none,,,none,True,False,False
1547,SJH hyperalimentation >2200mL,hyperalimentation >2200mL,Not Recorded,2200.0 mL,8387,mL,2200.0,,none,,,none,True,False,False
1548,SMOFlipid 20% 100 mL (Neonate),fat emulsion 20% (SMOFlipid),Not Recorded,100.0 mL,65,mL,100.0,,none,,,none,True,False,False
1549,SMX-TMP 800 mg-160 mg/20 mL suspension,sulfamethoxazole-trimethoprim,Not Recorded,20.0 mL,1,mL,20.0,,800.0 mg,mg,800.0,160.0 mg/20.0 ML,True,False,False
1550,SUMAtriptan 6mg/0.5mL inj,SUMAtriptan succinate,Not Recorded,0.5 mL,3,mL,0.5,,6.0 mg,mg,6.0,6.0 mg/0.5 ML,False,False,False
1551,SUfentanil 100 mcg/2 mL inj,SUfentanil,Not Recorded,2.0 mL,38,mL,2.0,,100.0 mcg,mcg,100.0,100.0 mcg/2.0 ML,False,False,False
1552,SUfentanil 250 mcg/5 mL inj,SUfentanil,Not Recorded,5.0 mL,3,mL,5.0,,250.0 mcg,mcg,250.0,250.0 mcg/5.0 ML,False,False,False
1553,SUfentanil 50 mcg/1 mL inj,SUFentanil,Not Recorded,1.0 mL,8,mL,1.0,,50.0 mcg,mcg,50.0,50.0 mcg/1.0 ML,False,False,False
1554,Sargramustim 250 mcg inj,sargramostim,Not Recorded,none,5,,,,250.0 mcg,mcg,250.0,none,False,False,False
1555,Scopolamine 0.4 mg/ 1 mL inj,scopolamine,Not Recorded,1.0 mL,12,mL,1.0,,0.4 mg,mg,0.4,0.4 mg/1.0 ML,False,False,False
1556,Scopolamine patch,scopolamine,Not Recorded,none,1499,,,,none,,,none,False,False,False
1557,Secretin 16mcg synthetic human,secretin,Not Recorded,none,14,,,,16.0 mcg,mcg,16.0,none,True,False,False
1558,Selenium 400 mcg/10 mL inj,Selenious acid,Not Recorded,10.0 mL,12,mL,10.0,,400.0 mcg,mcg,400.0,400.0 mcg/10.0 ML,False,False,False
1559,Selenium 600 mcg/10 mL inj,Selenious acid,Not Recorded,10.0 mL,1786,mL,10.0,,600.0 mcg,mcg,600.0,600.0 mcg/10.0 ML,False,False,False
1560,Sildenafil 10 mg/12.5 mL inj.,sildenafil,Not Recorded,12.5 mL,877,mL,12.5,,10.0 mg,mg,10.0,10.0 mg/12.5 ML,False,False,False
1561,Siltuximab 400 mg inj,siltuximab,Not Recorded,none,2,,,,400.0 mg,mg,400.0,none,False,False,False
1562,Sincalide 5 mcg inj,sincalide,Not Recorded,none,3,,,,5.0 mcg,mcg,5.0,none,False,False,False
1563,Sirolimus 0.5 mg tab,sirolimus,Not Recorded,none,1,,,,0.5 mg,mg,0.5,none,False,False,False
1564,Sodium  Bicarb. 0.5mEq/1mL neonate syringe,sod. bicarbonate in syringe,Not Recorded,1.0 mL,2,mL,1.0,,0.5 mEq,mEq,0.5,0.5 mEq/1.0 ML,False,False,False
1565,Sodium  Bicarbonate 0.25mEq/1mL neonate syringe,sod bicarbonate in syringe,Not Recorded,1.0 mL,6,mL,1.0,,0.25 mEq,mEq,0.25,0.25 mEq/1.0 ML,False,False,False
1566,Sodium  Bicarbonate 0.5meq/mL neonate syringe,sod bicarbonate,Not Recorded,none,11,,,,0.5 mEq,mEq,0.5,none,False,False,False
1567,Sodium  Bicarbonate 2.5 mEq/5mL inj,sod bicarbonate inj,Not Recorded,5.0 mL,15,mL,5.0,,2.5 mEq,mEq,2.5,2.5 mEq/5.0 ML,False,False,False
1568,Sodium  Bicarbonate 5 mEq/10mL syringe,sod bicarbonate inj,Not Recorded,10.0 mL,36,mL,10.0,,5.0 mEq,mEq,5.0,5.0 mEq/10.0 ML,False,False,False
1569,Sodium Acetate 2 mEq/mL 20 mL inj,sodium acetate,Not Recorded,20.0 mL,608,mL,20.0,,2.0 mEq,mEq,2.0,none,False,False,False
1570,Sodium Acetate 2 mEq/mL inj,sodium acetate,Not Recorded,none,6119,,,,2.0 mEq,mEq,2.0,none,False,False,False
1571,Sodium Bicarb 10 mEq/10 mL  inj,sodium bicarbonate,Not Recorded,10.0 mL,188,mL,10.0,,10.0 mEq,mEq,10.0,10.0 mEq/10.0 ML,False,False,False
1572,Sodium Bicarb 50 mEq/50 mL  vial,sodium bicarbonate,Not Recorded,50.0 mL,240162,mL,50.0,,50.0 mEq,mEq,50.0,50.0 mEq/50.0 ML,True,False,False
1573,Sodium Bicarb 50 mEq/50 mL ADD,sodium bicarbonate,Not Recorded,50.0 mL,28571,mL,50.0,,50.0 mEq,mEq,50.0,50.0 mEq/50.0 ML,True,False,False
1574,Sodium Bicarb 50 mEq/50 mL vial CMPD,sodium bicarbonate,Not Recorded,50.0 mL,980,mL,50.0,,50.0 mEq,mEq,50.0,50.0 mEq/50.0 ML,True,False,False
1575,Sodium Bicarb 50 mEq/50mL syringe,sodium bicarbonate,Not Recorded,50.0 mL,170249,mL,50.0,,50.0 mEq,mEq,50.0,50.0 mEq/50.0 ML,False,False,False
1576,Sodium Bicarbonate 650 mg tab,sodium bicarbonate,Not Recorded,none,1,,,,650.0 mg,mg,650.0,none,False,False,False
1577,Sodium Chloride 0.9% (50mL vial) for Remodulin,ns 50mL vial,Not Recorded,50.0 mL,4,mL,50.0,,none,,,none,True,False,False
1578,Sodium Chloride 0.9% 5mL Flush syr. (neonate),sodium chloride flush,Not Recorded,5.0 mL,43,mL,5.0,,none,,,none,False,False,False
1579,Sodium Chloride 3% 4mL inhalation soln.,sodium chloride 3%,Not Recorded,4.0 mL,1,mL,4.0,,none,,,none,False,False,False
1580,Sodium Glycerophosphate 20mmol/20mL inj,sodium glycerophosphate,Not Recorded,20.0 mL,9183,mL,20.0,,20.0 mmol,mmol,20.0,20.0 mmol/20.0 ML,False,False,False
1581,Sodium Phosphat 3 mm/mL 50 mL inj,sodium phosphate,Not Recorded,50.0 mL,32465,mL,50.0,,none,,,none,False,False,False
1582,Sodium Phosphate 3mmol/ml  15 mL inj,sodium phosphate,Not Recorded,15.0 mL,7914,mL,15.0,,3.0 mmol,mmol,3.0,none,False,False,False
1583,Sodium Tetradecyl sulfate 1% inj,sodium tetradecyl sulfate,Not Recorded,none,1,,,,none,,,none,False,False,False
1584,Sodium Tetradecyl sulfate 3% inj,sodium tetradecyl 3%,Not Recorded,none,1,,,,none,,,none,False,False,False
1585,Sodium Thiosulfate 25% 50 mL inj,sodium thiosulfate 25%,Not Recorded,50.0 mL,832,mL,50.0,,none,,,none,False,False,False
1586,Sodium benzoate-Sodium phenylacetate 10%,sod.benzoate-sod.phenylacetate,Not Recorded,none,56,,,,none,,,none,True,False,False
1587,Standard PAL Line IV fluid,Standard PAL Line fluid,Not Recorded,none,167,,,,none,,,none,True,False,False
1588,Standard UAC Line IV fluid,Standard UAC Line fluid,Not Recorded,none,153,,,,none,,,none,True,False,False
1589,Standard UVC Line IV fluid,Standard UVC Line fluid,Not Recorded,none,101,,,,none,,,none,True,False,False
1590,Sterile/Free Water flush,"water, sterile/free flush",Not Recorded,none,1,,,,none,,,none,True,False,False
1591,Streptomycin 1 gm inj,streptomycin,Not Recorded,none,16,,,,1.0 gm,gm,1.0,none,False,False,False
1592,Streptozocin 1gm inj,streptozocin,Not Recorded,none,4,,,,1.0 gm,gm,1.0,none,False,False,False
1593,Succinylcholine 20 mg/mL OR syringe,succinylcholine,Not Recorded,none,1,,,,20.0 mg,mg,20.0,none,False,False,False
1594,Succinylcholine 200 mg/10 mL inj,succinylcholine,Not Recorded,10.0 mL,2193,mL,10.0,,200.0 mg,mg,200.0,200.0 mg/10.0 ML,False,False,False
1595,Succinylcholine 200 mg/10 ml syringe (EUOSH),succinylcholine,Not Recorded,10.0 mL,1,mL,10.0,,200.0 mg,mg,200.0,200.0 mg/10.0 ML,False,False,False
1596,Succinylcholine 200mg syr for pyxis,succinylchloline,Not Recorded,none,6,,,,200.0 mg,mg,200.0,none,False,False,False
1597,Succinylcholine 20mg/mL 10mL syringe,succinylcholine,Not Recorded,10.0 mL,20,mL,10.0,,20.0 mg,mg,20.0,none,False,False,False
1598,Succinylcholine 20mg/mL 5mL syringe,succinylcholine,Not Recorded,5.0 mL,3,mL,5.0,,20.0 mg,mg,20.0,none,False,False,False
1599,Succinylcholine 20mg/ml 10ml OR syringe,succinylcholine,Not Recorded,10.0 mL,11,mL,10.0,,20.0 mg,mg,20.0,none,False,False,False
1600,Succinylcholine 60 mg/3 mL syringe,succinylcholine,Not Recorded,3.0 mL,1,mL,3.0,,60.0 mg,mg,60.0,60.0 mg/3.0 ML,False,False,False
1601,Sugammadex 200 mg/2mL inj,sugammadex,Not Recorded,2.0 mL,52,mL,2.0,,200.0 mg,mg,200.0,200.0 mg/2.0 ML,False,False,False
1602,Sugammadex 500 mg/5mL inj,sugammadex,Not Recorded,5.0 mL,29,mL,5.0,,500.0 mg,mg,500.0,500.0 mg/5.0 ML,False,False,False
1603,Sulfamethoxazole-Trimethoprim 80mg-16  mg/mL 10mL inj,sulfamethoxazole-trimethoprim,Not Recorded,10.0 mL,4178,mL,10.0,,80.0 mg,mg,80.0,none,False,False,False
1604,Sulfamethoxazole-Trimethoprim 80mg-16 mg/mL inj,sulfamethoxazole-trimethoprim,Not Recorded,none,4343,,,,80.0 mg,mg,80.0,none,False,False,False
1605,"Syringe, chemo","Syringe, chemo",Not Recorded,none,42,,,,none,,,none,False,False,False
1606,TACRolimus 0.5 mg cap,TACRolimus,Not Recorded,none,61,,,,0.5 mg,mg,0.5,none,False,False,False
1607,TACRolimus 1 mg cap,TACRolimus,Not Recorded,none,7,,,,1.0 mg,mg,1.0,none,False,False,False
1608,TACRolimus 5mg inj,TACRolimus,Not Recorded,none,21146,,,,5.0 mg,mg,5.0,none,False,False,False
1609,TBO-filgrastim 300 mcg/0.5 mL inj,TBO-filgrastim,Not Recorded,0.5 mL,2,mL,0.5,,300.0 mcg,mcg,300.0,300.0 mcg/0.5 ML,False,False,False
1610,TIGEcycline 50 mg inj,TIGEcycline,Not Recorded,none,3190,,,,50.0 mg,mg,50.0,none,False,False,False
1611,TOPOtecan 4 mg/ 4 mL inj,TOPOtecan,Not Recorded,4.0 mL,19,mL,4.0,,4.0 mg,mg,4.0,4.0 mg/4.0 ML,False,False,False
1612,Tamsulosin 0.4  mg cap,tamsulosin,Not Recorded,none,1,,,,0.4 mg,mg,0.4,none,False,False,False
1613,Telavancin 250 mg inj,telavancin,Not Recorded,none,144,,,,250.0 mg,mg,250.0,none,False,False,False
1614,Telavancin 750 mg inj,telavancin,Not Recorded,none,33,,,,750.0 mg,mg,750.0,none,False,False,False
1615,Temsirolimus 25 mg/mL inj.,temsirolimus,Not Recorded,none,1,,,,25.0 mg,mg,25.0,none,False,False,False
1616,Terbutaline 1 mg/1 mL inj,terbutaline,Not Recorded,1.0 mL,16,mL,1.0,,1.0 mg,mg,1.0,1.0 mg/1.0 ML,False,False,False
1617,"Tetanus/Diphtheria/Pertussis, Acel (Tdap) 0.5 mL","tetanus/diphtheria/pertussis, acel (Tdap)",Not Recorded,0.5 mL,1,mL,0.5,,none,,,none,True,False,False
1618,Tetanus/Dipth. Tox. Adsb. 0.5 ml inj,Tetanus/Diptheria toxoid,Not Recorded,0.5 mL,10,mL,0.5,,none,,,none,False,False,False
1619,Tetracaine 1% 2mL inj,tetracaine 1%,Not Recorded,2.0 mL,1,mL,2.0,,none,,,none,False,False,False
1620,Thiamine 100 mg/ml 2mL inj,thiamine,Not Recorded,2.0 mL,174096,mL,2.0,,100.0 mg,mg,100.0,none,False,False,False
1621,Thiamine 100 mg/ml 2mL inj FOR COMPOUNDING USE,thiamine,Not Recorded,2.0 mL,56650,mL,2.0,,100.0 mg,mg,100.0,none,False,False,False
1622,Thiotepa 15 mg inj,thiotepa,Not Recorded,none,80,,,,15.0 mg,mg,15.0,none,False,False,False
1623,Thrombin 5000 unit recombinant powder,thrombin,Not Recorded,none,2,,,,5000.0 unit,unit,5000.0,none,True,False,False
1624,Ticagrelor 90 mg tab,ticagrelor,Not Recorded,none,316,,,,90.0 mg,mg,90.0,none,False,False,False
1625,Ticar/Clav 3.1 IVPB,ticarcillin-clavulanate/ns,Not Recorded,none,110,,,,none,,,none,True,False,False
1626,Tirofiban 50 mcg/ mL 250 mL Drip*,tirofiban/ns,Not Recorded,250.0 mL,143,mL,250.0,,50.0 mcg,mcg,50.0,none,True,False,False
1627,Tobramycin 1.2gm/30ml Bulk Vial,tobramycin,Not Recorded,30.0 mL,3272,mL,30.0,,1.2 gm,gm,1.2,none,True,False,False
1628,Tobramycin 80 mg/ 100 mL NS,tobramycin,Not Recorded,100.0 mL,18,mL,100.0,,80.0 mg,mg,80.0,80.0 mg/100.0 ML,True,False,False
1629,Tobramycin 80 mg/2 mL inj,tobramycin,Not Recorded,2.0 mL,4054,mL,2.0,,80.0 mg,mg,80.0,80.0 mg/2.0 ML,False,False,False
1630,Tobramycin Intermittent Dosing by Pharmacist,tobramycin intermittent dosing,Not Recorded,none,1,,,,none,,,none,True,False,False
1631,Tocilizumab 200 mg/10mL inj,tocilizumab,Not Recorded,10.0 mL,124,mL,10.0,,200.0 mg,mg,200.0,200.0 mg/10.0 ML,False,False,False
1632,Tocilizumab 400 mg/20mL inj,tocilizumab,Not Recorded,20.0 mL,376,mL,20.0,,400.0 mg,mg,400.0,400.0 mg/20.0 ML,False,False,False
1633,Tolterodine 2 mg tab,tolterodine,Not Recorded,none,1,,,,2.0 mg,mg,2.0,none,False,False,False
1634,Tolterodine LA 4 mg cap,tolterodine LA,Not Recorded,none,1,,,,4.0 mg,mg,4.0,none,False,False,False
1635,Topiramate 100 mg tab,topiramate,Not Recorded,none,1,,,,100.0 mg,mg,100.0,none,False,False,False
1636,TraMADOL 50 mg tab,traMADOL,Not Recorded,none,1,,,,50.0 mg,mg,50.0,none,False,False,False
1637,Trabectedin 1mg inj.,trabectedin,Not Recorded,none,75,,,,1.0 mg,mg,1.0,none,False,False,False
1638,Trace Elements 10 mL inj,trace elements,Not Recorded,10.0 mL,124,mL,10.0,,none,,,none,False,False,False
1639,Tranexamic acid 100 mg/mL inj,tranexamic acid,Not Recorded,none,7479,,,,100.0 mg,mg,100.0,none,False,False,False
1640,Tranexamic acid 1000 mg/NS 100mL,tranexamic acid,Not Recorded,100.0 mL,375,mL,100.0,,1000.0 mg,mg,1000.0,none,True,False,False
1641,Tranexamic acid 2gm bolus dose,tranexamic acid,Not Recorded,none,77,,,,2.0 gm,gm,2.0,none,True,False,False
1642,Tranexamic acid 650 mg tab,tranexamic acid,Not Recorded,none,51,,,,650.0 mg,mg,650.0,none,False,False,False
1643,Trastuzumab 150 mg inj,trastuzumab,Not Recorded,none,9,,,,150.0 mg,mg,150.0,none,False,False,False
1644,Trastuzumab 440 mg inj,trastuzumab,Not Recorded,none,12,,,,440.0 mg,mg,440.0,none,False,False,False
1645,Trepostinil 5 mg/mL 20mL inj,treprostinil,Not Recorded,20.0 mL,106,mL,20.0,,5.0 mg,mg,5.0,none,False,False,False
1646,Treprostinil 1 mg/mL 20mL inj,treprostinil,ng/kg/min,20.0 mL,28,mL,20.0,,1.0 mg,mg,1.0,none,False,False,False
1647,Treprostinil 10 mg/mL 20mL,treprostinil,Not Recorded,20.0 mL,29,mL,20.0,,10.0 mg,mg,10.0,none,True,False,False
1648,Treprostinil 2.5 mg/mL 20mL,treprostinil,Not Recorded,20.0 mL,103,mL,20.0,,2.5 mg,mg,2.5,none,True,False,False
1649,Treprostinil 20mg/20mL inj,trepostinil,Not Recorded,20.0 mL,80,mL,20.0,,20.0 mg,mg,20.0,20.0 mg/20.0 ML,False,False,False
1650,Treprostinil 20mg/20mL inj,treprostinil,Not Recorded,20.0 mL,9,mL,20.0,,20.0 mg,mg,20.0,20.0 mg/20.0 ML,False,False,False
1651,Tri-sodium Citrate,sod. citrate-citric acid,Not Recorded,none,15,,,,none,,,none,True,False,False
1652,Triamcinolone acet  40 mg/ 1 mL inj,triamcinolone,Not Recorded,1.0 mL,1,mL,1.0,,40.0 mg,mg,40.0,40.0 mg/1.0 ML,False,False,False
1653,Trimethobenzamide 200 mg/2 mL inj,trimethobenzamide,Not Recorded,2.0 mL,1,mL,2.0,,200.0 mg,mg,200.0,200.0 mg/2.0 ML,False,False,False
1654,Trisodium citrate solution,anticoag. sodium citrate,Not Recorded,none,1,,,,none,,,none,True,False,False
1655,Tromethamine 500 mL  Btl,tromethamine,Not Recorded,500.0 mL,4418,mL,500.0,,none,,,none,True,False,False
1656,Ustekinumab 130mg/26mL inj,ustekinumab,Not Recorded,26.0 mL,14,mL,26.0,,130.0 mg,mg,130.0,130.0 mg/26.0 ML,False,False,False
1657,Valproate 250mg/5mL Liq,valproate,Not Recorded,5.0 mL,3,mL,5.0,,250.0 mg,mg,250.0,250.0 mg/5.0 ML,True,False,False
1658,Valproate Sodium 500 mg/ 5 mL inj,valproate,Not Recorded,5.0 mL,21497,mL,5.0,,500.0 mg,mg,500.0,500.0 mg/5.0 ML,False,False,False
1659,Vancomycin 125 mg cap,vancomycin,Not Recorded,none,1,,,,125.0 mg,mg,125.0,none,False,False,False
1660,Vancomycin 1250mg/ NS 250mL IVPB,vancomycin/ns,Not Recorded,250.0 mL,17506,mL,250.0,,1250.0 mg,mg,1250.0,none,True,False,False
1661,Vancomycin 1250mg/NS 250mL IVPB,vancomycin/ns,Not Recorded,250.0 mL,105411,mL,250.0,,1250.0 mg,mg,1250.0,none,True,False,False
1662,Vancomycin 1500mg/500ml NS ivpb,vancomycin in ns,Not Recorded,500.0 mL,39672,mL,500.0,,1500.0 mg,mg,1500.0,1500.0 mg/500.0 ML,True,False,False
1663,Vancomycin 1500mg/NS ivpb (EUOSH ONLY),vancomycin in ns,Not Recorded,none,68672,,,imputed,1500.0 mg,mg,1500.0,none,True,False,False
1664,Vancomycin 1750mg/NS 500ml IVPB,vancomycin in ns,Not Recorded,500.0 mL,8435,mL,500.0,,1750.0 mg,mg,1750.0,none,True,False,False
1665,Vancomycin 1gm inj,vancomycin,Not Recorded,none,58757,,,imputed,1.0 gm,gm,1.0,none,False,False,False
1666,Vancomycin 1gm/ 200mL Iso-Dex IVPB,vancomycin in D5W,Not Recorded,200.0 mL,65538,mL,200.0,,1.0 gm,gm,1.0,none,True,False,False
1667,Vancomycin 1gm/NS 250mL IVPB,vancomycin in NS,Not Recorded,250.0 mL,10367,mL,250.0,,1.0 gm,gm,1.0,none,True,False,False
1668,Vancomycin 1gm/NS 250ml  IVPB,vancomycin in ns,Not Recorded,250.0 mL,95228,mL,250.0,,1.0 gm,gm,1.0,none,True,False,False
1669,Vancomycin 250 mg/5 mL oral soln.,vancomycin,Not Recorded,5.0 mL,5,mL,5.0,,250.0 mg,mg,250.0,250.0 mg/5.0 ML,False,False,False
1670,Vancomycin 500 mg inj,vancomycin,Not Recorded,none,5174,,,imputed,500.0 mg,mg,500.0,none,False,False,False
1671,Vancomycin 500 mg/100ml - Iso-Dex,vancomycin in iso-dex,Not Recorded,100.0 mL,2872,mL,100.0,,500.0 mg,mg,500.0,500.0 mg/100.0 ML,True,False,False
1672,Vancomycin 500 mg/NS 100ml ivpb,vancomycin/ns,Not Recorded,100.0 mL,9565,mL,100.0,,500.0 mg,mg,500.0,none,True,False,False
1673,Vancomycin 500mg (10gm vial),vancomycin,Not Recorded,none,87110,,,imputed,500.0 mg,mg,500.0,none,True,False,False
1674,Vancomycin 500mg in NS 500mL enema,vancomycin enema,Not Recorded,500.0 mL,2,mL,500.0,,500.0 mg,mg,500.0,none,True,False,False
1675,Vancomycin 5mg/mL/NS neonate syringe,vancomycin in NS syringe,Not Recorded,none,579,,,,5.0 mg,mg,5.0,none,False,False,False
1676,Vancomycin 750 mg inj.,vancomycin,Not Recorded,none,16727,,,imputed,750.0 mg,mg,750.0,none,False,False,False
1677,Vancomycin 750 mg/150 mL,vancomycin,Not Recorded,150.0 mL,2680,mL,150.0,,750.0 mg,mg,750.0,750.0 mg/150.0 ML,True,False,False
1678,Vancomycin 750 mg/150 mL Iso-Dex,vancomycin in iso-dex,Not Recorded,150.0 mL,44581,mL,150.0,,750.0 mg,mg,750.0,750.0 mg/150.0 ML,True,False,False
1679,Vancomycin Intermittent Dosing by Pharmacist,vancomycin intermittent dosing,Not Recorded,none,1,,,,none,,,none,True,False,False
1680,Vancomycin Intermittent Dosing by Pharmacist,vancomycin pulse dosing,Not Recorded,none,2,,,,none,,,none,True,False,False
1681,Vasopressin 20 unit/ml 10ml inj,vasopressin,Not Recorded,10.0 mL,50924,mL,10.0,,20.0 unit,unit,20.0,none,False,False,False
1682,Vasopressin 20 units/ 1 mL (Vasostrict),vasopressin,Unit/Minute,1.0 mL,893643,mL,1.0,,20.0 unit,unit,20.0,20.0 unit/1.0 ML,True,False,False
1683,Vasopressin 20 units/ 1 mL inj,vasopressin,Unit/Minute,1.0 mL,30960,mL,1.0,,20.0 unit,unit,20.0,20.0 unit/1.0 ML,False,False,False
1684,Vasopressin/Placebo for study,vasopressin/placebo (P#IDS22),Not Recorded,none,6,,,,none,,,none,True,False,False
1685,Vecuronium 10 mg inj,vecuronium,Not Recorded,none,18341,,,,10.0 mg,mg,10.0,none,False,False,False
1686,Vecuronium 1mg/mL 10mL syringe,vecuronium,Not Recorded,10.0 mL,17,mL,10.0,,1.0 mg,mg,1.0,none,False,False,False
1687,Vecuronium 1mg/mL neonate syringe,vecuronium in NS syringe,Not Recorded,none,21,,,,1.0 mg,mg,1.0,none,False,False,False
1688,Vecuronium 20 mg inj,vecuronium,Not Recorded,none,13,,,,20.0 mg,mg,20.0,none,False,False,False
1689,Vedolizumab 300 mg inj.,vedolizumab,Not Recorded,none,17,,,,300.0 mg,mg,300.0,none,False,False,False
1690,Verapamil 300 mcg/3 mL syringe CATH LAB,verapamil 300 mcg/3 mL,Not Recorded,3.0 mL,250,mL,3.0,,300.0 mcg,mcg,300.0,300.0 mcg/3.0 ML,False,False,False
1691,Verapamil 300 mcg/3 mL syringe CATH LAB,verapamil 5 mg/50 mL,Not Recorded,3.0 mL,34,mL,3.0,,300.0 mcg,mcg,300.0,300.0 mcg/3.0 ML,False,False,False
1692,Verapamil 5 mg/2 mL inj,verapamil,Not Recorded,2.0 mL,2098,mL,2.0,,5.0 mg,mg,5.0,5.0 mg/2.0 ML,False,False,False
1693,VinBLAStine 10 mg/10 mL inj,vinBLAStine,Not Recorded,10.0 mL,37,mL,10.0,,10.0 mg,mg,10.0,10.0 mg/10.0 ML,False,False,False
1694,VinCRIStine 1 mg/mL inj,vinCRIStine,Not Recorded,none,5953,,,,1.0 mg,mg,1.0,none,False,False,False
1695,VinORELBine 10 mg/1 mL inj,vinORELBine,Not Recorded,1.0 mL,71,mL,1.0,,10.0 mg,mg,10.0,10.0 mg/1.0 ML,False,False,False
1696,Vincristine 2 mg/ 2mL inj,vincristine,Not Recorded,2.0 mL,978,mL,2.0,,2.0 mg,mg,2.0,2.0 mg/2.0 ML,False,False,False
1697,Visipaque 320 mg 200 mL btl,iodixanol,Not Recorded,200.0 mL,1,mL,200.0,,320.0 mg,mg,320.0,none,True,False,False
1698,Voriconazole 200 mg inj,voriconazole,Not Recorded,none,4580,,,,200.0 mg,mg,200.0,none,False,False,False
1699,Voriconazole 200 mg tab,voriconazole,Not Recorded,none,1,,,,200.0 mg,mg,200.0,none,False,False,False
1700,Voriconazole 50mg tab,voriconazole,Not Recorded,none,5,,,,50.0 mg,mg,50.0,none,False,False,False
1701,"Water, Sterile 100  mL bag","water, sterile",Not Recorded,100.0 mL,95,mL,100.0,,none,,,none,True,False,False
1702,"Water, Sterile 1000 mL IV bag","water, sterile bag",Not Recorded,1000.0 mL,75232,mL,1000.0,,none,,,none,True,False,False
1703,"Water, Sterile 2 Liter bag","water, sterile",Not Recorded,2.0 L,51,L,2.0,,none,,,none,True,False,False
1704,"Water, Sterile 20 mL inj","water, sterile",Not Recorded,20.0 mL,60,mL,20.0,,none,,,none,False,False,False
1705,"Water, Sterile 50 mL inj","water, sterile",Not Recorded,50.0 mL,15979,mL,50.0,,none,,,none,False,False,False
1706,"Water, Sterile Irrig 1500 mL","water, sterile irrig",Not Recorded,1500.0 mL,3,mL,1500.0,,none,,,none,True,False,False
1707,"Water,St. 1000 mL  irrigation btl","water, sterile irr btl",Not Recorded,1000.0 mL,1,mL,1000.0,,none,,,none,True,False,False
1708,"Water,Sterile 10 mL inj","water, sterile",Not Recorded,10.0 mL,15,mL,10.0,,none,,,none,False,False,False
1709,Zidovudine 200mg inj,zidovudine,Not Recorded,none,813,,,,200.0 mg,mg,200.0,none,False,False,False
1710,Zidovudine 4mg/mL/D5W neonate syringe,zidovudine in D5W syringe,Not Recorded,none,14,,,,4.0 mg,mg,4.0,none,False,False,False
1711,Zinc Sulfate 5 mg/mL inj,zinc sulfate,Not Recorded,none,6116,,,,5.0 mg,mg,5.0,none,False,False,False
1712,Zinc Trace Element 10 mg/10 mL inj,zinc,Not Recorded,10.0 mL,1592,mL,10.0,,10.0 mg,mg,10.0,10.0 mg/10.0 ML,False,False,False
1713,Zinecard 500 mg inj cardio tox,dexrazoxane,Not Recorded,none,22,,,,500.0 mg,mg,500.0,none,False,False,False
1714,Ziprasidone 20 mg/ 1 mL inj,ziprasidone,Not Recorded,1.0 mL,13,mL,1.0,,20.0 mg,mg,20.0,20.0 mg/1.0 ML,False,False,False
1715,Zoledronic 4 mg inj,zoledronic acid,Not Recorded,none,925,,,,4.0 mg,mg,4.0,none,False,False,False
1716,Zoledronic 4 mg/NS 100mL,zoledronic acid in ns,Not Recorded,100.0 mL,30,mL,100.0,,4.0 mg,mg,4.0,none,True,False,False
1717,Zoledronic acid 4 mg/100 mL premix IVPB,zoledronic acid,Not Recorded,100.0 mL,408,mL,100.0,,4.0 mg,mg,4.0,4.0 mg/100.0 ML,True,False,False
1718,Zoledronic acid 5 mg/100 mL IVPB,zoledronic acid,Not Recorded,100.0 mL,8,mL,100.0,,5.0 mg,mg,5.0,5.0 mg/100.0 ML,True,False,False
1719,acetaminophen 10 mg/mL neonate IVPB syringe,acetaminophen IVPB syringe,Not Recorded,none,6,,,,10.0 mg,mg,10.0,none,False,False,False
1720,acetaminophen-codeine 300 mg-15 mg tab,acetaminophen-codeine,Not Recorded,none,1,,,,300.0 mg,mg,300.0,none,False,False,False
1721,adenosine 200 mcg/20 mL syringe  CATH LAB ONLY,adenosine syringe CATH LAB ONLY,Not Recorded,20.0 mL,5,mL,20.0,,200.0 mcg,mcg,200.0,200.0 mcg/20.0 ML,False,False,False
1722,adenosine 90 mg/90 mL NS CATH LAB,adenosine,Not Recorded,90.0 mL,401,mL,90.0,,90.0 mg,mg,90.0,90.0 mg/90.0 ML,True,False,False
1723,albuterol 2.5 mg/ 0.5 ml neb,albuterol,Not Recorded,0.5 mL,3,mL,0.5,,2.5 mg,mg,2.5,2.5 mg/0.5 ML,True,False,False
1724,albuterol 2.5 mg/0.5mL neb,albuterol,Not Recorded,0.5 mL,2,mL,0.5,,2.5 mg,mg,2.5,2.5 mg/0.5 ML,True,False,False
1725,albuterol 2.5 mg/3 mL neb,albuterol 0.083%,Not Recorded,3.0 mL,2,mL,3.0,,2.5 mg,mg,2.5,2.5 mg/3.0 ML,True,False,False
1726,alteplase 2 mg inj Syringe,alteplase,Milligram/Hour,none,1660,,,,2.0 mg,mg,2.0,none,False,False,False
1727,alteplase STEMI bolus inj,alteplase,Not Recorded,none,3,,,,none,,,none,False,False,False
1728,alteplase inj for bolus,alteplase,Not Recorded,none,325,,,,none,,,none,False,False,False
1729,alteplase per 10 mg,alteplase,Milligram/Hour,none,1817,,,,10.0 mg,mg,10.0,none,True,False,False
1730,alteplase per 12.5mg ADD,alteplase,Not Recorded,none,13635,,,,12.5 mg,mg,12.5,none,True,False,False
1731,amiodarone 500 mg/250 mL CATH LAB,amiodarone,Not Recorded,250.0 mL,27,mL,250.0,,500.0 mg,mg,500.0,500.0 mg/250.0 ML,True,False,False
1732,amphotericin B lock soln. 2.5mg/ml 2ml syr.,amphotericin B lock soln.,Not Recorded,2.0 mL,4,mL,2.0,,2.5 mg,mg,2.5,none,False,False,False
1733,anti-inhibitor coagulant complex 1000 units,anti-inhibitor coagulant complex,Not Recorded,none,114,,,,1000.0 unit,unit,1000.0,none,True,False,False
1734,anti-inhibitor coagulant complex 2500 units,anti-inhibitor coagulant complex,Not Recorded,none,570,,,,2500.0 unit,unit,2500.0,none,True,False,False
1735,anti-inhibitor coagulant complex 50 units,anti-inhibitor coagulant complex,Not Recorded,none,36,,,,50.0 unit,unit,50.0,none,True,False,False
1736,anti-inhibitor coagulant complex 50 units inj,anti-inhibitor coagulant complex,Not Recorded,none,439,,,,50.0 unit,unit,50.0,none,False,False,False
1737,antihemophilic factor 8 recombinant 1000 units,factor 8,Not Recorded,none,194,,,,1000.0 unit,unit,1000.0,none,True,False,False
1738,antihemophilic factor 8 recombinant 1000 units,factor 8 (Kogenate),Not Recorded,none,67,,,,1000.0 unit,unit,1000.0,none,True,False,False
1739,antihemophilic factor 8 recombinant 1000 units inj,antihemophilic factor 8,Not Recorded,none,101,,,,1000.0 unit,unit,1000.0,none,False,False,False
1740,antihemophilic factor 8 recombinant 2000 units,factor 8,Not Recorded,none,388,,,,2000.0 unit,unit,2000.0,none,True,False,False
1741,antihemophilic factor 8 recombinant 2000 units,factor 8 (Kogenate),Not Recorded,none,84,,,,2000.0 unit,unit,2000.0,none,True,False,False
1742,antihemophilic factor 8 recombinant 250 units,factor 8,Not Recorded,none,5,,,,250.0 unit,unit,250.0,none,True,False,False
1743,antihemophilic factor 8 recombinant 3000 units,factor 8,Not Recorded,none,61,,,,3000.0 unit,unit,3000.0,none,True,False,False
1744,antihemophilic factor 8 recombinant 3000 units,factor 8 (Kogenate),Not Recorded,none,86,,,,3000.0 unit,unit,3000.0,none,True,False,False
1745,antihemophilic factor 8 recombinant 500 units,factor 8,Not Recorded,none,59,,,,500.0 unit,unit,500.0,none,True,False,False
1746,antihemophilic factor 8 recombinant 500 units,factor 8 (Kogenate),Not Recorded,none,3,,,,500.0 unit,unit,500.0,none,True,False,False
1747,antihemophilic factor-von Willebrand 500 units,antihemophilic F8-von Willebrand,Not Recorded,none,10,,,,500.0 unit,unit,500.0,none,True,False,False
1748,antihemophilic factor-von Willebrand 500 units (HUMATE P),antihemoph F8-vonWill HUMATE P,Not Recorded,none,2,,,,500.0 unit,unit,500.0,none,True,False,False
1749,antihemophilic factor-von Willebrand 500 units (HUMATE P),antihemophilic F8-von Willebrand,Not Recorded,none,1,,,,500.0 unit,unit,500.0,none,True,False,False
1750,antihemophilic factor-von Willebrand factor (WILATE) 1000U,antihemoph-vonwillebrand (WILATE),Not Recorded,none,137,,,,1000.0 unit,unit,1000.0,none,True,False,False
1751,antihemophilic factor-von Willebrand factor (WILATE) 500U,antihemoph-vonwille WILATE,Not Recorded,none,7,,,,500.0 unit,unit,500.0,none,True,False,False
1752,antihemophilic factor-von Willebrand factor 1000 units,antihemophilic F8-von Willebrand,Not Recorded,none,46,,,,1000.0 unit,unit,1000.0,none,True,False,False
1753,antihemophilic factor-von Willebrand factor 1000 units (HUMATE P),antihemoph F8-vonWill HUMATE P,Not Recorded,none,19,,,,1000.0 unit,unit,1000.0,none,True,False,False
1754,antihemophilic factor-von Willebrand factor 1000 units (HUMATE P),antihemophilic F8-von Willebrand,Not Recorded,none,57,,,,1000.0 unit,unit,1000.0,none,True,False,False
1755,antihemophilic factor-von Willebrand factor 1600 units,antihemophilic F8-von Willebrand,Not Recorded,none,48,,,,1600.0 unit,unit,1600.0,none,True,False,False
1756,antihemophilic factor-von Willebrand factor 1600 units (HUMATE P),antihemoph F8-vonWill HUMATE P,Not Recorded,none,2,,,,1600.0 unit,unit,1600.0,none,True,False,False
1757,antihemophilic factor-von Willebrand factor 1600 units (HUMATE P),antihemophilic F8-von Willebrand,Not Recorded,none,1,,,,1600.0 unit,unit,1600.0,none,True,False,False
1758,antihemophilic factor-von Willebrand factor 2400 units,antihemophilic factor-von Willebrand factor,Not Recorded,none,8,,,,2400.0 unit,unit,2400.0,none,True,False,False
1759,aprepitant 130 mg inj,aprepitant,Not Recorded,none,2260,,,,130.0 mg,mg,130.0,none,False,False,False
1760,arsenic trioxide 1 mg/mL 10 mL inj,arsenic trioxide,Not Recorded,10.0 mL,941,mL,10.0,,1.0 mg,mg,1.0,none,False,False,False
1761,arsenic trioxide 2 mg/mL injection,arsenic trioxide,Not Recorded,none,230,,,,2.0 mg,mg,2.0,none,False,False,False
1762,artesunate 110 mg IV inj,artesunate,Not Recorded,none,7,,,,110.0 mg,mg,110.0,none,False,False,False
1763,atropine-diphenoxylate 5 mg/10 mL UD liq,atropine-diphenoxylate,Not Recorded,10.0 mL,1,mL,10.0,,5.0 mg,mg,5.0,5.0 mg/10.0 ML,True,False,False
1764,aztreonam 1 gm inj,aztreonam,Not Recorded,none,2902,,,,1.0 gm,gm,1.0,none,False,False,False
1765,aztreonam 2 gm inj,aztreonam,Not Recorded,none,4321,,,,2.0 gm,gm,2.0,none,False,False,False
1766,bendamustine 45 mg/0.5mL inj,bendamustine,Not Recorded,0.5 mL,5,mL,0.5,,45.0 mg,mg,45.0,45.0 mg/0.5 ML,False,False,False
1767,bevacizumab-awwb 100mg/4mL inj,bevacizumab-awwb(MVASI),Not Recorded,4.0 mL,1,mL,4.0,,100.0 mg,mg,100.0,100.0 mg/4.0 ML,False,False,False
1768,bevacizumab-awwb 400mg/16mL inj,bevacizumab-awwb(MVASI),Not Recorded,16.0 mL,1,mL,16.0,,400.0 mg,mg,400.0,400.0 mg/16.0 ML,False,False,False
1769,"bottle, sterile","bottle, sterile",Not Recorded,none,56,,,,none,,,none,True,False,False
1770,cabazitaxel 60 mg/6 mL inj,cabazitaxel,Not Recorded,6.0 mL,1,mL,6.0,,60.0 mg,mg,60.0,60.0 mg/6.0 ML,False,False,False
1771,calcium carbonate 1250 mg (500 mg elemental) tab,calcium carbonate,Not Recorded,none,2,,,,1250.0 mg,mg,1250.0,none,False,False,False
1772,calcium gluconate 1 gm/100 mL NS IVPB,calcium gluconate/NS,Not Recorded,100.0 mL,1138,mL,100.0,,1.0 gm,gm,1.0,none,True,False,False
1773,calcium gluconate 1 gm/50 mL IVPB,calcium gluconate,Not Recorded,50.0 mL,735,mL,50.0,,1.0 gm,gm,1.0,none,True,False,False
1774,calcium gluconate 1 gm/50 mL NS IVPB,calcium gluconate NS,Not Recorded,50.0 mL,5,mL,50.0,,1.0 gm,gm,1.0,none,True,False,False
1775,calcium gluconate 10gm/100ml inj,calcium gluconate,Not Recorded,100.0 mL,71,mL,100.0,,10.0 gm,gm,10.0,none,False,False,False
1776,calcium gluconate 2 gm/100 mL NS IVPB,calcium gluconate/NS,Not Recorded,100.0 mL,254,mL,100.0,,2.0 gm,gm,2.0,none,True,False,False
1777,calcium gluconate 3 gm/100 mL NS IVPB,calcium gluconate/NS,Not Recorded,100.0 mL,5,mL,100.0,,3.0 gm,gm,3.0,none,True,False,False
1778,calcium gluconate 5 gm/50 mL inj,calcium gluconate,Grams/Hour,50.0 mL,116539,mL,50.0,,5.0 gm,gm,5.0,none,False,False,False
1779,cangrelor 50 mg inj,cangrelor,Microgram/Kilogram/Minute,none,8489,,,,50.0 mg,mg,50.0,none,False,False,False
1780,caplacizumab-yhdp 11 mg kit,caplacizumab-yhdp,Not Recorded,none,2,,,,11.0 mg,mg,11.0,none,False,False,False
1781,carfilzomib 10 mg inj,carfilzomib,Not Recorded,none,2,,,,10.0 mg,mg,10.0,none,False,False,False
1782,casirivimab 1332mg inj,casirivimab,Not Recorded,none,1,,,,1332.0 mg,mg,1332.0,none,False,False,False
1783,casirivimab 1332mg inj,casirivimab REGN 10933,Not Recorded,none,15,,,,1332.0 mg,mg,1332.0,none,False,False,False
1784,casirivimab 300mg inj,casirivimab REGN10933,Not Recorded,none,147,,,,300.0 mg,mg,300.0,none,False,False,False
1785,casirivimab-imdevimab 600 mg-600 mg/10 mL inj,casirivimab-imdevimab,Not Recorded,10.0 mL,36,mL,10.0,,600.0 mg,mg,600.0,600.0 mg/10.0 ML,False,False,False
1786,casirivimab-imdevimab 600 mg-600 mg/10 mL inj,casirivimab-imdevimab 600-600mg,Not Recorded,10.0 mL,243,mL,10.0,,600.0 mg,mg,600.0,600.0 mg/10.0 ML,False,False,False
1787,ceFAZolin 1 gm in NS 50mL ivpb,ceFAZolin in NS,Not Recorded,50.0 mL,11625,mL,50.0,,1.0 gm,gm,1.0,none,True,False,False
1788,ceFAZolin 2 gm/50 mL IVPB,ceFAZolin,Not Recorded,50.0 mL,1068,mL,50.0,,2.0 gm,gm,2.0,none,True,False,False
1789,ceFAZolin 2 gm/60 mL D5W IVPB,ceFAZolin,Not Recorded,60.0 mL,1491,mL,60.0,,2.0 gm,gm,2.0,none,True,False,False
1790,cefEPIME 1gm inj,cefEPIME,Not Recorded,none,20943,,,,1.0 gm,gm,1.0,none,False,False,False
1791,cefEPIME 2gm inj,cefEPIME,Not Recorded,none,162213,,,,2.0 gm,gm,2.0,none,False,False,False
1792,cefOXiitin 1 gm inj,cefOXitin,Not Recorded,none,1255,,,,1.0 gm,gm,1.0,none,False,False,False
1793,cefOXiitin 1 gm inj,cefoxitin,Not Recorded,none,2105,,,,1.0 gm,gm,1.0,none,False,False,False
1794,cefOXiitin 2 gm inj,cefOXitin,Not Recorded,none,4325,,,,2.0 gm,gm,2.0,none,False,False,False
1795,cefOXiitin 2 gm inj,cefoxitin,Not Recorded,none,3556,,,,2.0 gm,gm,2.0,none,False,False,False
1796,cefTAZIDime 1gm inj,cefTAZIDime,Not Recorded,none,25474,,,,1.0 gm,gm,1.0,none,False,False,False
1797,cefTAZIDime 2gm inj,cefTAZIDime,Not Recorded,none,91054,,,,2.0 gm,gm,2.0,none,False,False,False
1798,cefTRIAXone 1 gm IV inj,cefTRIAXone,Not Recorded,none,75020,,,,1.0 gm,gm,1.0,none,False,False,False
1799,cefTRIAXone 1gm IM inj,cefTRIAXone,Not Recorded,none,350,,,,1.0 gm,gm,1.0,none,False,False,False
1800,cefTRIAXone 1gm IM inj,ceftriaxone,Not Recorded,none,8779,,,,1.0 gm,gm,1.0,none,False,False,False
1801,cefTRIAXone 2 gm IM inj,cefTRIAXone,Not Recorded,none,67,,,,2.0 gm,gm,2.0,none,False,False,False
1802,cefTRIAXone 2 gm inj,cefTRIAXone,Not Recorded,none,137856,,,,2.0 gm,gm,2.0,none,False,False,False
1803,cefTRIAXone 2 gm inj,ceftriaxone,Not Recorded,none,3877,,,,2.0 gm,gm,2.0,none,False,False,False
1804,cefTRIAXone 500mg IM inj,cefTRIAXone,Not Recorded,none,40,,,,500.0 mg,mg,500.0,none,False,False,False
1805,cefaZOLIN 1 gm OR syringe,cefaZOLIN,Not Recorded,none,107336,,,,1.0 gm,gm,1.0,none,False,False,False
1806,cefaZOLIN 1 gm inj,cefaZOLIN,Not Recorded,none,174682,,,,1.0 gm,gm,1.0,none,False,False,False
1807,cefaZOLIN 1 gm/50 mL Iso-Dex,cefaZOLIN in Iso-Dex,Not Recorded,50.0 mL,2168,mL,50.0,,1.0 gm,gm,1.0,none,True,False,False
1808,cefaZOLIN 2 g/20 mL OR syringe,ceFAZolin,Not Recorded,20.0 mL,4,mL,20.0,,2.0 g,g,2.0,2.0 g/20.0 ML,False,False,False
1809,cefaZOLIN 2 g/20 mL OR syringe,cefaZOLIN,Not Recorded,20.0 mL,2,mL,20.0,,2.0 g,g,2.0,2.0 g/20.0 ML,False,False,False
1810,cefaZOLIN 2 gm OR syringe,cefaZOLIN,Not Recorded,none,32,,,,2.0 gm,gm,2.0,none,False,False,False
1811,cefaZOLIN 500 mg inj,cefaZOLIN,Not Recorded,none,1081,,,,500.0 mg,mg,500.0,none,False,False,False
1812,cefepime 2 gm/NS 50 mL IVPB,cefepime,Not Recorded,50.0 mL,842,mL,50.0,,2.0 gm,gm,2.0,none,True,False,False
1813,cefiderocol 1 gm inj,cefiderocol,Not Recorded,none,1019,,,,1.0 gm,gm,1.0,none,False,False,False
1814,chlorproMAZINE 50 mg/2mL inj,chlorproMAZINE,Not Recorded,2.0 mL,306,mL,2.0,,50.0 mg,mg,50.0,50.0 mg/2.0 ML,False,False,False
1815,clindamycin 6mg/1mL/NS neonate syringe,clindamycin in NS syringe,Not Recorded,1.0 mL,16,mL,1.0,,6.0 mg,mg,6.0,6.0 mg/1.0 ML,False,False,False
1816,clofarabine 20 mg/20mL inj,clofarabine,Not Recorded,20.0 mL,19,mL,20.0,,20.0 mg,mg,20.0,20.0 mg/20.0 ML,False,False,False
1817,coagulation factor IX recombinant 1000 units,factor 9,Not Recorded,none,10,,,,1000.0 unit,unit,1000.0,none,True,False,False
1818,coagulation factor IX recombinant 2000 units,factor 9,Not Recorded,none,2,,,,2000.0 unit,unit,2000.0,none,True,False,False
1819,coagulation factor IX recombinant 3000 units,factor 9,Not Recorded,none,89,,,,3000.0 unit,unit,3000.0,none,True,False,False
1820,coagulation factor IX recombinant inj,coagulation factor IX,Not Recorded,none,7,,,,none,,,none,False,False,False
1821,"coagulation factor Xa (recombinant), inactivated-zhzo (ANDEXXA)",coagulation factor Xa,Milligram/Hour,none,53,,,,none,,,none,True,False,False
1822,cytarabine lipo-daunorub lipo 100mg-44mg,cytarabine liposomal-daunorubicin liposomal,Not Recorded,none,3,,,,100.0 mg,mg,100.0,none,True,False,False
1823,cytarabine lipo-daunorub lipo 100mg-44mg,cytarabine-daunorubicin lipo,Not Recorded,none,151,,,,100.0 mg,mg,100.0,none,True,False,False
1824,deferoxamine 2 gm inj,deferoxamine,Not Recorded,none,5,,,,2.0 gm,gm,2.0,none,False,False,False
1825,defibrotide 80 mg/mL 2.5ml inj,defibrotide,Not Recorded,2.5 mL,91,mL,2.5,,80.0 mg,mg,80.0,none,False,False,False
1826,dexamethasone 10 mg/mL 1 mL PF injection,dexamethasone,Not Recorded,1.0 mL,7428,mL,1.0,,10.0 mg,mg,10.0,none,False,False,False
1827,dexamethasone 10 mg/mL 1 mL PF injection,dexamethasone.,Not Recorded,1.0 mL,4235,mL,1.0,,10.0 mg,mg,10.0,none,False,False,False
1828,dexamethasone 10 mg/mL 1 mL inj,dexamethasone,Not Recorded,1.0 mL,1718,mL,1.0,,10.0 mg,mg,10.0,none,False,False,False
1829,dilTIAZem 5 mg/mL ADD,dilTIAZem,Milligram/Hour,none,87,,,,5.0 mg,mg,5.0,none,True,False,False
1830,droperidol 0.625 mg/mL/NS syr,droperidol,Not Recorded,none,361,,,,0.625 mg,mg,0.625,none,False,False,False
1831,"epoprostenol 750,000 ng (0.75mg) inhale (Veletri)",epoprostenol,Not Recorded,none,11,,,,0.75 mg,mg,0.75,none,False,False,False
1832,eravacycline 50 mg inj,eravacycline,Not Recorded,none,1047,,,,50.0 mg,mg,50.0,none,False,False,False
1833,esmolol 10 mg/mL bolus from bag,esmolol,Not Recorded,none,19,,,,10.0 mg,mg,10.0,none,True,False,False
1834,fentaNYL 2 mcg/mL-ropiv 0.2% EPIDURAL 50mL,fentanyl-ropivacaine 0.2%,Not Recorded,50.0 mL,3,mL,50.0,,2.0 mcg,mcg,2.0,none,False,False,False
1835,fentaNYL 50 mcg/1 mL inj,fentaNYL,Not Recorded,1.0 mL,2258,mL,1.0,,50.0 mcg,mcg,50.0,50.0 mcg/1.0 ML,False,False,False
1836,fentanyl 500 mcg/50 mL PCA,fentaNYL pca,Not Recorded,50.0 mL,1,mL,50.0,,500.0 mcg,mcg,500.0,500.0 mcg/50.0 ML,True,False,False
1837,fentanyl 600 mcg/60 mL PCA,fentanyl pca,Not Recorded,60.0 mL,49,mL,60.0,,600.0 mcg,mcg,600.0,600.0 mcg/60.0 ML,True,False,False
1838,fluconazole 40 mg/mL UD Liquid,fluconazole,Not Recorded,none,4,,,,40.0 mg,mg,40.0,none,True,False,False
1839,gabapentin 300 mg/6 mL liq UD,gabapentin,Not Recorded,6.0 mL,2,mL,6.0,,300.0 mg,mg,300.0,300.0 mg/6.0 ML,True,False,False
1840,ganciclovir 2000 mcg/0.1 mL intravitreal inj,ganciclovir,Not Recorded,0.1 mL,2,mL,0.1,,2000.0 mcg,mcg,2000.0,2000.0 mcg/0.1 ML,False,False,False
1841,gemtuzumab ozogamicin 4.5 mg/4.5 mL inj,gemtuzumab ozogamicin,Not Recorded,4.5 mL,44,mL,4.5,,4.5 mg,mg,4.5,4.5 mg/4.5 ML,False,False,False
1842,glucarpidase 1000 units inj,glucarpidase,Not Recorded,none,1,,,,1000.0 unit,unit,1000.0,none,False,False,False
1843,glycopyrrolate 0.2 mg/mL 2 mL syringe,glycopyrrolate,Not Recorded,2.0 mL,2,mL,2.0,,0.2 mg,mg,0.2,none,False,False,False
1844,hePARIN Vas-Cath 1000 unit(s)/mL,hePARIN vascath,Not Recorded,none,324,,,,1000.0 unit,unit,1000.0,none,True,False,False
1845,hemin 350 mg inj,hemin,Not Recorded,none,76,,,,350.0 mg,mg,350.0,none,False,False,False
1846,heparin 100 units/mL re-bolus from bag,heparin,Not Recorded,none,214,,,,100.0 unit,unit,100.0,none,True,False,False
1847,heparin 5000 units inhale,heparin,Not Recorded,none,15,,,,5000.0 unit,unit,5000.0,none,False,False,False
1848,heparin 5000 units inhale,heparin inhale,Not Recorded,none,1,,,,5000.0 unit,unit,5000.0,none,False,False,False
1849,hepatitis B immune globulin /NS IVPB,hepatitis B immune glob./NS,Not Recorded,none,132,,,,none,,,none,True,False,False
1850,hepatitis B immune globulin /NS IVPB,hepatitis B immune globulin/NS IVPB,Not Recorded,none,9,,,,none,,,none,True,False,False
1851,imdevimab 1332mg inj,imdevimab,Not Recorded,none,1,,,,1332.0 mg,mg,1332.0,none,False,False,False
1852,imdevimab 1332mg inj,imdevimab REGN10987,Not Recorded,none,15,,,,1332.0 mg,mg,1332.0,none,False,False,False
1853,imdevimab 300mg inj,imdevimab REGN10987,Not Recorded,none,147,,,,300.0 mg,mg,300.0,none,False,False,False
1854,immune globulin intravenous 10% 10g (Gammagard S/D Low IgA),immune globulin intravenous 10%,Not Recorded,none,33,,,,10.0 g,g,10.0,none,True,False,False
1855,immune globulin intravenous 10% 5g (Gammagard  S/D Low IgA),immune globulin intravenous 10%,Not Recorded,none,5,,,,5.0 g,g,5.0,none,True,False,False
1856,inFLIXimab-dyyb (Inflectra) 100 mg inj,inFLIXimab-dyyb,Not Recorded,none,40,,,,100.0 mg,mg,100.0,none,False,False,False
1857,inFLIXimab-dyyb (Inflectra) 100 mg inj,inFLIXimab-dyyb (Inflectra),Not Recorded,none,169,,,,100.0 mg,mg,100.0,none,False,False,False
1858,indocyanine green 25 mg,indocyanine green,Not Recorded,none,2416,,,,25.0 mg,mg,25.0,none,True,False,False
1859,influenza virus vaccine (Fluarix) 0.5mL inj,influenza virus 0.5 mL vaccine,Not Recorded,0.5 mL,1,mL,0.5,,none,,,none,False,False,False
1860,inotuzumab 0.9 mg/3.6 mL inj,inotuzumab ozogamicin,Not Recorded,3.6 mL,11,mL,3.6,,0.9 mg,mg,0.9,0.9 mg/3.6 ML,False,False,False
1861,insulin isophane (NPH) 100 units/mL,insulin isophane (NPH),Not Recorded,none,1,,,,100.0 unit,unit,100.0,none,True,False,False
1862,insulin isophane-regular 70u-30u/mL inj 3 mL,insulin isophane-insulin regular,Not Recorded,3.0 mL,2,mL,3.0,,70.0 unit,unit,70.0,none,False,False,False
1863,insulin lispro 10 unit(s)/mL OR syringe,insulin lispro,Not Recorded,none,214,,,,10.0 unit,unit,10.0,none,False,False,False
1864,insulin lispro 10 unit(s)/mL OR syringe,insulin lispro OR,Not Recorded,none,278,,,,10.0 unit,unit,10.0,none,False,False,False
1865,insulin lispro 100 unit/mL inj,insulin lispro,Not Recorded,none,335,,,,100.0 unit,unit,100.0,none,False,False,False
1866,insulin lispro 100 units/mL inj.,insulin lispro,Not Recorded,none,80,,,,100.0 unit,unit,100.0,none,False,False,False
1867,insulin pump patient - lispro,insulin pump patient - lispro,Not Recorded,none,1,,,,none,,,none,True,False,False
1868,insulin pump patient - regular,insulin pump patient - regular,Not Recorded,none,5,,,,none,,,none,True,False,False
1869,insulin regular 1 unit/mL bolus from bag,insulin regular,Not Recorded,none,98,,,,1.0 unit,unit,1.0,none,True,False,False
1870,insulin regular 100 units/mL inj 3 mL,insulin regular,Not Recorded,3.0 mL,25431,mL,3.0,,100.0 unit,unit,100.0,none,False,False,False
1871,insulin regular OR SYR 1unit(s)/mL 10mL,insulin reg human,Not Recorded,10.0 mL,5577,mL,10.0,,1.0 unit,unit,1.0,none,False,False,False
1872,insulin regular OR SYR 1unit(s)/mL 10mL,insulin regular OR,Not Recorded,10.0 mL,2940,mL,10.0,,1.0 unit,unit,1.0,none,False,False,False
1873,ketamine 50 mg/5 mL-NaCl 0.9% solu,ketamine,Not Recorded,5.0 mL,3,mL,5.0,,50.0 mg,mg,50.0,50.0 mg/5.0 ML,True,False,False
1874,ketamine Bolus from bag,ketamine Bolus from bag,Not Recorded,none,231,,,,none,,,none,True,False,False
1875,labetalol 200 mg/40 mL ADD,labetalol,Milligrams/Minute,40.0 mL,2833,mL,40.0,,200.0 mg,mg,200.0,200.0 mg/40.0 ML,True,False,False
1876,labetalol 200 mg/40 mL inj,labetalol,Not Recorded,40.0 mL,15,mL,40.0,,200.0 mg,mg,200.0,200.0 mg/40.0 ML,False,False,False
1877,leucovorin 500 mg/50mL inj,leucovorin,Not Recorded,50.0 mL,55,mL,50.0,,500.0 mg,mg,500.0,500.0 mg/50.0 ML,False,False,False
1878,levETIRAcetam 100 mg/mL ped oral syringe,levETIRAcetam,Not Recorded,none,1,,,,100.0 mg,mg,100.0,none,False,False,False
1879,leveTIRACETAM 500 mg tab,leveTIRACETAM,Not Recorded,none,6,,,,500.0 mg,mg,500.0,none,False,False,False
1880,levothyroxine 100 mcg (0.1 mg) inj.,levothyroxine,Not Recorded,none,35654,,,,0.1 mg,mg,0.1,none,False,False,False
1881,levothyroxine 100 mcg (0.1 mg) pwd inj,levothyroxine,Not Recorded,none,757,,,,0.1 mg,mg,0.1,none,False,False,False
1882,levothyroxine 100 mcg (0.1 mg)/5 mL inj,levothyroxine,Not Recorded,5.0 mL,1760,mL,5.0,,0.1 mg,mg,0.1,none,False,False,False
1883,lidocaine 1% inj 50mL,lidocaine,Not Recorded,50.0 mL,1,mL,50.0,,none,,,none,False,False,False
1884,lidocaine 1% inj for local anesthesia,lidocaine 1%,Not Recorded,none,34,,,,none,,,none,False,False,False
1885,lidocaine 1% preservative-free inj 10mL,lidocaine 1%,Not Recorded,10.0 mL,4,mL,10.0,,none,,,none,False,False,False
1886,lidocaine 2% inj for local anesthesia,lidocaine 2%,Not Recorded,none,2,,,,none,,,none,False,False,False
1887,liothyronine 10 mcg/mL inj,liothyronine,Not Recorded,none,125,,,,10.0 mcg,mcg,10.0,none,False,False,False
1888,melphalan 50 mg inj (EVOMELA),melphalan (EVOMELA),Not Recorded,none,160,,,,50.0 mg,mg,50.0,none,False,False,False
1889,meropenem 1000 mg/ 50 mL NS IVPB,meropenem,Not Recorded,50.0 mL,2405,mL,50.0,,1000.0 mg,mg,1000.0,1000.0 mg/50.0 ML,True,False,False
1890,meropenem 20mg/mL/NS neonate syringe,meropenem in NS syringe,Not Recorded,none,170,,,,20.0 mg,mg,20.0,none,False,False,False
1891,meropenem-vaborbactam 2gm inj,meropenem-vaborbactam,Not Recorded,none,1055,,,,2.0 gm,gm,2.0,none,False,False,False
1892,methadone 10 mg/mL ADULT oral conc,methadone,Not Recorded,none,1,,,,10.0 mg,mg,10.0,none,False,False,False
1893,methocarbamol 1000 mg/100 mL NS IVPB,methocarbamol in NS,Not Recorded,100.0 mL,1026,mL,100.0,,1000.0 mg,mg,1000.0,1000.0 mg/100.0 ML,True,False,False
1894,methocarbamol 500 mg/50 mL NS IVPB,methocarbamol in NS,Not Recorded,50.0 mL,589,mL,50.0,,500.0 mg,mg,500.0,500.0 mg/50.0 ML,True,False,False
1895,methylPREDNISolone 8 mg tab,methylPREDNISolone,Not Recorded,none,6,,,,8.0 mg,mg,8.0,none,False,False,False
1896,metroNIDAZOLE 5mg/ml CMPD,metroNIDAZOLE / NS,Not Recorded,none,968,,,,5.0 mg,mg,5.0,none,True,False,False
1897,midazolam (HIGH CONCENTRATION) 5 mg/mL inj   2 mL,midazolam,Not Recorded,2.0 mL,1233,mL,2.0,,5.0 mg,mg,5.0,none,False,False,False
1898,midazolam (HIGH CONCENTRATION) 5 mg/mL pf  1 mL inj,midazolam,Not Recorded,1.0 mL,1346,mL,1.0,,5.0 mg,mg,5.0,none,False,False,False
1899,morphine 50 mg/50 mL PCA/NCA,morphine PCA,Not Recorded,50.0 mL,7592,mL,50.0,,50.0 mg,mg,50.0,50.0 mg/50.0 ML,True,False,False
1900,morphine 50 mg/mL 20 mL inj,morphine,Not Recorded,20.0 mL,188,mL,20.0,,50.0 mg,mg,50.0,none,False,False,False
1901,nf bulk,nf bulk,Not Recorded,none,15,,,,none,,,none,True,False,False
1902,nf chemo,nf chemo,Not Recorded,none,1511,,,,none,,,none,True,False,False
1903,nf ivpb,nf ivpb,Not Recorded,none,9203,,,,none,,,none,True,False,False
1904,nf med,nf med,Not Recorded,none,4802,,,,none,,,none,True,False,False
1905,nitroglycerin 0.2 mg/mL 3 mL syr CATH LAB,nitroglycerin,Not Recorded,3.0 mL,17,mL,3.0,,0.2 mg,mg,0.2,none,False,False,False
1906,nitroglycerin 10 mg/50 mL D5W CATH LAB,nitroglycerin 10 mg/50 mL CATH LAB,Not Recorded,50.0 mL,272,mL,50.0,,10.0 mg,mg,10.0,10.0 mg/50.0 ML,True,False,False
1907,nitroglycerin 25mg/250mL drip (100mcg/mL) for Cath Lab,nitroglycerin,Not Recorded,250.0 mL,30,mL,250.0,,25.0 mg,mg,25.0,25.0 mg/250.0 ML,True,False,False
1908,nitroprusside 25 mg/250 mL NS Drip CATH LAB,nitroprusside 25 mg drip CATH LAB,Not Recorded,250.0 mL,25,mL,250.0,,25.0 mg,mg,25.0,25.0 mg/250.0 ML,True,False,False
1909,nivolumab 10 mg/mL 4 mL inj,nivolumab,Not Recorded,4.0 mL,3,mL,4.0,,10.0 mg,mg,10.0,none,False,False,False
1910,nn-levETIRAcetam 5 mg/mL NS Neonate Syringe,levETIRAcetam NS syringe,Not Recorded,none,1,,,,5.0 mg,mg,5.0,none,False,False,False
1911,nn-morphine 10 mg/mL ADD,morphine,Milligram/Kilogram/Hour,none,95,,,,10.0 mg,mg,10.0,none,True,False,False
1912,obinutuzumab 1000 mg/40mL,obinutuzumab,Not Recorded,40.0 mL,10,mL,40.0,,1000.0 mg,mg,1000.0,1000.0 mg/40.0 ML,True,False,False
1913,omadacycline 100 mg inj,omadacycline,Not Recorded,none,125,,,,100.0 mg,mg,100.0,none,False,False,False
1914,oxymetazoline 0.05% nasal spray 30 mL,oxymetazoline nasal,Not Recorded,30.0 mL,182,mL,30.0,,none,,,none,False,False,False
1915,oxytocin 30 units/500 mL Infusion,oxytocin infusion,Not Recorded,500.0 mL,5386,mL,500.0,,30.0 unit,unit,30.0,30.0 unit/500.0 ML,True,False,False
1916,pamidronate 60 mg/10mL injection,pamidronate,Not Recorded,10.0 mL,15,mL,10.0,,60.0 mg,mg,60.0,60.0 mg/10.0 ML,False,False,False
1917,papaverine 30 mg/mL 2mL inj,papaverine,Not Recorded,2.0 mL,2,mL,2.0,,30.0 mg,mg,30.0,none,False,False,False
1918,patisiran 10 mg/5 mL inj,patisiran,Not Recorded,5.0 mL,2,mL,5.0,,10.0 mg,mg,10.0,10.0 mg/5.0 ML,False,False,False
1919,phytonadione  (Vit K) 10 mg/mL inj,phytonadione,Not Recorded,none,1089,,,,10.0 mg,mg,10.0,none,False,False,False
1920,piperacillin-tazobactam 4.5 gm / 100 mL IVPB (EUH),piperacillin-tazobactam,Not Recorded,100.0 mL,4085,mL,100.0,,4.5 gm,gm,4.5,none,True,False,False
1921,potassium chloride 10 mEq/100 mL NS IVPB,potassium chloride,Not Recorded,100.0 mL,288,mL,100.0,,10.0 mEq,mEq,10.0,10.0 mEq/100.0 ML,True,False,False
1922,potassium chloride 10 mEq/100 mL NS IVPB,potassium chloride in NS,Not Recorded,100.0 mL,2634,mL,100.0,,10.0 mEq,mEq,10.0,10.0 mEq/100.0 ML,True,False,False
1923,potassium chloride 10 mEq/5 mL (2mEq/mL) inj,potassium chloride,Not Recorded,5.0 mL,11,mL,5.0,,10.0 mEq,mEq,10.0,10.0 mEq/5.0 ML,False,False,False
1924,potassium chloride 20 mEq/50 mL NS IVPB,potassium chloride,Not Recorded,50.0 mL,8,mL,50.0,,20.0 mEq,mEq,20.0,20.0 mEq/50.0 ML,True,False,False
1925,potassium chloride 20 mEq/50 mL NS IVPB,potassium chloride/NS,Not Recorded,50.0 mL,3608,mL,50.0,,20.0 mEq,mEq,20.0,20.0 mEq/50.0 ML,True,False,False
1926,potassium chloride 40 mEq/500 mL NS Premix,potassium chloride,Not Recorded,500.0 mL,1626,mL,500.0,,40.0 mEq,mEq,40.0,40.0 mEq/500.0 ML,True,False,False
1927,rasburicase 1.5 mg inj,rasburicase,Not Recorded,none,1582,,,,1.5 mg,mg,1.5,none,False,False,False
1928,ravulizumab-cwvz 300 mg/30mL inj,ravulizumab,Not Recorded,30.0 mL,1,mL,30.0,,300.0 mg,mg,300.0,300.0 mg/30.0 ML,False,False,False
1929,remdesivir 100 mg / 20 mL inj,remdesivir,Not Recorded,20.0 mL,28719,mL,20.0,,100.0 mg,mg,100.0,100.0 mg/20.0 ML,False,False,False
1930,remdesivir 100 mg/250 mL IVPB,remdesivir,Not Recorded,250.0 mL,1594,mL,250.0,,100.0 mg,mg,100.0,100.0 mg/250.0 ML,True,False,False
1931,riTUXimab (Rituxan) 100 mg inj,riTUXimab,Not Recorded,none,20,,,,100.0 mg,mg,100.0,none,False,False,False
1932,riTUXimab (Rituxan) 100 mg inj,riTUXimab (Rituxan),Not Recorded,none,27,,,,100.0 mg,mg,100.0,none,False,False,False
1933,riTUXimab (Rituxan) 500 mg inj,riTUXimab,Not Recorded,none,17,,,,500.0 mg,mg,500.0,none,False,False,False
1934,riTUXimab (Rituxan) 500 mg inj,riTUXimab (Rituxan),Not Recorded,none,11,,,,500.0 mg,mg,500.0,none,False,False,False
1935,riTUXimab 100 mg inj,RiTUXimab,Not Recorded,none,527,,,,100.0 mg,mg,100.0,none,False,False,False
1936,riTUXimab 100 mg inj,riTUXimab,Not Recorded,none,3246,,,,100.0 mg,mg,100.0,none,False,False,False
1937,riTUXimab 500 mg inj,riTUXimab,Not Recorded,none,233,,,,500.0 mg,mg,500.0,none,False,False,False
1938,riTUXimab 500 mg inj,rituximab,Not Recorded,none,21,,,,500.0 mg,mg,500.0,none,False,False,False
1939,riTUXimab-abbs (Truxima) 100 mg inj,riTUXimab-abbs,Not Recorded,none,412,,,,100.0 mg,mg,100.0,none,False,False,False
1940,riTUXimab-abbs (Truxima) 100 mg inj,riTUXimab-abbs (Truxima),Not Recorded,none,591,,,,100.0 mg,mg,100.0,none,False,False,False
1941,riTUXimab-abbs (Truxima) 500 mg inj,riTUXimab-abbs,Not Recorded,none,82,,,,500.0 mg,mg,500.0,none,False,False,False
1942,riTUXimab-abbs (Truxima) 500 mg inj,riTUXimab-abbs (Truxima),Not Recorded,none,77,,,,500.0 mg,mg,500.0,none,False,False,False
1943,sildenafil 10 mg / 12.5 mL inj. neonate syringe,sildenafil,Not Recorded,12.5 mL,1,mL,12.5,,10.0 mg,mg,10.0,10.0 mg/12.5 ML,False,False,False
1944,sodium bicarbonate 2.5 mEq / 5 mL vial,sodium bicarbonate,Not Recorded,5.0 mL,49,mL,5.0,,2.5 mEq,mEq,2.5,2.5 mEq/5.0 ML,True,False,False
1945,sodium chloride 0.9% injection 20mL,sodium chloride 0.9%,Not Recorded,20.0 mL,36,mL,20.0,,none,,,none,False,False,False
1946,sotrovimab 500 mg/8 mL inj,sotrovimab,Not Recorded,8.0 mL,8,mL,8.0,,500.0 mg,mg,500.0,500.0 mg/8.0 ML,False,False,False
1947,"syringe, IV","syringe, IV",Not Recorded,none,175,,,,none,,,none,False,False,False
1948,tagraxofusp-erzs 1000 mcg inj,tagraxofusp,Not Recorded,none,15,,,,1000.0 mcg,mcg,1000.0,none,False,False,False
1949,tedizolid 200 mg inj,tedizolid,Not Recorded,none,8,,,,200.0 mg,mg,200.0,none,False,False,False
1950,ticagrelor 60 mg tab,ticagrelor,Not Recorded,none,1,,,,60.0 mg,mg,60.0,none,False,False,False
1951,tirofiban 12.5 mg/250 mL NS Drip CATH LAB,tirofiban in ns,Not Recorded,250.0 mL,2259,mL,250.0,,12.5 mg,mg,12.5,12.5 mg/250.0 ML,True,False,False
1952,tirofiban 250 mcg/mL 15 mL inj CATH LAB,tirofiban,Not Recorded,15.0 mL,7,mL,15.0,,250.0 mcg,mcg,250.0,none,False,False,False
1953,tirofiban 5mg/100ml Vial CATH LAB ONLY,tirofiban,Not Recorded,100.0 mL,9,mL,100.0,,5.0 mg,mg,5.0,5.0 mg/100.0 ML,True,False,False
1954,tranexamic acid 500mg/5mL TOPICAL solution,tranexamic acid,Not Recorded,5.0 mL,16,mL,5.0,,500.0 mg,mg,500.0,500.0 mg/5.0 ML,True,False,False
1955,trastuzumab dkst 150 mg inj,trastuzumab-dkst (Ogivri),Not Recorded,none,1,,,,150.0 mg,mg,150.0,none,False,False,False
1956,trastuzumab-dkst 420 mg inj,trastuzumab-dkst (Ogivri),Not Recorded,none,1,,,,420.0 mg,mg,420.0,none,False,False,False
1957,treprostinil diluent 50ml vial,treprostinil diluent,Not Recorded,50.0 mL,79,mL,50.0,,none,,,none,True,False,False
1958,vancomycin 125 mg/2.5 mL Oral soln.,vancomycin,Not Recorded,2.5 mL,1,mL,2.5,,125.0 mg,mg,125.0,125.0 mg/2.5 ML,False,False,False
1959,vancomycin 750 mg/250 mL NS IVPB,vancomycin,Not Recorded,250.0 mL,228,mL,250.0,,750.0 mg,mg,750.0,750.0 mg/250.0 ML,True,False,False
1960,vancomycin 750 mg/250 mL NS IVPB,vancomycin/ns,Not Recorded,250.0 mL,326,mL,250.0,,750.0 mg,mg,750.0,750.0 mg/250.0 ML,True,False,False
1961,vasopressin 1 unit/0.05 mL neonate ADD,vasopressin,Not Recorded,0.05 mL,8,mL,0.05,,1.0 unit,unit,1.0,1.0 unit/0.05 ML,True,False,False
1962,von Willebrand factor recombinant 900-1700 units,von Willebrand factor,Not Recorded,none,8,,,,1700.0 unit,unit,1700.0,none,True,False,False
1963,zzzD5W 250mL (Polyolefin) for chemo,d5w (polyolefin),Not Recorded,250.0 mL,1,mL,250.0,,none,,,none,True,False,False
1964,zzzD5W 50 mL IV bag for chemo,d5w,Not Recorded,50.0 mL,127,mL,50.0,,none,,,none,True,False,False
1965,zzzD5W 500 mL (Polyolefin) for chemo,d5w (polyolefin) for chemo,Not Recorded,500.0 mL,19,mL,500.0,,none,,,none,True,False,False
1966,zzzD5W 500 mL (Polyolefin) for chemo,zzzd5w (polyolefin) for chemo,Not Recorded,500.0 mL,4,mL,500.0,,none,,,none,True,False,False
1967,zzzHYDROmorphone PCA/NCA 1 mg/mL /NS syr,HYDROmorphone PCA/NCA 1 mg/ml NS syr,Not Recorded,none,702,,,,1.0 mg,mg,1.0,none,False,False,False
1968,zzzHYDROmorphone PCA/NCA 1 mg/mL /NS syr,zzzHYDROmorphone PCA/NCA 1 mg/ml NS syr,Not Recorded,none,2,,,,1.0 mg,mg,1.0,none,False,False,False
1969,zzzMethylPREDNISolone 2.5mg/mL/NS neonate syringe,methylPREDNISolone in NS syringe,Not Recorded,none,1,,,,2.5 mg,mg,2.5,none,False,False,False
1970,zzzNS 100 mL IV bag for chemo,nacl 0.9%,Not Recorded,100.0 mL,142,mL,100.0,,none,,,none,True,False,False
1971,zzzNS 1000 mL IV bag for chemo,ns,Not Recorded,1000.0 mL,70,mL,1000.0,,none,,,none,True,False,False
1972,zzzNS 250 mL IV bag for chemo,nacl 0.9%,Not Recorded,250.0 mL,373,mL,250.0,,none,,,none,True,False,False
1973,zzzNS 250mL (Polyolefin) for chemo,nacl 0.9% (polyolefin),Not Recorded,250.0 mL,5,mL,250.0,,none,,,none,True,False,False
1974,zzzNS 500mL (Polyolefin) for chemo,nacl 0.9% (polyolefin),Not Recorded,500.0 mL,110,mL,500.0,,none,,,none,True,False,False
1975,zzzPRMX ketamine 400 mg Drip DBL (FOR ICU),ketamine drip,Not Recorded,none,86,,,,400.0 mg,mg,400.0,none,True,False,False
1976,zzzQuinidine Gluc 80 mg/mL 10mL inj,quiNIDine,Not Recorded,10.0 mL,562,mL,10.0,,80.0 mg,mg,80.0,none,False,False,False
1977,zzzcisatracurium 2 mg/mL 5 mL inj,cisatracurium,Not Recorded,5.0 mL,36,mL,5.0,,2.0 mg,mg,2.0,none,False,False,False
1978,zzzondansetron 4 mg/2 mL inj..,ondansetron,Not Recorded,2.0 mL,2,mL,2.0,,4.0 mg,mg,4.0,4.0 mg/2.0 ML,False,False,False
1979,zzzondansetron 4 mg/2 mL inj..,zzzondansetron,Not Recorded,2.0 mL,6,mL,2.0,,4.0 mg,mg,4.0,4.0 mg/2.0 ML,False,False,False
1980,zzzondansetron 4 mg/2 mL inj..,zzzondansetron..,Not Recorded,2.0 mL,2,mL,2.0,,4.0 mg,mg,4.0,4.0 mg/2.0 ML,False,False,False
