formulary_name,med_name_generic,med_action_dose_unit
ADD dexmedetomidine 400 mcg/100 mL NS,dexmedetomidine,866
ALfentanil 2500 mcg/5 mL,ALfentanil,6
ANES Adenosine 3 mg/1 mL inj,adenosine,103
ANES Aminocaproic 250 mg/1 mL inj,aminocaproic acid,286
ANES Aminophylline 25 mg/1 mL inj,aminophylline,8
ANES Anti-thymocyt globulin (rabbit) 25mg/5mL,anti-thymocyt globulin (rabbit),166
ANES Atropine 1 mg/1 mL inj,atropine,194
ANES Atropine Sulfate 0.4 mg/ 1mL inj,atropine,303
ANES Bupivicaine 0.15%/NS 250 mL Epidural,bupivicaine 0.15%/NS250,1
ANES Calcium Chloride  100 mg/mL syringe,calcium chloride,40471
ANES Calcium Gluconate 100 mg/mL inj,calcium gluconate,971
ANES Cefoxitin 2 gm/100 mL NS,cefoxitin,1425
ANES Clevidipine 25mg/50mL Drip std*,ANES clevidipine premix,527
ANES DOBUTamine 500 mg Drip Std*,DOBUTamine/d5w,4046
ANES DOPamine 400 mg Drip std*,DOPamine/d5w,252
ANES Dexmedetomidine 200 mcg/50 mL NS Drip Std*,dexmedetomidine NS drip,174
ANES Dexmedetomidine 400 mcg/100 mL NS Drip Std*,dexmedetomidine NS drip,43043
ANES Diazepam 5 mg/mL inj,diazepam,3
ANES Digoxin 0.25 mg/1 mL inj,digoxin,10
ANES Diltiazem 5 mg/1 mL inj,diltiazem,107
ANES EPInephrine 100 mcg/1 mL inj,EPInephrine,1862
ANES EPInephrine 16mcg/mL Syr OR,EPInephrine,4006
ANES EPInephrine 4mg/D5W drip std*,EPInephrine in d5w,19805
ANES Erythromycin 500 mg/100 mL NS IVPB,erythromycin,6
ANES Esmolol 10mg/mL OR syringe,esmolol,30961
ANES Esmolol 2.5gm/250 mL Drip std*,esmolol,442
ANES Etomidate 2 mg/mL 20 mL inj,etomidate,4849
ANES Famotidine 10 mg/1 mL inj,fAMOTIDine,5798
ANES Fentanyl 50 mcg/1 mL inj,fentanyl,556934
ANES Flumazenil 0.1 mg/1 mL inj,flumazenil,170
ANES Fosphenytoin 50 mgpe/mL inj,fosphenytoin,16
ANES Furosemide 10 mg/1 mL inj,fUROSEMide,2075
"ANES HePARIN 1,000 units/mL 30 mL inj",hePARIN,4303
"ANES HePARIN 25,000 units/250 mL Premix std*",hePARIN premix,400
ANES HydrALAZINE 4 mg/mL inj,hydrALAZINE,2480
ANES HydrALAZINE 5 mg/mL inj,hydrALAZINE,4511
ANES Hydrocortisone 50 mg/mL inj,hydrocortisone,1427
ANES Hydromorphone 0.001%/NS Epidural,Hydromorphone 0.001%/NS Epidural,1
ANES Hydromorphone 0.002% epidural,hydromorphone 0.002%/ns,1
ANES Hyperal Central,Hyperal - Central,580
ANES Hyperal Peripheral,Hyperal - Peripheral,138
ANES Insulin Aspart 10 unit(s)/mL OR syringe,insulin aspart,1
ANES Insulin Reg Human 100units Drip std*,insulin reg human in ns,12394
ANES Insulin Reg Human 250units Drip std*,insulin reg human in ns,15665
ANES Isoproterenol 1 mg/250 mL drip std*,isoproterenol,23
ANES Isoproterenol 200 mcg/1 mL inj,isoproterenol,47
ANES Ketamine 50 mg/1 mL inj,ketamine,7268
ANES Labetalol 5 mg/1 mL inj,labetalol,21486
ANES LeveTIRACETAM 500mg/5mL,leveTIRACETAM,89
ANES Lidocaine 2 gm/250 mL D5W Drip std*,lidocaine in d5w,9359
ANES Magnesium Sulf 500 mg/1 mL OR syringe,magnesium sulfate,139
ANES Meperidine 0.1%/Bupivacaine 0.1% epidural,meperidine 0.1%/bupiv 0.1%/ns,2
ANES MethylPREDNISolone 62.5 mg/1 mL  inj,methylPREDNISolone,2027
ANES Methyldopa 50 mg/mL inj,methyldopa,1
ANES MetoCLOPRAMIDE 5 mg/1 mL inj,metoCLOPRAMIDE,361
ANES MetoPROLOL 1 mg/mL inj,metoPROLOL,9906
ANES Midazolam 1mg/mL inj 5 mL,midazolam,140813
ANES Milrinone 1 mg/mL inj,milrinone,336
ANES Milrinone 40 mg Drip std*,milrinone/d5w,4668
ANES Morphine-PF 0.5 mg/mL inj,morphine,23
ANES NOREPInephrine 4mg Drip std*,NOREPInephrine in d5w,85943
ANES Neostigmine 1 mg/mL inj,neostigmine,46603
ANES Nitroglycerin 50 mg/250 mL D5W Drip std*,nitroglycerin/d5w,1015
ANES Nitroprusside 50 mg/250 mL NS Drip Std*,nitroprusside,119
ANES Octreotide  500  mcg/100 mL NS Drip Std*,octreotide,131
ANES Ondansetron 2 mg/1 mL inj,ondansetron,58596
ANES PHENYLephrine 100mcg/mL OR syringe,PHENYLephrine,472922
ANES PHENYLephrine 25mg/250 mL NS drip std*,PHENYLephrine in ns,45734
ANES Piperacillin-Tazobactam 3.375gm inj,piperacillin-tazobactam,7
ANES Procainamide 100 mg/mL inj,procainamide,3
ANES Propofol 10 mg/1 mL inj,propofol,361295
ANES Propofol 1000 mg/100 mL Drip std*,propofol,28607
ANES REMIfentanil 10 mcg/mL inj,REMIfentanil,705
ANES REMIfentanil 25 mcg/mL inj,REMIfentanil,54
ANES REMIfentanil 5 mcg/mL inj,REMIfentanil,52
ANES REMIfentanil 50 mcg/mL inj,REMIfentanil,232
ANES Ranitidine 25 mg/mL inj,ranitidine,20
ANES Rocuronium 10 mg/mL 10 mL inj,rocuronium,330545
ANES SUfentanil 50 mcg/mL inj,SUfentanil,5761
ANES Sodium Bicarb 1 mEq/mL syringe,sodium bicarbonate,4751
ANES Succinylcholine 20mg/ml 10ml OR syringe,succinylcholine,51614
ANES Tranexamic acid 100 mg/100mL NS,tranexamic acid,55771
ANES Tranexamic acid 50 mg/mL inj,tranexamic acid,13001
ANES Vasopressin 2 units/mL inj,vasopressin,15725
ANES Vecuronium 1 mg/mL inj,vecuronium,44930
ANES Verapamil 2.5 mg/mL inj,verapamil,50
ANES albuterol CFC free 90 mcg/inh,albuterol,923
ANES amiodarone 750 mg/500 mL D5W Premix,amiodarone 750mg/500mL D5W drip,1518
ANES basiliximab 20mg/50 mL NS,basiliximab,2952
ANES bivalirudin 250 mg / 50 mL NS,bivalirudin,353
ANES bupivacaine 0.25%/ns epidural,bupivacaine 0.25%/ns epidural,7
ANES cisatracurium 2 mg/mL 10 mL inj,cisatracurium,13123
ANES citric acid-sodium citrate soln,citric acid-na citrate,15
ANES desmopressin 40 mcg/50 mL NS,ANES desmopressin,508
"ANES epoprostenol 20,000ng/mL inhale",epoprostenol inhale,1319
ANES hePARIN 1000 units/mL 1 mL inj,hePARIN,27703
ANES ketamine 10 mg/1 mL,ketamine,46914
ANES ketamine 100 mg/1 mL,ketamine,2192
ANES ketamine 200 mg/50 mL drip,ketamine,410
ANES levothyroxine 0.4 mcg/mL IV,levothyroxine,97
ANES methocarbamol 500 mg/50 mL NS,methocarbamol,1526
ANES methylPREDNISolone 500 mg/50 mL NS,methylPREDNISolone,2088
ANES micafungin 1.5 mg/mL,micafungin,14
ANES mycophenolate 750mg/250 mL D5W,mycophenolate mofetil,195
ANES niCARdipine 40 mg/200mL NS  Drip std*,ANES niCARdipine/NS drip,2131
ANES oxytocin 10 units/mL,oxytocin,2
"ANES penicillin 2,000,000 U/50 mL IVPB",penicillin 2MU IVPB,6
ANES protAMINE 10 mg/mL inj,protAMINE,20363
ANES sugammadex 100 mg/mL soln,sugammadex,75288
ANES vasopressin 20 unit/50 mL NS drip,vasopressin 100 drip,6369
ANES vasopressin 20 unit/50 mL NS drip,vasopressin 200 drip,215
ANES vasopressin 20 unit/50 mL NS drip,vasopression 20 unit drip,12614
ANES verapamil 100 mcg/mL CATH LAB,verapamil,1
ANESMycophenolate 500 mg inj,mycophenolate,2
Abatacept 250 mg inj,abatacept,124
Abciximab 10 mg/5 mL inj,abciximab,70
Abciximab 10 mg/5 mL inj ADD,abciximab ADD,292
AcetaZOLAMIDE 250 mg tab,acetaZOLAMIDE,1
AcetaZOLAMIDE 500 mg inj,acetaZOLAMIDE,10966
Acetaminophen 100 mg/mL Ped liq BULK btl.,acetaminophen,1
Acetaminophen 1000mg/100mL IVPB,acetaminophen,94592
Acetaminophen 100mg/mL Ped oral syringe,acetaminophen ped liq,1
Acetaminophen 120 mg supp,acetaminophen,1
Acetaminophen 160 mg/5 mL liq. 120mL,acetaminophen,2
Acetaminophen 325 mg supp,acetaminophen,4
Acetaminophen 325 mg tab,acetaminophen,531
Acetaminophen 650 mg supp,acetaminophen,33
Acetaminophen 650/20.3  mL liq,acetaminophen,11
Acetylcholine I-coronary 0.18mcg/mL Low conc. 20mL syringe,acetylcholine i-cornonary low conc.,17
Acetylcholine I-coronary 18mcg/mL High conc. 20mL syringe,acetylcholine i-cornonary High conc.,17
Acetylcysteine 10% Sol 10 mL,acetylcysteine 10%,1
Acetylcysteine 20% High dose oral 2000mg,acetylcysteine 20%,1
Acetylcysteine 20% IV injection,acetylcysteine,19309
Acetylcysteine 20% IV injection,acetylcysteine 20%,6425
Acetylcysteine 20% IV injection,acetylcysteine 20% injection,8956
Acyclovir 1gm inj,acyclovir,11137
Acyclovir 500 mg inj,acyclovir,169
Acyclovir 500mg/10mL inj,acyclovir,33954
Acyclovir 7mg/mL/NS neonate syringe,acyclovir in NS syringe,96
Acyclovir 800 mg tablet,acyclovir,1
Adenosine 180 mg/90 mL D5W DBL CATH LAB,adenosine dbl drip,9
Adenosine 3 mg/mL inj 20mL for cath lab,adenosine,301
Adenosine 3 mg/mL inj 30mL Nuc Med/CARD MRI,adenosine,2
Adenosine 3 mg/mL inj 30mL Nuclear Medicine,adenosine,3
Adenosine 3mg/mL iv neonate,adenosine,1
Adenosine 5mg/250mL NS CATH LAB,adenosine/ns,236
Adenosine 6 mg/2 mL inj,adenosine,4859
Adenosine 90 mg/NS 50mL,adenosine,12
Ado-Trastuzumab emtansine 100mg inj.,ado-trastuzumab emtansine,1
Al/Mg hydrox/Simeth (Maalox) liq,Al/Mg hydrox/Simeth liq,1
Al/Mg hydrox/Simeth (Maalox) liq 30mL UD,Al/Mg hydrox/Simeth (Maalox) liq,1
Albumin 5% 50 mL (2.5gm) inj,albumin 5%,14
Albumin Human 25% 100mL,albumin 25%,6304
Albumin Human 25% 50mL,albumin 25%,77694
Albumin Human 5% 250 mL,albumin 5%,75690
Albumin Human 5% 500 mL (OR USE ONLY),albumin 5%,50485
Albuterol 5 mg/mL inhale 20mL soln.,albuterol,1
Albuterol 70mg (10mg/hr) cont. inhalation,albuterol inhale,3
Albuterol Aerosol Inhaler,albuterol inhaler,301
Albuterol Aerosol Inhaler (Selfuse),albuterol,3
Albuterol Aerosol Inhaler (WW),albuterol,6
Albuterol CFC free 90 mcg/inh aero,albuterol,194
Albuterol CFC free 90 mcg/inh aero.,albuterol,3
Alcohol (Dehydrated) 1mL inj,ethyl alcohol,4
"Alcohol, Ethyl (Dehydrated) 5 mL inj","alcohol, ethyl",97
"Aldesleukin 22,000,000 unit(s) inj",aldesleukin,337
Alemtuzumab 30 mg/mL inj,alemtuzumab,102
Allopurinol 500 mg inj,allopurinol,255
Alprazolam 0.5 mg tab,alprazolam,1
Alprostadil 500 mcg inj,alprostadil,195
Alteplase 100 mg inj,"alteplase, t-pa",952
Alteplase 100 mg inj ADD,"alteplase, t-pa ADD",4452
Alteplase 1mg/mL for Stroke protocol use only,alteplase,665
Alteplase 2 mg inj for drip,alteplase for drip,2150
Alteplase 30mg/30mL NS for Chest Tube,alteplase in syringe,3
Alteplase 50 mg inj,alteplase,2414
Alteplase 50 mg inj ADD,"alteplase, t-pa ADD",354
Alteplase Intrathecal/Intravent syringe,alteplase intra-thecal syringe,9
"Alteplase,Cathflo 2 mg inj",alteplase,42229
"Alteplase,Cathflo 20mg/20mL syringe for i-arterial",alteplase in syringe,41
Amifostine 500 mg inj,amifostine,1
Amikacin Nebulized Soln.,amikacin,1
Amikacin Sulf. 1000mg/4mL inj,amikacin,591
Amikacin Sulfate 500 mg/ 2 mL inj,amikacin,1051
Amino Acid 3% UAC Line Fluid,amino acid 3% UAC,27
Amino Acid Injection 50gm/1000ml for Lutathera,Amino Acid Injection 50gm/1000ml for Lutathera,701
Amino Acids 10% (Trophamine) 500mL,amino acid 10%,14
Amino Acids 15% (Clinisol) inv. protocol AAA-177Lu-03,Amino Acids 15% (Clinisol) inv. protocol AAA-177Lu-03,38
Amino Acids 3% and Glycerin 3% / Lytes (ProcalAmine) 1000 mL,Amino acid Lytes 3% / Glycerin 3%,13791
Aminocaproic 500 mg tab,aminocaproic acid,2
Aminocaproic 5gm/20 mL inj,aminocaproic acid,26876
Aminocaproic acid 250mg/mL oral syrup,aminocaproic acid,13
Aminophylline 250 mg/ 10 mL inj,aminophylline,4
Aminophylline 500 mg/ 20 mL inj,aminophylline,51
Aminophylline 5mg/mL for ped syringe,aminophylline/ns,1
Aminosyn II 10% Solution 2000 mL (amino acid injection),amino acids 10%,46
Amiodarone 150 mg/100 mL Bolus,amiodarone,3165
Amiodarone 150 mg/100 mL Bolus,amiodarone in iso-dex,792
Amiodarone 150 mg/100 mL iso-dex Bolus,amiodarone in iso-dex,30110
Amiodarone 150 mg/3 mL inj,amiodarone,639678
Amiodarone 200 mg tab,amiodarone,19
Amiodarone 450 mg/9 mL inj,amiodarone,46967
Amiodarone 900 mg Drip,amiodarone 900 mg drip,24
Amobarbital 500 mg inj,amobarbital,1
Amphotericin  liposomal  50 mg inj (Ambisome),amphotericin b liposome,6039
Amphotericin-B 50 mg inj,amphotericin B,19
Amphotericin-B 5mg/mL/D5W neonate syringe,amphotericin B in D5W syringe,1
Ampicillin 0.01mg/mL for Desensitization,ampicillin/ns for desensitization,3
Ampicillin 0.1mg/mL for Desensitization,ampicillin/ns for desensitization,3
Ampicillin 10 gm inj,ampicillin,580
Ampicillin 10mg/mL for Desensitization,ampicillin/ns for desensitization,3
Ampicillin 1gm IVPB,ampicillin in ns,4442
Ampicillin 1gm inj,ampicillin,2635
Ampicillin 2 gm inj,ampicillin,11900
Ampicillin 250 mg inj,ampicillin,87
Ampicillin 2gm IVPB,ampicillin in ns,36652
Ampicillin 500 mg inj,ampicillin,975
Ampicillin 500mg IVPB,ampicillin in ns,197
Ampicillin 50mg/mL for Desensitization,ampicillin/ns for desensitization,3
Ampicillin-Sulbactam  1.5gm inj,ampicillin-sulbactam,3210
Ampicillin-Sulbactam 3gm inj,ampicillin-sulbactam,14266
Ampicillin/Sulbactam 1.5gm IVPB,ampicil/sulbact in ns,8173
Ampicillin/Sulbactam 3gm  IVPB,Ampicil/sulbact in ns,103154
Angiotensin II 2.5mg/ml,angiotensin II,17322
Anti-Thymocyte Globulin (Rabbit) 25 mg/5 mL,anti-thymocyt globulin(rabbit),4136
Anti-Thymocyte Globulin for study,thymocyt glob/PBO p# ITN028A1,5
Anti-Thymocyte Globulin for study2,thymocyt glob p#thymo102700103,3
Anticoagulant Citrate B 500 mL,Anticoagulant citrate B,1
Anticoagulant Citrate Dextrose A 1000mL,Anticoagulant citrate dext-A,68
Anticoagulant Citrate Soln-A 500mL,anticoagulant citrate dext-A,89
Antihemophilic factor-von Willebrand factor Bolus,antihemophilic factor-von Willebrand in syringe,126
Antihemophilic factor-von Willebrand factor inj,antihemophilic factor-von Willebrand,119
Antithrombin III 500 units bolus,antithrombin III in syringe,426
Antithrombin III 500 units-bolus,antithrombin III,433
Antithrombin III 500 units-bolus,antithrombin III in syringe,15
Antithrombin III 500 units-bolus (OR CHARGE),antithrombin III,13
Antivenin (Crotalidae) polyvalent inj,"crotalidae, antivenin",69
Aprepitant 125 mg cap,aprepitant,1
Aprepitant 125 mg-80 mg kit,aprepitant,1
Aprepitant 40 mg caps,aprepitant,327
Aprepitant 80 mg cap,aprepitant,45
Argatroban 250 mg vial,argatroban,128662
Arginine 10% 300 mL,arginine 10%,498
Arsenic 10mg/10mL inj,arsenic trioxide,1009
Ascorbic 500 mg/mL 50 mL inj,ascorbic acid,15274
Ascorbic Acid 500 mg tab,ascorbic acid,2
Ascorbic Acid 500mg inj,ascorbic acid,9
Ascorbic acid 500 mg/mL 1mL inj,ascorbic acid,311
Aspirin 300 mg supp,aspirin,4
Aspirin 325 mg tab,aspirin,33
Aspirin 600 mg supp,aspirin,1
Aspirin 81 mg chew tab,aspirin chewable,78
Aspirin Buffered 325 mg tab,"aspirin, buffered",43
Aspirin EC 325 mg tab,aspirin ec,100
Atorvastatin 80 mg tab,atorvastatin,1
Atracurium 50 mg/5 mL inj,atracurium,42
Atropine 0.4mg/mL 20mL,atropine,8
Atropine 0.5mg/5mL inj,atropine,47
Atropine 1 mg/1 mL inj,atropine,241
Atropine Sulfate 0.4 mg/ 1mL inj,atropine,2066
Atropine Sulfate 1 mg/10 mL inj,atropine sulfate,1924
Avibactam-CefTAZidime 2.5 gm inj,avibactam-cefTAZidime,6161
Azacitidine 100 mg/10mL inj (IV),azacitidine,452
Azacitidine 100 mg/4mL inj (SubQ),azacitidine,6
Azathioprine 100 mg inj,azathioprine,25
Azithromycin 100 mg/5 mL susp.,azithromycin,1
Azithromycin 250 mg tablet,azithromycin,2
Azithromycin 500 mg inj,azithromycin,598
Azithromycin 500mg/NS 250ml IVPB,Azithromycin in ns,49426
Azithromycin 600 mg tab,azithromycin,1
Aztreonam 1gm/50 mL Iso-Dex IVPB,aztreonam in Iso-Dex,6030
Aztreonam 1gm/50mL NS IVPB,aztreonam in ns,6170
Aztreonam 20mg/mL neonate syringe,aztreonam/ns,60
Aztreonam 20mg/mL neonate syringe,aztreonam/ns syringe,1
Aztreonam 2gm/100mL NS IVPB,aztreonam/ns,6597
Aztreonam 2gm/50 mL Iso-Dex IVPB,aztreonam in Iso-Dex,10189
Aztreonam 75 mg for Inhalation,aztreonam,3
"Bacitracin 50,000 unit inj",bacitracin,89
Baclofen 10 mg tab,baclofen,1
"Bag, Empty Sterile (Polyolefin) 2L","bag, empty sterile (polyolefin)",55
"Bag, PCA  Infusion",pca -  bag,210
"Bag, Sterile Empty","Bag, Sterile Empty",647
"Bag, Sterile Empty for IVPB","Bag, Sterile Empty",108
"Bag, sterile for invst study","bag, sterile for invst study",2
Basiliximab 20mg inj,basiliximab,2647
Belatacept 250mg inj,belatacept,1990
Bendamustine 100 mg inj,bendamustine,4
Bendamustine 100 mg/4mL inj,bendamustine,70
Benzocaine 20% Mouth Gel,benzocaine 20%,1
Benzocaine 20% oral aerosol spray,benzocaine 20%,48
Benzocaine topical 20% spray 0.5mL UD,benzocaine topical,1
Benztropine 2 mg/2 mL inj,benztropine,115
BetamethPhos/Acetate 6 mg/mL 5 mL inj,betamethasone,3
Bevacizumab 100mg/4mL,bevacizumab,39
Bevacizumab 400mg inj,bevacizumab,26
Bivalirudin 250mg/NS,bivalirudin in ns,71146
Bleomycin 15 units inj,bleomycin,36
Bleomycin 30 units inj.,bleomycin,2
Blinatumomab 35 mcg inj,blinatumomab,300
Bortezomib 3.5 mg inj (IV),bortezomib,32
Bortezomib 3.5 mg inj (SubQ),bortezomib in syringe,2
Brand necessary-Ciprofloxacin 400mg/200mL D5W premix ivpb,ciprofloxacin in D5W,4125
Brentuximab vedotin 50 mg inj,brentuximab vedotin,10
Bumetanide 0.25 mg/mL 10 mL inj,bumetanide,50371
Bumetanide 1 mg/4 mL inj,bumetanide,11559
Bupivacaine  0.25% w/Epi  30 mL,bupivacaine 0.25% w/epi,37
Bupivacaine  0.25% w/Epi  PF 30 mL,bupivacaine 0.25% w/epi,2
Bupivacaine  0.5% w/Epi 10 mL inj,bupivacaine 0.5% w/epi,10
Bupivacaine 0.25% 30 mL inj,bupivacaine 0.25%,19
Bupivacaine 0.25% pf  10mL inj,bupivacaine 0.25% pf,13
Bupivacaine 0.25% pf 30mL inj,bupivacaine 0.25% pf,5
Bupivacaine 0.5% 10 mL inj,bupivacaine 0.5%,152
Bupivacaine 0.5% pf 10 mL inj,bupivacaine 0.5%,43
Bupivacaine 0.5% pf 30 mL inj,bupivacaine 0.5%,2909
Bupivacaine 0.5% pf inj 10mL,bupivacaine 0.5% pf,4
Bupivacaine 0.75% 10 mL inj pf,bupivacaine 0.75%,4
Bupivacaine Spinal 0.75% 2 mL inj,bupivacaine 0.75%,10
Bupivacaine liposome 1.3% (13.3 mg/mL) inj. 20mL,bupivacaine liposome,7
Buprenorphone 0.3 mg/ 1 mL inj,buprenorphine,11
Busulfan 6mg/mL 10 mL inj,busulfan,1722
Butorphanol 2 mg/mL inj,butorphanol,312
Butorphanol 4 mg/2 mL inj,butorphanol,15
C1 Esterase Inhibitor 500 units inj (Berinert),C1 esterase inhibitor,19
C1 Esterase Inhibitor 500 units inj (Berinert) (pt. Own Med),C1 esterase inhibitor,2
"C1 esterase inhibitor, human 500 units (Cinryze)","C1 esterase inhibitor, human",1
CARBOplatin 10 mg/mL inj,CARBOplatin,1441
CARBOplatin 150mg inj,CARBOplatin,3
CISplatin 100 mg/100mL inj,CISplatin,13
CISplatin 200  mg/200  mL inj,CISplatin,4265
"CMPD fentanyl  2,500 mcg vial",fentanyl citrate,15018
CaRVEDILOL 12.5 mg tab,CaRVEDILOL,1
CaRVEDILOL 25 mg tab,CaRVEDILOL,1
Caffeine Citrate 20mg/mL neonate syringe,caffeine citrate syringe,439
Caffeine Citrate 60mg/3ml inj,caffeine citrate,6
Caffeine-Sod Benz 500 mg/2 mL inj,caffeine-sodium benzoate,182
Calcitonin 400 IU/2 mL inj,calcitonin,2
Calcitriol 1 mcg/1 mL inj,calcitriol,446
Calcium Chloride  1gm/10 mL inj vial,calcium chloride,2793
Calcium Chloride  1gm/10 mL syringe,calcium chloride,32810
Calcium Chloride (45x) 6.3gm granules,calcium chloride,7
Calcium Glubionate 1.8 gm/5 ml liq 15 mL,calcium glubionate,1
Calcium Gluconate 1 gm/10 mL inj,calcium gluconate,143562
Calcium Gluconate 1 gm/10 mL inj ADD,calcium gluconate,29686
Calcium chloride 5.1gm granules,calcium chloride,1
Calcium gluconate 50mg/mL/NS neonate syringe,calcium gluconate in NS syringe,168
Carbidopa-Levodopa 25/100 CR tab,carbidopa-levodopa cr 25/100,1
Carbidopa-Levodopa 25/100 tab,carbidopa-levodopa 25/100,1
Carbidopa/Entacapone/Levodopa 37.5 mg-200 mg-150 mg tabl,carbidopa/entacapone/levodopa 37.5/200/150,1
Carboprost Trm 250 mcg/ 1 mL,carboprost,8
Carfilzomib 60 mg inj,carfilzomib,19
Carmustine 100 mg inj,carmustine,321
CeFAZOLIN 2 g/50 mL,ceFAZolin in iso-dex,90075
CeFAZOLIN 2 g/50 mL,ceFAZolin ivpb,104079
CeFAZolin 500mg (10gm vial),ceFAZolin,3100
CeTUXimab 2 mg/mL 50 mL inj,ceTUXimab,3
CefEPIME 1 gm/D5W 50mL IVPB,cefepime in D5W,8193
CefEPIME 1 gm/ns 100ml,cefEPIME in NS,496
CefEPIME 20mg/mL neonate syringe,cefEPIME in syringe,32
CefEPIME 2gm/D5W 50mL IVPB,cefEPIME in d5W,73715
CefTAZIDime 1gm IVPB,cefTAZIDime in ns,8950
CefTAZIDime 1gm/50 mL IVPB,cefTAZIDime IVPB,506
CefTAZIDime 1gm/50 mL IVPB,cefTAZIDime ivpb,109
CefTAZIDime 1gm/50 mL Iso-Dex,cefTAZIDime in Iso-Dex,31
CefTAZIDime 2gm/100 mL IVPB,cefTAZIDime in ns,5
CefTAZIDime 2gm/100 mL IVPB,cefTAZIDime ivpb,1008
CefTAZIDime 2gm/50 mL IVPB,cefTAZIDime ivpb,6021
CefTAZIDime 2gm/50 mL Iso-Dex,cefTAZIDime in Iso-Dex,4467
CefTAZIDime 2gm/NS IVPB,cefTAZIDime in ns,45946
CefTAZIDime 40mg/mL NS neonate syringe,cefTAZIDime in NS syringe,74
CefTAZIDime 40mg/mL NS neonate syringe,cefTAZidime in NS syringe,212
CefTAZidime 2.25mg/0.1mL for Intravitreal inj.,cefTAZidime intravitreal,9
CefaZOLIN 1gm/50 mL Iso-Dex,cefaZOLIN in iso-dex,98944
CefaZOLIN 20mg/mL/NS neonate syringe,cefaZOLIN in NS syringe,25
Cefazolin 2 gm/NS IVPB,cefazolin in ns,3551
Cefepime 2gm Desensitization Rx Protocol- initiate,Cefepime 2gm Desensitization Rx Protocol- initiate,2
Cefotaxime 1 gm inj,cefotaxime,6
Cefotaxime 50mg/mL neonate syringe,cefotaxime in syringe,108
Cefoxitin 1gm in Iso Dex,cefoxitin in iso dex,2264
Cefoxitin 1gm in NS,cefOXitin in NS,57
Cefoxitin 2gm in Iso Dex,cefoxitin in iso dex,8513
Cefoxitin 2gm in NS,cefOXitin in NS,1000
Ceftaroline 400 mg inj,ceftaroline,6123
Ceftaroline 600 mg inj,ceftaroline,17749
Ceftazidime 10mg/mL 2mL lock soln.,ceftazidime lock soln.,5
Ceftolozane-Tazobactam 1500mg inj,ceftolozane-tazobactam,6239
Ceftriaxone 1gm/ 50mL NS,ceftriaxone in NS,2105
Ceftriaxone 1gm/50 mL Iso-Dex,ceftriaxone in iso-dex,52262
Ceftriaxone 1gm/50 mL NS,ceftriaxone in NS,20410
Ceftriaxone 250 mg for neonate,ceftriaxone,2
Ceftriaxone 250 mg inj,ceftriaxone,208
Ceftriaxone 250mg/mL IM neonate syringe,ceftriaxone,9
Ceftriaxone 2gm/50 mL Iso-Dex,ceftriaxone in Iso-Dex,47463
Ceftriaxone 2gm/50 mL NS,ceftriaxone in NS,11746
Ceftriaxone 40mg/mL/ neonate syringe,ceftriaxone in syringe,2
Ceftriaxone 40mg/mL/NS neonate syringe,ceftriaxone in NS syringe,1
Cefuroxime 1500 mg inj,cefuroxime,10250
Cefuroxime 1500mg/NS 100mL IVPB,cefuroxime in ns,35271
Cefuroxime 750 mg inj,cefuroxime,23
Cefuroxme 1.5 gm/50 mL Iso-Dex,cefuroxime in iso-dex,1946
Celecoxib 100 mg cap,celecoxib,3
Celecoxib 200 mg cap,celecoxib,32
Central Parenteral Nutrition,Central Parenteral Nutrition (hyperal),1352817
Central TPN,Central TPN,127859
Cetuximab 2 mg/mL 100mL,cetuximab,3
Chloramphenicol 1gm inj,chloramphenicol,9
Chloraseptic throat spray,chloraseptic,1
Chloroprocane-MPF 3% inj,chloroprocaine 3%,2
Chlorothiazide 125 mg in syringe,chlorothiazide syringe,841
Chlorothiazide 250 mg in syringe,chlorothiazide syringe,3396
Chlorothiazide 250 mg tab,chlorothiazide,1
Chlorothiazide 50 mg/1 mL liq Extemp,chlorothiazide,5
Chlorothiazide 500 mg inj,chlorothiazide,29588
Chlorothiazide 500 mg injection,chlorothiazide,3087
ChlorproMAZINE 25 mg/1 mL inj,chlorproMAZINE,197
Chromic 4 mcg/ml Inj,chromic chloride,114
Cidofovir 375 mg/ 5mL inj,cidofovir,45
Ciprofloxacin 200 mg/20 mL inj,ciprofloxacin,12
Ciprofloxacin 400 mg/40 mL inj,ciprofloxacin,33
Ciprofloxacin 500 mg tab,ciprofloxacin,1
Cisatracurium 10 mg/mL  20 mL inj,cisatracurium,135832
Cisatracurium 2 mg/mL 10 mL inj,cisatracurium,714
Cisatracurium 2mg/mL 10mL syringe,cisatracurium,5
Citric Acid-Na Citrate (Bicitra)30 mL,citric acid-na citrate,19
Cladribine 10 mg/10 mL inj,cladribine,10
Clindamycin 15 mg/mL 100mL susp,clindamycin,1
Clindamycin 600 mg inj,clindamycin,578
Clindamycin 600 mg/50 mL D5W,clindamycin in d5w,28328
Clindamycin 900 mg inj,clindamycin,747
Clindamycin 900 mg/50 mL D5W,clindamycin in d5w,40914
Clindamycin 900 mg/50mL NS IVPB,clindamycin in ns,7960
ClonIDINE 0.3 mg/24 hr patch,clonIDINE,1
ClonIDINE HCl 0.1 mg tab,clonIDINE,3
ClonIDINE HCl 0.2 mg tab,clonIDINE,2
Clopidogrel 300mg tablet,clopidogrel,1
Clopidogrel 75 mg tab,clopidogrel,2
Coagulation Factor 7a (VIIa) 1000 mcg,coagulation factor 7a (VIIa),215
Coagulation Factor 7a (VIIa) 2000 mcg,coagulation factor 7a (VIIa),231
Coagulation Factor 7a (VIIa) 5000 mcg,coagulation factor 7a (VIIa),42
Coagulation factor 7a (VIIa) 1000 mcg,coagulation factor 7a (VIIa),49
Coagulation factor 7a (VIIa) 2000 mcg,coagulation factor 7a (VIIa),642
Coagulation factor 7a (VIIa) 5000 mcg,coagulation factor 7a (VIIa),14
Coagulation factor 7a (VIIa) 8000 mcg,coagulation factor VIIa,8
Cocaine 4% 4 mL top solution,cocaine 4%,14
Colistimethate 150 mg for Inhalation syringe,colistimethate inhalation in syringe,1
Colistimethate 150 mg inj,colistimethate,12062
Conivaptan 20mg/D5W 100mL,conivaptan/d5w,64
Copper chloride 0.4mg/mL 10mL inj,copper chloride,1186
Copper sulfate 0.4 mg/mL inj,copper sulfate,5
Corticorelin 100 mcg/2 mL  inj,corticorelin,2
Cosyntropin 0.25 mg inj,cosyntropin,3176
Cosyntropin 1mcg/mL/NS neonate syringe,cosyntropin in NS syringe,2
Cyanide Antidote Kit,sod thio-sod-amyl-nitr,1
"Cyanocobalamin 1,000 mcg/1 mL inj",cyanocobalamin,94
Cyanocobalamin 100 mcg tab,cyanocobalamin,1
Cyanocobalamin 1000 mcg tab,cyanocobalamin,4
CycloPHOSphamide 1gm/50 mL inj,cycloPHOSphamide,11472
CycloPHOSphamide 2 gm inj,cycloPHOSphamide,2
CycloSPORINE 100 mg/mL Sol(Sandimmune) 50 mL,cycloSPORINE,1
CycloSPORINE 250 mg/5 mL inj,cycloSPORINE,3077
Cyclophosphamide 500 mg inj,cyclophosphamide,418
Cyclophosphamide 500mg/25mL inj,cyclophosphamide,11
Cytarabine 100 mg / 5 mL inj,cytarabine,388
Cytarabine 2000 mg/20 mL inj,cytarabine,10392
Cytarabine 500 mg / 5 mL  inj,cytarabine,49
Cytomegalvirus Glob 2.5gm/50mL IV,cytomegalovirus globulin,345
D10W 0.2%NS 250  mL bag,d10.2ns,293
D10W 0.45%NS 250mL,D10W 0.45%NS,1
D10W 1000 mL IV bag,d10w,202556
D10W 25 gm/250 mL inj,D10W,7683
D10W 500 mL iv bag,d10w,9212
D12.5W 0.2%NS 250mL,D12.5W 0.2%NS,16
D12.5W 0.45%NS 250mL,D12.5W 0.45%NS,20
D12.5W 250ml,D12.5W,1
D15%W 250 ml,D15W,1
D20W 0.2%NS 250mL,D20W 0.2%NS,6
D20W 250mL,D20W,218
D20W 500 mL IV bag,dextrose 20%,51454
D25W 250mL,D25W,2
D5.2NS + 20 mEq KCl 1000 mL IV,d5w.2ns + kcl,745
D5.2NS + 40 mEq KCl 1000 mL IV,d5w.2ns + kcl,116
D5.2NS 1000 mL IV bag,d5.2ns,11363
D5.2NS 500 mL IV bag,d5.2ns,55
D5.45NS + 10 mEq KCl 1000 mL IV,d5.45ns + kcl,45322
D5.45NS + 20 mEq KCl 1000 ml  IV,d5.45ns + kcl,806311
D5.45NS + 30 mEq KCl 1000 mL IV,d5.45ns + kcl,1609
D5.45NS + 40 mEq KCl 1000 mL IV,d5.45ns + kcl,20045
D5.45NS 1000 mL IV bag,d5.45ns,1151341
D5.45NS 1000 mL for chemo,d5.45ns,1510
D5.45NS 500 mL IV bag,d5.45ns,1915
D5LR + 20 mEq KCl 1000mL,d5lr + kcl,2985
D5LR 1000 mL IV bag,d5lr,170271
D5LR 500 mL iv bag,D5LR,115
D5NS 1000 mL IV bag,d5ns,448514
D5NS 500 mL IV bag,d5ns,1043
D5NS+20 mEq KCl 1000 mL IV bag,d5ns + kcl,63122
D5W + 20 mEq KCl 1000 mL IV bag,d5w + kcl,10295
D5W 100 mL (Polyolefin),d5w (polyolefin),23702
D5W 100 mL IV bag,d5w,34853
D5W 100 mL IV bag chemo,d5w,114
D5W 1000 mL (Polyolefin),d5w (polyolefin),160
D5W 1000 mL (Polyolefin) for chemo,d5w (polyolefin),15
D5W 1000 mL IV bag,d5w,711070
D5W 1000 mL IV bag for chemo,d5w,221
D5W 150 mL IV bag,d5w,2668
D5W 150 mL IV bag for chemo,d5w,58
D5W 250 mL IV bag,d5w,195577
D5W 250 mL IV bag for chemo,d5w,350
D5W 250mL (Polyolefin),d5w (polyolefin),639400
D5W 250mL (Polyolefin) for chemo,d5w (polyolefin),223
D5W 50 mL IV bag,d5w,30895
D5W 50 mL IV bag for chemo,d5w,584
D5W 50 mL IV bottle,d5w btl,3
D5W 500 mL (Polyolefin),d5w (polyolefin),557952
D5W 500 mL (Polyolefin) for chemo,d5w (polyolefin) for chemo,782
D5W 500 mL IV bag,d5w,29085
D5W 500 mL IV bag for chemo,d5w,483
D5W 50mL (Polyolefin),d5w (polyolefin),7
D70W 1000mL IV bag,d70w,264
D70W 2000 mL IV bag,d70w,419
D70W 500 mL IV bag,d70w,118
DACTINOmycin 0.5 mg inj,DACTINOmycin,44
DAPTOmycin 350 mg inj,DAPTOmycin,16976
DAPTOmycin 50 mg/mL inj,DAPTOmycin,2526
DAUNOrubicin 20 mg inj,DAUNOrubicin,240
DAUNOrubicin 5 mg/ml injection,DAUNOrubicin,94
DOBUTamine 250 mg/20 mL inj,DOBUTamine,27450
DOBUTamine 250 mg/20 mL inj ADD,DOBUTamine,54
DOCEtaxel 10 mg/mL inj,DOCEtaxel,8
DOCEtaxel 20mg/1mL inj,DOCEtaxel,36
DOCEtaxel 80mg/4mL inj,DOCEtaxel,38
DOPamine 200 mg/5mL inj,DOPamine,996
DOPamine 400 mg/5 mL inj,DOPamine,1740
DOPamine 400mg/10mL inj,DOPamine,1526
DOXOrubicin  LYOPH 50mg for orderset only,DOXOrubicin LYOPH,2
DOXOrubicin  LYOPHILIZED 50mg inj,DOXOrubicin LYOPH,22
DOXOrubicin 2 mg/mL PF 25mL for orderset only,DOXOrubicin,112
DOXOrubicin 2 mg/mL PF soln. 25mL,DOXOrubicin,7396
DOXOrubicin PFS 10 mg/5 mL inj,DOXOrubicin,737
DOXOrubicin liposomal 2 mg/mL (Lipodox),DOXOrubicin liposomal,11
DOXOrubicin liposomal 20mg/ 10 mL inj,DOXOrubicin hcl liposome,78
Dacarbazine 200mg inj,dacarbazine,90
Dalbavancin 500 mg/25ml  inj,dalbavancin,162
Dalfopristin-Quinupristin 500 mg inj,dalfopristin-quinupristin,20
Dantrolene 100 mg cap,dantrolene,1
Dantrolene 20 mg inj,dantrolene,40
Dantrolene 250 mg inj,dantrolene,44
Daptomycin 500mg for IVPB,daptomycin,15274
Daptomycin 5mg/ml /LR 2mL lock soln.,daptomycin in LR lock soln.,7
Daratumumab 400mg/20mL inj.,daratumumab,4
Darbepoetin Alfa 25 mcg/0.42 mL syr.,darbepoetin alfa,47
Darbepoetin Alfa 40 mcg/0.4 mL syr.,darbepoetin alfa,219
Darbepoetin Alfa 40 mcg/0.4 mL syringe,darbepoetin alfa,2
Darbepoetin alfa 100 mcg/0.5 mL syr. For Dialysis,darbepoetin alfa,106
Darbepoetin alfa 100 mcg/0.5 mL syringe,darbepoetin alfa,145
Darbepoetin alfa 100 mcg/0.5 mL syringe- APPRISE,darbepoetin alfa,3
Darbepoetin alfa 150 mcg/0.3 mL syringe,darbepoetin alfa,11
Darbepoetin alfa 200 mcg/0.4 mL syringe,darbepoetin alfa,13
Darbepoetin alfa 60 mcg/0.3 mL syr.,darbepoetin alfa,1340
Darbepoetin alfa 60 mcg/0.3 mL syringe,darbepoetin alfa,29
Decitabine 50mg inj,decitabine,2107
Deferoxamine 500 mg inj,deferoxamine,184
Description Missing,Description Missing,1
Desmopressin 0.1 mg tab,desmopressin,4
Desmopressin 0.4 mcg/mL SubQ syringe,desmopress in syringe,54
Desmopressin 10mcg/inh 5mL nasal,desmopressin,2
Desmopressin 4 mcg/mL IV in syringe,desmopressin in syringe,449
Desmopressin 4 mcg/mL SubQ syringe,desmopressin in syringe,15
Desmopressin 4 mcg/mL inj,desmopressin,4858
Desmopressin 4 mcg/mL inj.,desmopressin,396
Dexamethasone 0.2mg/mL neonate syringe,Dexamethasone in syringe,5
Dexamethasone 0.5 mg tab,dexamethasone,1
Dexamethasone 10mg/NS IVPB,dexamethasone/ns,11
Dexamethasone 12mg/NS IVPB,dexamethasone/ns,23
Dexamethasone 2 mg tab,dexamethasone,2
Dexamethasone 20 mg/5 mL inj,dexamethasone,16655
Dexamethasone 20mg/NS IVPB,dexamethasone/ns,69
Dexamethasone 4 mg tab,dexamethasone,24
Dexamethasone 4 mg/1 mL inj,dexamethasone,314008
Dexamethasone 6  mg tab,dexamethasone,4
Dexamethasone 8 mg/NS IVPB,dexamethasone/ns,14
Dexamethson 10 mg/mL  10 mL inj,dexamethasone,177
Dexmedetomidine 200 mcg/2 mL inj,dexmedetomidine,101592
Dexmedetomidine 4 mcg/mL 20mL vial (for OR),dexmedetomidine,840
Dexrazoxane 250 mg inj cardio tox,dexrazoxane,16
Dextran 40/ 500 mL IV bag,dextran 40,257
Dextran 40/ 500 mL IV bag,dextran 40/ns,173
Dextran 40/D5W 500 mL IV bag,dextran 40/d5w,496
Dextran-Dextrose 32% inj 100 mL inj,dextran-dextrose 32%,18
Dextrose 10% 5 mL inj,dextrose 10%,13
Dextrose 10% in Water 250mL,D10W,191
Dextrose 10% in Water 250mL btl.,D10W,892
Dextrose 30% in Water 500mL,dextrose 30% water,1
Dextrose 50% 50 mL syringe,dextrose 50%,62572
Dextrose 50% 50 mL vial,dextrose 50%,8170
Diazepam 10 mg/2 mL inj,diazepam,13498
Diazepam 2 mg tab,diazepam,1
Diazepam 5 mg tab,diazepam,9
Dicyclomine 20 mg/2 mL inj,dicyclomine,4
Digoxin 0.05 mg/mL Elixir  60 mL,digoxin,1
Digoxin 0.5 mg/2 mL inj,digoxin,10268
Digoxin Immune Fab 40mg (Digifab),digoxin immune fab,49
Dihydroergotamine 1 mg/1 mL inj,dihydroergotamine,1950
Diltiazem 100 mg ADD-Vantage,diltiazem,31
Diltiazem 125 mg vial,diltiazem,40246
Diltiazem 25 mg/5 mL inj,diltiazem,13081
Diltiazem 50 mg/10 mL inj,diltiazem,50
DiphenhydrAMI 2.5 mg/mL liq 240 mL,diphenhydrAMINE,4
DiphenhydrAMINE 12.5mg/5mL Liq,diphenhydrAMINE liq,1
DiphenhydrAMINE 25 mg cap,diphenhydrAMINE,66
DiphenhydrAMINE 25 mg/10 mL liq,diphenhydrAMINE,10
DiphenhydrAMINE 25mg/NS IVPB,diphenhydrAMINE/ns,40
DiphenhydrAMINE 50 mg cap,diphenhydrAMINE,21
DiphenhydrAMINE 50 mg/1 mL inj,diphenhydrAMINE,284906
DiphenhydrAMINE 50mg/NS IVPB,diphenhydrAMINE/ns,202
Disposable elastomeric pump,disposable elastomeric pump,1
Docusate Sodium 100 mg cap,docusate,1
Dofetilide 250 mcg cap,dofetilide,1
Doripenem 250 mg inj,doripenem,62
Doripenem 500 mg inj,doripenem,8405
Doxorubicin 2  mg/ 1 mL inj,doxorubicin,26
Doxorubicin PFS 10mg/5mL inj,doxorubicin,38
Doxycycline 100 mg cap,doxycycline,3
Doxycycline 100 mg inj,doxycycline,6078
Doxycycline 100mg IVPB,doxycycline in ns,13361
Doxycycline 1mg/mL NS peds syringe,doxycycline/ns syringe,2
Doxycycline 50mg cap,doxycycline,1
Doxycycline hyclate 100 mg tab,doxycycline,7
Droperidol 0.625mg/2mL ns for OR,droperidol,88
Droperidol 2.5mg/mL inj,droperidol,131
ED-Calcium Gluconate 2gm IVPB for ED use only,calcium gluconate/ns,49
EPHEDrine 25mg/5ml (5mg/mL) syringe,ePHEDrine,8
EPHEDrine 50 mg/1 mL inj,ePHEDrine,25779
EPHEDrine 50 mg/10mL inj,ePHEDrine,16
EPHEDrine 5mg/mL OR syringe,ePHEDrine,152790
EPInephrine 0.3mg Auto-injector,EPInephrine hcl,4
EPInephrine 1 mg/ 1 mL inj,EPInephrine,36048
EPInephrine 1 mg/10 mL inj,EPInephrine,2843
EPInephrine 160mcg Syr OR,EPInephrine,1245
EPInephrine 1mg/ml 30 mL inj,EPInephrine,160479
EPIrubicin 2 mg / 1 mL inj,EPIrubicin,1
Eculizumab 300 mg/30mL inj.,eculizumab,65
Edrophonium 10 mg/mL 15 mL inj,edrophonium,1
Edrophonium 10 mg/mL per mL,edrophonium,8
Empty Container,Empty Container,40939
Empty Container Non-DEHP,Empty Container Non-DEHP,4
Enalaprilat 1.25 mg/1 mL inj,enalapril,446
Enalaprilat 2.5 mg/2 mL inj,enalaprilat,3341
Enoxaparin 100 mg/ 1 mL inj,enoxaparin,270
Enoxaparin 120 mg/ 0.8 mL  inj,enoxaparin,2
Enoxaparin 20 mg/ 0.2 mL syringe,enoxaparin syringe,3
Enoxaparin 30 mg/0.3 mL inj,enoxaparin,163
Enoxaparin 40 mg/ 0.4 mL inj,enoxaparin,4
Enoxaparin 60 mg/ 0.6 mL inj,enoxaparin,2
Epidural Infusion,Epidural Infusion,2
"Epoetin 10,000 units/ 1 mL inj",epoetin,4614
"Epoetin 2,000 units/ 1 mL inj",epoetin alfa,139
"Epoetin 20,000 units inj",epoetin,1277
"Epoetin 40,000 units/ 1 mL",epoetin,71
Epoetin 4000 units/1 mL inj,epoetin alfa,257
"Epoetin alfa-epbx (Retacrit) 10,000 units/1 mL inj",epoetin alfa-epbx,1302
"Epoetin alfa-epbx (Retacrit) 2,000 units/1 mL inj",epoetin alfa-epbx,73
"Epoetin alfa-epbx (Retacrit) 20,000 units/1 mL inj",epoetin alfa-epbx,406
"Epoetin alfa-epbx (Retacrit) 40,000 units/1 mL inj",epoetin alfa-epbx,62
Epoprostenol  Diluent 50mL for ICU Drip,epoprostenol diluent,51
Epoprostenol  Diluent 50mL for ICU Drip,epoprostenol/Flolan diluent,4417
Epoprostenol  Diluent 50mL vial,epoprostenol diluent,13
Epoprostenol  Diluent 50mL vial,epoprostenol/Flolan diluent,924
Epoprostenol 0.5 mg inj,epoprostenol,18956
"Epoprostenol 1,000,000 ng (1mg) inhale (Veletri)",epoprostenol inhale,39
Epoprostenol 1.5 mg inj.,epoprostenol,2404
"Epoprostenol 500,000 ng (0.5mg) inhale (Veletri)",epoprostenol inhale,9
Epoprostenol CADD Conc-Dose-Rate Confirm,Epoprostenol CADD Conc-Dose-Rate Confirm,5
Epoprostenol Cassette,Epoprostenol cassette,18
Epoprostenol Cassette,flolan casstte,6
Eptifibatide 2 mg/mL 10 mL bolus inj,eptifibatide,40
Eribulin 1mg/2mL inj,eribulin,2
Ertapenem 1000 mg inj,ertapenem,24830
Erythromycin 500 mg inj,erythromycin,11899
Esmolol 100 mg/10 mL inj,esmolol,854
Esmolol 10mg/mL OR syringe,esmolol,2216
Esmolol 2.5 gm/10 mL inj,esmolol,21
Estradiol 1 mg tab,estradiol,1
Estrogens 25 mg/5 mL inj.,"estrogens, conjugated",398
Ethacrynate 50 mg/50 mL inj,ethacrynate,249
Ethanol Lock soln 70% 3mL,ethanol 70% lock soln.,6
Ethiodized Oil (37% iodine) 10 mL inj,ethiodized oil (37% iodine),1
Ethiodized Oil 480mg/mL,ethiodized oil,1
Etomidate 10mg/5mL syringe,etomidate,7
Etomidate 2 mg/mL  20 mL inj,etomidate,1001
Etomidate 2 mg/mL inj 10mL,etomidate,5292
Etoposide 100 mg / 5 mL,etoposide,11606
Etoposide 500 mg/25 mL inj,etoposide,4403
Factor 7a (VIIa),coagulation factor 7a (VIIa),952
Factor 8 (VIII) bolus,Factor 8 (VIII) in syringe,205
Factor 8 (VIII) injection,Factor 8 (VIII) inj,1272
Factor 9 (IX) inj,factor 9 (IX),197
Factor 9 (IX) inj Bolus,factor 9 (IX) in syringe,49
"Factor VIII (Antihemophilic Factor, Recomb Porcine Seq) (Obizur)",factor 8 porcine,42
"Factor VIII (Antihemophilic Factor, Recomb Porcine Seq) (Obizur)",factor 8 porcine (Obizur),1
"Factor VIII (Antihemophilic Factor, Recomb Porcine) (Obizur)",factor 8 porcine,24
Factor7a (VIIa) 2000 mcg (OR CHARGE),coagulation factor VIIa,3
Famotidine 20 mg for Hyperal only,famotidine,486069
Famotidine 20 mg tab,fAMOTIDine,42
Famotidine 20 mg/2 mL inj,fAMOTIDine,322358
Famotidine 20mg/NS IV syringe,famotidine/ns in syringe,12
Famotidine 2mg/mL/NS neonate syringe,fAMOTIDine in NS syringe,4
Famotidine 40 mg tab,fAMOTIDine,4
Famotidine 40 mg/4 mL inj,fAMOTIDine,66
Fat Emulsion 20% 250 mL (Intralipid),fat emulsion 20%,15416
Fat Emulsion 20% 250 mL (Intralipid),fat emulsion 20% (Intralipid),5486
Fat Emulsion 20% 500mL,fat emulsion 20%,3
Fat Emulsion 20% NEONATE syringe,fat emulsion 20% in syr (Intralipid),5
Fat Emulsion 20% NEONATE syringe,fat emulsion 20% in syringe,66
"Fat emulsion, 20% 100mL (Neonate)",fat emulsion 20% (Intralipid),138
"Fat emulsion, 20% 100mL (Neonate)","fat emulsion 20%, intravenous",436
"Fat emulsion, intravenous (fish oil) 20% 250mL (Smoflipid)",fat emulsion 20%(Smoflipid),5112
"Fat emulsion, intravenous (fish oil) 20% 250mL (Smoflipid)","fat emulsion, intravenous 20%",2174
"Fat emulsion, intravenous (fish oil) 20% 500mL (for TPN) (Smoflipid)",fat emulsion 20%(Smoflipid),359
"Fat emulsion, intravenous (fish oil) 20% 500mL (for TPN) (Smoflipid)","fat emulsion, intravenous 20%",49
"Fat emulsion,intravenous (fish oil) 20% 1000mL (for TPN) (Smoflipid)",fat emulsion 20%(Smoflipid),1806
FentaNYL 50 mcg/mL 10mL inj,fentaNYL,33
FentaNYL PCA/NCA 10mcg/mL 50mL syringe,fentaNYL pca/nca,1669
Fentanyl  2.5 mg / 50 mL Drip,fentanyl citrate,4
Fentanyl 100 mcg buccal tab,fentaNYL,1
Fentanyl 100 mcg/hr patch,fentanyl,3
Fentanyl 1000 mcg/20 mL inj,fentanyl,3731
Fentanyl 100mcg/2 mL inj,fentanyl,493768
Fentanyl 10mcg/ml 60mL Syringe,fentanyl syringe,46654
Fentanyl 12 mcg/hr patch,fentanyl,2
Fentanyl 200 mcg lozenge,fentanyl,2
Fentanyl 25 mcg/hr patch,fentanyl,4
Fentanyl 250 mcg/5 mL inj,fentanyl,3700
Fentanyl 50 mcg/hr patch,fentanyl,2
Fentanyl 75 mcg/hr patch,fentanyl,4
Fentanyl Patch Removal,fentanyl patch removal,2
Ferrlecit 62.5 mg/5 mL inj,ferric gluconate sodium complex,31
Ferumoxytol 510mg/17mL inj,ferumoxytol,915
Fibrinogen concentrate (Human),fibrinogen,8
Filgrastim 480 mcg/0.8 mL syr,filgrastim,3
Fluconazole 100 mg tab,fluconazole,1
Fluconazole 100mg/50mL NS,fluconazole in ns,3441
Fluconazole 200 mg tab,fluconazole,7
Fluconazole 200 mg/5 mL liq 35 mL,fluconazole,78
Fluconazole 200mg/100mL NS premix,fluconazole in ns,17825
Fluconazole 400mg/200mL D5W ivpb,fluconazole,306
Fluconazole 400mg/200mL D5W ivpb,fluconazole in d5w,21
Fluconazole 400mg/200mL NS premix,fluconazole in ns,19250
Fluconzole 2mg/mL/NS neonate syringe,fluconazole in NS syringe,65
Fludarabine 50  mg inj,fludarabine,4111
Flumazenil 0.5 mg/5 mL inj,flumazenil,1368
Flumazenil 0.5 mg/5 mL syringe,flumazenil,7
Fluorescein 10% 5mL inj,fluorescein 10%,500
Fluorescein 1mg ophth strip,fluorescein,2
Fluorouracil 50 mg/mL inj,fluorouracil,602
Folic Acid 1mg/mL Ped oral syringe,folic acid ped liq,1
Folic Acid 50 mg/10 mL inj,folic acid,141441
Fomepizole 1500mg/1.5mL,fomepizole,131
Fosaprepitant 150 mg inj.,fosaprepitant,2680
Foscarnet 6 gm/250 mL IVPB (Central Line),foscarnet,3252
Fosphenytoin 100 mgpe/2 mL inj,fosphenytoin,20113
Fosphenytoin 10mgPE/mL/NS neonate syringe,fosphenytoin in NS syringe,33
Fosphenytoin 500 mgpe/10 mL inj,fosphenytoin,4159
Furosemide 100 mg/10 mL inj,fUROSEMide,236562
Furosemide 100 mg/10 mL inj ADD,fUROSEMide add,257943
Furosemide 10mg/mL Ped oral syringe,fUROSEMide ped liq,9
Furosemide 20 mg tab,fUROSEMide,3
Furosemide 20 mg/2 mL inj,fUROSEMide,73166
Furosemide 2mg/mL/NS neonate syringe,furosemide in NS syringe,171
Furosemide 40 mg/4 mL inj,fUROSEMide,359402
Furosemide 40 mg/5 mL liq,fUROSEMide,4
Furosemide 80 mg tablet,fUROSEMide,18
Gabapentin 100 mg cap,gabapentin,17
Gabapentin 300 mg cap,gabapentin,444
Gabapentin 300 mg/6 mL liq (60 mL),gabapentin,1
Gabapentin 400 mg cap,gabapentin,13
Ganciclovir 500 mg inj,ganciclovir sodium,12218
Ganciclovir 5mg/mL/NS neonate syringe,ganciclovir in NS syringe,33
Gemcitabine 200 mg inj,gemcitabine,56
Gemcitabine 38 mg/mL inj,gemcitabine,263
Gentamcin 120 mg/100mL NS premix,gentamicin in ns,1066
Gentamicin 100 mg/100 mL NS premix,gentamicin in ns,326
Gentamicin 100 mg/50 mL NS premix,gentamicin in ns,1293
Gentamicin 2mg/mL/NS neonate syringe,gentamicin in NS syringe,408
Gentamicin 4mg/mL/NS neonate syringe,gentamicin in NS syringe,90
Gentamicin 60 mg/50 mL NS premix,gentamicin in ns,2045
Gentamicin 80 mg/100mL NS premix,gentamicin in ns,928
Gentamicin 80 mg/2 mL inj,gentamicin,1717
Gentamicin 80 mg/50 mL NS premix,gentamicin in ns,8514
Gentamicin 800 mg/20 mL inj,gentamicin,6052
Gentamicin 8mg Intrathecal syringe,gentamicin intrathecal syringe,1
Glucagon 1 mg w/diluent inj,glucagon,4174
Glucose 25% 10mL inj,glucose,1
Glycopyrolate Inj for PO (Peds),glycopyrolate,11
Glycopyrrolate 0.2 mg/1 mL 5mL OR syringe,glycopyrrolate,27
Glycopyrrolate 0.2 mg/1 mL inj,glycopyrrolate,84111
Glycopyrrolate 0.2 mg/mL 20 mL inj,glycopyrrolate,30
Glycopyrrolate 0.2 mg/mL 5mL inj,glycopyrrolate,160
Glycopyrrolate 0.2 mg/mL syringe,glycopyrrolate,153
Glycopyrrolate 1 mg tab,glycopyrrolate,8
Glycopyrrolate 10 mcg/mL neonate syringe,glycopyrrolate,1
Glycopyrrolate 200mcg/mL oral neonate,glycopyrrolate,9
Granisetron 1 mg/1 mL inj,granisetron,6827
HYDROmorphone 0.5 mg/ 0.5mL,HYDROmorphone,267367
HYDROmorphone 0.5 mg/1ml,HYDROmorphone,141
HYDROmorphone 10mg/mL 50 mL inj for PCA,HYDROmorphone,2104
HYDROmorphone 2 mg/mL INJ,HYDROmorphone,39635
HYDROmorphone 4 mg/mL inj,HYDROmorphone,13995
HYDROmorphone PCA/NCA 1 mg/mL /NS syr,HYDROmorphone PCA/NCA 1 mg/ml NS syr,513
HYDROmorphone PF 10 mg/mL inj,HYDROmorphone PF,4782
HYDROmorphone PF 10 mg/mL inj ADD,HYDROmorphone,24953
Haloperidol 0.5 mg tab,haloperidol,5
Haloperidol 5 mg/1 mL inj,haloperidol,63653
Haloperidol decanoate 50 mg/ 1 mL inj,haloperidol,3
"HePARIN (1000unit/mL)10,000 units/10 mL inj",hePARIN,71072
"HePARIN 1,000 units/500 mL NS bag",hePARIN/ns,78
"HePARIN 1,000 units/mL 30 mL inj",hePARIN,213
"HePARIN 10,000 units/1 mL inj",hePARIN,1332
HePARIN 100 units /1 mL Flush PF,hePARIN flush pf,1241
HePARIN 100 units/mL 10mL syr.,hePARIN flush,17
HePARIN 1000 units/1 mL inj,hePARIN,11435
HePARIN 10000 units/1mL injection,hePARIN,90
"HePARIN 2,000 units/1,000 mL NS bag",hePARIN/ns,469
"HePARIN 30,000 unit(s)/NS 1000mL (EUOSH)",hePARIN in NS,1
"HePARIN 40,000 units/4 mL inj",hePARIN,1
"HePARIN 5,000 unit inj",hePARIN,20313
"HePARIN 5,000 units/ mL 10 mL inj",hePARIN,9
HePARIN 500 unit/5 mL Flush inj,hePARIN sodium-sodium chloride,4599
HePARIN Beef 10000 units/10mL inj,hePARIN beef,6
HePARIN Flush 100 Units/ mL 3 mL,hePARIN,12
HePARIN Flush neonate 1unit/mL in 1/2NS (Art-line),hePARIN flush in 1/2 NS neonate,172
HePARIN IR 1000 unit/mL/4 mL ADD,heparin,5928
Hemin 313 mg inj,hemin,90
Heparin 2000 unit/2mL inj,heparin,4
Heparin 4units/mL 1000mL (Neuro-Intervent Radiology),heparin in ns,11
Hepatitis B Immune Glob 5 mL inj (Hepagam B),hepatitis b im.glob,49
Hepatitis B immune globulin 1mL inj,hepatitis B immune globulin,1
Hetastarch 6%/ LR 500 mL bag,hetastarch 6% / lr,1519
Hetastarch 6%/ NaCl 0.9% 500 mL bag,hetastarch 6% / ns,88
Hexaminolevulinate 100mg kit inj,hexaminolevulinate,1
Hyaluronidase 15 units/mL/NS neonate syringe,hyaluronidase in NS syringe,2
Hyaluronidase 150 units/mL inj,hyaluronidase,1
HydrALAZINE 10 mg tab,hydrALAZINE,14
HydrALAZINE 1mg/mL/NS neonate syringe,hydrALAZINE in NS syringe,4
HydrALAZINE 20 mg/1 mL inj,hydrALAZINE,285599
HydrALAZINE 25 mg tab,hydrALAZINE,1
HydrALAZINE 4 mg/mL Ped oral syringe,hydrALAZINE ped liq,25
HydrALAZINE 50 mg tab,hydrALAZINE,20
HydrOXYzine HCL 10 mg tab,hydrOXYzine,1
HydrOXYzine HCl 25 mg/mL inj,hydrOXYzine,43
Hydrocortisone  250 mg inj,hydrocortisone,27
Hydrocortisone  250 mg inj,hydrocortisone ss,7
Hydrocortisone 10 mg tab,hydrocortisone,2
Hydrocortisone 100 mg/2 mL for study,hydrocortisone/PBO,21
Hydrocortisone 100 mg/2 mL inj,hydrocortisone,190042
Hydrocortisone 100mg/60mL enema,hydrocortisone,1
Hydrocortisone 5 mg tab,hydrocortisone,2
Hydrocortisone 500 mg inj,hydrocortisone,233
Hydrocortisone PF 100mg/2mL inj,hydrocortisone,280
Hydrocortisone pf 1mg/mL/NS neonate syringe,hydrocortisone in NS syringe,542
Hydrocortisone pf 2mg/mL/NS neonate subq syr.,hydrocortisone in NS syringe,23
Hydrocortisone pf 2mg/mL/NS neonate syringe,hydrocortisone in NS syringe,1
Hydromorphone 0.4mg/mL+Ketamine 1mg/mL PCA (ortho OR),hydromorphone  0.4mg+ ketamine 1mg pca,49
Hydromorphone 1 mg/mL inj,hydromorphone,928746
Hydromorphone 10 mg/mL 5 mL inj,hydromorphone,1809
Hydromorphone 10 mg/mL 5 mL inj,hydromorphone-HP,482
Hydromorphone 2 mg tab,hydromorphone,11
Hydromorphone 2 mg/1 mL inj,hydromorphone,262327
Hydromorphone 2 mg/mL inj.,hydromorphone,131529
Hydromorphone 4 mg tab,hydromorphone,3
Hydromorphone 40 mg/20 mL inj,hydromorphone,11927
Hydromorphone PCA 0.2mg/ml Syr.,hydromorphone PCA 0.2mg Syr.,20544
Hydromorphone PCA 0.2mg/ml syringe,hydromorphone PCA 0.2mg/ml/ NS syr,15434
Hydromorphone PCA/NCA 0.2mg/ml syringe,hydromorphone PCA 0.2mg/ml in NS syr.,8218
Hydromorphone PCA/NCA 0.2mg/ml syringe,hydromorphone PCA 0.2mg/ml/ NS syr,53939
Hydromorphone PCA/NCA 0.2mg/ml syringe,hydromorphone PCA 0.2mg/ml/ NS syr.,21378
Hydromorphone PCA/NCA 0.2mg/ml syringe,hydromorphone PCA/NCA 0.2mg/ml/ NS syr,166499
Hydromorphone PCA/NCA 1mg/1 mL High Dose Syr.,hydromorphone PCA in NS syringe,22996
Hydromorphone PCA/NCA 1mg/1 mL High Dose Syr.,hydromorphone PCA/NCA in NS syringe,7508
Hydromorphone-PF 2 mg/1 mL,hydromorphone-pf,5778
Hydroxocobalamin 5 gm Kit,hydroxocobalamin,368
"Hydroxyethyl Starch 6%/ NaCl 0.9% 500 mL bag
",hydroxyethyl starch,5
Hyperalimentation for charging,hyperalimentation,6
Hypertonic NACL 16.4% 50mL (NaCl/NaAcetate),hypertonic saline 16.4%,9132
Hypertonic NACL 3% 500 mL IV bag,nacl 3%,105507
Hypertonic NaCl 23.4% 120meq IVPB for Neuro (30mL),"na chloride 23.4% in Bag, sterile",11503
Hypertonic NaCl 23.4% 240meq IVPB for Neuro,"na chloride 23.4% in Bag, sterile",1506
Hypertonic Saline 7.5% 100mL (NaCl/NaAcetate),hypertonic saline 7.5%,299
IDArubicin 10 mg Inj,IDArubicin hcl,19
IDArubicin 5 mg inj,IDArubicin,1409
IRINOtecan 20 mg/mL inj,IRINOtecan,138
IV Stabilizer Solution inj,IV stabilizer solution,319
Ibutilide 1 mg/10 mL inj,ibutilide,365
Idarucizumab 2.5gm/50ml inj,idarucizumab,87
Ifosfamide 1gm inj,ifosfamide,5276
Ifosfamide 3 gm,ifosfamide,196
Imipenem-Cilastatin  500 mg inj,imipenem-cilastatin,628
Immune Glob 6gm (Carimune) sucr.contng.,immune globulin human (sucrose contng.),40
Immune Glob. Lymphocyte (Atgam),"lymphocyte, immune globulin",367
Immune Glob.12gm (Carimune) sucrose contng.,immune glob. (hum) sucrose contng.,282
Immune Globulin 10gm/100mL (Privigen),immune globulin intraven. SF,3748
Immune Globulin 10gm/100mL (Privigen),immune globulin intravenous SF,125
Immune Globulin 20gm/200mL (Gammagard),immune globulin (hum) sf,334
Immune Globulin sf 10gm/100mL (Gammagard),immune globulin human SF,1071
Immune Globulin sf 30gm/300mL (Gammagard),immune globulin human SF,3
Immune Globuln 20gm/200mL SF (Privigen),immune globulin intravenous,1030
Immune globulin 1gm neonate syringe.,immune globulin human SF syringe,2
Immune globulin 5 gm inj (Gammagard),immune globulin human SF,368
Immune globulin 5 gm inj (Privigen) 10%,immune globulin human SF,1279
InFLIXimab (Remicade) 100 mg inj,inFLIXimab,422
InFLIXimab (Remicade) 100 mg inj,inFLIXimab (Remicade),29
Indigo 0.8% 5 mL inj,indigo carmine 0.8%,1117
Indomethacin 1 mg ped inj,indomethacin,28
Insulin Bolus Neonate 0.1 unit(s)/mL/NS syringe,insulin regular in NS syringe,2
Insulin Bolus Neonate 1 unit(s)/mL/NS syringe,insulin regular in NS syringe,8
Insulin Detemir 100 units/mL inj for pregnancy,insulin detemir,1
Insulin Glargine (Human),"insulin, glargine",5
Insulin Glargine 100 units/mL inj,insulin glargine,3
Insulin Isophane Human recomb. 100 units/mL inj,insulin isophane (NPH),5
Insulin NPH (Human),"insulin, nph human",3
Insulin Reg Hum.,insulin regular,62
Insulin Reg Hum. (WW),insulin reg human,6
Insulin Reg Hum.-BG-formula,insulin reg human,18
Insulin Regular Human recomb. 100 units/mL inj,insulin regular,2432
Insulin aspart  (NovoLOG),insulin aspart,46
Insulin aspart (NovoLOG).,insulin aspart,87
Insulin regular COMPOUNDING USE,insulin reg human,203074
Insulin regular COMPOUNDING USE,insulin regular CMPD,51140
Insulin regular COMPOUNDING USE,insulin regular COMPOUNDING,1681
Insulin/PBO for Shine Study,insulin/PBO-P# Shine study,451
Invest NS 500mL bag for study,invest NS bag,606
Invest ganciclovir 500 mg for study,ganciclovir p#val038,1
Iodixanol 270 mg 100 mL btl,iodixanol,1
Iodixanol 320 mg/ mL 50 mL,iodixanol,1
Iohexol 180 mg 20mL,iohexol,1
Iohexol 300 100 mL btl,iohexol,5
Iohexol 300 10mL,iohexol,1
Iohexol 300 150 mL,iohexol,2
Iohexol 300 50mL inj,iohexol,6
Iohexol 350 100 mL,iohexol,1
Iohexol 350 150 mL,iohexol,2
Iohexol 350 50 mL inj,iohexol,51
Iohexol-350 100 mL,iohexol,3
Iopamidol 61% (Isovue 300) 50mL inj,iopamidol,2
Iopamidol 76% (Isovue 370) 50mL inj,iopamidol,1
Ipratropium 0.02% Inh Sol 2.5mL.,ipratropium 0.02%,1
Iron Dextran 100 mg/2 mL inj,iron dextran,1137
Iron Sucrose 100 mg/5mL inj,iron sucrose,35608
Isavuconazonium 372 mg inj,isavuconazonium,5883
Isoproterenol 0.2 mg/ 1 mL inj,isoproterenol,7
Isoproterenol 1 mg/5 mL inj,isoproterenol,11656
Isosulfan Blue 1% 5 mL inj,isosulfan blue 1%,2
KCl 10mEq/100 mL St. Water  premix,potassium chloride in sterile water,108756
KCl 2 mEq/ml  20 mL inj.,potassium chloride,101034
KCl 20 mEq SA tab,potassium chloride tab SA,31
KCl 20 mEq packet,potassium chloride,23
KCl 20 mEq/15 mL oral liq,potassium chloride,15
KCl 20 mEq/50 mL St. Water premix,potassium chloride in sterile water,120958
KCl 40 mEq/ 100 mL St.Water premix,potassium chloride in sterile water,89939
KCl 40 mEq/ NS 100 mL,potassium chloride in NS,104
KCl 40 mEq/30 mL oral liq,potassium chloride elixir,28
KCl 40 mEq/30 mL oral liq,potassium chloride liquid,746
Ketamine 200 mg/20mL inj ADD,ketamine,178570
Ketamine 50 mg/5mL syringe,ketamine,31110
Ketamine 500 mg/10 mL inj ADD,ketamine,30917
Ketamine 500 mg/10 mL inj CMPD,ketamine,2201
Ketamine 500 mg/5 mL inj,ketamine,7399
Ketamine 500 mg/5mL inj ADD,ketamine,20957
Ketamine HCl 10 mg/ mL inj (WW),ketamine,21
Ketamine HCl 200 mg/20 mL inj,ketamine,40917
Ketorolac 15 mg inj,ketorolac,216406
Ketorolac 30 mg inj,ketorolac,307294
Ketorolac 60 mg/2 mL inj,ketorolac,40
L&D-Mag Sulf 4gm/100mL St.Water premix,magnesium sulfate in sterile water,1576
L&D-Mag Sulf 6gm/NS 100mL ivpb,magnesium sulfate in ns,300
LACOSamide 100 mg tab,LACOSamide,1
LACOSamide 100 mg/10 mL liquid UD,LACOSamide,2
LACOSamide 200 mg/20 mL inj,LACOSamide,26448
LACOSamide 50 mg tab,LACOSamide,4
LEVOleucovorin 50 mg,levoleucovorin,3
LR 1000 mL IV bag,lactated ringers,3452776
LR 250 mL IV bag,lactated ringers,70
LR 500 mL IV bag,lactated ringers,31691
LR 500 mL IV bag for study,lactated ringers,9
Labetalol 10 mg/2 mL syringe,labetalol,15
Labetalol 100 mg/20 mL inj,labetalol,60396
Labetalol 100 mg/20 mL inj ADD,labetalol,38942
Labetalol 20 mg/4 mL inj,labetalol,79375
Labetalol 20 mg/4 mL syringe,labetalol,6
Labetalol 200 mg tab,labetalol,1
Labetalol 300 mg tab,labetalol,3
Leucovorin 100 mg inj,leucovorin,15241
Leucovorin 200  mg/10  mL inj,leucovorin,22
Leucovorin 350 mg/17.5mL inj,leucovorin,34
Leucovorin 5 mg tablet,leucovorin,5
Leucovorin 50  mg inj,leucovorin,4
LevETIRAcetam 1000 mg/100 mL NACL IVPB,levETIRAcetam in NACL,26101
LevETIRAcetam 1500 mg/100 mL NACL IVPB,levETIRAcetam in NACL,12478
LevETIRAcetam 500 mg/100 mL NACL IVPB,levETIRAcetam in NACL,29611
Levalbuterol 1.25 mg/0.5 mL solu UD,levalbuterol,1
LeveTIRACETAM 1000mg tab,leveTIRACETAM,4
LeveTIRACETAM 500mg inj.,leveTIRACETAM,60800
LeveTIRACETAM 500mg/5mL soln.,leveTIRACETAM,132
LeveTIRACETAM XR 500mg tablet,levETIRAcetam XR,1
LevoFLOXACIN 250 mg tab,levoFLOXACIN,1
LevoFLOXACIN 250 mg/50 mL D5W,LevoFLOXACIN in d5w,4113
LevoFLOXACIN 500 mg tab,levoFLOXACIN,11
LevoFLOXACIN 500 mg/100 mL D5W,LevoFLOXACIN in d5w,30625
LevoFLOXACIN 500mg inj,LevoFLOXACIN,96
LevoFLOXACIN 750 mg tab,LevoFLOXACIN,1
LevoFLOXACIN 750 mg/D5W 150 mL,LevoFLOXACIN in d5w,38533
Levocarnitine 1000mg/5mL inj.,levocarnitine,16471
Levocarnitine 1gm inj  TPN Charging,levocarnitine,169
Levofloxacin 500mg/20mL oral soln,levofloxacin,1
Levothyroxine 100 mcg tab,levothyroxine,2
Levothyroxine 25 mcg tab,levothyroxine,1
Levothyroxine 25mcg/mL 100 mL liq BULK,levothyroxine,2
Levothyroxine 300 mcg tab,levothyroxine,1
Levothyroxine 50 mcg tab,levothyroxine,1
Levothyroxine 88 mcg tab,levothyroxine,8
Lidocaine 0.5% PF 50 mL MDV inj,lidocaine 0.5%,3
Lidocaine 0.5%/Epi inj 50 mL,lidocaine 0.5%/epi,2
Lidocaine 1% 10 mL inj,lidocaine 1%,2
Lidocaine 1% 20 mL inj.,lidocaine 1%,46
Lidocaine 1% 50 mg/5 mL syringe (cardiac),lidocaine 1%,15
Lidocaine 1% 5mL inj,lidocaine 1%,44
Lidocaine 1% PF 30 mL,lidocaine 1% PF,62
Lidocaine 1% PF 5 mL inj,lidocaine 1% PF,35
"Lidocaine 1% w/Epi 1:100,000 50mL inj",lidocaine-epinephrine,1
"Lidocaine 1% w/Epi 1:100,000 inj 20 mL",lidocaine 1% w/ epi,20
"Lidocaine 1% w/Epi 1:200,000 inj 30mL PF inj",lidocaine 1% w/epi,3
Lidocaine 1% w/Epi for local anesthesia,lidocaine 1% w/epi,1
Lidocaine 1.5% 20mL inj,lidocaine 1.5%,6
Lidocaine 1.5% w/epi 30 mL,lidocaine 1.5%/epi,35
Lidocaine 100mg/5mL syringe (cardiac),lidocaine,2179
Lidocaine 2% 10 mL inj,lidocaine 2%,212317
Lidocaine 2% Epi 1.8mL Cart,lidocaine 2% w/-epi,6
Lidocaine 2% Jelly  30 mL,lidocaine 2%,30
Lidocaine 2% Nebulized soln,lidocaine 2%,1
Lidocaine 2% PF 10 mL inj,lidocaine 2%,1
Lidocaine 2% PF 2 mL inj,lidocaine 2%,4
Lidocaine 2% PF 5 mL inj,lidocaine 2%,589
Lidocaine 2% Visc 100 mL btl,lidocaine 2%,7
Lidocaine 2% inj 20mL,lidocaine 2%,160
Lidocaine 2% inj. 50mL inj,lidocaine,19
Lidocaine 2% topical Gel 5 mL,lidocaine 2%,4
Lidocaine 2% topical soln,lidocaine 2%,4
Lidocaine 2% viscous liq 20 mL,lidocaine viscous 2%,15
"Lidocaine 2% w/Epi 1:100,000 20mL inj",lidocaine 2% w/epi,7
Lidocaine 20mg/mL OR syringe,lidocaine 2%,5
Lidocaine 4% 5 mL inj,lidocaine 4%,96
Lidocaine 4% Nebulized soln,lidocaine 4%,16
Lidocaine 4% cream,lidocaine 4% cream,1
Lidocaine 4% topical sol 50 mL,lidocaine 4%,14
Lidocaine 5% oint 35 gm,lidocaine 5%,1
Lidocaine 5%-Gluc 7.5% 2 mL inj,lidocaine 5% glucose 7.5%,2
Lidocaine 8mg/ml Drip NEONATE,lidocaine in syringe,16
Lidocaine Gel 2% 20mL (Uro-Jet Gel),lidocaine gel 2%,1
Lidocaine Viscous 2%  UD,lidocaine viscous 2%,101
Lidocaine topical 4% kit,lidocaine topical 4%,46
Lidocaine w/ Epi 1.5% 10 mL inj,lidocaiine1.5%w/epi,3
"Lidocaine w/Epi 2% 1:200,000 20 mL inj",lidocaine 2% w/ epi,4
Linezolid 200 mg/100 mL premix,linezolid premix,18
Linezolid 600 mg tab,linezolid,2
Linezolid 600 mg/300 mL premix,linezolid premix,13164
Linezolid 600 mg/300 mL premix.,linezolid premix,825
Loratadine 10 mg tab,loratadine,1
Lorazepam 0.5 mg tab,lorazepam,2
Lorazepam 1 mg tab,lorazepam,33
Lorazepam 2 mg/1 mL inj,lorazepam,241692
Lorazepam 2 mg/mL 10 mL Extemp,lorazepam,1673
Lorazepam 2 mg/mL 10 mL inj,lorazepam,64203
Lorazepam 2 mg/mL conc. liq. (Palliative Care)BULK,lorazepam,9
Lorazepam 4 mg/mL 10 mL inj,LORazepam,1
Lorazepam IV Therapy,Lorazepam IV Therapy,2
MORPHINE PF 0.5mg/ml in NS 2ml inj syr,morphine,6
MVI Pediatric 10mL inj,multivit ped inj,92
MVI-12   2X5 mL inj,multiple vitamins,56027
MVI-12 (2X5mL) inj,multiple vitamins,62323
Mag Sulf 1gm/100 mL D5W premix,magnesium sulfate in d5w,329
Mag Sulf 6gm/NS 100mL ivpb,magnesium sulfate in ns,38
Mag Sulfate 20gm/ 500ml Water inj,magnesium sulfate/water,111679
Mag Sulfate 20mg/mL/NS neonate syringe,magnesium sulf. in NS syringe,502
Mag Sulfate 40gm/ 1000ml Water inj,magnesium sulfate/water,5743
Mag Sulfate 50%  5 gm/10mL inj ***,magnesium sulfate 50%,57261
Mag Sulfate 50%(4 mEq/mL)2 mL inj,magnesium sulfate 50%,6673
Magnesium Citrate oral soln Bulk,magnesium citrate,1
Magnesium Sulf 2gm/50mL IVPB,magnesium sulfate,608868
Magnesium Sulf 4gm/100mL IVPB,magnesium sulfate,119486
Magnesium Sulf 5 gm/10mL OR syringe,magnesium sulfate,139
Magnesium Sulf 5 gm/10mL inj ..,magnesium sulfate,4033
Mannitol 20% 250 mL IV bag,mannitol 20%,6165
Mannitol 20% 500mL bag,mannitol 20%,712
Mannitol 25% 12.5gm/50 mL inj,mannitol 25%,648
Melphalan 50 mg inj,melphalan,2606
Meperidine 100 mg/1 mL inj.,meperidine,1922
Meperidine 25 mg/1 mL inj,meperidine,3291
Meperidine 25mg/0.5mL inj,meperidine,301
Meperidine 50 mg/1 mL inj,meperidine,2032
Mepivacaine 1% 30 mL inj,mepivacaine 1%,10
Mepivacaine 2% 20 mL inj,mepivacaine 2%,11
Meropenem 0.04mg/mL for Desensitization,meropenem/ns,3
Meropenem 1000 mg inj,meropenem,147597
Meropenem 1000mg/NS IVPB,meropenem in NS,71792
Meropenem 10mg/mL for Desensitization,meropenem/ns,4
Meropenem 1mg/mL for Desensitization,meropenem/ns,1199
Meropenem 20mg/mL for Desensitization,meropenem/ns,9
Meropenem 2gm Desensitization Rx Protocol- initiate,Meropenem 2gm Desensitization Rx Protocol- initiate,29
Meropenem 500 mg inj,meropenem,17599
Meropenem 500 mg/100 mL NS IVPB,meropenem in NS,44413
Meropenem 500mg/NS 50mL IVPB,meropenem in ns,48829
Mesna 1000 mg/10 mL inj,mesna,15427
MethaDONE 1 mg/ 1 mL oral Liq,methaDONE,8
MethaDONE 10 mg tab,methaDONE,8
MethaDONE 10 mg/mL 20 mL inj,methaDONE,146
MethaDONE 10 mg/ml 1mL IV syringe,methaDONE,12357
MethaDONE 10 mg/ml neonate IV syringe,methaDONE,21
MethaDONE 5 mg tab,methaDONE,6
MethaDONE 5 mg/ 5 mL oral Liq,methaDONE,78
Methocarbamol 1gm inj,methocarbamol,33679
Methocarbamol 500 mg tab,methocarbamol,8
Methocarbamol 750 mg tab,methocarbamol,4
Methohexital 500 mg inj,methohexital,4
Methotrexate 1gm inj,methotrexate,1334
Methotrexate 50 mg/2 mL inj,methotrexate,5
Methotrexate 50 mg/2 mL inj PF,methotrexate PF,3665
Methotrexate Int Dose,methotrexate sodium,4
MethylPREDNISolone  40 mg DEPO inj,methylPREDNISolone acetate (depo),154
MethylPREDNISolone 1000mg inj,methylPREDNISolone,21950
MethylPREDNISolone 125 mg/2 mL  inj,methylPREDNISolone,82174
MethylPREDNISolone 2.5mg/mL/NS neonate syringe,methylPREDNISolone in NS syringe,1
MethylPREDNISolone 2000mg inj,methylPREDNISolone,5
MethylPREDNISolone 4 mg tab,methylPREDNISolone,2
MethylPREDNISolone 40 mg inj,methylPREDNISolone,161910
MethylPREDNISolone 40 mg/mL susp inj 5mL,methylPREDNISolone,1
MethylPREDNISolone 500mg inj,methylPREDNISolone,2788
Methylene Blue 1% 10mg/mL inj,methylene blue 1%,443
Methylene Blue 100 mg / 10mL inj,methylene blue,531
Methylene Blue 5mg/mL 10mL inj,methylene blue,929
Methylergonovine 0.2 mg/1 mL inj,methylergonovine,81
Methylnaltrexone 12mg inj.,methylnaltrexone,6
Methylnaltrexone 8 mg inj,methylnaltrexone,1
MetoCLOPRAMIDE 1 mg/1 mL Ped oral syringe,metoCLOPRAMIDE ped liq,2
MetoCLOPRAMIDE 10 mg tab,metoCLOPRAMIDE,10
MetoCLOPRAMIDE 10 mg/10 mL liq,metoCLOPRAMIDE,1
MetoCLOPRAMIDE 10 mg/2 mL inj,metoCLOPRAMIDE,263442
MetoCLOPRAMIDE 5 mg tab,metoCLOPRAMIDE,1
MetoCLOPRAMIDE 5 mg/mL 10 mL inj,metoCLOPRAMIDE,21
MetoPROLOL 5 mg/5 mL inj,metoPROLOL,162845
MetoPROLOL Succinate XL 50 mg tab,metoPROLOL Succinate  XL,1
MetoPROLOL Succinate XL 50 mg tab,metoPROLOL XL,3
MetoPROLOL Tartrate 50 mg tab,metoPROLOL,2
MetoPROLOL tartrate 25 mg tab,metoPROLOL,1
MetoPROLOL tartrate 25 mg tab,metoPROLOL Tartrate,1
MetroNIDAZOLE tab(s) for wound care,metroNIDAZOLE,1
Metronidazole 500 mg tab,metronidazole,4
Metronidazole 500 mg/NS 100 mL,metronidazole / NS,334932
Metronidazole 5mg/mL/NS neonate syringe,metronidazole in NS syringe,102
Micafungin 100 mg inj,micafungin,43380
Micafungin 50 mg inj,micafungin,25813
Micafungin 5mg/mL 2mL lock soln.,micafungin lock soln.,9
Midazolam 10 mg/5mL syrup,midazolam,1
Midazolam 1mg/mL inj 5 mL,midazolam,5006
Midazolam 2mg/2mL inj,midazolam,241946
Midazolam 5 mg/mL inj 10 mL,midazolam,108520
Milrinone 10 mg/10 mL inj,milrinone,8
Milrinone 20 mg/20 mL inj,milrinone,27327
Minocycline 100 mg inj,minocycline,849
Misoprostol 100 mcg tab,misoprostol,1
Misoprostol 200 mcg tab,misoprostol,2
Misoprostol 25 mcg tab,misoprostol,1
MitoMYCIN 20 mg inj,mitoMYCIN,6
MitoXANTRONE 20mg/10 mL inj,mitoXANTRONE,168
MitoXANTRONE 25mg/12.5mL inj,mitoXANTRONE,78
Morphine 1 mg/mL neonate syringe,morphine in syringe,15
Morphine 10 mg/ 1 mL PF inj,morphine,12901
Morphine 10 mg/1 mL inj vial,morphine,10282
Morphine 10 mg/5 mL liq,morphine,12
Morphine 10 mg/mL inj 10 mL vial,morphine,1180
Morphine 15 mg/ 1 ml inj,morphine,6615
Morphine 15mg/mL 20 mL inj,morphine,4873
Morphine 2 mg/ 1 mL inj,morphine,628429
Morphine 2 mg/mL inj for Neonate study only,morphine,32
Morphine 2mg/mL oral liq,morphine,2
Morphine 4 mg/ 1 mL inj,morphine,276887
Morphine 5 mg/1 mL inj,morphine,26111
Morphine 8 mg/1 mL inj,morphine sulfate,8337
Morphine PCA 1mg/ml 50 mLSyr.,morphine PCA 1mg/ml 50mL Syr.,4293
Morphine PCA 50 mg/50 mL,morphine PCA,3316
Morphine PCA/NCA 50 mg/50 mL,morphine PCA,24842
Morphine PCA/NCA 50 mg/50 mL,morphine PCA/NCA,13966
Morphine-PF 10 mg/10 mL inj,morphine pf,185
Morphine-PF 200 mg/20 mL inj,morphine,1
Morphine-PF 5 mg/10 mL inj,morphine,8
Moxifloxacin 400 mg/250 mL NS IVPB,moxifloxacin in ns,1016
Multivitamin Pediatric 5 mL inj,multiple vitamins,126
Mycophenolate 250 mg cap,mycophenolate,1
Mycophenolate 500 mg inj,mycophenolate,28188
Mycophenolate 500 mg tab,mycophenolate,6
Mycophenolate 500 mg/2.5mL oral susp (UD cup),mycophenolate,11
NACL  0.45% 100 ml bag,nacl 0.45%,591
NACL  0.45% 50 mL IV bag,nacl 0.45%,18
NACL 0.45% +20 mEq KCl 1000 mL,nacl 0.45% + kcl,38575
NACL 0.45% 1000 mL IV bag,nacl 0.45%,706959
NACL 0.45% 250 mL IV bag,nacl 0.45%,1542
NACL 0.45% 500 mL IV bag,nacl 0.45%,21316
NACL 2.5 mEq/ mL 40mL inj,NACL 2.5 mEq/mL,220
NACL 800mEq/200mL 23.4% inj,nacl 23.4%,1
NICU 10% Starter TPN,NICU 10% Starter TPN,13
NICU Starter TPN,NICU Starter TPN,78
NOREPInephrine 16mcg/mL OR syringe,NOREPInephrine,45955
NOREPInephrine 4mcg/mL OR syringe (40mcg),NOREPInephrine,18
NOREPInephrine 4mg/4mL inj,NOREPInephrine,882302
NS 100 mL IV bag,nacl 0.9%,2011148
NS 100 mL IV bag for chemo,nacl 0.9%,16226
NS 1000 mL (Polyolefin) for chemo,ns (polyolefin),5181
NS 1000 mL IV bag,NS,7255566
NS 1000 mL IV bag for chemo,ns,6608
NS 1000 mL btl for manufacturing,ns,4
NS 1000 mL irrigation  btl,ns irrigation btl,12
NS 100mL (polyolefin),nacl 0.9% (polyolefin),19458
NS 10mL flush syr,saline flush,1349
NS 10ml PF vial,ns pf,184
NS 150 mL IV bag,nacl 0.9%,1929
NS 150 mL IV bag for chemo,nacl 0.9%,585
NS 2000 mL Irrigation bag,nacl 0.9%,2
NS 250 mL IV bag,nacl 0.9%,779191
NS 250 mL IV bag for IV Set,nacl 0.9%,14611
NS 250 mL IV bag for chemo,nacl 0.9%,18498
NS 250 mL IV btl,nacl 0.9% bottle,5463
NS 250 mL IV btl for chemo,nacl 0.9%,59
NS 250 mL Prime bag for Chemo,nacl 0.9%,15
NS 250mL (Polyolefin),nacl 0.9% (polyolefin),461957
NS 250mL (Polyolefin) for chemo,nacl 0.9% (polyolefin),495
NS 250mL bag for narc drip,nacl 0.9%,83347
NS 30 mL Bacteriostatic inj,sodium chloride bacteriostatic,1
NS 3000 mL Irrigation bag,ns irrigation,12
NS 3mL flush,saline flush,6
NS 50 mL IV bag,nacl 0.9%,1555074
NS 50 mL IV bag for chemo,nacl 0.9%,11616
NS 500 mL IV bag,nacl 0.9%,395487
NS 500 mL IVPB,nacl 0.9%,187
NS 500 mL irrigation btl,nacl 0.9%,3
NS 500mL (Polyolefin),nacl 0.9% (polyolefin),7316
NS 500mL (Polyolefin) for chemo,nacl 0.9% (polyolefin),9861
NS 500mL IV bag for chemo,nacl 0.9%,10335
NS Continuous Bladder Irrigation 3000mL,NS Bladder Irrigation,1
NS PCA,nacl 0.9%,59082
NS inj (Preservative Free),ns pf,147
NS inj (Preservative Free),ns pf.,56
NS+20 mEq KCl 1000 mL IV bag,ns + kcl,77705
NS+40 mEq KCl 1000 mL,ns + kcl,17456
NTG 0.3 mg=1/200Gr SL tab,nitroglycerin,1
NTG 0.4 mg=1/150Gr SL tab,nitroglycerin,149
NTG Aerosol Spray,nitroglycerin,45
NaCl conc 23.4% (4meq/mL) for compounding,na chloride conc(23.4%),11938
NaCl conc 23.4% 5mL syr,na chloride conc(23.4%),5
NaCl conc 23.4% 5mL syr (Dialysis),na chloride conc(23.4%),5
Nafcillin 0.01mg/mL for Desensitization,nafcillin/ns for desensitization,7
Nafcillin 0.1mg/mL for Desensitization,nafcillin/ns for desensitization,7
Nafcillin 10 gm inj,nafcillin,6300
Nafcillin 10mg/mL for Desensitization,nafcillin/ns for desensitization,8
Nafcillin 1gm inj,nafcillin,72
Nafcillin 1gm/50 mL Iso-Dex,nafcillin in Iso-Dex,5
Nafcillin 1gm/50mL NS,nafcillin/ns,265
Nafcillin 20mg/mL neonate syringe,nafcillin/ns in syringe,32
Nafcillin 2gm Desensitization Rx Protocol- initiate,Nafcillin 2gm Desensitization Rx Protocol- initiate,1
Nafcillin 2gm inj,nafcillin,1714
Nafcillin 2gm/100 mL Iso-Dex,nafcillin in Iso-Dex,853
Nafcillin 2gm/100mL NS IVPB,nafcillin/ns,15681
Nafcillin 50mg/mL for Desensitization,nafcillin/ns for desensitization,8
Nalbuphine 10 mg/1 mL inj,nalbuphine,11403
Nalbuphine 20 mg/1 mL inj,nalbuphine,2168
Naloxone (HIGH CONCENTRATION)  2 mg/2 mL syringe,naloxone,769
Naloxone 0.4 mg/ 1 mL inj,naloxone,23004
Nelarabine 250 mg/ 50mL inj,nelarabine,81
Neonatal TPN,Neonatal TPN,1633
Neonate Hyperalimentation,Hyperalimentation neonate,938
Neonate Starter Hyperal 250mL,neonate starter hyperal,50
Neostigmine 1 mg/mL 10 mL inj,neostigmine,317
Neostigmine 1 mg/mL inj,neostigmine,12
Neostigmine 3mg/3mL inj,neostigmine,1
Neostigmine 3mg/3mL inj,neostimine,18
Neostigmine 5mg/5mL Syr for Pyxis,neostigmine,1
NiCARdipine 100mcg/mL 10 mL-OR syringe,niCARdipine,13424
NiCARdipine 25mg/10mL inj,niCARdipine,13873
NiCARdipine 30 mg cap,niCARdipine,6
Nicardipine 1.25mg/6.25mL ECT syringe,nicardipine syringe,2
Nitroglycerin 100mcg/mL for Cath Lab,nitroglycerin,1348
Nitroglycerin 2% Oint 1 gm,nitroglycerin 2% 1 gm,19
Nitroglycerin 200mcg/mL 10mL OR syringe,nitroglycerin,8
Nitroglycerin 25 mg/5 mL inj,nitroglycerin,4
Nitroglycerin 50 mg/ 10 mL inj,nitroglycerin,3558
Nitroglycerin 50mcg/mL 10mL OR syringe,nitroglycerin,11540
Nitroprusside 50 mg/ 2 mL inj,nitroprusside,6338
Normosol-R Ph 7.4 1000mL bag,electrolytes,4
Not Recorded,Not Recorded,993111
OXALIplatin 100mg inj,OXALIplatin,202
OXALIplatin 50 mg inj,OXALIplatin,34
Octreotide  100 mcg/1mL inj,octreotide,3473
Octreotide  500  mcg/1 mL  inj,octreotide,549
Octreotide  500  mcg/1 mL  inj ADD,octreotide add,124691
Octreotide 1 mg/mL 5 mL inj,octreotide,111
Octreotide 10 mcg/mL neonate syringe,octreotide,3
Octreotide 100 mcg/0.2 mL syringe,octreotide,4
Octreotide 20 mg/5 mL LAR inj,octreotide,1
Octreotide 30 mg LAR Kit,octreotide,6
Olanzapine 10 mg IM,olanzapine,191
Ondansetron 4 mg ODT,ondansetron ODT,112
Ondansetron 4 mg tab,ondansetron,85
Ondansetron 4 mg/2 mL inj,ondansetron,1337705
Ondansetron 40 mg/20 mL inj (MDV),ondansetron,1423
Ondansetron 8 mg tab,ondansetron,33
Ondansetron 8mg/NS IVPB,ondansetron/ns,29
Ophth. Lubricant (Refresh P.M.) 3.5 gm,ophthalmic lubricant,2
Oxacillin 1000mg inj,oxacillin,323
Oxacillin 40mg/mL/NS neonate syringe,oxacillin in NS syringe,42
Oxymetazoline 0.05% nasal spray 15 mL,oxymetazoline 0.05%,229
Oxytocin 10 units/ 1 mL inj,oxytocin,2422
Oxytocin 10 units/mL inj 10mL,oxytocin,45
Oxytocin 15 unit(s)/NS 250mL (Induction),oxytocin/ns,65537
Oxytocin 20 unit(s)/LR 1000mL (Infusion),oxytocin/LR,21097
Oxytocin 20 units/1000 mL NS for infusion,oxytocin in NS,8722
Oxytocin 20 units/500mL (Infusion),oxytocin infusion,22608
Oxytocin 20 units/500mL (Infusion),oxytocin/LR,6933
Oxytocin 30 units/NS 500 mL,oxytocin/NS,5110
P.D. 1.5% 1000mL bag,p.d.soln 1.5%,1
PACLItaxel 30 mg/5 mL inj,PACLItaxel,149
PACLItaxel 300 mg/50 mL inj,PACLItaxel,384
PACLItaxel 6 mg/mL inj,PACLItaxel,3
PACLItaxel Protein-Bound 100mg inj,PACLItaxel protein-bound,36
PCA IV Syringe,PCA IV Syringe,65
PCA Reservoir & Syringe Volume Confirm,PCA Reservoir & Syringe Volume Confirm,3
"PCN G Ben 300,000 unit(s)/1 mL inj",penicillin g benzathine,1
PCN G Benzathine  1.2 mu/2 mL inj,penicillin g benzathine,2
"PCN-G Procan 600,000 units/1 mL inj",penicillin g procaine,1
PD Low Cal Ultra 1.5% 2 Liter,pd low cal 1.5% 2L,2
PEMEtrexED 500 mg inj,PEMEtrexED,8
PEMEtrexED 500 mg inj,pemetrexed,7
PHENYLephrine 0.25% 30mL nsl spray,PHENYLephrine 0.25% nas spray,1
PHENYLephrine 0.25% nsl spray 15 mL,PHENYLephrine nasal 0.25% spray,1
PHENYLephrine 0.5% nasal spray 15mL,PHENYLephrine 0.5%,108
PHENYLephrine 1% nasal spray 15 mL,PHENYLephrine 1%,1
PHENYLephrine 10 mg/ 1 mL inj,PHENYLephrine,53849
PHENYLephrine 1mg/10mL (1000mcg) inj,PHENYLephrine,298
PHENYLephrine 1mg/10mL (1000mcg) ns syringe OR,PHENYLephrine,2182
PHENYLephrine 50 mg/ 5 mL inj,PHENYLephrine,76
PHENYLephrine 500mcg/mL 20mL syringe (I-cavernous),phenylephrine,4
PRMX Alteplase 25 mg ADD for LVAD,alteplase,1051
PRMX Argatroban 125mg/ 125 mL vial,argatroban,359
PRMX Bivalirudin 250 mg inj,PRMX bivalirudin,260
PRMX Bivalirudin 250 mg inj,bivalirudin,469
PRMX DOBUTamine 1gm/D5W 250 mL (dbl),DOBUTamine-d5w,84232
PRMX DOBUTamine 250mg/D5W 250 mL,DOBUTamine-d5w,3525
PRMX DOBUTamine 500 mg Drip Std*,DOBUTamine/d5w,655741
PRMX DOBUTamine 50mg/NS 50ml,DOBUTamine in ns,98
PRMX DOPamine 400 mg Drip std*,DOPamine/d5w,74693
PRMX DOPamine 800 mg/250 mL Drip DBL,DOPamine - d5w,2410
PRMX EPInephrine 2mg/D5W drip std*,EPInephrine in d5w,4539
PRMX EPInephrine 4mg/D5W drip std*,EPInephrine in d5w,334797
PRMX EPInephrine 4mg/NS drip,EPInephrine in ns,1277
PRMX Eptifibatide 200 mg/100 mL Drip,eptifibatide/water,207
PRMX Esmolol 2.5gm/250 mL Drip std*,esmolol,51749
"PRMX Fentanyl  2,500 mcg / 50 mL Premix Drip",fentanyl citrate,1982583
PRMX Fentanyl  5000 mcg / 100 mL Premix Drip Double,fentaNYL,43392
"PRMX HePARIN 25,000 units/250 mL Premix std*",hePARIN premix,2733486
PRMX Hydromorphone 20 mg/NS Drip,HYDROmorphone PF,6939
PRMX Hydromorphone 20 mg/NS Drip,HYDROmorphone in ns,43
PRMX Insulin Reg Hum.,insulin reg human premix,569298
PRMX Insulin Reg Hum. 100 units/100ml,insulin reg human premix,459732
PRMX Insulin Reg Human 250units Drip std* (OR charging),insulin reg human in ns,293
PRMX Lidocaine 2 gm/250 mL D5W Drip std*,lidocaine in d5w,44582
PRMX Midazolam 100mg Drip Std*,midazolam in ns,307036
PRMX Milrinone 20mg/100mL D5W drip,PRMX milrinone in d5w,11252
PRMX Milrinone 40 mg Drip std*,milrinone/d5w,1148623
PRMX NOREPInephrine 4 mg/250 mL NS Drip,NOREPInephrine NS premix drip,1328332
PRMX NOREPInephrine 4mg/250ml D5W Drip,NOREPInephrine in d5w,67520
PRMX NiCARdipine 40 mg/200mL NS  Drip std*,niCARdipine/NS,358969
PRMX Nitroglycerin 50 mg Drip std*,nitroglycerin/d5w,115331
PRMX PHENYLephrine 25mg/D5W drip,PHENYLephrine in d5w,155
PRMX PHENYLephrine 25mg/NS drip std*,PHENYLephrine in ns,139011
PRMX Propofol 1000 mg/100 mL std*,propofol,885654
PRMX Propofol 500 mg/ 50 mL bottle,propofol,2077
PRMX Tirofiban 12.5 mg/250 mL Drip,tirofiban in ns,31634
PRMX Tirofiban 5 mg/100 mL Drip,tirofiban in ns,101
PRMX Vasopressin 40 unit/100mL NS Drip (DBL Volume),vasopressin double volume drip,5
PRMX clevidipine 25 mg/50 mL Drip std*,PRMX clevidipine drip,3829
PRMX dexmedetomidine 400mcg/100ml NS Drip,dexmedetomidine NS premix drip,1246108
PRMX diltiazem 100 mg drip,diltiazem,34652
PRMX diltiazem 125 mg drip,diltiazem,15638
PRMX fentaNYL 2500 mcg/250 mL NS,PRMX fentaNYL,25708
PRMX ketamine 400 mg Drip DBL (FOR ICU),ketamine drip,76254
PRMX morphine 100 mg/100 mL NS Drip,morphine,7281
PRMX sodium bicarbonate 150 mEq D5W 1000 mL,sodium bicarbonate/d5w,3522
Palifermin 6.25mg (6250 mcg) inj,palifermin,734
Palonosetron 250mcg/5mL inj,palonosetron,224
Pamidronate 30 mg/10ml  injection,pamidronate,489
Pamidronate 90 mg/10 mL inj,pamidronate,69
Panitumumab100 mg/5mL inj,panitumumab,3
Pantoprazole 40 mg granules,pantoprazole,3
Pantoprazole 40 mg inj,pantoprazole,945370
Pantoprazole 40 mg tab,pantoprazole,29
Pantoprazole IV for Invest.study,pantoprazole P#3001k200042,9
Paricalcitol 2 mcg/mL inj,paricalcitol,632
Paricalcitol 5 mcg/mL inj,paricalcitol,19
Pegaspargase 750 units/1mL inj,pegaspargase,92
Pembrolizumab 100 mg inj,pembrolizumab,1
Penicillin G K 20 million units CMPD,Penicillin G K,24
Penicillin G K 5 million unit inj,penicillin g k,20273
"Penicillin G K 5,000,000 unit(s)/ns IVPB",penicillin g k in ns,10705
Penicillin G NA 5Mu inj,penicillin g sod.,192
Penicillin G Pot. 0.1units/mL for Desensitization,Penicillin G Pot./ns,16
Penicillin G Pot. 1000 units/mL for Desensitization,Penicillin G Pot./ns,15
Penicillin G Pot. 10units/mL for Desensitization,Penicillin G Pot./ns,16
"Penicillin G Pot. 3,000,000 units/50 mL D5W IVPB",Penicillin G Pot.,656
"Penicillin G Pot. 3,000,000 units/50 mL D5W IVPB",Penicillin G Pot. D5W,1457
"Penicillin G Pot. 3,000,000 units/50 mL IVPB",Penicillin G Pot.,13824
"Penicillin G Pot. 50,000 units/mL for Desensitization",Penicillin G Pot./ns,26
Penicillin G Sod. 5 mu/D5W 100mL IVPB,penicillin g sod. in D5W,71
Pentamidine 300 mg inj,pentamidine,234
Pentobarbital 50 mg/mL 20 mL inj ADD,pentobarbital add,482
Pentostatin 10 mg inj,pentostatin,17
Peramivir 200 mg/20mL inj,peramivir,118
Perflutren,perflutren,375
Peripheral Parenteral Nutrition,Peripheral Parenteral Nutrition (hyperal),360683
Peripheral TPN,Peripheral TPN,45390
Pertuzumab 420 mg inj,pertuzumab,9
Phenobarbital 130 mg/1 mL inj,phenobarbital,8916
Phenobarbital 4 mg/ mL ped. oral syringe,phenobarbital ped liq,1
Phenobarbital 65 mg/1 mL inj,PHENobarbital,8202
Phenobarbital 65mg/mL neonate syringe,PHENobarbital in syringe,2
Phentolamine Mesylate 5 mg inj,phentolamine,4
Phenylephrine nasal 0.5% soln 15mL,phenylephrine nasal 0.5%,2
Phenytoin 100 mg/2 mL inj,phenytoin,1344
Phenytoin 100 mg/4 mL oral susp,phenytoin,1
Phenytoin 250 mg/5 mL inj,phenytoin,171
Physostigmine 2 mg/2 mL inj,physostigmine,26
Phytonadione 10 mg/1 mL inj,phytonadione,12482
Phytonadione 5 mg tab,phytonadione,12
Phytonadione Ped 1 mg inj,phytonadione ped,7
Phytonadione Ped. 1 mg/mL (Vit.K) neonate syringe,phytonadione in ns,30
Piperacil/Tazobactam  2.25gm inj,piperacillin-tazobact,122
Piperacillin-Tazobactam  4.5 gm inj,piperacillin-tazobactam,3277
Piperacillin-Tazobactam 3.375 gm/50 mL iso-dex,piperacillin-tazobac in iso-dex,52283
Piperacillin-Tazobactam 3.375gm inj,piperacillin-tazobact,30784
Piperacillin-Tazobactam 3.375gm/100 mL NS,piperacillin-tazobac in ns,149408
Piperacillin-Tazobactam 4.5gm IVPB/NS 100mL,piperacillin-tazobactam in ns,337561
Piperacillin-tazob 20mg/mL/NS neonate syringe,piperacillin-tazob in NS syringe,181
Piperacillin-tazobactam 4.5 gm/iso-dex 100 ml ivpb,piperacillin-tazobact/iso-dex,21639
Piperacillin/Tazobactam  2.25gm/NS IVPB,piperacillin-tazobact in NS,648
Pipracil-Tazobac 3.375gm/50mL NS (for RAD),piperacillin-tazobac in ns,28
Plasma-Lyte A 1000 mL bag,plasmalyte a,578115
Pneumococcal 25 mcg/0.5 mL inj,pneumococcal vaccine  poly,2
Polyethylene Glycol pwdr 17gm unit dose,polyethylene glycol,1
"Polymyxin B 500,000 unit inj",polymyxin b sulfate,121
Posaconazole 100mg tab,posaconazole,2
Posaconazole 300mg inj,posaconazole,4500
Posaconazole 40mg/mL oral susp.,posaconazole,22
Potasium Aceta 2 mEq/mL 100 mL inj,potassium acetate,1
PotassPhosphate 3mmol/mL 15mL inj,potassium phosphate,27479
Potassium  Acet 100mEq/50mL inj,potassium acetate,6
Potassium Aceta 2 mEq/mL 20 mL inj,potassium acetate,1028
Potassium Chlor 0.1 meq/ml/NS neonate syringe,potassium chloride in NS syringe,10
Potassium Chlor 0.2 meq/ml/NS neonate syringe,potassium chloride in NS syringe,10
Potassium Chlor 2 meq/ml 10mL inj,potassium chloride,56042
Potassium Chloride 10 mEq cap,potassium chloride,23
Potassium Chloride 10 mEq tab,potassium chloride,15
Potassium Chloride 20 mEq/15 mL liq 473mL BULK,potassium chloride,29
"Potassium Chloride 8 mEq cap
",potassium chloride,1
Potassium Cl 20meq/NS 500mL ivpb,potassium chloride in NS,46
Potassium Cl 30meq/NS 500mL ivpb,potassium chloride in ns,63
Potassium Cl 40meq/D5W 500mL (for HF),potassium chloride in d5w,86
Potassium Cl 40meq/NS 500mL ivpb,potassium chloride in ns,120920
Potassium Level Recheck Reminder,potassium level recheck reminder,1
Potassium Phos 3 mmol/mL 50 mL inj,potassium phosphate,1646
Potassium-Phos (K-PhosNeutral) tab,potassium phosphate/sod.phosphate,1
Prasugrel 10 mg tab,prasugrel,381
Pravastatin 40 mg tab,pravastatin,1
PredniSONE 5 mg/5 mL liq 120mL,predniSONE,1
Pregabalin 150 mg cap,pregabalin,1
Pregabalin 75 mg caps,pregabalin,6
Premix Dextrose 5%,Premix D5W,2550365
Premix Diluent,Premix Diluent,5691785
Premix NS,Premix NS,4643474
"Premix Water, Sterile",Premix Sterile Water,339
Preop famotidine,famotidine,1
PrismaSol B22GK4/0 w/out Calcium soln,prismaSol B22GK4/0,6
Prismasate B22GK4/0 w/o Calcium,prismasate b22gk4/0,1
Prismasate BK 0/3.5 5L bag,Prismasate BK 0/3.5,11
Procainamid 1gm/10 mL inj ADD,procainamide add,264
Procainamide 1gm/10 mL inj,procainamide,45
Procainamide 1gm/2mL inj,procainamide,58
Procainamide 1gm/2mL inj ADD,procainamide add..,3630
Procainamide 1gm/ns 50mL ivpb for ED use only,procainamide/ns,9
Prochlorperazine 10 mg tab,prochlorperazine,6
Prochlorperazine 10mg/2mL inj for IV use,prochlorperazine,88093
Prochlorperazine 5 mg tab,prochlorperazine,1
Prolastin 1gm inj,alpha 1 proteinase inhibitor,3
Promethazine 12.5 mg supp,promethazine supp,28
Promethazine 12.5 mg tab,promethazine tab,1
Promethazine 12.5mg IV,promethazine inj,145
Promethazine 25 mg supp,promethazine supp,33
Promethazine 25 mg tab,promethazine tab,1
Promethazine 25 mg/1 mL inj,promethazine inj,21318
Promethazine 6.25 mg/5 ml 120 mL liq,promethazine,3
Propofol 100 mg/ 10 mL Syringe,propofol,16
Propofol 200 mg/ 20 mL inj,propofol,2341
Propofol 500 mg/50 mL syringe,propofol,37
Propranolol 1 mg/1 mL inj,propranolol,258
ProtAMINE 10 mg/mL 5 mL inj,protAMINE,7201
ProtAMINE 100mg/50ml IVPB,protamine ivpb,15
ProtAMINE 10mg/mL 25mL inj,protAMINE,224
Protein C Concentrate Human 1000 units/10 mL,Protein C Concentrate Human,11
Prothrombin Complex concentrate (Bebulin),prothrombin complex conc.,40
Prothrombin complex (Human) (Kcentra),prothrombin complex,1552
Pyridostigmine 10 mg/2 mL inj,pyridostigmine,311
Pyridostigmine 60 mg/5 mL liq 120mL,pyridostigmine,1
Pyridoxine 100 mg/1 mL inj,pyridoxine,24298
Pyridoxine 100 mg/1mL/NS neonate syringe,pyridoxine in NS syringe,1
Pyridoxine 50 mg tab,pyridoxine,1
REMIfentanil 1 mg inj,REMIfentanil,5088
REMIfentanil 1000 mcg inj,REMIfentanil,706
REMIfentanil 100mcg/2mL syringe,REMIfentanil,1
REMIfentanil 2 mg inj,REMIfentanil,10
RHo (D) immune globulin 1500 intl units/1.3 mL solu,RHo (D) immune globulin,32
RHo (D) immune globulin 300 mcg (Rhogam IM),RHo (D) immune globulin,7
RHo (D) immune globulin 300 mcg/1.3 mL inj,RHo (D) immune globulin,14
RHo (D) immune globulin 300 mcg/2 mL inj,RHo (D) immune globulin,26
Ramucirumab 500 mg/50mL inj,ramucirumab,2
Ranitidine 50mg/2mL inj,ranitidine,226
Rasburicase 7.5 mg inj.,rasburicase,32
Refresh Classic Ophth Soln 0.4 mL,refresh,3
Regadenoson 0.4 mg/5 mL inj,regadenoson,3200
RifaMPIN 300 mg cap,rifaMPIN,2
RifaMPIN 3mg/mL/NS neonate syringe,rifaMPIN in NS syringe,1
RifaMPIN 600 mg inj,rifaMPIN,2587
Rocuronium 10 mg/mL 10 mL inj,rocuronium,2037
Rocuronium 10 mg/mL 5 mL inj,rocuronium,8712
Rocuronium 10 mg/mL 5 mL syringe,rocuronium,3
Rocuronium 10 mg/mL per mL,rocuronium,8
Rocuronium 10mg/mL 5mL OR syringe,rocuronium,47
Ropivacaine 0.5% 30 mL syringe (EUOSH),ropivacaine 0.5%,2
Ropivacaine 1% 10mg/mL 20mL,ropivacaine 1%,1
Ropivacaine 2 mg/mL 100 mL inj,ropivacaine 0.2%,14
Ropivacaine 5 mg/mL 30 mL inj,ropivacaine 0.5%,76
Ropivacaine 7.5 mg/mL 20 mL inj,ropivacaine 0.75%,2
SJH hyperalimentation 1200-2200mL,hyperalimentation 1200-2200mL,304628
SJH hyperalimentation <1200mL,hyperalimentation <1200mL,13738
SJH hyperalimentation >2200mL,hyperalimentation >2200mL,8387
SMOFlipid 20% 100 mL (Neonate),fat emulsion 20% (SMOFlipid),65
SMX-TMP 800 mg-160 mg/20 mL suspension,sulfamethoxazole-trimethoprim,1
SUMAtriptan 6mg/0.5mL inj,SUMAtriptan succinate,3
SUfentanil 100 mcg/2 mL inj,SUfentanil,38
SUfentanil 250 mcg/5 mL inj,SUfentanil,3
SUfentanil 50 mcg/1 mL inj,SUFentanil,8
Sargramustim 250 mcg inj,sargramostim,5
Scopolamine 0.4 mg/ 1 mL inj,scopolamine,12
Scopolamine patch,scopolamine,1499
Secretin 16mcg synthetic human,secretin,14
Selenium 400 mcg/10 mL inj,Selenious acid,12
Selenium 600 mcg/10 mL inj,Selenious acid,1786
Sildenafil 10 mg/12.5 mL inj.,sildenafil,877
Siltuximab 400 mg inj,siltuximab,2
Sincalide 5 mcg inj,sincalide,3
Sirolimus 0.5 mg tab,sirolimus,1
Sodium  Bicarb. 0.5mEq/1mL neonate syringe,sod. bicarbonate in syringe,2
Sodium  Bicarbonate 0.25mEq/1mL neonate syringe,sod bicarbonate in syringe,6
Sodium  Bicarbonate 0.5meq/mL neonate syringe,sod bicarbonate,11
Sodium  Bicarbonate 2.5 mEq/5mL inj,sod bicarbonate inj,15
Sodium  Bicarbonate 5 mEq/10mL syringe,sod bicarbonate inj,36
Sodium Acetate 2 mEq/mL 20 mL inj,sodium acetate,608
Sodium Acetate 2 mEq/mL inj,sodium acetate,6119
Sodium Bicarb 10 mEq/10 mL  inj,sodium bicarbonate,188
Sodium Bicarb 50 mEq/50 mL  vial,sodium bicarbonate,240162
Sodium Bicarb 50 mEq/50 mL ADD,sodium bicarbonate,28571
Sodium Bicarb 50 mEq/50 mL vial CMPD,sodium bicarbonate,980
Sodium Bicarb 50 mEq/50mL syringe,sodium bicarbonate,170249
Sodium Bicarbonate 650 mg tab,sodium bicarbonate,1
Sodium Chloride 0.9% (50mL vial) for Remodulin,ns 50mL vial,4
Sodium Chloride 0.9% 5mL Flush syr. (neonate),sodium chloride flush,43
Sodium Chloride 3% 4mL inhalation soln.,sodium chloride 3%,1
Sodium Glycerophosphate 20mmol/20mL inj,sodium glycerophosphate,9183
Sodium Phosphat 3 mm/mL 50 mL inj,sodium phosphate,32465
Sodium Phosphate 3mmol/ml  15 mL inj,sodium phosphate,7914
Sodium Tetradecyl sulfate 1% inj,sodium tetradecyl sulfate,1
Sodium Tetradecyl sulfate 3% inj,sodium tetradecyl 3%,1
Sodium Thiosulfate 25% 50 mL inj,sodium thiosulfate 25%,832
Sodium benzoate-Sodium phenylacetate 10%,sod.benzoate-sod.phenylacetate,56
Standard PAL Line IV fluid,Standard PAL Line fluid,167
Standard UAC Line IV fluid,Standard UAC Line fluid,153
Standard UVC Line IV fluid,Standard UVC Line fluid,101
Sterile/Free Water flush,"water, sterile/free flush",1
Streptomycin 1 gm inj,streptomycin,16
Streptozocin 1gm inj,streptozocin,4
Succinylcholine 20 mg/mL OR syringe,succinylcholine,1
Succinylcholine 200 mg/10 mL inj,succinylcholine,2193
Succinylcholine 200 mg/10 ml syringe (EUOSH),succinylcholine,1
Succinylcholine 200mg syr for pyxis,succinylchloline,6
Succinylcholine 20mg/mL 10mL syringe,succinylcholine,20
Succinylcholine 20mg/mL 5mL syringe,succinylcholine,3
Succinylcholine 20mg/ml 10ml OR syringe,succinylcholine,11
Succinylcholine 60 mg/3 mL syringe,succinylcholine,1
Sugammadex 200 mg/2mL inj,sugammadex,52
Sugammadex 500 mg/5mL inj,sugammadex,29
Sulfamethoxazole-Trimethoprim 80mg-16  mg/mL 10mL inj,sulfamethoxazole-trimethoprim,4178
Sulfamethoxazole-Trimethoprim 80mg-16 mg/mL inj,sulfamethoxazole-trimethoprim,4343
"Syringe, chemo","Syringe, chemo",42
TACRolimus 0.5 mg cap,TACRolimus,61
TACRolimus 1 mg cap,TACRolimus,7
TACRolimus 5mg inj,TACRolimus,21146
TBO-filgrastim 300 mcg/0.5 mL inj,TBO-filgrastim,2
TIGEcycline 50 mg inj,TIGEcycline,3190
TOPOtecan 4 mg/ 4 mL inj,TOPOtecan,19
Tamsulosin 0.4  mg cap,tamsulosin,1
Telavancin 250 mg inj,telavancin,144
Telavancin 750 mg inj,telavancin,33
Temsirolimus 25 mg/mL inj.,temsirolimus,1
Terbutaline 1 mg/1 mL inj,terbutaline,16
"Tetanus/Diphtheria/Pertussis, Acel (Tdap) 0.5 mL","tetanus/diphtheria/pertussis, acel (Tdap)",1
Tetanus/Dipth. Tox. Adsb. 0.5 ml inj,Tetanus/Diptheria toxoid,10
Tetracaine 1% 2mL inj,tetracaine 1%,1
Thiamine 100 mg/ml 2mL inj,thiamine,174096
Thiamine 100 mg/ml 2mL inj FOR COMPOUNDING USE,thiamine,56650
Thiotepa 15 mg inj,thiotepa,80
Thrombin 5000 unit recombinant powder,thrombin,2
Ticagrelor 90 mg tab,ticagrelor,316
Ticar/Clav 3.1 IVPB,ticarcillin-clavulanate/ns,110
Tirofiban 50 mcg/ mL 250 mL Drip*,tirofiban/ns,143
Tobramycin 1.2gm/30ml Bulk Vial,tobramycin,3272
Tobramycin 80 mg/ 100 mL NS,tobramycin,18
Tobramycin 80 mg/2 mL inj,tobramycin,4054
Tobramycin Intermittent Dosing by Pharmacist,tobramycin intermittent dosing,1
Tocilizumab 200 mg/10mL inj,tocilizumab,124
Tocilizumab 400 mg/20mL inj,tocilizumab,376
Tolterodine 2 mg tab,tolterodine,1
Tolterodine LA 4 mg cap,tolterodine LA,1
Topiramate 100 mg tab,topiramate,1
TraMADOL 50 mg tab,traMADOL,1
Trabectedin 1mg inj.,trabectedin,75
Trace Elements 10 mL inj,trace elements,124
Tranexamic acid 100 mg/mL inj,tranexamic acid,7479
Tranexamic acid 1000 mg/NS 100mL,tranexamic acid,375
Tranexamic acid 2gm bolus dose,tranexamic acid,77
Tranexamic acid 650 mg tab,tranexamic acid,51
Trastuzumab 150 mg inj,trastuzumab,9
Trastuzumab 440 mg inj,trastuzumab,12
Trepostinil 5 mg/mL 20mL inj,treprostinil,106
Treprostinil 1 mg/mL 20mL inj,treprostinil,28
Treprostinil 10 mg/mL 20mL,treprostinil,29
Treprostinil 2.5 mg/mL 20mL,treprostinil,103
Treprostinil 20mg/20mL inj,trepostinil,80
Treprostinil 20mg/20mL inj,treprostinil,9
Tri-sodium Citrate,sod. citrate-citric acid,15
Triamcinolone acet  40 mg/ 1 mL inj,triamcinolone,1
Trimethobenzamide 200 mg/2 mL inj,trimethobenzamide,1
Trisodium citrate solution,anticoag. sodium citrate,1
Tromethamine 500 mL  Btl,tromethamine,4418
Ustekinumab 130mg/26mL inj,ustekinumab,14
Valproate 250mg/5mL Liq,valproate,3
Valproate Sodium 500 mg/ 5 mL inj,valproate,21497
Vancomycin 125 mg cap,vancomycin,1
Vancomycin 1250mg/ NS 250mL IVPB,vancomycin/ns,17506
Vancomycin 1250mg/NS 250mL IVPB,vancomycin/ns,105411
Vancomycin 1500mg/500ml NS ivpb,vancomycin in ns,39672
Vancomycin 1500mg/NS ivpb (EUOSH ONLY),vancomycin in ns,68672
Vancomycin 1750mg/NS 500ml IVPB,vancomycin in ns,8435
Vancomycin 1gm inj,vancomycin,58757
Vancomycin 1gm/ 200mL Iso-Dex IVPB,vancomycin in D5W,65538
Vancomycin 1gm/NS 250mL IVPB,vancomycin in NS,10367
Vancomycin 1gm/NS 250ml  IVPB,vancomycin in ns,95228
Vancomycin 250 mg/5 mL oral soln.,vancomycin,5
Vancomycin 500 mg inj,vancomycin,5174
Vancomycin 500 mg/100ml - Iso-Dex,vancomycin in iso-dex,2872
Vancomycin 500 mg/NS 100ml ivpb,vancomycin/ns,9565
Vancomycin 500mg (10gm vial),vancomycin,87110
Vancomycin 500mg in NS 500mL enema,vancomycin enema,2
Vancomycin 5mg/mL/NS neonate syringe,vancomycin in NS syringe,579
Vancomycin 750 mg inj.,vancomycin,16727
Vancomycin 750 mg/150 mL,vancomycin,2680
Vancomycin 750 mg/150 mL Iso-Dex,vancomycin in iso-dex,44581
Vancomycin Intermittent Dosing by Pharmacist,vancomycin intermittent dosing,1
Vancomycin Intermittent Dosing by Pharmacist,vancomycin pulse dosing,2
Vasopressin 20 unit/ml 10ml inj,vasopressin,50924
Vasopressin 20 units/ 1 mL (Vasostrict),vasopressin,893643
Vasopressin 20 units/ 1 mL inj,vasopressin,30960
Vasopressin/Placebo for study,vasopressin/placebo (P#IDS22),6
Vecuronium 10 mg inj,vecuronium,18341
Vecuronium 1mg/mL 10mL syringe,vecuronium,17
Vecuronium 1mg/mL neonate syringe,vecuronium in NS syringe,21
Vecuronium 20 mg inj,vecuronium,13
Vedolizumab 300 mg inj.,vedolizumab,17
Verapamil 300 mcg/3 mL syringe CATH LAB,verapamil 300 mcg/3 mL,250
Verapamil 300 mcg/3 mL syringe CATH LAB,verapamil 5 mg/50 mL,34
Verapamil 5 mg/2 mL inj,verapamil,2098
VinBLAStine 10 mg/10 mL inj,vinBLAStine,37
VinCRIStine 1 mg/mL inj,vinCRIStine,5953
VinORELBine 10 mg/1 mL inj,vinORELBine,71
Vincristine 2 mg/ 2mL inj,vincristine,978
Visipaque 320 mg 200 mL btl,iodixanol,1
Voriconazole 200 mg inj,voriconazole,4580
Voriconazole 200 mg tab,voriconazole,1
Voriconazole 50mg tab,voriconazole,5
"Water, Sterile 100  mL bag","water, sterile",95
"Water, Sterile 1000 mL IV bag","water, sterile bag",75232
"Water, Sterile 2 Liter bag","water, sterile",51
"Water, Sterile 20 mL inj","water, sterile",60
"Water, Sterile 50 mL inj","water, sterile",15979
"Water, Sterile Irrig 1500 mL","water, sterile irrig",3
"Water,St. 1000 mL  irrigation btl","water, sterile irr btl",1
"Water,Sterile 10 mL inj","water, sterile",15
Zidovudine 200mg inj,zidovudine,813
Zidovudine 4mg/mL/D5W neonate syringe,zidovudine in D5W syringe,14
Zinc Sulfate 5 mg/mL inj,zinc sulfate,6116
Zinc Trace Element 10 mg/10 mL inj,zinc,1592
Zinecard 500 mg inj cardio tox,dexrazoxane,22
Ziprasidone 20 mg/ 1 mL inj,ziprasidone,13
Zoledronic 4 mg inj,zoledronic acid,925
Zoledronic 4 mg/NS 100mL,zoledronic acid in ns,30
Zoledronic acid 4 mg/100 mL premix IVPB,zoledronic acid,408
Zoledronic acid 5 mg/100 mL IVPB,zoledronic acid,8
acetaminophen 10 mg/mL neonate IVPB syringe,acetaminophen IVPB syringe,6
acetaminophen-codeine 300 mg-15 mg tab,acetaminophen-codeine,1
adenosine 200 mcg/20 mL syringe  CATH LAB ONLY,adenosine syringe CATH LAB ONLY,5
adenosine 90 mg/90 mL NS CATH LAB,adenosine,401
albuterol 2.5 mg/ 0.5 ml neb,albuterol,3
albuterol 2.5 mg/0.5mL neb,albuterol,2
albuterol 2.5 mg/3 mL neb,albuterol 0.083%,2
alteplase 2 mg inj Syringe,alteplase,1660
alteplase STEMI bolus inj,alteplase,3
alteplase inj for bolus,alteplase,325
alteplase per 10 mg,alteplase,1817
alteplase per 12.5mg ADD,alteplase,13635
amiodarone 500 mg/250 mL CATH LAB,amiodarone,27
amphotericin B lock soln. 2.5mg/ml 2ml syr.,amphotericin B lock soln.,4
anti-inhibitor coagulant complex 1000 units,anti-inhibitor coagulant complex,114
anti-inhibitor coagulant complex 2500 units,anti-inhibitor coagulant complex,570
anti-inhibitor coagulant complex 50 units,anti-inhibitor coagulant complex,36
anti-inhibitor coagulant complex 50 units inj,anti-inhibitor coagulant complex,439
antihemophilic factor 8 recombinant 1000 units,factor 8,194
antihemophilic factor 8 recombinant 1000 units,factor 8 (Kogenate),67
antihemophilic factor 8 recombinant 1000 units inj,antihemophilic factor 8,101
antihemophilic factor 8 recombinant 2000 units,factor 8,388
antihemophilic factor 8 recombinant 2000 units,factor 8 (Kogenate),84
antihemophilic factor 8 recombinant 250 units,factor 8,5
antihemophilic factor 8 recombinant 3000 units,factor 8,61
antihemophilic factor 8 recombinant 3000 units,factor 8 (Kogenate),86
antihemophilic factor 8 recombinant 500 units,factor 8,59
antihemophilic factor 8 recombinant 500 units,factor 8 (Kogenate),3
antihemophilic factor-von Willebrand 500 units,antihemophilic F8-von Willebrand,10
antihemophilic factor-von Willebrand 500 units (HUMATE P),antihemoph F8-vonWill HUMATE P,2
antihemophilic factor-von Willebrand 500 units (HUMATE P),antihemophilic F8-von Willebrand,1
antihemophilic factor-von Willebrand factor (WILATE) 1000U,antihemoph-vonwillebrand (WILATE),137
antihemophilic factor-von Willebrand factor (WILATE) 500U,antihemoph-vonwille WILATE,7
antihemophilic factor-von Willebrand factor 1000 units,antihemophilic F8-von Willebrand,46
antihemophilic factor-von Willebrand factor 1000 units (HUMATE P),antihemoph F8-vonWill HUMATE P,19
antihemophilic factor-von Willebrand factor 1000 units (HUMATE P),antihemophilic F8-von Willebrand,57
antihemophilic factor-von Willebrand factor 1600 units,antihemophilic F8-von Willebrand,48
antihemophilic factor-von Willebrand factor 1600 units (HUMATE P),antihemoph F8-vonWill HUMATE P,2
antihemophilic factor-von Willebrand factor 1600 units (HUMATE P),antihemophilic F8-von Willebrand,1
antihemophilic factor-von Willebrand factor 2400 units,antihemophilic factor-von Willebrand factor,8
aprepitant 130 mg inj,aprepitant,2260
arsenic trioxide 1 mg/mL 10 mL inj,arsenic trioxide,941
arsenic trioxide 2 mg/mL injection,arsenic trioxide,230
artesunate 110 mg IV inj,artesunate,7
atropine-diphenoxylate 5 mg/10 mL UD liq,atropine-diphenoxylate,1
aztreonam 1 gm inj,aztreonam,2902
aztreonam 2 gm inj,aztreonam,4321
bendamustine 45 mg/0.5mL inj,bendamustine,5
bevacizumab-awwb 100mg/4mL inj,bevacizumab-awwb(MVASI),1
bevacizumab-awwb 400mg/16mL inj,bevacizumab-awwb(MVASI),1
"bottle, sterile","bottle, sterile",56
cabazitaxel 60 mg/6 mL inj,cabazitaxel,1
calcium carbonate 1250 mg (500 mg elemental) tab,calcium carbonate,2
calcium gluconate 1 gm/100 mL NS IVPB,calcium gluconate/NS,1138
calcium gluconate 1 gm/50 mL IVPB,calcium gluconate,735
calcium gluconate 1 gm/50 mL NS IVPB,calcium gluconate NS,5
calcium gluconate 10gm/100ml inj,calcium gluconate,71
calcium gluconate 2 gm/100 mL NS IVPB,calcium gluconate/NS,254
calcium gluconate 3 gm/100 mL NS IVPB,calcium gluconate/NS,5
calcium gluconate 5 gm/50 mL inj,calcium gluconate,116539
cangrelor 50 mg inj,cangrelor,8489
caplacizumab-yhdp 11 mg kit,caplacizumab-yhdp,2
carfilzomib 10 mg inj,carfilzomib,2
casirivimab 1332mg inj,casirivimab,1
casirivimab 1332mg inj,casirivimab REGN 10933,15
casirivimab 300mg inj,casirivimab REGN10933,147
casirivimab-imdevimab 600 mg-600 mg/10 mL inj,casirivimab-imdevimab,36
casirivimab-imdevimab 600 mg-600 mg/10 mL inj,casirivimab-imdevimab 600-600mg,243
ceFAZolin 1 gm in NS 50mL ivpb,ceFAZolin in NS,11625
ceFAZolin 2 gm/50 mL IVPB,ceFAZolin,1068
ceFAZolin 2 gm/60 mL D5W IVPB,ceFAZolin,1491
cefEPIME 1gm inj,cefEPIME,20943
cefEPIME 2gm inj,cefEPIME,162213
cefOXiitin 1 gm inj,cefOXitin,1255
cefOXiitin 1 gm inj,cefoxitin,2105
cefOXiitin 2 gm inj,cefOXitin,4325
cefOXiitin 2 gm inj,cefoxitin,3556
cefTAZIDime 1gm inj,cefTAZIDime,25474
cefTAZIDime 2gm inj,cefTAZIDime,91054
cefTRIAXone 1 gm IV inj,cefTRIAXone,75020
cefTRIAXone 1gm IM inj,cefTRIAXone,350
cefTRIAXone 1gm IM inj,ceftriaxone,8779
cefTRIAXone 2 gm IM inj,cefTRIAXone,67
cefTRIAXone 2 gm inj,cefTRIAXone,137856
cefTRIAXone 2 gm inj,ceftriaxone,3877
cefTRIAXone 500mg IM inj,cefTRIAXone,40
cefaZOLIN 1 gm OR syringe,cefaZOLIN,107336
cefaZOLIN 1 gm inj,cefaZOLIN,174682
cefaZOLIN 1 gm/50 mL Iso-Dex,cefaZOLIN in Iso-Dex,2168
cefaZOLIN 2 g/20 mL OR syringe,ceFAZolin,4
cefaZOLIN 2 g/20 mL OR syringe,cefaZOLIN,2
cefaZOLIN 2 gm OR syringe,cefaZOLIN,32
cefaZOLIN 500 mg inj,cefaZOLIN,1081
cefepime 2 gm/NS 50 mL IVPB,cefepime,842
cefiderocol 1 gm inj,cefiderocol,1019
chlorproMAZINE 50 mg/2mL inj,chlorproMAZINE,306
clindamycin 6mg/1mL/NS neonate syringe,clindamycin in NS syringe,16
clofarabine 20 mg/20mL inj,clofarabine,19
coagulation factor IX recombinant 1000 units,factor 9,10
coagulation factor IX recombinant 2000 units,factor 9,2
coagulation factor IX recombinant 3000 units,factor 9,89
coagulation factor IX recombinant inj,coagulation factor IX,7
"coagulation factor Xa (recombinant), inactivated-zhzo (ANDEXXA)",coagulation factor Xa,53
cytarabine lipo-daunorub lipo 100mg-44mg,cytarabine liposomal-daunorubicin liposomal,3
cytarabine lipo-daunorub lipo 100mg-44mg,cytarabine-daunorubicin lipo,151
deferoxamine 2 gm inj,deferoxamine,5
defibrotide 80 mg/mL 2.5ml inj,defibrotide,91
dexamethasone 10 mg/mL 1 mL PF injection,dexamethasone,7428
dexamethasone 10 mg/mL 1 mL PF injection,dexamethasone.,4235
dexamethasone 10 mg/mL 1 mL inj,dexamethasone,1718
dilTIAZem 5 mg/mL ADD,dilTIAZem,87
droperidol 0.625 mg/mL/NS syr,droperidol,361
"epoprostenol 750,000 ng (0.75mg) inhale (Veletri)",epoprostenol,11
eravacycline 50 mg inj,eravacycline,1047
esmolol 10 mg/mL bolus from bag,esmolol,19
fentaNYL 2 mcg/mL-ropiv 0.2% EPIDURAL 50mL,fentanyl-ropivacaine 0.2%,3
fentaNYL 50 mcg/1 mL inj,fentaNYL,2258
fentanyl 500 mcg/50 mL PCA,fentaNYL pca,1
fentanyl 600 mcg/60 mL PCA,fentanyl pca,49
fluconazole 40 mg/mL UD Liquid,fluconazole,4
gabapentin 300 mg/6 mL liq UD,gabapentin,2
ganciclovir 2000 mcg/0.1 mL intravitreal inj,ganciclovir,2
gemtuzumab ozogamicin 4.5 mg/4.5 mL inj,gemtuzumab ozogamicin,44
glucarpidase 1000 units inj,glucarpidase,1
glycopyrrolate 0.2 mg/mL 2 mL syringe,glycopyrrolate,2
hePARIN Vas-Cath 1000 unit(s)/mL,hePARIN vascath,324
hemin 350 mg inj,hemin,76
heparin 100 units/mL re-bolus from bag,heparin,214
heparin 5000 units inhale,heparin,15
heparin 5000 units inhale,heparin inhale,1
hepatitis B immune globulin /NS IVPB,hepatitis B immune glob./NS,132
hepatitis B immune globulin /NS IVPB,hepatitis B immune globulin/NS IVPB,9
imdevimab 1332mg inj,imdevimab,1
imdevimab 1332mg inj,imdevimab REGN10987,15
imdevimab 300mg inj,imdevimab REGN10987,147
immune globulin intravenous 10% 10g (Gammagard S/D Low IgA),immune globulin intravenous 10%,33
immune globulin intravenous 10% 5g (Gammagard  S/D Low IgA),immune globulin intravenous 10%,5
inFLIXimab-dyyb (Inflectra) 100 mg inj,inFLIXimab-dyyb,40
inFLIXimab-dyyb (Inflectra) 100 mg inj,inFLIXimab-dyyb (Inflectra),169
indocyanine green 25 mg,indocyanine green,2416
influenza virus vaccine (Fluarix) 0.5mL inj,influenza virus 0.5 mL vaccine,1
inotuzumab 0.9 mg/3.6 mL inj,inotuzumab ozogamicin,11
insulin isophane (NPH) 100 units/mL,insulin isophane (NPH),1
insulin isophane-regular 70u-30u/mL inj 3 mL,insulin isophane-insulin regular,2
insulin lispro 10 unit(s)/mL OR syringe,insulin lispro,214
insulin lispro 10 unit(s)/mL OR syringe,insulin lispro OR,278
insulin lispro 100 unit/mL inj,insulin lispro,335
insulin lispro 100 units/mL inj.,insulin lispro,80
insulin pump patient - lispro,insulin pump patient - lispro,1
insulin pump patient - regular,insulin pump patient - regular,5
insulin regular 1 unit/mL bolus from bag,insulin regular,98
insulin regular 100 units/mL inj 3 mL,insulin regular,25431
insulin regular OR SYR 1unit(s)/mL 10mL,insulin reg human,5577
insulin regular OR SYR 1unit(s)/mL 10mL,insulin regular OR,2940
ketamine 50 mg/5 mL-NaCl 0.9% solu,ketamine,3
ketamine Bolus from bag,ketamine Bolus from bag,231
labetalol 200 mg/40 mL ADD,labetalol,2833
labetalol 200 mg/40 mL inj,labetalol,15
leucovorin 500 mg/50mL inj,leucovorin,55
levETIRAcetam 100 mg/mL ped oral syringe,levETIRAcetam,1
leveTIRACETAM 500 mg tab,leveTIRACETAM,6
levothyroxine 100 mcg (0.1 mg) inj.,levothyroxine,35654
levothyroxine 100 mcg (0.1 mg) pwd inj,levothyroxine,757
levothyroxine 100 mcg (0.1 mg)/5 mL inj,levothyroxine,1760
lidocaine 1% inj 50mL,lidocaine,1
lidocaine 1% inj for local anesthesia,lidocaine 1%,34
lidocaine 1% preservative-free inj 10mL,lidocaine 1%,4
lidocaine 2% inj for local anesthesia,lidocaine 2%,2
liothyronine 10 mcg/mL inj,liothyronine,125
melphalan 50 mg inj (EVOMELA),melphalan (EVOMELA),160
meropenem 1000 mg/ 50 mL NS IVPB,meropenem,2405
meropenem 20mg/mL/NS neonate syringe,meropenem in NS syringe,170
meropenem-vaborbactam 2gm inj,meropenem-vaborbactam,1055
methadone 10 mg/mL ADULT oral conc,methadone,1
methocarbamol 1000 mg/100 mL NS IVPB,methocarbamol in NS,1026
methocarbamol 500 mg/50 mL NS IVPB,methocarbamol in NS,589
methylPREDNISolone 8 mg tab,methylPREDNISolone,6
metroNIDAZOLE 5mg/ml CMPD,metroNIDAZOLE / NS,968
midazolam (HIGH CONCENTRATION) 5 mg/mL inj   2 mL,midazolam,1233
midazolam (HIGH CONCENTRATION) 5 mg/mL pf  1 mL inj,midazolam,1346
morphine 50 mg/50 mL PCA/NCA,morphine PCA,7592
morphine 50 mg/mL 20 mL inj,morphine,188
nf bulk,nf bulk,15
nf chemo,nf chemo,1511
nf ivpb,nf ivpb,9203
nf med,nf med,4802
nitroglycerin 0.2 mg/mL 3 mL syr CATH LAB,nitroglycerin,17
nitroglycerin 10 mg/50 mL D5W CATH LAB,nitroglycerin 10 mg/50 mL CATH LAB,272
nitroglycerin 25mg/250mL drip (100mcg/mL) for Cath Lab,nitroglycerin,30
nitroprusside 25 mg/250 mL NS Drip CATH LAB,nitroprusside 25 mg drip CATH LAB,25
nivolumab 10 mg/mL 4 mL inj,nivolumab,3
nn-levETIRAcetam 5 mg/mL NS Neonate Syringe,levETIRAcetam NS syringe,1
nn-morphine 10 mg/mL ADD,morphine,95
obinutuzumab 1000 mg/40mL,obinutuzumab,10
omadacycline 100 mg inj,omadacycline,125
oxymetazoline 0.05% nasal spray 30 mL,oxymetazoline nasal,182
oxytocin 30 units/500 mL Infusion,oxytocin infusion,5386
pamidronate 60 mg/10mL injection,pamidronate,15
papaverine 30 mg/mL 2mL inj,papaverine,2
patisiran 10 mg/5 mL inj,patisiran,2
phytonadione  (Vit K) 10 mg/mL inj,phytonadione,1089
piperacillin-tazobactam 4.5 gm / 100 mL IVPB (EUH),piperacillin-tazobactam,4085
potassium chloride 10 mEq/100 mL NS IVPB,potassium chloride,288
potassium chloride 10 mEq/100 mL NS IVPB,potassium chloride in NS,2634
potassium chloride 10 mEq/5 mL (2mEq/mL) inj,potassium chloride,11
potassium chloride 20 mEq/50 mL NS IVPB,potassium chloride,8
potassium chloride 20 mEq/50 mL NS IVPB,potassium chloride/NS,3608
potassium chloride 40 mEq/500 mL NS Premix,potassium chloride,1626
rasburicase 1.5 mg inj,rasburicase,1582
ravulizumab-cwvz 300 mg/30mL inj,ravulizumab,1
remdesivir 100 mg / 20 mL inj,remdesivir,28719
remdesivir 100 mg/250 mL IVPB,remdesivir,1594
riTUXimab (Rituxan) 100 mg inj,riTUXimab,20
riTUXimab (Rituxan) 100 mg inj,riTUXimab (Rituxan),27
riTUXimab (Rituxan) 500 mg inj,riTUXimab,17
riTUXimab (Rituxan) 500 mg inj,riTUXimab (Rituxan),11
riTUXimab 100 mg inj,RiTUXimab,527
riTUXimab 100 mg inj,riTUXimab,3246
riTUXimab 500 mg inj,riTUXimab,233
riTUXimab 500 mg inj,rituximab,21
riTUXimab-abbs (Truxima) 100 mg inj,riTUXimab-abbs,412
riTUXimab-abbs (Truxima) 100 mg inj,riTUXimab-abbs (Truxima),591
riTUXimab-abbs (Truxima) 500 mg inj,riTUXimab-abbs,82
riTUXimab-abbs (Truxima) 500 mg inj,riTUXimab-abbs (Truxima),77
sildenafil 10 mg / 12.5 mL inj. neonate syringe,sildenafil,1
sodium bicarbonate 2.5 mEq / 5 mL vial,sodium bicarbonate,49
sodium chloride 0.9% injection 20mL,sodium chloride 0.9%,36
sotrovimab 500 mg/8 mL inj,sotrovimab,8
"syringe, IV","syringe, IV",175
tagraxofusp-erzs 1000 mcg inj,tagraxofusp,15
tedizolid 200 mg inj,tedizolid,8
ticagrelor 60 mg tab,ticagrelor,1
tirofiban 12.5 mg/250 mL NS Drip CATH LAB,tirofiban in ns,2259
tirofiban 250 mcg/mL 15 mL inj CATH LAB,tirofiban,7
tirofiban 5mg/100ml Vial CATH LAB ONLY,tirofiban,9
tranexamic acid 500mg/5mL TOPICAL solution,tranexamic acid,16
trastuzumab dkst 150 mg inj,trastuzumab-dkst (Ogivri),1
trastuzumab-dkst 420 mg inj,trastuzumab-dkst (Ogivri),1
treprostinil diluent 50ml vial,treprostinil diluent,79
vancomycin 125 mg/2.5 mL Oral soln.,vancomycin,1
vancomycin 750 mg/250 mL NS IVPB,vancomycin,228
vancomycin 750 mg/250 mL NS IVPB,vancomycin/ns,326
vasopressin 1 unit/0.05 mL neonate ADD,vasopressin,8
von Willebrand factor recombinant 900-1700 units,von Willebrand factor,8
zzzD5W 250mL (Polyolefin) for chemo,d5w (polyolefin),1
zzzD5W 50 mL IV bag for chemo,d5w,127
zzzD5W 500 mL (Polyolefin) for chemo,d5w (polyolefin) for chemo,19
zzzD5W 500 mL (Polyolefin) for chemo,zzzd5w (polyolefin) for chemo,4
zzzHYDROmorphone PCA/NCA 1 mg/mL /NS syr,HYDROmorphone PCA/NCA 1 mg/ml NS syr,702
zzzHYDROmorphone PCA/NCA 1 mg/mL /NS syr,zzzHYDROmorphone PCA/NCA 1 mg/ml NS syr,2
zzzMethylPREDNISolone 2.5mg/mL/NS neonate syringe,methylPREDNISolone in NS syringe,1
zzzNS 100 mL IV bag for chemo,nacl 0.9%,142
zzzNS 1000 mL IV bag for chemo,ns,70
zzzNS 250 mL IV bag for chemo,nacl 0.9%,373
zzzNS 250mL (Polyolefin) for chemo,nacl 0.9% (polyolefin),5
zzzNS 500mL (Polyolefin) for chemo,nacl 0.9% (polyolefin),110
zzzPRMX ketamine 400 mg Drip DBL (FOR ICU),ketamine drip,86
zzzQuinidine Gluc 80 mg/mL 10mL inj,quiNIDine,562
zzzcisatracurium 2 mg/mL 5 mL inj,cisatracurium,36
zzzondansetron 4 mg/2 mL inj..,ondansetron,2
zzzondansetron 4 mg/2 mL inj..,zzzondansetron,6
zzzondansetron 4 mg/2 mL inj..,zzzondansetron..,2
