formulary_name,med_name_generic,med_action_dose_unit,volume_given,count
ADD dexmedetomidine 400 mcg/100 mL NS,dexmedetomidine,Not Recorded,,866
ALfentanil 2500 mcg/5 mL,ALfentanil,Not Recorded,,6
ANES Adenosine 3 mg/1 mL inj,adenosine,Not Recorded,,103
ANES Aminocaproic 250 mg/1 mL inj,aminocaproic acid,Not Recorded,,286
ANES Aminophylline 25 mg/1 mL inj,aminophylline,Not Recorded,,8
ANES Anti-thymocyt globulin (rabbit) 25mg/5mL,anti-thymocyt globulin (rabbit),Not Recorded,,166
ANES Atropine 1 mg/1 mL inj,atropine,Not Recorded,,194
ANES Atropine Sulfate 0.4 mg/ 1mL inj,atropine,Not Recorded,,303
ANES Bupivicaine 0.15%/NS 250 mL Epidural,bupivicaine 0.15%/NS250,Not Recorded,,1
ANES Calcium Chloride  100 mg/mL syringe,calcium chloride,Not Recorded,none,40471
ANES Calcium Gluconate 100 mg/mL inj,calcium gluconate,Not Recorded,none,971
ANES Cefoxitin 2 gm/100 mL NS,cefoxitin,Not Recorded,,1425
ANES Clevidipine 25mg/50mL Drip std*,ANES clevidipine premix,Not Recorded,,527
ANES DOBUTamine 500 mg Drip Std*,DOBUTamine/d5w,Not Recorded,none,4046
ANES DOPamine 400 mg Drip std*,DOPamine/d5w,Not Recorded,none,252
ANES Dexmedetomidine 200 mcg/50 mL NS Drip Std*,dexmedetomidine NS drip,Not Recorded,,174
ANES Dexmedetomidine 400 mcg/100 mL NS Drip Std*,dexmedetomidine NS drip,Not Recorded,,43043
ANES Diazepam 5 mg/mL inj,diazepam,Not Recorded,none,3
ANES Digoxin 0.25 mg/1 mL inj,digoxin,Not Recorded,,10
ANES Diltiazem 5 mg/1 mL inj,diltiazem,Not Recorded,,107
ANES EPInephrine 100 mcg/1 mL inj,EPInephrine,Not Recorded,,1862
ANES EPInephrine 16mcg/mL Syr OR,EPInephrine,Not Recorded,none,4006
ANES EPInephrine 4mg/D5W drip std*,EPInephrine in d5w,Not Recorded,none,19805
ANES Erythromycin 500 mg/100 mL NS IVPB,erythromycin,Not Recorded,,6
ANES Esmolol 10mg/mL OR syringe,esmolol,Not Recorded,none,30961
ANES Esmolol 2.5gm/250 mL Drip std*,esmolol,Not Recorded,,442
ANES Etomidate 2 mg/mL 20 mL inj,etomidate,Not Recorded,,4849
ANES Famotidine 10 mg/1 mL inj,fAMOTIDine,Not Recorded,,5798
ANES Fentanyl 50 mcg/1 mL inj,fentanyl,Not Recorded,,556934
ANES Flumazenil 0.1 mg/1 mL inj,flumazenil,Not Recorded,,170
ANES Fosphenytoin 50 mgpe/mL inj,fosphenytoin,Not Recorded,none,16
ANES Furosemide 10 mg/1 mL inj,fUROSEMide,Not Recorded,,2075
"ANES HePARIN 1,000 units/mL 30 mL inj",hePARIN,Not Recorded,,4303
"ANES HePARIN 25,000 units/250 mL Premix std*",hePARIN premix,Not Recorded,,400
ANES HydrALAZINE 4 mg/mL inj,hydrALAZINE,Not Recorded,none,2480
ANES HydrALAZINE 5 mg/mL inj,hydrALAZINE,Not Recorded,none,4511
ANES Hydrocortisone 50 mg/mL inj,hydrocortisone,Not Recorded,none,1427
ANES Hydromorphone 0.001%/NS Epidural,Hydromorphone 0.001%/NS Epidural,Not Recorded,none,1
ANES Hydromorphone 0.002% epidural,hydromorphone 0.002%/ns,Not Recorded,none,1
ANES Hyperal Central,Hyperal - Central,Not Recorded,none,580
ANES Hyperal Peripheral,Hyperal - Peripheral,Not Recorded,none,138
ANES Insulin Aspart 10 unit(s)/mL OR syringe,insulin aspart,Not Recorded,none,1
ANES Insulin Reg Human 100units Drip std*,insulin reg human in ns,Not Recorded,none,12394
ANES Insulin Reg Human 250units Drip std*,insulin reg human in ns,Not Recorded,none,15665
ANES Isoproterenol 1 mg/250 mL drip std*,isoproterenol,Not Recorded,,23
ANES Isoproterenol 200 mcg/1 mL inj,isoproterenol,Not Recorded,,47
ANES Ketamine 50 mg/1 mL inj,ketamine,Not Recorded,,7268
ANES Labetalol 5 mg/1 mL inj,labetalol,Not Recorded,,21486
ANES LeveTIRACETAM 500mg/5mL,leveTIRACETAM,Not Recorded,,89
ANES Lidocaine 2 gm/250 mL D5W Drip std*,lidocaine in d5w,Not Recorded,,9359
ANES Magnesium Sulf 500 mg/1 mL OR syringe,magnesium sulfate,Not Recorded,,139
ANES Meperidine 0.1%/Bupivacaine 0.1% epidural,meperidine 0.1%/bupiv 0.1%/ns,Not Recorded,none,2
ANES MethylPREDNISolone 62.5 mg/1 mL  inj,methylPREDNISolone,Not Recorded,,2027
ANES Methyldopa 50 mg/mL inj,methyldopa,Not Recorded,none,1
ANES MetoCLOPRAMIDE 5 mg/1 mL inj,metoCLOPRAMIDE,Not Recorded,,361
ANES MetoPROLOL 1 mg/mL inj,metoPROLOL,Not Recorded,none,9906
ANES Midazolam 1mg/mL inj 5 mL,midazolam,Not Recorded,,140813
ANES Milrinone 1 mg/mL inj,milrinone,Not Recorded,none,336
ANES Milrinone 40 mg Drip std*,milrinone/d5w,Not Recorded,none,4668
ANES Morphine-PF 0.5 mg/mL inj,morphine,Not Recorded,none,23
ANES NOREPInephrine 4mg Drip std*,NOREPInephrine in d5w,Not Recorded,none,85943
ANES Neostigmine 1 mg/mL inj,neostigmine,Not Recorded,none,46603
ANES Nitroglycerin 50 mg/250 mL D5W Drip std*,nitroglycerin/d5w,Not Recorded,,1015
ANES Nitroprusside 50 mg/250 mL NS Drip Std*,nitroprusside,Not Recorded,,119
ANES Octreotide  500  mcg/100 mL NS Drip Std*,octreotide,Not Recorded,,131
ANES Ondansetron 2 mg/1 mL inj,ondansetron,Not Recorded,,58596
ANES PHENYLephrine 100mcg/mL OR syringe,PHENYLephrine,Not Recorded,none,472922
ANES PHENYLephrine 25mg/250 mL NS drip std*,PHENYLephrine in ns,Not Recorded,,45734
ANES Piperacillin-Tazobactam 3.375gm inj,piperacillin-tazobactam,Not Recorded,none,7
ANES Procainamide 100 mg/mL inj,procainamide,Not Recorded,none,3
ANES Propofol 10 mg/1 mL inj,propofol,Not Recorded,,361295
ANES Propofol 1000 mg/100 mL Drip std*,propofol,Not Recorded,,28607
ANES REMIfentanil 10 mcg/mL inj,REMIfentanil,Not Recorded,none,705
ANES REMIfentanil 25 mcg/mL inj,REMIfentanil,Not Recorded,none,54
ANES REMIfentanil 5 mcg/mL inj,REMIfentanil,Not Recorded,none,52
ANES REMIfentanil 50 mcg/mL inj,REMIfentanil,Not Recorded,none,232
ANES Ranitidine 25 mg/mL inj,ranitidine,Not Recorded,none,20
ANES Rocuronium 10 mg/mL 10 mL inj,rocuronium,Not Recorded,,330545
ANES SUfentanil 50 mcg/mL inj,SUfentanil,Not Recorded,none,5761
ANES Sodium Bicarb 1 mEq/mL syringe,sodium bicarbonate,Not Recorded,none,4751
ANES Succinylcholine 20mg/ml 10ml OR syringe,succinylcholine,Not Recorded,,51614
ANES Tranexamic acid 100 mg/100mL NS,tranexamic acid,Not Recorded,,55771
ANES Tranexamic acid 50 mg/mL inj,tranexamic acid,Not Recorded,none,13001
ANES Vasopressin 2 units/mL inj,vasopressin,Not Recorded,none,15725
ANES Vecuronium 1 mg/mL inj,vecuronium,Not Recorded,none,44930
ANES Verapamil 2.5 mg/mL inj,verapamil,Not Recorded,none,50
ANES albuterol CFC free 90 mcg/inh,albuterol,Not Recorded,none,923
ANES amiodarone 750 mg/500 mL D5W Premix,amiodarone 750mg/500mL D5W drip,Not Recorded,,1518
ANES basiliximab 20mg/50 mL NS,basiliximab,Not Recorded,,2952
ANES bivalirudin 250 mg / 50 mL NS,bivalirudin,Not Recorded,,353
ANES bupivacaine 0.25%/ns epidural,bupivacaine 0.25%/ns epidural,Not Recorded,none,7
ANES cisatracurium 2 mg/mL 10 mL inj,cisatracurium,Not Recorded,,13123
ANES citric acid-sodium citrate soln,citric acid-na citrate,Not Recorded,none,15
ANES desmopressin 40 mcg/50 mL NS,ANES desmopressin,Not Recorded,,508
"ANES epoprostenol 20,000ng/mL inhale",epoprostenol inhale,Not Recorded,none,1319
ANES hePARIN 1000 units/mL 1 mL inj,hePARIN,Not Recorded,,27703
ANES ketamine 10 mg/1 mL,ketamine,Not Recorded,,46914
ANES ketamine 100 mg/1 mL,ketamine,Not Recorded,,2192
ANES ketamine 200 mg/50 mL drip,ketamine,Not Recorded,,410
ANES levothyroxine 0.4 mcg/mL IV,levothyroxine,Not Recorded,none,97
ANES methocarbamol 500 mg/50 mL NS,methocarbamol,Not Recorded,,1526
ANES methylPREDNISolone 500 mg/50 mL NS,methylPREDNISolone,Not Recorded,,2088
ANES micafungin 1.5 mg/mL,micafungin,Not Recorded,none,14
ANES mycophenolate 750mg/250 mL D5W,mycophenolate mofetil,Not Recorded,,195
ANES niCARdipine 40 mg/200mL NS  Drip std*,ANES niCARdipine/NS drip,Not Recorded,,2131
ANES oxytocin 10 units/mL,oxytocin,Not Recorded,none,2
"ANES penicillin 2,000,000 U/50 mL IVPB",penicillin 2MU IVPB,Not Recorded,,6
ANES protAMINE 10 mg/mL inj,protAMINE,Not Recorded,none,20363
ANES sugammadex 100 mg/mL soln,sugammadex,Not Recorded,none,75288
ANES vasopressin 20 unit/50 mL NS drip,vasopressin 100 drip,Not Recorded,,6369
ANES vasopressin 20 unit/50 mL NS drip,vasopressin 200 drip,Not Recorded,,215
ANES vasopressin 20 unit/50 mL NS drip,vasopression 20 unit drip,Not Recorded,,12614
ANES verapamil 100 mcg/mL CATH LAB,verapamil,Not Recorded,none,1
ANESMycophenolate 500 mg inj,mycophenolate,Not Recorded,none,2
Abatacept 250 mg inj,abatacept,Not Recorded,none,124
Abciximab 10 mg/5 mL inj,abciximab,Not Recorded,,70
Abciximab 10 mg/5 mL inj ADD,abciximab ADD,Micrograms/Minute,,292
AcetaZOLAMIDE 250 mg tab,acetaZOLAMIDE,Not Recorded,,1
AcetaZOLAMIDE 500 mg inj,acetaZOLAMIDE,Not Recorded,none,10966
Acetaminophen 100 mg/mL Ped liq BULK btl.,acetaminophen,Not Recorded,none,1
Acetaminophen 1000mg/100mL IVPB,acetaminophen,Not Recorded,,94592
Acetaminophen 100mg/mL Ped oral syringe,acetaminophen ped liq,Not Recorded,none,1
Acetaminophen 120 mg supp,acetaminophen,Not Recorded,none,1
Acetaminophen 160 mg/5 mL liq. 120mL,acetaminophen,Not Recorded,,2
Acetaminophen 325 mg supp,acetaminophen,Not Recorded,none,4
Acetaminophen 325 mg tab,acetaminophen,Not Recorded,,531
Acetaminophen 650 mg supp,acetaminophen,Not Recorded,none,33
Acetaminophen 650/20.3  mL liq,acetaminophen,Not Recorded,,11
Acetylcholine I-coronary 0.18mcg/mL Low conc. 20mL syringe,acetylcholine i-cornonary low conc.,Not Recorded,,17
Acetylcholine I-coronary 18mcg/mL High conc. 20mL syringe,acetylcholine i-cornonary High conc.,Not Recorded,,17
Acetylcysteine 10% Sol 10 mL,acetylcysteine 10%,Not Recorded,,1
Acetylcysteine 20% High dose oral 2000mg,acetylcysteine 20%,Not Recorded,none,1
Acetylcysteine 20% IV injection,acetylcysteine,Not Recorded,none,19309
Acetylcysteine 20% IV injection,acetylcysteine 20%,Not Recorded,none,6425
Acetylcysteine 20% IV injection,acetylcysteine 20% injection,Not Recorded,none,8956
Acyclovir 1gm inj,acyclovir,Not Recorded,none,11137
Acyclovir 500 mg inj,acyclovir,Not Recorded,none,169
Acyclovir 500mg/10mL inj,acyclovir,Not Recorded,,33954
Acyclovir 7mg/mL/NS neonate syringe,acyclovir in NS syringe,Not Recorded,none,96
Acyclovir 800 mg tablet,acyclovir,Not Recorded,none,1
Adenosine 180 mg/90 mL D5W DBL CATH LAB,adenosine dbl drip,Not Recorded,,9
Adenosine 3 mg/mL inj 20mL for cath lab,adenosine,Not Recorded,,301
Adenosine 3 mg/mL inj 30mL Nuc Med/CARD MRI,adenosine,Not Recorded,,2
Adenosine 3 mg/mL inj 30mL Nuclear Medicine,adenosine,Not Recorded,,3
Adenosine 3mg/mL iv neonate,adenosine,Not Recorded,none,1
Adenosine 5mg/250mL NS CATH LAB,adenosine/ns,Not Recorded,,236
Adenosine 6 mg/2 mL inj,adenosine,Not Recorded,,4859
Adenosine 90 mg/NS 50mL,adenosine,Not Recorded,,12
Ado-Trastuzumab emtansine 100mg inj.,ado-trastuzumab emtansine,Not Recorded,none,1
Al/Mg hydrox/Simeth (Maalox) liq,Al/Mg hydrox/Simeth liq,Not Recorded,none,1
Al/Mg hydrox/Simeth (Maalox) liq 30mL UD,Al/Mg hydrox/Simeth (Maalox) liq,Not Recorded,,1
Albumin 5% 50 mL (2.5gm) inj,albumin 5%,Not Recorded,,14
Albumin Human 25% 100mL,albumin 25%,Not Recorded,,6304
Albumin Human 25% 50mL,albumin 25%,Not Recorded,,77694
Albumin Human 5% 250 mL,albumin 5%,Not Recorded,,75690
Albumin Human 5% 500 mL (OR USE ONLY),albumin 5%,Not Recorded,,50485
Albuterol 5 mg/mL inhale 20mL soln.,albuterol,Not Recorded,,1
Albuterol 70mg (10mg/hr) cont. inhalation,albuterol inhale,Not Recorded,none,3
Albuterol Aerosol Inhaler,albuterol inhaler,Not Recorded,none,301
Albuterol Aerosol Inhaler (Selfuse),albuterol,Not Recorded,none,3
Albuterol Aerosol Inhaler (WW),albuterol,Not Recorded,none,6
Albuterol CFC free 90 mcg/inh aero,albuterol,Not Recorded,none,194
Albuterol CFC free 90 mcg/inh aero.,albuterol,Not Recorded,none,3
Alcohol (Dehydrated) 1mL inj,ethyl alcohol,Not Recorded,,4
"Alcohol, Ethyl (Dehydrated) 5 mL inj","alcohol, ethyl",Not Recorded,,97
"Aldesleukin 22,000,000 unit(s) inj",aldesleukin,Not Recorded,none,337
Alemtuzumab 30 mg/mL inj,alemtuzumab,Not Recorded,none,102
Allopurinol 500 mg inj,allopurinol,Not Recorded,none,255
Alprazolam 0.5 mg tab,alprazolam,Not Recorded,,1
Alprostadil 500 mcg inj,alprostadil,Not Recorded,none,195
Alteplase 100 mg inj,"alteplase, t-pa",Not Recorded,none,952
Alteplase 100 mg inj ADD,"alteplase, t-pa ADD",Not Recorded,none,4452
Alteplase 1mg/mL for Stroke protocol use only,alteplase,Not Recorded,none,665
Alteplase 2 mg inj for drip,alteplase for drip,Not Recorded,none,2150
Alteplase 30mg/30mL NS for Chest Tube,alteplase in syringe,Not Recorded,,3
Alteplase 50 mg inj,alteplase,Not Recorded,none,2414
Alteplase 50 mg inj ADD,"alteplase, t-pa ADD",Not Recorded,none,354
Alteplase Intrathecal/Intravent syringe,alteplase intra-thecal syringe,Not Recorded,none,9
"Alteplase,Cathflo 2 mg inj",alteplase,Not Recorded,none,42229
"Alteplase,Cathflo 20mg/20mL syringe for i-arterial",alteplase in syringe,Not Recorded,,41
Amifostine 500 mg inj,amifostine,Not Recorded,none,1
Amikacin Nebulized Soln.,amikacin,Not Recorded,none,1
Amikacin Sulf. 1000mg/4mL inj,amikacin,Not Recorded,,591
Amikacin Sulfate 500 mg/ 2 mL inj,amikacin,Not Recorded,,1051
Amino Acid 3% UAC Line Fluid,amino acid 3% UAC,Not Recorded,none,27
Amino Acid Injection 50gm/1000ml for Lutathera,Amino Acid Injection 50gm/1000ml for Lutathera,Not Recorded,,701
Amino Acids 10% (Trophamine) 500mL,amino acid 10%,Not Recorded,,14
Amino Acids 15% (Clinisol) inv. protocol AAA-177Lu-03,Amino Acids 15% (Clinisol) inv. protocol AAA-177Lu-03,Not Recorded,none,38
Amino Acids 3% and Glycerin 3% / Lytes (ProcalAmine) 1000 mL,Amino acid Lytes 3% / Glycerin 3%,Not Recorded,,13791
Aminocaproic 500 mg tab,aminocaproic acid,Not Recorded,,2
Aminocaproic 5gm/20 mL inj,aminocaproic acid,Not Recorded,,26876
Aminocaproic acid 250mg/mL oral syrup,aminocaproic acid,Not Recorded,none,13
Aminophylline 250 mg/ 10 mL inj,aminophylline,Not Recorded,,4
Aminophylline 500 mg/ 20 mL inj,aminophylline,Not Recorded,,51
Aminophylline 5mg/mL for ped syringe,aminophylline/ns,Not Recorded,none,1
Aminosyn II 10% Solution 2000 mL (amino acid injection),amino acids 10%,Not Recorded,,46
Amiodarone 150 mg/100 mL Bolus,amiodarone,Not Recorded,,3165
Amiodarone 150 mg/100 mL Bolus,amiodarone in iso-dex,Not Recorded,,792
Amiodarone 150 mg/100 mL iso-dex Bolus,amiodarone in iso-dex,Not Recorded,,30110
Amiodarone 150 mg/3 mL inj,amiodarone,Milligrams/Minute,,639678
Amiodarone 200 mg tab,amiodarone,Not Recorded,,19
Amiodarone 450 mg/9 mL inj,amiodarone,Not Recorded,,46967
Amiodarone 900 mg Drip,amiodarone 900 mg drip,Not Recorded,none,24
Amobarbital 500 mg inj,amobarbital,Not Recorded,none,1
Amphotericin  liposomal  50 mg inj (Ambisome),amphotericin b liposome,Not Recorded,none,6039
Amphotericin-B 50 mg inj,amphotericin B,Not Recorded,none,19
Amphotericin-B 5mg/mL/D5W neonate syringe,amphotericin B in D5W syringe,Not Recorded,none,1
Ampicillin 0.01mg/mL for Desensitization,ampicillin/ns for desensitization,Not Recorded,none,3
Ampicillin 0.1mg/mL for Desensitization,ampicillin/ns for desensitization,Not Recorded,none,3
Ampicillin 10 gm inj,ampicillin,Not Recorded,none,580
Ampicillin 10mg/mL for Desensitization,ampicillin/ns for desensitization,Not Recorded,none,3
Ampicillin 1gm IVPB,ampicillin in ns,Not Recorded,none,4442
Ampicillin 1gm inj,ampicillin,Not Recorded,none,2635
Ampicillin 2 gm inj,ampicillin,Not Recorded,none,11900
Ampicillin 250 mg inj,ampicillin,Not Recorded,none,87
Ampicillin 2gm IVPB,ampicillin in ns,Not Recorded,none,36652
Ampicillin 500 mg inj,ampicillin,Not Recorded,none,975
Ampicillin 500mg IVPB,ampicillin in ns,Not Recorded,none,197
Ampicillin 50mg/mL for Desensitization,ampicillin/ns for desensitization,Not Recorded,none,3
Ampicillin-Sulbactam  1.5gm inj,ampicillin-sulbactam,Not Recorded,none,3210
Ampicillin-Sulbactam 3gm inj,ampicillin-sulbactam,Not Recorded,none,14266
Ampicillin/Sulbactam 1.5gm IVPB,ampicil/sulbact in ns,Not Recorded,none,8173
Ampicillin/Sulbactam 3gm  IVPB,Ampicil/sulbact in ns,Not Recorded,none,103154
Angiotensin II 2.5mg/ml,angiotensin II,ng/kg/min,none,17322
Anti-Thymocyte Globulin (Rabbit) 25 mg/5 mL,anti-thymocyt globulin(rabbit),Not Recorded,,4136
Anti-Thymocyte Globulin for study,thymocyt glob/PBO p# ITN028A1,Not Recorded,none,5
Anti-Thymocyte Globulin for study2,thymocyt glob p#thymo102700103,Not Recorded,none,3
Anticoagulant Citrate B 500 mL,Anticoagulant citrate B,Not Recorded,,1
Anticoagulant Citrate Dextrose A 1000mL,Anticoagulant citrate dext-A,Not Recorded,,68
Anticoagulant Citrate Soln-A 500mL,anticoagulant citrate dext-A,Not Recorded,,89
Antihemophilic factor-von Willebrand factor Bolus,antihemophilic factor-von Willebrand in syringe,Not Recorded,none,126
Antihemophilic factor-von Willebrand factor inj,antihemophilic factor-von Willebrand,Not Recorded,none,119
Antithrombin III 500 units bolus,antithrombin III in syringe,Not Recorded,none,426
Antithrombin III 500 units-bolus,antithrombin III,Not Recorded,none,433
Antithrombin III 500 units-bolus,antithrombin III in syringe,Not Recorded,none,15
Antithrombin III 500 units-bolus (OR CHARGE),antithrombin III,Not Recorded,none,13
Antivenin (Crotalidae) polyvalent inj,"crotalidae, antivenin",Not Recorded,none,69
Aprepitant 125 mg cap,aprepitant,Not Recorded,,1
Aprepitant 125 mg-80 mg kit,aprepitant,Not Recorded,none,1
Aprepitant 40 mg caps,aprepitant,Not Recorded,none,327
Aprepitant 80 mg cap,aprepitant,Not Recorded,,45
Argatroban 250 mg vial,argatroban,Not Recorded,none,128662
Arginine 10% 300 mL,arginine 10%,Not Recorded,,498
Arsenic 10mg/10mL inj,arsenic trioxide,Not Recorded,,1009
Ascorbic 500 mg/mL 50 mL inj,ascorbic acid,Not Recorded,,15274
Ascorbic Acid 500 mg tab,ascorbic acid,Not Recorded,,2
Ascorbic Acid 500mg inj,ascorbic acid,Not Recorded,none,9
Ascorbic acid 500 mg/mL 1mL inj,ascorbic acid,Not Recorded,,311
Aspirin 300 mg supp,aspirin,Not Recorded,none,4
Aspirin 325 mg tab,aspirin,Not Recorded,,33
Aspirin 600 mg supp,aspirin,Not Recorded,none,1
Aspirin 81 mg chew tab,aspirin chewable,Not Recorded,,78
Aspirin Buffered 325 mg tab,"aspirin, buffered",Not Recorded,,43
Aspirin EC 325 mg tab,aspirin ec,Not Recorded,,100
Atorvastatin 80 mg tab,atorvastatin,Not Recorded,,1
Atracurium 50 mg/5 mL inj,atracurium,Microgram/Kilogram/Minute,,42
Atropine 0.4mg/mL 20mL,atropine,Not Recorded,,8
Atropine 0.5mg/5mL inj,atropine,Not Recorded,,47
Atropine 1 mg/1 mL inj,atropine,Not Recorded,,241
Atropine Sulfate 0.4 mg/ 1mL inj,atropine,Not Recorded,,2066
Atropine Sulfate 1 mg/10 mL inj,atropine sulfate,Not Recorded,,1924
Avibactam-CefTAZidime 2.5 gm inj,avibactam-cefTAZidime,Not Recorded,none,6161
Azacitidine 100 mg/10mL inj (IV),azacitidine,Not Recorded,,452
Azacitidine 100 mg/4mL inj (SubQ),azacitidine,Not Recorded,,6
Azathioprine 100 mg inj,azathioprine,Not Recorded,none,25
Azithromycin 100 mg/5 mL susp.,azithromycin,Not Recorded,,1
Azithromycin 250 mg tablet,azithromycin,Not Recorded,none,2
Azithromycin 500 mg inj,azithromycin,Not Recorded,none,598
Azithromycin 500mg/NS 250ml IVPB,Azithromycin in ns,Not Recorded,,49426
Azithromycin 600 mg tab,azithromycin,Not Recorded,,1
Aztreonam 1gm/50 mL Iso-Dex IVPB,aztreonam in Iso-Dex,Not Recorded,,6030
Aztreonam 1gm/50mL NS IVPB,aztreonam in ns,Not Recorded,,6170
Aztreonam 20mg/mL neonate syringe,aztreonam/ns,Not Recorded,none,60
Aztreonam 20mg/mL neonate syringe,aztreonam/ns syringe,Not Recorded,none,1
Aztreonam 2gm/100mL NS IVPB,aztreonam/ns,Not Recorded,,6597
Aztreonam 2gm/50 mL Iso-Dex IVPB,aztreonam in Iso-Dex,Not Recorded,,10189
Aztreonam 75 mg for Inhalation,aztreonam,Not Recorded,none,3
"Bacitracin 50,000 unit inj",bacitracin,Not Recorded,none,89
Baclofen 10 mg tab,baclofen,Not Recorded,,1
"Bag, Empty Sterile (Polyolefin) 2L","bag, empty sterile (polyolefin)",Not Recorded,,55
"Bag, PCA  Infusion",pca -  bag,Not Recorded,none,210
"Bag, Sterile Empty","Bag, Sterile Empty",Not Recorded,none,647
"Bag, Sterile Empty for IVPB","Bag, Sterile Empty",Not Recorded,none,108
"Bag, sterile for invst study","bag, sterile for invst study",Not Recorded,none,2
Basiliximab 20mg inj,basiliximab,Not Recorded,none,2647
Belatacept 250mg inj,belatacept,Not Recorded,none,1990
Bendamustine 100 mg inj,bendamustine,Not Recorded,none,4
Bendamustine 100 mg/4mL inj,bendamustine,Not Recorded,,70
Benzocaine 20% Mouth Gel,benzocaine 20%,Not Recorded,none,1
Benzocaine 20% oral aerosol spray,benzocaine 20%,Not Recorded,none,48
Benzocaine topical 20% spray 0.5mL UD,benzocaine topical,Not Recorded,,1
Benztropine 2 mg/2 mL inj,benztropine,Not Recorded,,115
BetamethPhos/Acetate 6 mg/mL 5 mL inj,betamethasone,Not Recorded,,3
Bevacizumab 100mg/4mL,bevacizumab,Not Recorded,,39
Bevacizumab 400mg inj,bevacizumab,Not Recorded,none,26
Bivalirudin 250mg/NS,bivalirudin in ns,Not Recorded,none,71146
Bleomycin 15 units inj,bleomycin,Not Recorded,none,36
Bleomycin 30 units inj.,bleomycin,Not Recorded,none,2
Blinatumomab 35 mcg inj,blinatumomab,Not Recorded,none,300
Bortezomib 3.5 mg inj (IV),bortezomib,Not Recorded,none,32
Bortezomib 3.5 mg inj (SubQ),bortezomib in syringe,Not Recorded,none,2
Brand necessary-Ciprofloxacin 400mg/200mL D5W premix ivpb,ciprofloxacin in D5W,Not Recorded,,4125
Brentuximab vedotin 50 mg inj,brentuximab vedotin,Not Recorded,none,10
Bumetanide 0.25 mg/mL 10 mL inj,bumetanide,Milligram/Hour,,50371
Bumetanide 1 mg/4 mL inj,bumetanide,Not Recorded,,11559
Bupivacaine  0.25% w/Epi  30 mL,bupivacaine 0.25% w/epi,Not Recorded,,37
Bupivacaine  0.25% w/Epi  PF 30 mL,bupivacaine 0.25% w/epi,Not Recorded,,2
Bupivacaine  0.5% w/Epi 10 mL inj,bupivacaine 0.5% w/epi,Not Recorded,,10
Bupivacaine 0.25% 30 mL inj,bupivacaine 0.25%,Not Recorded,,19
Bupivacaine 0.25% pf  10mL inj,bupivacaine 0.25% pf,Not Recorded,,13
Bupivacaine 0.25% pf 30mL inj,bupivacaine 0.25% pf,Not Recorded,,5
Bupivacaine 0.5% 10 mL inj,bupivacaine 0.5%,Not Recorded,,152
Bupivacaine 0.5% pf 10 mL inj,bupivacaine 0.5%,Not Recorded,,43
Bupivacaine 0.5% pf 30 mL inj,bupivacaine 0.5%,Not Recorded,,2909
Bupivacaine 0.5% pf inj 10mL,bupivacaine 0.5% pf,Not Recorded,,4
Bupivacaine 0.75% 10 mL inj pf,bupivacaine 0.75%,Not Recorded,,4
Bupivacaine Spinal 0.75% 2 mL inj,bupivacaine 0.75%,Not Recorded,,10
Bupivacaine liposome 1.3% (13.3 mg/mL) inj. 20mL,bupivacaine liposome,Not Recorded,,7
Buprenorphone 0.3 mg/ 1 mL inj,buprenorphine,Not Recorded,,11
Busulfan 6mg/mL 10 mL inj,busulfan,Not Recorded,,1722
Butorphanol 2 mg/mL inj,butorphanol,Not Recorded,none,312
Butorphanol 4 mg/2 mL inj,butorphanol,Not Recorded,,15
C1 Esterase Inhibitor 500 units inj (Berinert),C1 esterase inhibitor,Not Recorded,none,19
C1 Esterase Inhibitor 500 units inj (Berinert) (pt. Own Med),C1 esterase inhibitor,Not Recorded,none,2
"C1 esterase inhibitor, human 500 units (Cinryze)","C1 esterase inhibitor, human",Not Recorded,none,1
CARBOplatin 10 mg/mL inj,CARBOplatin,Not Recorded,none,1441
CARBOplatin 150mg inj,CARBOplatin,Not Recorded,none,3
CISplatin 100 mg/100mL inj,CISplatin,Not Recorded,,13
CISplatin 200  mg/200  mL inj,CISplatin,Not Recorded,,4265
"CMPD fentanyl  2,500 mcg vial",fentanyl citrate,Not Recorded,none,15018
CaRVEDILOL 12.5 mg tab,CaRVEDILOL,Not Recorded,,1
CaRVEDILOL 25 mg tab,CaRVEDILOL,Not Recorded,,1
Caffeine Citrate 20mg/mL neonate syringe,caffeine citrate syringe,Not Recorded,none,439
Caffeine Citrate 60mg/3ml inj,caffeine citrate,Not Recorded,,6
Caffeine-Sod Benz 500 mg/2 mL inj,caffeine-sodium benzoate,Not Recorded,,182
Calcitonin 400 IU/2 mL inj,calcitonin,Not Recorded,,2
Calcitriol 1 mcg/1 mL inj,calcitriol,Not Recorded,,446
Calcium Chloride  1gm/10 mL inj vial,calcium chloride,Not Recorded,,2793
Calcium Chloride  1gm/10 mL syringe,calcium chloride,Not Recorded,,32810
Calcium Chloride (45x) 6.3gm granules,calcium chloride,Not Recorded,none,7
Calcium Glubionate 1.8 gm/5 ml liq 15 mL,calcium glubionate,Not Recorded,,1
Calcium Gluconate 1 gm/10 mL inj,calcium gluconate,Not Recorded,,143562
Calcium Gluconate 1 gm/10 mL inj ADD,calcium gluconate,Grams/Hour,,29686
Calcium chloride 5.1gm granules,calcium chloride,Not Recorded,none,1
Calcium gluconate 50mg/mL/NS neonate syringe,calcium gluconate in NS syringe,Not Recorded,none,168
Carbidopa-Levodopa 25/100 CR tab,carbidopa-levodopa cr 25/100,Not Recorded,,1
Carbidopa-Levodopa 25/100 tab,carbidopa-levodopa 25/100,Not Recorded,,1
Carbidopa/Entacapone/Levodopa 37.5 mg-200 mg-150 mg tabl,carbidopa/entacapone/levodopa 37.5/200/150,Not Recorded,none,1
Carboprost Trm 250 mcg/ 1 mL,carboprost,Not Recorded,,8
Carfilzomib 60 mg inj,carfilzomib,Not Recorded,none,19
Carmustine 100 mg inj,carmustine,Not Recorded,none,321
CeFAZOLIN 2 g/50 mL,ceFAZolin in iso-dex,Not Recorded,,90075
CeFAZOLIN 2 g/50 mL,ceFAZolin ivpb,Not Recorded,,104079
CeFAZolin 500mg (10gm vial),ceFAZolin,Not Recorded,none,3100
CeTUXimab 2 mg/mL 50 mL inj,ceTUXimab,Not Recorded,,3
CefEPIME 1 gm/D5W 50mL IVPB,cefepime in D5W,Not Recorded,,8193
CefEPIME 1 gm/ns 100ml,cefEPIME in NS,Not Recorded,,496
CefEPIME 20mg/mL neonate syringe,cefEPIME in syringe,Not Recorded,none,32
CefEPIME 2gm/D5W 50mL IVPB,cefEPIME in d5W,Not Recorded,,73715
CefTAZIDime 1gm IVPB,cefTAZIDime in ns,Not Recorded,none,8950
CefTAZIDime 1gm/50 mL IVPB,cefTAZIDime IVPB,Not Recorded,,506
CefTAZIDime 1gm/50 mL IVPB,cefTAZIDime ivpb,Not Recorded,,109
CefTAZIDime 1gm/50 mL Iso-Dex,cefTAZIDime in Iso-Dex,Not Recorded,,31
CefTAZIDime 2gm/100 mL IVPB,cefTAZIDime in ns,Not Recorded,,5
CefTAZIDime 2gm/100 mL IVPB,cefTAZIDime ivpb,Not Recorded,,1008
CefTAZIDime 2gm/50 mL IVPB,cefTAZIDime ivpb,Not Recorded,,6021
CefTAZIDime 2gm/50 mL Iso-Dex,cefTAZIDime in Iso-Dex,Not Recorded,,4467
CefTAZIDime 2gm/NS IVPB,cefTAZIDime in ns,Not Recorded,none,45946
CefTAZIDime 40mg/mL NS neonate syringe,cefTAZIDime in NS syringe,Not Recorded,none,74
CefTAZIDime 40mg/mL NS neonate syringe,cefTAZidime in NS syringe,Not Recorded,none,212
CefTAZidime 2.25mg/0.1mL for Intravitreal inj.,cefTAZidime intravitreal,Not Recorded,,9
CefaZOLIN 1gm/50 mL Iso-Dex,cefaZOLIN in iso-dex,Not Recorded,,98944
CefaZOLIN 20mg/mL/NS neonate syringe,cefaZOLIN in NS syringe,Not Recorded,none,25
Cefazolin 2 gm/NS IVPB,cefazolin in ns,Not Recorded,none,3551
Cefepime 2gm Desensitization Rx Protocol- initiate,Cefepime 2gm Desensitization Rx Protocol- initiate,Not Recorded,none,2
Cefotaxime 1 gm inj,cefotaxime,Not Recorded,none,6
Cefotaxime 50mg/mL neonate syringe,cefotaxime in syringe,Not Recorded,none,108
Cefoxitin 1gm in Iso Dex,cefoxitin in iso dex,Not Recorded,none,2264
Cefoxitin 1gm in NS,cefOXitin in NS,Not Recorded,none,57
Cefoxitin 2gm in Iso Dex,cefoxitin in iso dex,Not Recorded,none,8513
Cefoxitin 2gm in NS,cefOXitin in NS,Not Recorded,none,1000
Ceftaroline 400 mg inj,ceftaroline,Not Recorded,none,6123
Ceftaroline 600 mg inj,ceftaroline,Not Recorded,none,17749
Ceftazidime 10mg/mL 2mL lock soln.,ceftazidime lock soln.,Not Recorded,,5
Ceftolozane-Tazobactam 1500mg inj,ceftolozane-tazobactam,Not Recorded,none,6239
Ceftriaxone 1gm/ 50mL NS,ceftriaxone in NS,Not Recorded,,2105
Ceftriaxone 1gm/50 mL Iso-Dex,ceftriaxone in iso-dex,Not Recorded,,52262
Ceftriaxone 1gm/50 mL NS,ceftriaxone in NS,Not Recorded,,20410
Ceftriaxone 250 mg for neonate,ceftriaxone,Not Recorded,none,2
Ceftriaxone 250 mg inj,ceftriaxone,Not Recorded,none,208
Ceftriaxone 250mg/mL IM neonate syringe,ceftriaxone,Not Recorded,none,9
Ceftriaxone 2gm/50 mL Iso-Dex,ceftriaxone in Iso-Dex,Not Recorded,,47463
Ceftriaxone 2gm/50 mL NS,ceftriaxone in NS,Not Recorded,,11746
Ceftriaxone 40mg/mL/ neonate syringe,ceftriaxone in syringe,Not Recorded,none,2
Ceftriaxone 40mg/mL/NS neonate syringe,ceftriaxone in NS syringe,Not Recorded,none,1
Cefuroxime 1500 mg inj,cefuroxime,Not Recorded,none,10250
Cefuroxime 1500mg/NS 100mL IVPB,cefuroxime in ns,Not Recorded,,35271
Cefuroxime 750 mg inj,cefuroxime,Not Recorded,none,23
Cefuroxme 1.5 gm/50 mL Iso-Dex,cefuroxime in iso-dex,Not Recorded,,1946
Celecoxib 100 mg cap,celecoxib,Not Recorded,,3
Celecoxib 200 mg cap,celecoxib,Not Recorded,,32
Central Parenteral Nutrition,Central Parenteral Nutrition (hyperal),Not Recorded,none,1352817
Central TPN,Central TPN,Not Recorded,none,127859
Cetuximab 2 mg/mL 100mL,cetuximab,Not Recorded,,3
Chloramphenicol 1gm inj,chloramphenicol,Not Recorded,none,9
Chloraseptic throat spray,chloraseptic,Not Recorded,none,1
Chloroprocane-MPF 3% inj,chloroprocaine 3%,Not Recorded,none,2
Chlorothiazide 125 mg in syringe,chlorothiazide syringe,Not Recorded,none,841
Chlorothiazide 250 mg in syringe,chlorothiazide syringe,Not Recorded,none,3396
Chlorothiazide 250 mg tab,chlorothiazide,Not Recorded,,1
Chlorothiazide 50 mg/1 mL liq Extemp,chlorothiazide,Not Recorded,,5
Chlorothiazide 500 mg inj,chlorothiazide,Not Recorded,none,29588
Chlorothiazide 500 mg injection,chlorothiazide,Not Recorded,none,3087
ChlorproMAZINE 25 mg/1 mL inj,chlorproMAZINE,Not Recorded,,197
Chromic 4 mcg/ml Inj,chromic chloride,Not Recorded,none,114
Cidofovir 375 mg/ 5mL inj,cidofovir,Not Recorded,,45
Ciprofloxacin 200 mg/20 mL inj,ciprofloxacin,Not Recorded,,12
Ciprofloxacin 400 mg/40 mL inj,ciprofloxacin,Not Recorded,,33
Ciprofloxacin 500 mg tab,ciprofloxacin,Not Recorded,,1
Cisatracurium 10 mg/mL  20 mL inj,cisatracurium,Microgram/Kilogram/Minute,,135832
Cisatracurium 2 mg/mL 10 mL inj,cisatracurium,Not Recorded,,714
Cisatracurium 2mg/mL 10mL syringe,cisatracurium,Not Recorded,,5
Citric Acid-Na Citrate (Bicitra)30 mL,citric acid-na citrate,Not Recorded,,19
Cladribine 10 mg/10 mL inj,cladribine,Not Recorded,,10
Clindamycin 15 mg/mL 100mL susp,clindamycin,Not Recorded,,1
Clindamycin 600 mg inj,clindamycin,Not Recorded,none,578
Clindamycin 600 mg/50 mL D5W,clindamycin in d5w,Not Recorded,,28328
Clindamycin 900 mg inj,clindamycin,Not Recorded,none,747
Clindamycin 900 mg/50 mL D5W,clindamycin in d5w,Not Recorded,,40914
Clindamycin 900 mg/50mL NS IVPB,clindamycin in ns,Not Recorded,,7960
ClonIDINE 0.3 mg/24 hr patch,clonIDINE,Not Recorded,none,1
ClonIDINE HCl 0.1 mg tab,clonIDINE,Not Recorded,,3
ClonIDINE HCl 0.2 mg tab,clonIDINE,Not Recorded,,2
Clopidogrel 300mg tablet,clopidogrel,Not Recorded,none,1
Clopidogrel 75 mg tab,clopidogrel,Not Recorded,,2
Coagulation Factor 7a (VIIa) 1000 mcg,coagulation factor 7a (VIIa),Not Recorded,none,215
Coagulation Factor 7a (VIIa) 2000 mcg,coagulation factor 7a (VIIa),Not Recorded,none,231
Coagulation Factor 7a (VIIa) 5000 mcg,coagulation factor 7a (VIIa),Not Recorded,none,42
Coagulation factor 7a (VIIa) 1000 mcg,coagulation factor 7a (VIIa),Not Recorded,none,49
Coagulation factor 7a (VIIa) 2000 mcg,coagulation factor 7a (VIIa),Not Recorded,none,642
Coagulation factor 7a (VIIa) 5000 mcg,coagulation factor 7a (VIIa),Not Recorded,none,14
Coagulation factor 7a (VIIa) 8000 mcg,coagulation factor VIIa,Not Recorded,none,8
Cocaine 4% 4 mL top solution,cocaine 4%,Not Recorded,,14
Colistimethate 150 mg for Inhalation syringe,colistimethate inhalation in syringe,Not Recorded,none,1
Colistimethate 150 mg inj,colistimethate,Not Recorded,none,12062
Conivaptan 20mg/D5W 100mL,conivaptan/d5w,Not Recorded,,64
Copper chloride 0.4mg/mL 10mL inj,copper chloride,Not Recorded,,1186
Copper sulfate 0.4 mg/mL inj,copper sulfate,Not Recorded,none,5
Corticorelin 100 mcg/2 mL  inj,corticorelin,Not Recorded,,2
Cosyntropin 0.25 mg inj,cosyntropin,Not Recorded,none,3176
Cosyntropin 1mcg/mL/NS neonate syringe,cosyntropin in NS syringe,Not Recorded,none,2
Cyanide Antidote Kit,sod thio-sod-amyl-nitr,Not Recorded,none,1
"Cyanocobalamin 1,000 mcg/1 mL inj",cyanocobalamin,Not Recorded,,94
Cyanocobalamin 100 mcg tab,cyanocobalamin,Not Recorded,,1
Cyanocobalamin 1000 mcg tab,cyanocobalamin,Not Recorded,,4
CycloPHOSphamide 1gm/50 mL inj,cycloPHOSphamide,Not Recorded,,11472
CycloPHOSphamide 2 gm inj,cycloPHOSphamide,Not Recorded,none,2
CycloSPORINE 100 mg/mL Sol(Sandimmune) 50 mL,cycloSPORINE,Not Recorded,,1
CycloSPORINE 250 mg/5 mL inj,cycloSPORINE,Not Recorded,,3077
Cyclophosphamide 500 mg inj,cyclophosphamide,Not Recorded,none,418
Cyclophosphamide 500mg/25mL inj,cyclophosphamide,Not Recorded,,11
Cytarabine 100 mg / 5 mL inj,cytarabine,Not Recorded,,388
Cytarabine 2000 mg/20 mL inj,cytarabine,Not Recorded,,10392
Cytarabine 500 mg / 5 mL  inj,cytarabine,Not Recorded,,49
Cytomegalvirus Glob 2.5gm/50mL IV,cytomegalovirus globulin,Not Recorded,,345
D10W 0.2%NS 250  mL bag,d10.2ns,Not Recorded,,293
D10W 0.45%NS 250mL,D10W 0.45%NS,Not Recorded,,1
D10W 1000 mL IV bag,d10w,Not Recorded,,202556
D10W 25 gm/250 mL inj,D10W,Not Recorded,,7683
D10W 500 mL iv bag,d10w,Not Recorded,,9212
D12.5W 0.2%NS 250mL,D12.5W 0.2%NS,Not Recorded,,16
D12.5W 0.45%NS 250mL,D12.5W 0.45%NS,Not Recorded,,20
D12.5W 250ml,D12.5W,Not Recorded,,1
D15%W 250 ml,D15W,Not Recorded,,1
D20W 0.2%NS 250mL,D20W 0.2%NS,Not Recorded,,6
D20W 250mL,D20W,Not Recorded,,218
D20W 500 mL IV bag,dextrose 20%,Not Recorded,,51454
D25W 250mL,D25W,Not Recorded,,2
D5.2NS + 20 mEq KCl 1000 mL IV,d5w.2ns + kcl,Not Recorded,,745
D5.2NS + 40 mEq KCl 1000 mL IV,d5w.2ns + kcl,Not Recorded,,116
D5.2NS 1000 mL IV bag,d5.2ns,Not Recorded,,11363
D5.2NS 500 mL IV bag,d5.2ns,Not Recorded,,55
D5.45NS + 10 mEq KCl 1000 mL IV,d5.45ns + kcl,Not Recorded,,45322
D5.45NS + 20 mEq KCl 1000 ml  IV,d5.45ns + kcl,Not Recorded,,806311
D5.45NS + 30 mEq KCl 1000 mL IV,d5.45ns + kcl,Not Recorded,,1609
D5.45NS + 40 mEq KCl 1000 mL IV,d5.45ns + kcl,Not Recorded,,20045
D5.45NS 1000 mL IV bag,d5.45ns,Not Recorded,,1151341
D5.45NS 1000 mL for chemo,d5.45ns,Not Recorded,,1510
D5.45NS 500 mL IV bag,d5.45ns,Not Recorded,,1915
D5LR + 20 mEq KCl 1000mL,d5lr + kcl,Not Recorded,,2985
D5LR 1000 mL IV bag,d5lr,Not Recorded,,170271
D5LR 500 mL iv bag,D5LR,Not Recorded,,115
D5NS 1000 mL IV bag,d5ns,Not Recorded,,448514
D5NS 500 mL IV bag,d5ns,Not Recorded,,1043
D5NS+20 mEq KCl 1000 mL IV bag,d5ns + kcl,Not Recorded,,63122
D5W + 20 mEq KCl 1000 mL IV bag,d5w + kcl,Not Recorded,,10295
D5W 100 mL (Polyolefin),d5w (polyolefin),Not Recorded,,23702
D5W 100 mL IV bag,d5w,Not Recorded,,34853
D5W 100 mL IV bag chemo,d5w,Not Recorded,,114
D5W 1000 mL (Polyolefin),d5w (polyolefin),Not Recorded,,160
D5W 1000 mL (Polyolefin) for chemo,d5w (polyolefin),Not Recorded,,15
D5W 1000 mL IV bag,d5w,Not Recorded,,711070
D5W 1000 mL IV bag for chemo,d5w,Not Recorded,,221
D5W 150 mL IV bag,d5w,Not Recorded,,2668
D5W 150 mL IV bag for chemo,d5w,Not Recorded,,58
D5W 250 mL IV bag,d5w,Not Recorded,,195577
D5W 250 mL IV bag for chemo,d5w,Not Recorded,,350
D5W 250mL (Polyolefin),d5w (polyolefin),Not Recorded,,639400
D5W 250mL (Polyolefin) for chemo,d5w (polyolefin),Not Recorded,,223
D5W 50 mL IV bag,d5w,Not Recorded,,30895
D5W 50 mL IV bag for chemo,d5w,Not Recorded,,584
D5W 50 mL IV bottle,d5w btl,Not Recorded,,3
D5W 500 mL (Polyolefin),d5w (polyolefin),Not Recorded,,557952
D5W 500 mL (Polyolefin) for chemo,d5w (polyolefin) for chemo,Not Recorded,,782
D5W 500 mL IV bag,d5w,Not Recorded,,29085
D5W 500 mL IV bag for chemo,d5w,Not Recorded,,483
D5W 50mL (Polyolefin),d5w (polyolefin),Not Recorded,,7
D70W 1000mL IV bag,d70w,Not Recorded,,264
D70W 2000 mL IV bag,d70w,Not Recorded,,419
D70W 500 mL IV bag,d70w,Not Recorded,,118
DACTINOmycin 0.5 mg inj,DACTINOmycin,Not Recorded,none,44
DAPTOmycin 350 mg inj,DAPTOmycin,Not Recorded,none,16976
DAPTOmycin 50 mg/mL inj,DAPTOmycin,Not Recorded,none,2526
DAUNOrubicin 20 mg inj,DAUNOrubicin,Not Recorded,none,240
DAUNOrubicin 5 mg/ml injection,DAUNOrubicin,Not Recorded,none,94
DOBUTamine 250 mg/20 mL inj,DOBUTamine,Microgram/Kilogram/Minute,,27450
DOBUTamine 250 mg/20 mL inj ADD,DOBUTamine,Not Recorded,,54
DOCEtaxel 10 mg/mL inj,DOCEtaxel,Not Recorded,none,8
DOCEtaxel 20mg/1mL inj,DOCEtaxel,Not Recorded,,36
DOCEtaxel 80mg/4mL inj,DOCEtaxel,Not Recorded,,38
DOPamine 200 mg/5mL inj,DOPamine,Microgram/Kilogram/Minute,,996
DOPamine 400 mg/5 mL inj,DOPamine,Microgram/Kilogram/Minute,,1740
DOPamine 400mg/10mL inj,DOPamine,Microgram/Kilogram/Minute,,1526
DOXOrubicin  LYOPH 50mg for orderset only,DOXOrubicin LYOPH,Not Recorded,none,2
DOXOrubicin  LYOPHILIZED 50mg inj,DOXOrubicin LYOPH,Not Recorded,none,22
DOXOrubicin 2 mg/mL PF 25mL for orderset only,DOXOrubicin,Not Recorded,,112
DOXOrubicin 2 mg/mL PF soln. 25mL,DOXOrubicin,Not Recorded,,7396
DOXOrubicin PFS 10 mg/5 mL inj,DOXOrubicin,Not Recorded,,737
DOXOrubicin liposomal 2 mg/mL (Lipodox),DOXOrubicin liposomal,Not Recorded,none,11
DOXOrubicin liposomal 20mg/ 10 mL inj,DOXOrubicin hcl liposome,Not Recorded,,78
Dacarbazine 200mg inj,dacarbazine,Not Recorded,none,90
Dalbavancin 500 mg/25ml  inj,dalbavancin,Not Recorded,,162
Dalfopristin-Quinupristin 500 mg inj,dalfopristin-quinupristin,Not Recorded,none,20
Dantrolene 100 mg cap,dantrolene,Not Recorded,,1
Dantrolene 20 mg inj,dantrolene,Not Recorded,none,40
Dantrolene 250 mg inj,dantrolene,Not Recorded,none,44
Daptomycin 500mg for IVPB,daptomycin,Not Recorded,none,15274
Daptomycin 5mg/ml /LR 2mL lock soln.,daptomycin in LR lock soln.,Not Recorded,,7
Daratumumab 400mg/20mL inj.,daratumumab,Not Recorded,,4
Darbepoetin Alfa 25 mcg/0.42 mL syr.,darbepoetin alfa,Not Recorded,,47
Darbepoetin Alfa 40 mcg/0.4 mL syr.,darbepoetin alfa,Not Recorded,,219
Darbepoetin Alfa 40 mcg/0.4 mL syringe,darbepoetin alfa,Not Recorded,,2
Darbepoetin alfa 100 mcg/0.5 mL syr. For Dialysis,darbepoetin alfa,Not Recorded,,106
Darbepoetin alfa 100 mcg/0.5 mL syringe,darbepoetin alfa,Not Recorded,,145
Darbepoetin alfa 100 mcg/0.5 mL syringe- APPRISE,darbepoetin alfa,Not Recorded,,3
Darbepoetin alfa 150 mcg/0.3 mL syringe,darbepoetin alfa,Not Recorded,,11
Darbepoetin alfa 200 mcg/0.4 mL syringe,darbepoetin alfa,Not Recorded,,13
Darbepoetin alfa 60 mcg/0.3 mL syr.,darbepoetin alfa,Not Recorded,,1340
Darbepoetin alfa 60 mcg/0.3 mL syringe,darbepoetin alfa,Not Recorded,,29
Decitabine 50mg inj,decitabine,Not Recorded,none,2107
Deferoxamine 500 mg inj,deferoxamine,Not Recorded,none,184
Description Missing,Description Missing,Not Recorded,none,1
Desmopressin 0.1 mg tab,desmopressin,Not Recorded,,4
Desmopressin 0.4 mcg/mL SubQ syringe,desmopress in syringe,Not Recorded,none,54
Desmopressin 10mcg/inh 5mL nasal,desmopressin,Not Recorded,,2
Desmopressin 4 mcg/mL IV in syringe,desmopressin in syringe,Not Recorded,none,449
Desmopressin 4 mcg/mL SubQ syringe,desmopressin in syringe,Not Recorded,none,15
Desmopressin 4 mcg/mL inj,desmopressin,Not Recorded,none,4858
Desmopressin 4 mcg/mL inj.,desmopressin,Not Recorded,none,396
Dexamethasone 0.2mg/mL neonate syringe,Dexamethasone in syringe,Not Recorded,none,5
Dexamethasone 0.5 mg tab,dexamethasone,Not Recorded,,1
Dexamethasone 10mg/NS IVPB,dexamethasone/ns,Not Recorded,none,11
Dexamethasone 12mg/NS IVPB,dexamethasone/ns,Not Recorded,none,23
Dexamethasone 2 mg tab,dexamethasone,Not Recorded,,2
Dexamethasone 20 mg/5 mL inj,dexamethasone,Not Recorded,,16655
Dexamethasone 20mg/NS IVPB,dexamethasone/ns,Not Recorded,none,69
Dexamethasone 4 mg tab,dexamethasone,Not Recorded,,24
Dexamethasone 4 mg/1 mL inj,dexamethasone,Not Recorded,,314008
Dexamethasone 6  mg tab,dexamethasone,Not Recorded,,4
Dexamethasone 8 mg/NS IVPB,dexamethasone/ns,Not Recorded,none,14
Dexamethson 10 mg/mL  10 mL inj,dexamethasone,Not Recorded,,177
Dexmedetomidine 200 mcg/2 mL inj,dexmedetomidine,Microgram/Kilogram/Hour,,101592
Dexmedetomidine 4 mcg/mL 20mL vial (for OR),dexmedetomidine,Not Recorded,,840
Dexrazoxane 250 mg inj cardio tox,dexrazoxane,Not Recorded,none,16
Dextran 40/ 500 mL IV bag,dextran 40,Not Recorded,,257
Dextran 40/ 500 mL IV bag,dextran 40/ns,Not Recorded,,173
Dextran 40/D5W 500 mL IV bag,dextran 40/d5w,Not Recorded,,496
Dextran-Dextrose 32% inj 100 mL inj,dextran-dextrose 32%,Not Recorded,,18
Dextrose 10% 5 mL inj,dextrose 10%,Not Recorded,,13
Dextrose 10% in Water 250mL,D10W,Not Recorded,,191
Dextrose 10% in Water 250mL btl.,D10W,Not Recorded,,892
Dextrose 30% in Water 500mL,dextrose 30% water,Not Recorded,,1
Dextrose 50% 50 mL syringe,dextrose 50%,Not Recorded,,62572
Dextrose 50% 50 mL vial,dextrose 50%,Not Recorded,,8170
Diazepam 10 mg/2 mL inj,diazepam,Not Recorded,,13498
Diazepam 2 mg tab,diazepam,Not Recorded,,1
Diazepam 5 mg tab,diazepam,Not Recorded,,9
Dicyclomine 20 mg/2 mL inj,dicyclomine,Not Recorded,,4
Digoxin 0.05 mg/mL Elixir  60 mL,digoxin,Not Recorded,,1
Digoxin 0.5 mg/2 mL inj,digoxin,Not Recorded,,10268
Digoxin Immune Fab 40mg (Digifab),digoxin immune fab,Not Recorded,none,49
Dihydroergotamine 1 mg/1 mL inj,dihydroergotamine,Not Recorded,,1950
Diltiazem 100 mg ADD-Vantage,diltiazem,Milligram/Hour,none,31
Diltiazem 125 mg vial,diltiazem,Milligram/Hour,none,40246
Diltiazem 25 mg/5 mL inj,diltiazem,Not Recorded,,13081
Diltiazem 50 mg/10 mL inj,diltiazem,Not Recorded,,50
DiphenhydrAMI 2.5 mg/mL liq 240 mL,diphenhydrAMINE,Not Recorded,,4
DiphenhydrAMINE 12.5mg/5mL Liq,diphenhydrAMINE liq,Not Recorded,,1
DiphenhydrAMINE 25 mg cap,diphenhydrAMINE,Not Recorded,,66
DiphenhydrAMINE 25 mg/10 mL liq,diphenhydrAMINE,Not Recorded,,10
DiphenhydrAMINE 25mg/NS IVPB,diphenhydrAMINE/ns,Not Recorded,none,40
DiphenhydrAMINE 50 mg cap,diphenhydrAMINE,Not Recorded,,21
DiphenhydrAMINE 50 mg/1 mL inj,diphenhydrAMINE,Not Recorded,,284906
DiphenhydrAMINE 50mg/NS IVPB,diphenhydrAMINE/ns,Not Recorded,none,202
Disposable elastomeric pump,disposable elastomeric pump,Not Recorded,none,1
Docusate Sodium 100 mg cap,docusate,Not Recorded,,1
Dofetilide 250 mcg cap,dofetilide,Not Recorded,,1
Doripenem 250 mg inj,doripenem,Not Recorded,none,62
Doripenem 500 mg inj,doripenem,Not Recorded,none,8405
Doxorubicin 2  mg/ 1 mL inj,doxorubicin,Not Recorded,,26
Doxorubicin PFS 10mg/5mL inj,doxorubicin,Not Recorded,,38
Doxycycline 100 mg cap,doxycycline,Not Recorded,,3
Doxycycline 100 mg inj,doxycycline,Not Recorded,none,6078
Doxycycline 100mg IVPB,doxycycline in ns,Not Recorded,none,13361
Doxycycline 1mg/mL NS peds syringe,doxycycline/ns syringe,Not Recorded,none,2
Doxycycline 50mg cap,doxycycline,Not Recorded,,1
Doxycycline hyclate 100 mg tab,doxycycline,Not Recorded,,7
Droperidol 0.625mg/2mL ns for OR,droperidol,Not Recorded,,88
Droperidol 2.5mg/mL inj,droperidol,Not Recorded,none,131
ED-Calcium Gluconate 2gm IVPB for ED use only,calcium gluconate/ns,Not Recorded,none,49
EPHEDrine 25mg/5ml (5mg/mL) syringe,ePHEDrine,Not Recorded,,8
EPHEDrine 50 mg/1 mL inj,ePHEDrine,Not Recorded,,25779
EPHEDrine 50 mg/10mL inj,ePHEDrine,Not Recorded,,16
EPHEDrine 5mg/mL OR syringe,ePHEDrine,Not Recorded,none,152790
EPInephrine 0.3mg Auto-injector,EPInephrine hcl,Not Recorded,none,4
EPInephrine 1 mg/ 1 mL inj,EPInephrine,Microgram/Kilogram/Minute,,36048
EPInephrine 1 mg/10 mL inj,EPInephrine,Not Recorded,,2843
EPInephrine 160mcg Syr OR,EPInephrine,Not Recorded,none,1245
EPInephrine 1mg/ml 30 mL inj,EPInephrine,Not Recorded,,160479
EPIrubicin 2 mg / 1 mL inj,EPIrubicin,Not Recorded,,1
Eculizumab 300 mg/30mL inj.,eculizumab,Not Recorded,,65
Edrophonium 10 mg/mL 15 mL inj,edrophonium,Not Recorded,,1
Edrophonium 10 mg/mL per mL,edrophonium,Not Recorded,none,8
Empty Container,Empty Container,Not Recorded,none,40939
Empty Container Non-DEHP,Empty Container Non-DEHP,Not Recorded,none,4
Enalaprilat 1.25 mg/1 mL inj,enalapril,Not Recorded,,446
Enalaprilat 2.5 mg/2 mL inj,enalaprilat,Not Recorded,,3341
Enoxaparin 100 mg/ 1 mL inj,enoxaparin,Not Recorded,,270
Enoxaparin 120 mg/ 0.8 mL  inj,enoxaparin,Not Recorded,,2
Enoxaparin 20 mg/ 0.2 mL syringe,enoxaparin syringe,Not Recorded,,3
Enoxaparin 30 mg/0.3 mL inj,enoxaparin,Not Recorded,,163
Enoxaparin 40 mg/ 0.4 mL inj,enoxaparin,Not Recorded,,4
Enoxaparin 60 mg/ 0.6 mL inj,enoxaparin,Not Recorded,,2
Epidural Infusion,Epidural Infusion,Not Recorded,none,2
"Epoetin 10,000 units/ 1 mL inj",epoetin,Not Recorded,,4614
"Epoetin 2,000 units/ 1 mL inj",epoetin alfa,Not Recorded,,139
"Epoetin 20,000 units inj",epoetin,Not Recorded,none,1277
"Epoetin 40,000 units/ 1 mL",epoetin,Not Recorded,,71
Epoetin 4000 units/1 mL inj,epoetin alfa,Not Recorded,,257
"Epoetin alfa-epbx (Retacrit) 10,000 units/1 mL inj",epoetin alfa-epbx,Not Recorded,,1302
"Epoetin alfa-epbx (Retacrit) 2,000 units/1 mL inj",epoetin alfa-epbx,Not Recorded,,73
"Epoetin alfa-epbx (Retacrit) 20,000 units/1 mL inj",epoetin alfa-epbx,Not Recorded,,406
"Epoetin alfa-epbx (Retacrit) 40,000 units/1 mL inj",epoetin alfa-epbx,Not Recorded,,62
Epoprostenol  Diluent 50mL for ICU Drip,epoprostenol diluent,Not Recorded,,51
Epoprostenol  Diluent 50mL for ICU Drip,epoprostenol/Flolan diluent,Not Recorded,,4417
Epoprostenol  Diluent 50mL vial,epoprostenol diluent,Not Recorded,,13
Epoprostenol  Diluent 50mL vial,epoprostenol/Flolan diluent,Not Recorded,,924
Epoprostenol 0.5 mg inj,epoprostenol,Not Recorded,none,18956
"Epoprostenol 1,000,000 ng (1mg) inhale (Veletri)",epoprostenol inhale,Not Recorded,none,39
Epoprostenol 1.5 mg inj.,epoprostenol,Not Recorded,none,2404
"Epoprostenol 500,000 ng (0.5mg) inhale (Veletri)",epoprostenol inhale,Not Recorded,none,9
Epoprostenol CADD Conc-Dose-Rate Confirm,Epoprostenol CADD Conc-Dose-Rate Confirm,Not Recorded,none,5
Epoprostenol Cassette,Epoprostenol cassette,Not Recorded,none,18
Epoprostenol Cassette,flolan casstte,Not Recorded,none,6
Eptifibatide 2 mg/mL 10 mL bolus inj,eptifibatide,Not Recorded,,40
Eribulin 1mg/2mL inj,eribulin,Not Recorded,,2
Ertapenem 1000 mg inj,ertapenem,Not Recorded,none,24830
Erythromycin 500 mg inj,erythromycin,Not Recorded,none,11899
Esmolol 100 mg/10 mL inj,esmolol,Not Recorded,,854
Esmolol 10mg/mL OR syringe,esmolol,Not Recorded,none,2216
Esmolol 2.5 gm/10 mL inj,esmolol,Not Recorded,,21
Estradiol 1 mg tab,estradiol,Not Recorded,,1
Estrogens 25 mg/5 mL inj.,"estrogens, conjugated",Not Recorded,,398
Ethacrynate 50 mg/50 mL inj,ethacrynate,Not Recorded,,249
Ethanol Lock soln 70% 3mL,ethanol 70% lock soln.,Not Recorded,,6
Ethiodized Oil (37% iodine) 10 mL inj,ethiodized oil (37% iodine),Not Recorded,,1
Ethiodized Oil 480mg/mL,ethiodized oil,Not Recorded,none,1
Etomidate 10mg/5mL syringe,etomidate,Not Recorded,,7
Etomidate 2 mg/mL  20 mL inj,etomidate,Not Recorded,,1001
Etomidate 2 mg/mL inj 10mL,etomidate,Not Recorded,,5292
Etoposide 100 mg / 5 mL,etoposide,Not Recorded,,11606
Etoposide 500 mg/25 mL inj,etoposide,Not Recorded,,4403
Factor 7a (VIIa),coagulation factor 7a (VIIa),Not Recorded,none,952
Factor 8 (VIII) bolus,Factor 8 (VIII) in syringe,Not Recorded,none,205
Factor 8 (VIII) injection,Factor 8 (VIII) inj,Not Recorded,none,1272
Factor 9 (IX) inj,factor 9 (IX),Not Recorded,none,197
Factor 9 (IX) inj Bolus,factor 9 (IX) in syringe,Not Recorded,none,49
"Factor VIII (Antihemophilic Factor, Recomb Porcine Seq) (Obizur)",factor 8 porcine,Not Recorded,none,42
"Factor VIII (Antihemophilic Factor, Recomb Porcine Seq) (Obizur)",factor 8 porcine (Obizur),Not Recorded,none,1
"Factor VIII (Antihemophilic Factor, Recomb Porcine) (Obizur)",factor 8 porcine,Not Recorded,none,24
Factor7a (VIIa) 2000 mcg (OR CHARGE),coagulation factor VIIa,Not Recorded,none,3
Famotidine 20 mg for Hyperal only,famotidine,Not Recorded,none,486069
Famotidine 20 mg tab,fAMOTIDine,Not Recorded,,42
Famotidine 20 mg/2 mL inj,fAMOTIDine,Not Recorded,,322358
Famotidine 20mg/NS IV syringe,famotidine/ns in syringe,Not Recorded,none,12
Famotidine 2mg/mL/NS neonate syringe,fAMOTIDine in NS syringe,Not Recorded,none,4
Famotidine 40 mg tab,fAMOTIDine,Not Recorded,,4
Famotidine 40 mg/4 mL inj,fAMOTIDine,Not Recorded,,66
Fat Emulsion 20% 250 mL (Intralipid),fat emulsion 20%,Not Recorded,,15416
Fat Emulsion 20% 250 mL (Intralipid),fat emulsion 20% (Intralipid),Not Recorded,,5486
Fat Emulsion 20% 500mL,fat emulsion 20%,Not Recorded,,3
Fat Emulsion 20% NEONATE syringe,fat emulsion 20% in syr (Intralipid),Not Recorded,none,5
Fat Emulsion 20% NEONATE syringe,fat emulsion 20% in syringe,Not Recorded,none,66
"Fat emulsion, 20% 100mL (Neonate)",fat emulsion 20% (Intralipid),Not Recorded,,138
"Fat emulsion, 20% 100mL (Neonate)","fat emulsion 20%, intravenous",Not Recorded,,436
"Fat emulsion, intravenous (fish oil) 20% 250mL (Smoflipid)",fat emulsion 20%(Smoflipid),Not Recorded,,5112
"Fat emulsion, intravenous (fish oil) 20% 250mL (Smoflipid)","fat emulsion, intravenous 20%",Not Recorded,,2174
"Fat emulsion, intravenous (fish oil) 20% 500mL (for TPN) (Smoflipid)",fat emulsion 20%(Smoflipid),Not Recorded,,359
"Fat emulsion, intravenous (fish oil) 20% 500mL (for TPN) (Smoflipid)","fat emulsion, intravenous 20%",Not Recorded,,49
"Fat emulsion,intravenous (fish oil) 20% 1000mL (for TPN) (Smoflipid)",fat emulsion 20%(Smoflipid),Not Recorded,,1806
FentaNYL 50 mcg/mL 10mL inj,fentaNYL,Not Recorded,,33
FentaNYL PCA/NCA 10mcg/mL 50mL syringe,fentaNYL pca/nca,Not Recorded,,1669
Fentanyl  2.5 mg / 50 mL Drip,fentanyl citrate,Not Recorded,,4
Fentanyl 100 mcg buccal tab,fentaNYL,Not Recorded,,1
Fentanyl 100 mcg/hr patch,fentanyl,Not Recorded,none,3
Fentanyl 1000 mcg/20 mL inj,fentanyl,Not Recorded,,3731
Fentanyl 100mcg/2 mL inj,fentanyl,Not Recorded,,493768
Fentanyl 10mcg/ml 60mL Syringe,fentanyl syringe,Micrograms/Hour,,46654
Fentanyl 12 mcg/hr patch,fentanyl,Not Recorded,none,2
Fentanyl 200 mcg lozenge,fentanyl,Not Recorded,none,2
Fentanyl 25 mcg/hr patch,fentanyl,Not Recorded,none,4
Fentanyl 250 mcg/5 mL inj,fentanyl,Not Recorded,,3700
Fentanyl 50 mcg/hr patch,fentanyl,Not Recorded,none,2
Fentanyl 75 mcg/hr patch,fentanyl,Not Recorded,none,4
Fentanyl Patch Removal,fentanyl patch removal,Not Recorded,none,2
Ferrlecit 62.5 mg/5 mL inj,ferric gluconate sodium complex,Not Recorded,,31
Ferumoxytol 510mg/17mL inj,ferumoxytol,Not Recorded,,915
Fibrinogen concentrate (Human),fibrinogen,Not Recorded,none,8
Filgrastim 480 mcg/0.8 mL syr,filgrastim,Not Recorded,,3
Fluconazole 100 mg tab,fluconazole,Not Recorded,,1
Fluconazole 100mg/50mL NS,fluconazole in ns,Not Recorded,,3441
Fluconazole 200 mg tab,fluconazole,Not Recorded,,7
Fluconazole 200 mg/5 mL liq 35 mL,fluconazole,Not Recorded,,78
Fluconazole 200mg/100mL NS premix,fluconazole in ns,Not Recorded,,17825
Fluconazole 400mg/200mL D5W ivpb,fluconazole,Not Recorded,,306
Fluconazole 400mg/200mL D5W ivpb,fluconazole in d5w,Not Recorded,,21
Fluconazole 400mg/200mL NS premix,fluconazole in ns,Not Recorded,,19250
Fluconzole 2mg/mL/NS neonate syringe,fluconazole in NS syringe,Not Recorded,none,65
Fludarabine 50  mg inj,fludarabine,Not Recorded,none,4111
Flumazenil 0.5 mg/5 mL inj,flumazenil,Not Recorded,,1368
Flumazenil 0.5 mg/5 mL syringe,flumazenil,Not Recorded,,7
Fluorescein 10% 5mL inj,fluorescein 10%,Not Recorded,,500
Fluorescein 1mg ophth strip,fluorescein,Not Recorded,none,2
Fluorouracil 50 mg/mL inj,fluorouracil,Not Recorded,none,602
Folic Acid 1mg/mL Ped oral syringe,folic acid ped liq,Not Recorded,none,1
Folic Acid 50 mg/10 mL inj,folic acid,Not Recorded,,141441
Fomepizole 1500mg/1.5mL,fomepizole,Not Recorded,,131
Fosaprepitant 150 mg inj.,fosaprepitant,Not Recorded,none,2680
Foscarnet 6 gm/250 mL IVPB (Central Line),foscarnet,Not Recorded,,3252
Fosphenytoin 100 mgpe/2 mL inj,fosphenytoin,Not Recorded,,20113
Fosphenytoin 10mgPE/mL/NS neonate syringe,fosphenytoin in NS syringe,Not Recorded,none,33
Fosphenytoin 500 mgpe/10 mL inj,fosphenytoin,Not Recorded,,4159
Furosemide 100 mg/10 mL inj,fUROSEMide,Not Recorded,,236562
Furosemide 100 mg/10 mL inj ADD,fUROSEMide add,Grams/Hour,,257943
Furosemide 10mg/mL Ped oral syringe,fUROSEMide ped liq,Not Recorded,none,9
Furosemide 20 mg tab,fUROSEMide,Not Recorded,,3
Furosemide 20 mg/2 mL inj,fUROSEMide,Not Recorded,,73166
Furosemide 2mg/mL/NS neonate syringe,furosemide in NS syringe,Not Recorded,none,171
Furosemide 40 mg/4 mL inj,fUROSEMide,Not Recorded,,359402
Furosemide 40 mg/5 mL liq,fUROSEMide,Not Recorded,,4
Furosemide 80 mg tablet,fUROSEMide,Not Recorded,none,18
Gabapentin 100 mg cap,gabapentin,Not Recorded,,17
Gabapentin 300 mg cap,gabapentin,Not Recorded,,444
Gabapentin 300 mg/6 mL liq (60 mL),gabapentin,Not Recorded,,1
Gabapentin 400 mg cap,gabapentin,Not Recorded,,13
Ganciclovir 500 mg inj,ganciclovir sodium,Not Recorded,none,12218
Ganciclovir 5mg/mL/NS neonate syringe,ganciclovir in NS syringe,Not Recorded,none,33
Gemcitabine 200 mg inj,gemcitabine,Not Recorded,none,56
Gemcitabine 38 mg/mL inj,gemcitabine,Not Recorded,none,263
Gentamcin 120 mg/100mL NS premix,gentamicin in ns,Not Recorded,,1066
Gentamicin 100 mg/100 mL NS premix,gentamicin in ns,Not Recorded,,326
Gentamicin 100 mg/50 mL NS premix,gentamicin in ns,Not Recorded,,1293
Gentamicin 2mg/mL/NS neonate syringe,gentamicin in NS syringe,Not Recorded,none,408
Gentamicin 4mg/mL/NS neonate syringe,gentamicin in NS syringe,Not Recorded,none,90
Gentamicin 60 mg/50 mL NS premix,gentamicin in ns,Not Recorded,,2045
Gentamicin 80 mg/100mL NS premix,gentamicin in ns,Not Recorded,,928
Gentamicin 80 mg/2 mL inj,gentamicin,Not Recorded,,1717
Gentamicin 80 mg/50 mL NS premix,gentamicin in ns,Not Recorded,,8514
Gentamicin 800 mg/20 mL inj,gentamicin,Not Recorded,,6052
Gentamicin 8mg Intrathecal syringe,gentamicin intrathecal syringe,Not Recorded,none,1
Glucagon 1 mg w/diluent inj,glucagon,Not Recorded,none,4174
Glucose 25% 10mL inj,glucose,Not Recorded,,1
Glycopyrolate Inj for PO (Peds),glycopyrolate,Not Recorded,none,11
Glycopyrrolate 0.2 mg/1 mL 5mL OR syringe,glycopyrrolate,Not Recorded,,27
Glycopyrrolate 0.2 mg/1 mL inj,glycopyrrolate,Not Recorded,,84111
Glycopyrrolate 0.2 mg/mL 20 mL inj,glycopyrrolate,Not Recorded,,30
Glycopyrrolate 0.2 mg/mL 5mL inj,glycopyrrolate,Not Recorded,,160
Glycopyrrolate 0.2 mg/mL syringe,glycopyrrolate,Not Recorded,none,153
Glycopyrrolate 1 mg tab,glycopyrrolate,Not Recorded,,8
Glycopyrrolate 10 mcg/mL neonate syringe,glycopyrrolate,Not Recorded,none,1
Glycopyrrolate 200mcg/mL oral neonate,glycopyrrolate,Not Recorded,none,9
Granisetron 1 mg/1 mL inj,granisetron,Not Recorded,,6827
HYDROmorphone 0.5 mg/ 0.5mL,HYDROmorphone,Not Recorded,,267367
HYDROmorphone 0.5 mg/1ml,HYDROmorphone,Not Recorded,,141
HYDROmorphone 10mg/mL 50 mL inj for PCA,HYDROmorphone,Not Recorded,,2104
HYDROmorphone 2 mg/mL INJ,HYDROmorphone,Not Recorded,none,39635
HYDROmorphone 4 mg/mL inj,HYDROmorphone,Not Recorded,none,13995
HYDROmorphone PCA/NCA 1 mg/mL /NS syr,HYDROmorphone PCA/NCA 1 mg/ml NS syr,Not Recorded,none,513
HYDROmorphone PF 10 mg/mL inj,HYDROmorphone PF,Not Recorded,none,4782
HYDROmorphone PF 10 mg/mL inj ADD,HYDROmorphone,Milligram/Hour,none,24953
Haloperidol 0.5 mg tab,haloperidol,Not Recorded,,5
Haloperidol 5 mg/1 mL inj,haloperidol,Not Recorded,,63653
Haloperidol decanoate 50 mg/ 1 mL inj,haloperidol,Not Recorded,,3
"HePARIN (1000unit/mL)10,000 units/10 mL inj",hePARIN,Not Recorded,,71072
"HePARIN 1,000 units/500 mL NS bag",hePARIN/ns,Not Recorded,,78
"HePARIN 1,000 units/mL 30 mL inj",hePARIN,Not Recorded,,213
"HePARIN 10,000 units/1 mL inj",hePARIN,Not Recorded,,1332
HePARIN 100 units /1 mL Flush PF,hePARIN flush pf,Not Recorded,,1241
HePARIN 100 units/mL 10mL syr.,hePARIN flush,Not Recorded,,17
HePARIN 1000 units/1 mL inj,hePARIN,Not Recorded,,11435
HePARIN 10000 units/1mL injection,hePARIN,Not Recorded,,90
"HePARIN 2,000 units/1,000 mL NS bag",hePARIN/ns,Not Recorded,,469
"HePARIN 30,000 unit(s)/NS 1000mL (EUOSH)",hePARIN in NS,Not Recorded,,1
"HePARIN 40,000 units/4 mL inj",hePARIN,Not Recorded,,1
"HePARIN 5,000 unit inj",hePARIN,Not Recorded,none,20313
"HePARIN 5,000 units/ mL 10 mL inj",hePARIN,Not Recorded,,9
HePARIN 500 unit/5 mL Flush inj,hePARIN sodium-sodium chloride,Not Recorded,,4599
HePARIN Beef 10000 units/10mL inj,hePARIN beef,Not Recorded,,6
HePARIN Flush 100 Units/ mL 3 mL,hePARIN,Not Recorded,,12
HePARIN Flush neonate 1unit/mL in 1/2NS (Art-line),hePARIN flush in 1/2 NS neonate,Not Recorded,none,172
HePARIN IR 1000 unit/mL/4 mL ADD,heparin,Not Recorded,,5928
Hemin 313 mg inj,hemin,Not Recorded,none,90
Heparin 2000 unit/2mL inj,heparin,Not Recorded,,4
Heparin 4units/mL 1000mL (Neuro-Intervent Radiology),heparin in ns,Not Recorded,,11
Hepatitis B Immune Glob 5 mL inj (Hepagam B),hepatitis b im.glob,Not Recorded,,49
Hepatitis B immune globulin 1mL inj,hepatitis B immune globulin,Not Recorded,,1
Hetastarch 6%/ LR 500 mL bag,hetastarch 6% / lr,Hour,,1519
Hetastarch 6%/ NaCl 0.9% 500 mL bag,hetastarch 6% / ns,Not Recorded,,88
Hexaminolevulinate 100mg kit inj,hexaminolevulinate,Not Recorded,none,1
Hyaluronidase 15 units/mL/NS neonate syringe,hyaluronidase in NS syringe,Not Recorded,none,2
Hyaluronidase 150 units/mL inj,hyaluronidase,Not Recorded,none,1
HydrALAZINE 10 mg tab,hydrALAZINE,Not Recorded,,14
HydrALAZINE 1mg/mL/NS neonate syringe,hydrALAZINE in NS syringe,Not Recorded,none,4
HydrALAZINE 20 mg/1 mL inj,hydrALAZINE,Not Recorded,,285599
HydrALAZINE 25 mg tab,hydrALAZINE,Not Recorded,,1
HydrALAZINE 4 mg/mL Ped oral syringe,hydrALAZINE ped liq,Not Recorded,none,25
HydrALAZINE 50 mg tab,hydrALAZINE,Not Recorded,,20
HydrOXYzine HCL 10 mg tab,hydrOXYzine,Not Recorded,,1
HydrOXYzine HCl 25 mg/mL inj,hydrOXYzine,Not Recorded,none,43
Hydrocortisone  250 mg inj,hydrocortisone,Not Recorded,none,27
Hydrocortisone  250 mg inj,hydrocortisone ss,Not Recorded,none,7
Hydrocortisone 10 mg tab,hydrocortisone,Not Recorded,,2
Hydrocortisone 100 mg/2 mL for study,hydrocortisone/PBO,Not Recorded,,21
Hydrocortisone 100 mg/2 mL inj,hydrocortisone,Not Recorded,,190042
Hydrocortisone 100mg/60mL enema,hydrocortisone,Not Recorded,,1
Hydrocortisone 5 mg tab,hydrocortisone,Not Recorded,,2
Hydrocortisone 500 mg inj,hydrocortisone,Not Recorded,none,233
Hydrocortisone PF 100mg/2mL inj,hydrocortisone,Not Recorded,,280
Hydrocortisone pf 1mg/mL/NS neonate syringe,hydrocortisone in NS syringe,Not Recorded,none,542
Hydrocortisone pf 2mg/mL/NS neonate subq syr.,hydrocortisone in NS syringe,Not Recorded,none,23
Hydrocortisone pf 2mg/mL/NS neonate syringe,hydrocortisone in NS syringe,Not Recorded,none,1
Hydromorphone 0.4mg/mL+Ketamine 1mg/mL PCA (ortho OR),hydromorphone  0.4mg+ ketamine 1mg pca,Not Recorded,none,49
Hydromorphone 1 mg/mL inj,hydromorphone,Not Recorded,none,928746
Hydromorphone 10 mg/mL 5 mL inj,hydromorphone,Milligram/Hour,,1809
Hydromorphone 10 mg/mL 5 mL inj,hydromorphone-HP,Not Recorded,,482
Hydromorphone 2 mg tab,hydromorphone,Not Recorded,,11
Hydromorphone 2 mg/1 mL inj,hydromorphone,Not Recorded,,262327
Hydromorphone 2 mg/mL inj.,hydromorphone,Not Recorded,none,131529
Hydromorphone 4 mg tab,hydromorphone,Not Recorded,,3
Hydromorphone 40 mg/20 mL inj,hydromorphone,Not Recorded,,11927
Hydromorphone PCA 0.2mg/ml Syr.,hydromorphone PCA 0.2mg Syr.,Not Recorded,none,20544
Hydromorphone PCA 0.2mg/ml syringe,hydromorphone PCA 0.2mg/ml/ NS syr,Not Recorded,none,15434
Hydromorphone PCA/NCA 0.2mg/ml syringe,hydromorphone PCA 0.2mg/ml in NS syr.,Not Recorded,none,8218
Hydromorphone PCA/NCA 0.2mg/ml syringe,hydromorphone PCA 0.2mg/ml/ NS syr,Not Recorded,none,53939
Hydromorphone PCA/NCA 0.2mg/ml syringe,hydromorphone PCA 0.2mg/ml/ NS syr.,Not Recorded,none,21378
Hydromorphone PCA/NCA 0.2mg/ml syringe,hydromorphone PCA/NCA 0.2mg/ml/ NS syr,Not Recorded,none,166499
Hydromorphone PCA/NCA 1mg/1 mL High Dose Syr.,hydromorphone PCA in NS syringe,Not Recorded,,22996
Hydromorphone PCA/NCA 1mg/1 mL High Dose Syr.,hydromorphone PCA/NCA in NS syringe,Not Recorded,,7508
Hydromorphone-PF 2 mg/1 mL,hydromorphone-pf,Not Recorded,,5778
Hydroxocobalamin 5 gm Kit,hydroxocobalamin,Not Recorded,none,368
"Hydroxyethyl Starch 6%/ NaCl 0.9% 500 mL bag
",hydroxyethyl starch,Not Recorded,,5
Hyperalimentation for charging,hyperalimentation,Not Recorded,none,6
Hypertonic NACL 16.4% 50mL (NaCl/NaAcetate),hypertonic saline 16.4%,Not Recorded,,9132
Hypertonic NACL 3% 500 mL IV bag,nacl 3%,Not Recorded,,105507
Hypertonic NaCl 23.4% 120meq IVPB for Neuro (30mL),"na chloride 23.4% in Bag, sterile",Not Recorded,,11503
Hypertonic NaCl 23.4% 240meq IVPB for Neuro,"na chloride 23.4% in Bag, sterile",Not Recorded,none,1506
Hypertonic Saline 7.5% 100mL (NaCl/NaAcetate),hypertonic saline 7.5%,Not Recorded,,299
IDArubicin 10 mg Inj,IDArubicin hcl,Not Recorded,none,19
IDArubicin 5 mg inj,IDArubicin,Not Recorded,none,1409
IRINOtecan 20 mg/mL inj,IRINOtecan,Not Recorded,none,138
IV Stabilizer Solution inj,IV stabilizer solution,Not Recorded,none,319
Ibutilide 1 mg/10 mL inj,ibutilide,Not Recorded,,365
Idarucizumab 2.5gm/50ml inj,idarucizumab,Not Recorded,,87
Ifosfamide 1gm inj,ifosfamide,Not Recorded,none,5276
Ifosfamide 3 gm,ifosfamide,Not Recorded,none,196
Imipenem-Cilastatin  500 mg inj,imipenem-cilastatin,Not Recorded,none,628
Immune Glob 6gm (Carimune) sucr.contng.,immune globulin human (sucrose contng.),Not Recorded,none,40
Immune Glob. Lymphocyte (Atgam),"lymphocyte, immune globulin",Not Recorded,none,367
Immune Glob.12gm (Carimune) sucrose contng.,immune glob. (hum) sucrose contng.,Not Recorded,none,282
Immune Globulin 10gm/100mL (Privigen),immune globulin intraven. SF,Not Recorded,,3748
Immune Globulin 10gm/100mL (Privigen),immune globulin intravenous SF,Not Recorded,,125
Immune Globulin 20gm/200mL (Gammagard),immune globulin (hum) sf,Not Recorded,,334
Immune Globulin sf 10gm/100mL (Gammagard),immune globulin human SF,Not Recorded,,1071
Immune Globulin sf 30gm/300mL (Gammagard),immune globulin human SF,Not Recorded,,3
Immune Globuln 20gm/200mL SF (Privigen),immune globulin intravenous,Not Recorded,,1030
Immune globulin 1gm neonate syringe.,immune globulin human SF syringe,Not Recorded,none,2
Immune globulin 5 gm inj (Gammagard),immune globulin human SF,Not Recorded,none,368
Immune globulin 5 gm inj (Privigen) 10%,immune globulin human SF,Not Recorded,none,1279
InFLIXimab (Remicade) 100 mg inj,inFLIXimab,Not Recorded,none,422
InFLIXimab (Remicade) 100 mg inj,inFLIXimab (Remicade),Not Recorded,none,29
Indigo 0.8% 5 mL inj,indigo carmine 0.8%,Not Recorded,,1117
Indomethacin 1 mg ped inj,indomethacin,Not Recorded,none,28
Insulin Bolus Neonate 0.1 unit(s)/mL/NS syringe,insulin regular in NS syringe,Not Recorded,none,2
Insulin Bolus Neonate 1 unit(s)/mL/NS syringe,insulin regular in NS syringe,Not Recorded,none,8
Insulin Detemir 100 units/mL inj for pregnancy,insulin detemir,Not Recorded,none,1
Insulin Glargine (Human),"insulin, glargine",Not Recorded,none,5
Insulin Glargine 100 units/mL inj,insulin glargine,Not Recorded,none,3
Insulin Isophane Human recomb. 100 units/mL inj,insulin isophane (NPH),Not Recorded,none,5
Insulin NPH (Human),"insulin, nph human",Not Recorded,none,3
Insulin Reg Hum.,insulin regular,Not Recorded,none,62
Insulin Reg Hum. (WW),insulin reg human,Not Recorded,none,6
Insulin Reg Hum.-BG-formula,insulin reg human,Not Recorded,none,18
Insulin Regular Human recomb. 100 units/mL inj,insulin regular,U/Hr,none,2432
Insulin aspart  (NovoLOG),insulin aspart,Not Recorded,none,46
Insulin aspart (NovoLOG).,insulin aspart,Not Recorded,none,87
Insulin regular COMPOUNDING USE,insulin reg human,Not Recorded,none,203074
Insulin regular COMPOUNDING USE,insulin regular CMPD,Not Recorded,none,51140
Insulin regular COMPOUNDING USE,insulin regular COMPOUNDING,Not Recorded,none,1681
Insulin/PBO for Shine Study,insulin/PBO-P# Shine study,U/Hr,none,451
Invest NS 500mL bag for study,invest NS bag,Not Recorded,,606
Invest ganciclovir 500 mg for study,ganciclovir p#val038,Not Recorded,none,1
Iodixanol 270 mg 100 mL btl,iodixanol,Not Recorded,,1
Iodixanol 320 mg/ mL 50 mL,iodixanol,Not Recorded,,1
Iohexol 180 mg 20mL,iohexol,Not Recorded,,1
Iohexol 300 100 mL btl,iohexol,Not Recorded,,5
Iohexol 300 10mL,iohexol,Not Recorded,,1
Iohexol 300 150 mL,iohexol,Not Recorded,,2
Iohexol 300 50mL inj,iohexol,Not Recorded,,6
Iohexol 350 100 mL,iohexol,Not Recorded,,1
Iohexol 350 150 mL,iohexol,Not Recorded,,2
Iohexol 350 50 mL inj,iohexol,Not Recorded,,51
Iohexol-350 100 mL,iohexol,Not Recorded,,3
Iopamidol 61% (Isovue 300) 50mL inj,iopamidol,Not Recorded,,2
Iopamidol 76% (Isovue 370) 50mL inj,iopamidol,Not Recorded,,1
Ipratropium 0.02% Inh Sol 2.5mL.,ipratropium 0.02%,Not Recorded,,1
Iron Dextran 100 mg/2 mL inj,iron dextran,Not Recorded,,1137
Iron Sucrose 100 mg/5mL inj,iron sucrose,Not Recorded,,35608
Isavuconazonium 372 mg inj,isavuconazonium,Not Recorded,none,5883
Isoproterenol 0.2 mg/ 1 mL inj,isoproterenol,Not Recorded,,7
Isoproterenol 1 mg/5 mL inj,isoproterenol,Not Recorded,,11656
Isosulfan Blue 1% 5 mL inj,isosulfan blue 1%,Not Recorded,,2
KCl 10mEq/100 mL St. Water  premix,potassium chloride in sterile water,Not Recorded,,108756
KCl 2 mEq/ml  20 mL inj.,potassium chloride,Not Recorded,,101034
KCl 20 mEq SA tab,potassium chloride tab SA,Not Recorded,,31
KCl 20 mEq packet,potassium chloride,Not Recorded,none,23
KCl 20 mEq/15 mL oral liq,potassium chloride,Not Recorded,,15
KCl 20 mEq/50 mL St. Water premix,potassium chloride in sterile water,Not Recorded,,120958
KCl 40 mEq/ 100 mL St.Water premix,potassium chloride in sterile water,Not Recorded,,89939
KCl 40 mEq/ NS 100 mL,potassium chloride in NS,Not Recorded,,104
KCl 40 mEq/30 mL oral liq,potassium chloride elixir,Not Recorded,,28
KCl 40 mEq/30 mL oral liq,potassium chloride liquid,Not Recorded,,746
Ketamine 200 mg/20mL inj ADD,ketamine,Not Recorded,,178570
Ketamine 50 mg/5mL syringe,ketamine,Not Recorded,,31110
Ketamine 500 mg/10 mL inj ADD,ketamine,Milligram/Hour,,30917
Ketamine 500 mg/10 mL inj CMPD,ketamine,Not Recorded,,2201
Ketamine 500 mg/5 mL inj,ketamine,Not Recorded,,7399
Ketamine 500 mg/5mL inj ADD,ketamine,Not Recorded,,20957
Ketamine HCl 10 mg/ mL inj (WW),ketamine,Not Recorded,none,21
Ketamine HCl 200 mg/20 mL inj,ketamine,Milligram/Hour,,40917
Ketorolac 15 mg inj,ketorolac,Not Recorded,none,216406
Ketorolac 30 mg inj,ketorolac,Not Recorded,none,307294
Ketorolac 60 mg/2 mL inj,ketorolac,Not Recorded,,40
L&D-Mag Sulf 4gm/100mL St.Water premix,magnesium sulfate in sterile water,Not Recorded,,1576
L&D-Mag Sulf 6gm/NS 100mL ivpb,magnesium sulfate in ns,Not Recorded,,300
LACOSamide 100 mg tab,LACOSamide,Not Recorded,,1
LACOSamide 100 mg/10 mL liquid UD,LACOSamide,Not Recorded,,2
LACOSamide 200 mg/20 mL inj,LACOSamide,Not Recorded,,26448
LACOSamide 50 mg tab,LACOSamide,Not Recorded,,4
LEVOleucovorin 50 mg,levoleucovorin,Not Recorded,none,3
LR 1000 mL IV bag,lactated ringers,Not Recorded,,3452776
LR 250 mL IV bag,lactated ringers,Not Recorded,,70
LR 500 mL IV bag,lactated ringers,Not Recorded,,31691
LR 500 mL IV bag for study,lactated ringers,Not Recorded,,9
Labetalol 10 mg/2 mL syringe,labetalol,Not Recorded,,15
Labetalol 100 mg/20 mL inj,labetalol,Not Recorded,,60396
Labetalol 100 mg/20 mL inj ADD,labetalol,Milligrams/Minute,,38942
Labetalol 20 mg/4 mL inj,labetalol,Not Recorded,,79375
Labetalol 20 mg/4 mL syringe,labetalol,Not Recorded,,6
Labetalol 200 mg tab,labetalol,Not Recorded,,1
Labetalol 300 mg tab,labetalol,Not Recorded,,3
Leucovorin 100 mg inj,leucovorin,Not Recorded,none,15241
Leucovorin 200  mg/10  mL inj,leucovorin,Not Recorded,,22
Leucovorin 350 mg/17.5mL inj,leucovorin,Not Recorded,,34
Leucovorin 5 mg tablet,leucovorin,Not Recorded,none,5
Leucovorin 50  mg inj,leucovorin,Not Recorded,none,4
LevETIRAcetam 1000 mg/100 mL NACL IVPB,levETIRAcetam in NACL,Not Recorded,,26101
LevETIRAcetam 1500 mg/100 mL NACL IVPB,levETIRAcetam in NACL,Not Recorded,,12478
LevETIRAcetam 500 mg/100 mL NACL IVPB,levETIRAcetam in NACL,Not Recorded,,29611
Levalbuterol 1.25 mg/0.5 mL solu UD,levalbuterol,Not Recorded,,1
LeveTIRACETAM 1000mg tab,leveTIRACETAM,Not Recorded,,4
LeveTIRACETAM 500mg inj.,leveTIRACETAM,Not Recorded,none,60800
LeveTIRACETAM 500mg/5mL soln.,leveTIRACETAM,Not Recorded,,132
LeveTIRACETAM XR 500mg tablet,levETIRAcetam XR,Not Recorded,none,1
LevoFLOXACIN 250 mg tab,levoFLOXACIN,Not Recorded,,1
LevoFLOXACIN 250 mg/50 mL D5W,LevoFLOXACIN in d5w,Not Recorded,,4113
LevoFLOXACIN 500 mg tab,levoFLOXACIN,Not Recorded,,11
LevoFLOXACIN 500 mg/100 mL D5W,LevoFLOXACIN in d5w,Not Recorded,,30625
LevoFLOXACIN 500mg inj,LevoFLOXACIN,Not Recorded,none,96
LevoFLOXACIN 750 mg tab,LevoFLOXACIN,Not Recorded,,1
LevoFLOXACIN 750 mg/D5W 150 mL,LevoFLOXACIN in d5w,Not Recorded,,38533
Levocarnitine 1000mg/5mL inj.,levocarnitine,Not Recorded,,16471
Levocarnitine 1gm inj  TPN Charging,levocarnitine,Not Recorded,none,169
Levofloxacin 500mg/20mL oral soln,levofloxacin,Not Recorded,,1
Levothyroxine 100 mcg tab,levothyroxine,Not Recorded,,2
Levothyroxine 25 mcg tab,levothyroxine,Not Recorded,,1
Levothyroxine 25mcg/mL 100 mL liq BULK,levothyroxine,Not Recorded,,2
Levothyroxine 300 mcg tab,levothyroxine,Not Recorded,,1
Levothyroxine 50 mcg tab,levothyroxine,Not Recorded,,1
Levothyroxine 88 mcg tab,levothyroxine,Not Recorded,,8
Lidocaine 0.5% PF 50 mL MDV inj,lidocaine 0.5%,Not Recorded,,3
Lidocaine 0.5%/Epi inj 50 mL,lidocaine 0.5%/epi,Not Recorded,,2
Lidocaine 1% 10 mL inj,lidocaine 1%,Not Recorded,,2
Lidocaine 1% 20 mL inj.,lidocaine 1%,Not Recorded,,46
Lidocaine 1% 50 mg/5 mL syringe (cardiac),lidocaine 1%,Not Recorded,,15
Lidocaine 1% 5mL inj,lidocaine 1%,Not Recorded,,44
Lidocaine 1% PF 30 mL,lidocaine 1% PF,Not Recorded,,62
Lidocaine 1% PF 5 mL inj,lidocaine 1% PF,Not Recorded,,35
"Lidocaine 1% w/Epi 1:100,000 50mL inj",lidocaine-epinephrine,Not Recorded,,1
"Lidocaine 1% w/Epi 1:100,000 inj 20 mL",lidocaine 1% w/ epi,Not Recorded,,20
"Lidocaine 1% w/Epi 1:200,000 inj 30mL PF inj",lidocaine 1% w/epi,Not Recorded,,3
Lidocaine 1% w/Epi for local anesthesia,lidocaine 1% w/epi,Not Recorded,none,1
Lidocaine 1.5% 20mL inj,lidocaine 1.5%,Not Recorded,,6
Lidocaine 1.5% w/epi 30 mL,lidocaine 1.5%/epi,Not Recorded,,35
Lidocaine 100mg/5mL syringe (cardiac),lidocaine,Not Recorded,,2179
Lidocaine 2% 10 mL inj,lidocaine 2%,Not Recorded,,212317
Lidocaine 2% Epi 1.8mL Cart,lidocaine 2% w/-epi,Not Recorded,,6
Lidocaine 2% Jelly  30 mL,lidocaine 2%,Not Recorded,,30
Lidocaine 2% Nebulized soln,lidocaine 2%,Not Recorded,none,1
Lidocaine 2% PF 10 mL inj,lidocaine 2%,Not Recorded,,1
Lidocaine 2% PF 2 mL inj,lidocaine 2%,Not Recorded,,4
Lidocaine 2% PF 5 mL inj,lidocaine 2%,Not Recorded,,589
Lidocaine 2% Visc 100 mL btl,lidocaine 2%,Not Recorded,,7
Lidocaine 2% inj 20mL,lidocaine 2%,Not Recorded,,160
Lidocaine 2% inj. 50mL inj,lidocaine,Not Recorded,,19
Lidocaine 2% topical Gel 5 mL,lidocaine 2%,Not Recorded,,4
Lidocaine 2% topical soln,lidocaine 2%,Not Recorded,none,4
Lidocaine 2% viscous liq 20 mL,lidocaine viscous 2%,Not Recorded,,15
"Lidocaine 2% w/Epi 1:100,000 20mL inj",lidocaine 2% w/epi,Not Recorded,,7
Lidocaine 20mg/mL OR syringe,lidocaine 2%,Not Recorded,none,5
Lidocaine 4% 5 mL inj,lidocaine 4%,Not Recorded,,96
Lidocaine 4% Nebulized soln,lidocaine 4%,Not Recorded,none,16
Lidocaine 4% cream,lidocaine 4% cream,Not Recorded,none,1
Lidocaine 4% topical sol 50 mL,lidocaine 4%,Not Recorded,,14
Lidocaine 5% oint 35 gm,lidocaine 5%,Not Recorded,none,1
Lidocaine 5%-Gluc 7.5% 2 mL inj,lidocaine 5% glucose 7.5%,Not Recorded,,2
Lidocaine 8mg/ml Drip NEONATE,lidocaine in syringe,Not Recorded,none,16
Lidocaine Gel 2% 20mL (Uro-Jet Gel),lidocaine gel 2%,Not Recorded,,1
Lidocaine Viscous 2%  UD,lidocaine viscous 2%,Not Recorded,none,101
Lidocaine topical 4% kit,lidocaine topical 4%,Not Recorded,none,46
Lidocaine w/ Epi 1.5% 10 mL inj,lidocaiine1.5%w/epi,Not Recorded,,3
"Lidocaine w/Epi 2% 1:200,000 20 mL inj",lidocaine 2% w/ epi,Not Recorded,,4
Linezolid 200 mg/100 mL premix,linezolid premix,Not Recorded,,18
Linezolid 600 mg tab,linezolid,Not Recorded,,2
Linezolid 600 mg/300 mL premix,linezolid premix,Not Recorded,,13164
Linezolid 600 mg/300 mL premix.,linezolid premix,Not Recorded,,825
Loratadine 10 mg tab,loratadine,Not Recorded,,1
Lorazepam 0.5 mg tab,lorazepam,Not Recorded,,2
Lorazepam 1 mg tab,lorazepam,Not Recorded,,33
Lorazepam 2 mg/1 mL inj,lorazepam,Not Recorded,,241692
Lorazepam 2 mg/mL 10 mL Extemp,lorazepam,Not Recorded,,1673
Lorazepam 2 mg/mL 10 mL inj,lorazepam,Milligram/Hour,,64203
Lorazepam 2 mg/mL conc. liq. (Palliative Care)BULK,lorazepam,Not Recorded,none,9
Lorazepam 4 mg/mL 10 mL inj,LORazepam,Not Recorded,,1
Lorazepam IV Therapy,Lorazepam IV Therapy,Not Recorded,none,2
MORPHINE PF 0.5mg/ml in NS 2ml inj syr,morphine,Not Recorded,,6
MVI Pediatric 10mL inj,multivit ped inj,Not Recorded,,92
MVI-12   2X5 mL inj,multiple vitamins,Not Recorded,,56027
MVI-12 (2X5mL) inj,multiple vitamins,Not Recorded,,62323
Mag Sulf 1gm/100 mL D5W premix,magnesium sulfate in d5w,Not Recorded,,329
Mag Sulf 6gm/NS 100mL ivpb,magnesium sulfate in ns,Not Recorded,,38
Mag Sulfate 20gm/ 500ml Water inj,magnesium sulfate/water,Not Recorded,,111679
Mag Sulfate 20mg/mL/NS neonate syringe,magnesium sulf. in NS syringe,Not Recorded,none,502
Mag Sulfate 40gm/ 1000ml Water inj,magnesium sulfate/water,Not Recorded,,5743
Mag Sulfate 50%  5 gm/10mL inj ***,magnesium sulfate 50%,Not Recorded,,57261
Mag Sulfate 50%(4 mEq/mL)2 mL inj,magnesium sulfate 50%,Not Recorded,,6673
Magnesium Citrate oral soln Bulk,magnesium citrate,Not Recorded,none,1
Magnesium Sulf 2gm/50mL IVPB,magnesium sulfate,Not Recorded,,608868
Magnesium Sulf 4gm/100mL IVPB,magnesium sulfate,Not Recorded,,119486
Magnesium Sulf 5 gm/10mL OR syringe,magnesium sulfate,Not Recorded,,139
Magnesium Sulf 5 gm/10mL inj ..,magnesium sulfate,Not Recorded,,4033
Mannitol 20% 250 mL IV bag,mannitol 20%,Hour,,6165
Mannitol 20% 500mL bag,mannitol 20%,Hour,,712
Mannitol 25% 12.5gm/50 mL inj,mannitol 25%,Not Recorded,,648
Melphalan 50 mg inj,melphalan,Not Recorded,none,2606
Meperidine 100 mg/1 mL inj.,meperidine,Not Recorded,,1922
Meperidine 25 mg/1 mL inj,meperidine,Not Recorded,,3291
Meperidine 25mg/0.5mL inj,meperidine,Not Recorded,,301
Meperidine 50 mg/1 mL inj,meperidine,Not Recorded,,2032
Mepivacaine 1% 30 mL inj,mepivacaine 1%,Not Recorded,,10
Mepivacaine 2% 20 mL inj,mepivacaine 2%,Not Recorded,,11
Meropenem 0.04mg/mL for Desensitization,meropenem/ns,Not Recorded,none,3
Meropenem 1000 mg inj,meropenem,Not Recorded,none,147597
Meropenem 1000mg/NS IVPB,meropenem in NS,Not Recorded,none,71792
Meropenem 10mg/mL for Desensitization,meropenem/ns,Not Recorded,none,4
Meropenem 1mg/mL for Desensitization,meropenem/ns,Not Recorded,none,1199
Meropenem 20mg/mL for Desensitization,meropenem/ns,Not Recorded,none,9
Meropenem 2gm Desensitization Rx Protocol- initiate,Meropenem 2gm Desensitization Rx Protocol- initiate,Not Recorded,none,29
Meropenem 500 mg inj,meropenem,Not Recorded,none,17599
Meropenem 500 mg/100 mL NS IVPB,meropenem in NS,Not Recorded,,44413
Meropenem 500mg/NS 50mL IVPB,meropenem in ns,Not Recorded,,48829
Mesna 1000 mg/10 mL inj,mesna,Not Recorded,,15427
MethaDONE 1 mg/ 1 mL oral Liq,methaDONE,Not Recorded,,8
MethaDONE 10 mg tab,methaDONE,Not Recorded,,8
MethaDONE 10 mg/mL 20 mL inj,methaDONE,Not Recorded,,146
MethaDONE 10 mg/ml 1mL IV syringe,methaDONE,Not Recorded,,12357
MethaDONE 10 mg/ml neonate IV syringe,methaDONE,Not Recorded,none,21
MethaDONE 5 mg tab,methaDONE,Not Recorded,,6
MethaDONE 5 mg/ 5 mL oral Liq,methaDONE,Not Recorded,,78
Methocarbamol 1gm inj,methocarbamol,Not Recorded,none,33679
Methocarbamol 500 mg tab,methocarbamol,Not Recorded,,8
Methocarbamol 750 mg tab,methocarbamol,Not Recorded,,4
Methohexital 500 mg inj,methohexital,Not Recorded,none,4
Methotrexate 1gm inj,methotrexate,Not Recorded,none,1334
Methotrexate 50 mg/2 mL inj,methotrexate,Not Recorded,,5
Methotrexate 50 mg/2 mL inj PF,methotrexate PF,Not Recorded,,3665
Methotrexate Int Dose,methotrexate sodium,Not Recorded,none,4
MethylPREDNISolone  40 mg DEPO inj,methylPREDNISolone acetate (depo),Not Recorded,none,154
MethylPREDNISolone 1000mg inj,methylPREDNISolone,Not Recorded,none,21950
MethylPREDNISolone 125 mg/2 mL  inj,methylPREDNISolone,Not Recorded,,82174
MethylPREDNISolone 2.5mg/mL/NS neonate syringe,methylPREDNISolone in NS syringe,Not Recorded,none,1
MethylPREDNISolone 2000mg inj,methylPREDNISolone,Not Recorded,none,5
MethylPREDNISolone 4 mg tab,methylPREDNISolone,Not Recorded,,2
MethylPREDNISolone 40 mg inj,methylPREDNISolone,Not Recorded,none,161910
MethylPREDNISolone 40 mg/mL susp inj 5mL,methylPREDNISolone,Not Recorded,,1
MethylPREDNISolone 500mg inj,methylPREDNISolone,Not Recorded,none,2788
Methylene Blue 1% 10mg/mL inj,methylene blue 1%,Not Recorded,none,443
Methylene Blue 100 mg / 10mL inj,methylene blue,Not Recorded,,531
Methylene Blue 5mg/mL 10mL inj,methylene blue,Not Recorded,,929
Methylergonovine 0.2 mg/1 mL inj,methylergonovine,Not Recorded,,81
Methylnaltrexone 12mg inj.,methylnaltrexone,Not Recorded,none,6
Methylnaltrexone 8 mg inj,methylnaltrexone,Not Recorded,none,1
MetoCLOPRAMIDE 1 mg/1 mL Ped oral syringe,metoCLOPRAMIDE ped liq,Not Recorded,,2
MetoCLOPRAMIDE 10 mg tab,metoCLOPRAMIDE,Not Recorded,,10
MetoCLOPRAMIDE 10 mg/10 mL liq,metoCLOPRAMIDE,Not Recorded,,1
MetoCLOPRAMIDE 10 mg/2 mL inj,metoCLOPRAMIDE,Not Recorded,,263442
MetoCLOPRAMIDE 5 mg tab,metoCLOPRAMIDE,Not Recorded,,1
MetoCLOPRAMIDE 5 mg/mL 10 mL inj,metoCLOPRAMIDE,Not Recorded,,21
MetoPROLOL 5 mg/5 mL inj,metoPROLOL,Not Recorded,,162845
MetoPROLOL Succinate XL 50 mg tab,metoPROLOL Succinate  XL,Not Recorded,,1
MetoPROLOL Succinate XL 50 mg tab,metoPROLOL XL,Not Recorded,,3
MetoPROLOL Tartrate 50 mg tab,metoPROLOL,Not Recorded,,2
MetoPROLOL tartrate 25 mg tab,metoPROLOL,Not Recorded,,1
MetoPROLOL tartrate 25 mg tab,metoPROLOL Tartrate,Not Recorded,,1
MetroNIDAZOLE tab(s) for wound care,metroNIDAZOLE,Not Recorded,,1
Metronidazole 500 mg tab,metronidazole,Not Recorded,,4
Metronidazole 500 mg/NS 100 mL,metronidazole / NS,Not Recorded,,334932
Metronidazole 5mg/mL/NS neonate syringe,metronidazole in NS syringe,Not Recorded,none,102
Micafungin 100 mg inj,micafungin,Not Recorded,none,43380
Micafungin 50 mg inj,micafungin,Not Recorded,none,25813
Micafungin 5mg/mL 2mL lock soln.,micafungin lock soln.,Not Recorded,,9
Midazolam 10 mg/5mL syrup,midazolam,Not Recorded,,1
Midazolam 1mg/mL inj 5 mL,midazolam,Not Recorded,,5006
Midazolam 2mg/2mL inj,midazolam,Not Recorded,,241946
Midazolam 5 mg/mL inj 10 mL,midazolam,Not Recorded,,108520
Milrinone 10 mg/10 mL inj,milrinone,Not Recorded,,8
Milrinone 20 mg/20 mL inj,milrinone,Microgram/Kilogram/Minute,,27327
Minocycline 100 mg inj,minocycline,Not Recorded,none,849
Misoprostol 100 mcg tab,misoprostol,Not Recorded,,1
Misoprostol 200 mcg tab,misoprostol,Not Recorded,,2
Misoprostol 25 mcg tab,misoprostol,Not Recorded,,1
MitoMYCIN 20 mg inj,mitoMYCIN,Not Recorded,none,6
MitoXANTRONE 20mg/10 mL inj,mitoXANTRONE,Not Recorded,,168
MitoXANTRONE 25mg/12.5mL inj,mitoXANTRONE,Not Recorded,,78
Morphine 1 mg/mL neonate syringe,morphine in syringe,Not Recorded,none,15
Morphine 10 mg/ 1 mL PF inj,morphine,Not Recorded,,12901
Morphine 10 mg/1 mL inj vial,morphine,Not Recorded,,10282
Morphine 10 mg/5 mL liq,morphine,Not Recorded,,12
Morphine 10 mg/mL inj 10 mL vial,morphine,Not Recorded,,1180
Morphine 15 mg/ 1 ml inj,morphine,Milligram/Hour,,6615
Morphine 15mg/mL 20 mL inj,morphine,Not Recorded,,4873
Morphine 2 mg/ 1 mL inj,morphine,Not Recorded,,628429
Morphine 2 mg/mL inj for Neonate study only,morphine,Not Recorded,none,32
Morphine 2mg/mL oral liq,morphine,Not Recorded,none,2
Morphine 4 mg/ 1 mL inj,morphine,Not Recorded,,276887
Morphine 5 mg/1 mL inj,morphine,Not Recorded,,26111
Morphine 8 mg/1 mL inj,morphine sulfate,Not Recorded,,8337
Morphine PCA 1mg/ml 50 mLSyr.,morphine PCA 1mg/ml 50mL Syr.,Not Recorded,,4293
Morphine PCA 50 mg/50 mL,morphine PCA,Not Recorded,,3316
Morphine PCA/NCA 50 mg/50 mL,morphine PCA,Not Recorded,,24842
Morphine PCA/NCA 50 mg/50 mL,morphine PCA/NCA,Not Recorded,,13966
Morphine-PF 10 mg/10 mL inj,morphine pf,Not Recorded,,185
Morphine-PF 200 mg/20 mL inj,morphine,Not Recorded,,1
Morphine-PF 5 mg/10 mL inj,morphine,Not Recorded,,8
Moxifloxacin 400 mg/250 mL NS IVPB,moxifloxacin in ns,Not Recorded,,1016
Multivitamin Pediatric 5 mL inj,multiple vitamins,Not Recorded,,126
Mycophenolate 250 mg cap,mycophenolate,Not Recorded,,1
Mycophenolate 500 mg inj,mycophenolate,Not Recorded,none,28188
Mycophenolate 500 mg tab,mycophenolate,Not Recorded,,6
Mycophenolate 500 mg/2.5mL oral susp (UD cup),mycophenolate,Not Recorded,,11
NACL  0.45% 100 ml bag,nacl 0.45%,Not Recorded,,591
NACL  0.45% 50 mL IV bag,nacl 0.45%,Not Recorded,,18
NACL 0.45% +20 mEq KCl 1000 mL,nacl 0.45% + kcl,Not Recorded,,38575
NACL 0.45% 1000 mL IV bag,nacl 0.45%,Not Recorded,,706959
NACL 0.45% 250 mL IV bag,nacl 0.45%,Not Recorded,,1542
NACL 0.45% 500 mL IV bag,nacl 0.45%,Not Recorded,,21316
NACL 2.5 mEq/ mL 40mL inj,NACL 2.5 mEq/mL,Not Recorded,,220
NACL 800mEq/200mL 23.4% inj,nacl 23.4%,Not Recorded,,1
NICU 10% Starter TPN,NICU 10% Starter TPN,Not Recorded,none,13
NICU Starter TPN,NICU Starter TPN,Not Recorded,none,78
NOREPInephrine 16mcg/mL OR syringe,NOREPInephrine,Not Recorded,none,45955
NOREPInephrine 4mcg/mL OR syringe (40mcg),NOREPInephrine,Not Recorded,none,18
NOREPInephrine 4mg/4mL inj,NOREPInephrine,Microgram/Kilogram/Minute,,882302
NS 100 mL IV bag,nacl 0.9%,Not Recorded,,2011148
NS 100 mL IV bag for chemo,nacl 0.9%,Not Recorded,,16226
NS 1000 mL (Polyolefin) for chemo,ns (polyolefin),Not Recorded,,5181
NS 1000 mL IV bag,NS,Not Recorded,,7255566
NS 1000 mL IV bag for chemo,ns,Not Recorded,,6608
NS 1000 mL btl for manufacturing,ns,Not Recorded,,4
NS 1000 mL irrigation  btl,ns irrigation btl,Not Recorded,,12
NS 100mL (polyolefin),nacl 0.9% (polyolefin),Not Recorded,,19458
NS 10mL flush syr,saline flush,Not Recorded,,1349
NS 10ml PF vial,ns pf,Not Recorded,,184
NS 150 mL IV bag,nacl 0.9%,Not Recorded,,1929
NS 150 mL IV bag for chemo,nacl 0.9%,Not Recorded,,585
NS 2000 mL Irrigation bag,nacl 0.9%,Not Recorded,,2
NS 250 mL IV bag,nacl 0.9%,Not Recorded,,779191
NS 250 mL IV bag for IV Set,nacl 0.9%,Not Recorded,,14611
NS 250 mL IV bag for chemo,nacl 0.9%,Not Recorded,,18498
NS 250 mL IV btl,nacl 0.9% bottle,Not Recorded,,5463
NS 250 mL IV btl for chemo,nacl 0.9%,Not Recorded,,59
NS 250 mL Prime bag for Chemo,nacl 0.9%,Not Recorded,,15
NS 250mL (Polyolefin),nacl 0.9% (polyolefin),Not Recorded,,461957
NS 250mL (Polyolefin) for chemo,nacl 0.9% (polyolefin),Not Recorded,,495
NS 250mL bag for narc drip,nacl 0.9%,Not Recorded,,83347
NS 30 mL Bacteriostatic inj,sodium chloride bacteriostatic,Not Recorded,,1
NS 3000 mL Irrigation bag,ns irrigation,Not Recorded,,12
NS 3mL flush,saline flush,Not Recorded,,6
NS 50 mL IV bag,nacl 0.9%,Not Recorded,,1555074
NS 50 mL IV bag for chemo,nacl 0.9%,Not Recorded,,11616
NS 500 mL IV bag,nacl 0.9%,Not Recorded,,395487
NS 500 mL IVPB,nacl 0.9%,Not Recorded,,187
NS 500 mL irrigation btl,nacl 0.9%,Not Recorded,,3
NS 500mL (Polyolefin),nacl 0.9% (polyolefin),Not Recorded,,7316
NS 500mL (Polyolefin) for chemo,nacl 0.9% (polyolefin),Not Recorded,,9861
NS 500mL IV bag for chemo,nacl 0.9%,Not Recorded,,10335
NS Continuous Bladder Irrigation 3000mL,NS Bladder Irrigation,Not Recorded,,1
NS PCA,nacl 0.9%,Not Recorded,none,59082
NS inj (Preservative Free),ns pf,Not Recorded,none,147
NS inj (Preservative Free),ns pf.,Not Recorded,none,56
NS+20 mEq KCl 1000 mL IV bag,ns + kcl,Not Recorded,,77705
NS+40 mEq KCl 1000 mL,ns + kcl,Not Recorded,,17456
NTG 0.3 mg=1/200Gr SL tab,nitroglycerin,Not Recorded,,1
NTG 0.4 mg=1/150Gr SL tab,nitroglycerin,Not Recorded,,149
NTG Aerosol Spray,nitroglycerin,Not Recorded,none,45
NaCl conc 23.4% (4meq/mL) for compounding,na chloride conc(23.4%),Not Recorded,none,11938
NaCl conc 23.4% 5mL syr,na chloride conc(23.4%),Not Recorded,,5
NaCl conc 23.4% 5mL syr (Dialysis),na chloride conc(23.4%),Not Recorded,,5
Nafcillin 0.01mg/mL for Desensitization,nafcillin/ns for desensitization,Not Recorded,none,7
Nafcillin 0.1mg/mL for Desensitization,nafcillin/ns for desensitization,Not Recorded,none,7
Nafcillin 10 gm inj,nafcillin,Not Recorded,none,6300
Nafcillin 10mg/mL for Desensitization,nafcillin/ns for desensitization,Not Recorded,none,8
Nafcillin 1gm inj,nafcillin,Not Recorded,none,72
Nafcillin 1gm/50 mL Iso-Dex,nafcillin in Iso-Dex,Not Recorded,,5
Nafcillin 1gm/50mL NS,nafcillin/ns,Not Recorded,,265
Nafcillin 20mg/mL neonate syringe,nafcillin/ns in syringe,Not Recorded,none,32
Nafcillin 2gm Desensitization Rx Protocol- initiate,Nafcillin 2gm Desensitization Rx Protocol- initiate,Not Recorded,none,1
Nafcillin 2gm inj,nafcillin,Not Recorded,none,1714
Nafcillin 2gm/100 mL Iso-Dex,nafcillin in Iso-Dex,Not Recorded,,853
Nafcillin 2gm/100mL NS IVPB,nafcillin/ns,Not Recorded,,15681
Nafcillin 50mg/mL for Desensitization,nafcillin/ns for desensitization,Not Recorded,none,8
Nalbuphine 10 mg/1 mL inj,nalbuphine,Not Recorded,,11403
Nalbuphine 20 mg/1 mL inj,nalbuphine,Not Recorded,,2168
Naloxone (HIGH CONCENTRATION)  2 mg/2 mL syringe,naloxone,Not Recorded,,769
Naloxone 0.4 mg/ 1 mL inj,naloxone,Not Recorded,,23004
Nelarabine 250 mg/ 50mL inj,nelarabine,Not Recorded,,81
Neonatal TPN,Neonatal TPN,Not Recorded,none,1633
Neonate Hyperalimentation,Hyperalimentation neonate,Not Recorded,none,938
Neonate Starter Hyperal 250mL,neonate starter hyperal,Not Recorded,,50
Neostigmine 1 mg/mL 10 mL inj,neostigmine,Not Recorded,,317
Neostigmine 1 mg/mL inj,neostigmine,Not Recorded,none,12
Neostigmine 3mg/3mL inj,neostigmine,Not Recorded,,1
Neostigmine 3mg/3mL inj,neostimine,Not Recorded,,18
Neostigmine 5mg/5mL Syr for Pyxis,neostigmine,Not Recorded,,1
NiCARdipine 100mcg/mL 10 mL-OR syringe,niCARdipine,Not Recorded,,13424
NiCARdipine 25mg/10mL inj,niCARdipine,Milligram/Hour,,13873
NiCARdipine 30 mg cap,niCARdipine,Not Recorded,,6
Nicardipine 1.25mg/6.25mL ECT syringe,nicardipine syringe,Not Recorded,,2
Nitroglycerin 100mcg/mL for Cath Lab,nitroglycerin,Not Recorded,none,1348
Nitroglycerin 2% Oint 1 gm,nitroglycerin 2% 1 gm,Not Recorded,none,19
Nitroglycerin 200mcg/mL 10mL OR syringe,nitroglycerin,Not Recorded,,8
Nitroglycerin 25 mg/5 mL inj,nitroglycerin,Not Recorded,,4
Nitroglycerin 50 mg/ 10 mL inj,nitroglycerin,Not Recorded,,3558
Nitroglycerin 50mcg/mL 10mL OR syringe,nitroglycerin,Not Recorded,,11540
Nitroprusside 50 mg/ 2 mL inj,nitroprusside,Not Recorded,,6338
Normosol-R Ph 7.4 1000mL bag,electrolytes,Not Recorded,,4
Not Recorded,Not Recorded,Micrograms/Minute,none,993111
OXALIplatin 100mg inj,OXALIplatin,Not Recorded,none,202
OXALIplatin 50 mg inj,OXALIplatin,Not Recorded,none,34
Octreotide  100 mcg/1mL inj,octreotide,Not Recorded,,3473
Octreotide  500  mcg/1 mL  inj,octreotide,Not Recorded,,549
Octreotide  500  mcg/1 mL  inj ADD,octreotide add,Not Recorded,,124691
Octreotide 1 mg/mL 5 mL inj,octreotide,Not Recorded,,111
Octreotide 10 mcg/mL neonate syringe,octreotide,Not Recorded,none,3
Octreotide 100 mcg/0.2 mL syringe,octreotide,Not Recorded,,4
Octreotide 20 mg/5 mL LAR inj,octreotide,Not Recorded,,1
Octreotide 30 mg LAR Kit,octreotide,Not Recorded,none,6
Olanzapine 10 mg IM,olanzapine,Not Recorded,none,191
Ondansetron 4 mg ODT,ondansetron ODT,Not Recorded,none,112
Ondansetron 4 mg tab,ondansetron,Not Recorded,,85
Ondansetron 4 mg/2 mL inj,ondansetron,Not Recorded,,1337705
Ondansetron 40 mg/20 mL inj (MDV),ondansetron,Not Recorded,,1423
Ondansetron 8 mg tab,ondansetron,Not Recorded,,33
Ondansetron 8mg/NS IVPB,ondansetron/ns,Not Recorded,none,29
Ophth. Lubricant (Refresh P.M.) 3.5 gm,ophthalmic lubricant,Not Recorded,none,2
Oxacillin 1000mg inj,oxacillin,Not Recorded,none,323
Oxacillin 40mg/mL/NS neonate syringe,oxacillin in NS syringe,Not Recorded,none,42
Oxymetazoline 0.05% nasal spray 15 mL,oxymetazoline 0.05%,Not Recorded,,229
Oxytocin 10 units/ 1 mL inj,oxytocin,Not Recorded,,2422
Oxytocin 10 units/mL inj 10mL,oxytocin,Not Recorded,,45
Oxytocin 15 unit(s)/NS 250mL (Induction),oxytocin/ns,Not Recorded,,65537
Oxytocin 20 unit(s)/LR 1000mL (Infusion),oxytocin/LR,Not Recorded,,21097
Oxytocin 20 units/1000 mL NS for infusion,oxytocin in NS,Not Recorded,,8722
Oxytocin 20 units/500mL (Infusion),oxytocin infusion,Not Recorded,,22608
Oxytocin 20 units/500mL (Infusion),oxytocin/LR,Not Recorded,,6933
Oxytocin 30 units/NS 500 mL,oxytocin/NS,Not Recorded,,5110
P.D. 1.5% 1000mL bag,p.d.soln 1.5%,Not Recorded,,1
PACLItaxel 30 mg/5 mL inj,PACLItaxel,Not Recorded,,149
PACLItaxel 300 mg/50 mL inj,PACLItaxel,Not Recorded,,384
PACLItaxel 6 mg/mL inj,PACLItaxel,Not Recorded,none,3
PACLItaxel Protein-Bound 100mg inj,PACLItaxel protein-bound,Not Recorded,none,36
PCA IV Syringe,PCA IV Syringe,Not Recorded,none,65
PCA Reservoir & Syringe Volume Confirm,PCA Reservoir & Syringe Volume Confirm,Not Recorded,none,3
"PCN G Ben 300,000 unit(s)/1 mL inj",penicillin g benzathine,Not Recorded,,1
PCN G Benzathine  1.2 mu/2 mL inj,penicillin g benzathine,Not Recorded,,2
"PCN-G Procan 600,000 units/1 mL inj",penicillin g procaine,Not Recorded,,1
PD Low Cal Ultra 1.5% 2 Liter,pd low cal 1.5% 2L,Not Recorded,,2
PEMEtrexED 500 mg inj,PEMEtrexED,Not Recorded,none,8
PEMEtrexED 500 mg inj,pemetrexed,Not Recorded,none,7
PHENYLephrine 0.25% 30mL nsl spray,PHENYLephrine 0.25% nas spray,Not Recorded,,1
PHENYLephrine 0.25% nsl spray 15 mL,PHENYLephrine nasal 0.25% spray,Not Recorded,,1
PHENYLephrine 0.5% nasal spray 15mL,PHENYLephrine 0.5%,Not Recorded,,108
PHENYLephrine 1% nasal spray 15 mL,PHENYLephrine 1%,Not Recorded,,1
PHENYLephrine 10 mg/ 1 mL inj,PHENYLephrine,Not Recorded,,53849
PHENYLephrine 1mg/10mL (1000mcg) inj,PHENYLephrine,Not Recorded,,298
PHENYLephrine 1mg/10mL (1000mcg) ns syringe OR,PHENYLephrine,Not Recorded,,2182
PHENYLephrine 50 mg/ 5 mL inj,PHENYLephrine,Not Recorded,,76
PHENYLephrine 500mcg/mL 20mL syringe (I-cavernous),phenylephrine,Not Recorded,,4
PRMX Alteplase 25 mg ADD for LVAD,alteplase,Milligram/Hour,none,1051
PRMX Argatroban 125mg/ 125 mL vial,argatroban,Not Recorded,,359
PRMX Bivalirudin 250 mg inj,PRMX bivalirudin,Milligram/Kilogram/Hour,none,260
PRMX Bivalirudin 250 mg inj,bivalirudin,Not Recorded,none,469
PRMX DOBUTamine 1gm/D5W 250 mL (dbl),DOBUTamine-d5w,Microgram/Kilogram/Minute,,84232
PRMX DOBUTamine 250mg/D5W 250 mL,DOBUTamine-d5w,Microgram/Kilogram/Minute,,3525
PRMX DOBUTamine 500 mg Drip Std*,DOBUTamine/d5w,Microgram/Kilogram/Minute,none,655741
PRMX DOBUTamine 50mg/NS 50ml,DOBUTamine in ns,Not Recorded,,98
PRMX DOPamine 400 mg Drip std*,DOPamine/d5w,Not Recorded,none,74693
PRMX DOPamine 800 mg/250 mL Drip DBL,DOPamine - d5w,Microgram/Kilogram/Minute,,2410
PRMX EPInephrine 2mg/D5W drip std*,EPInephrine in d5w,Not Recorded,none,4539
PRMX EPInephrine 4mg/D5W drip std*,EPInephrine in d5w,Microgram/Kilogram/Minute,none,334797
PRMX EPInephrine 4mg/NS drip,EPInephrine in ns,Microgram/Kilogram/Minute,none,1277
PRMX Eptifibatide 200 mg/100 mL Drip,eptifibatide/water,Not Recorded,,207
PRMX Esmolol 2.5gm/250 mL Drip std*,esmolol,Microgram/Kilogram/Minute,,51749
"PRMX Fentanyl  2,500 mcg / 50 mL Premix Drip",fentanyl citrate,Not Recorded,,1982583
PRMX Fentanyl  5000 mcg / 100 mL Premix Drip Double,fentaNYL,Not Recorded,,43392
"PRMX HePARIN 25,000 units/250 mL Premix std*",hePARIN premix,Not Recorded,,2733486
PRMX Hydromorphone 20 mg/NS Drip,HYDROmorphone PF,Not Recorded,none,6939
PRMX Hydromorphone 20 mg/NS Drip,HYDROmorphone in ns,Not Recorded,none,43
PRMX Insulin Reg Hum.,insulin reg human premix,Not Recorded,none,569298
PRMX Insulin Reg Hum. 100 units/100ml,insulin reg human premix,U/Hr,,459732
PRMX Insulin Reg Human 250units Drip std* (OR charging),insulin reg human in ns,Not Recorded,none,293
PRMX Lidocaine 2 gm/250 mL D5W Drip std*,lidocaine in d5w,Not Recorded,,44582
PRMX Midazolam 100mg Drip Std*,midazolam in ns,Not Recorded,none,307036
PRMX Milrinone 20mg/100mL D5W drip,PRMX milrinone in d5w,Not Recorded,,11252
PRMX Milrinone 40 mg Drip std*,milrinone/d5w,Not Recorded,none,1148623
PRMX NOREPInephrine 4 mg/250 mL NS Drip,NOREPInephrine NS premix drip,Not Recorded,,1328332
PRMX NOREPInephrine 4mg/250ml D5W Drip,NOREPInephrine in d5w,Microgram/Kilogram/Minute,,67520
PRMX NiCARdipine 40 mg/200mL NS  Drip std*,niCARdipine/NS,Milligram/Hour,,358969
PRMX Nitroglycerin 50 mg Drip std*,nitroglycerin/d5w,Micrograms/Minute,none,115331
PRMX PHENYLephrine 25mg/D5W drip,PHENYLephrine in d5w,Microgram/Kilogram/Minute,none,155
PRMX PHENYLephrine 25mg/NS drip std*,PHENYLephrine in ns,Microgram/Kilogram/Minute,none,139011
PRMX Propofol 1000 mg/100 mL std*,propofol,Microgram/Kilogram/Minute,,885654
PRMX Propofol 500 mg/ 50 mL bottle,propofol,Not Recorded,,2077
PRMX Tirofiban 12.5 mg/250 mL Drip,tirofiban in ns,Microgram/Kilogram/Minute,,31634
PRMX Tirofiban 5 mg/100 mL Drip,tirofiban in ns,Microgram/Kilogram/Minute,,101
PRMX Vasopressin 40 unit/100mL NS Drip (DBL Volume),vasopressin double volume drip,Unit/Minute,,5
PRMX clevidipine 25 mg/50 mL Drip std*,PRMX clevidipine drip,Milligram/Hour,,3829
PRMX dexmedetomidine 400mcg/100ml NS Drip,dexmedetomidine NS premix drip,Microgram/Kilogram/Hour,,1246108
PRMX diltiazem 100 mg drip,diltiazem,Microgram/Kilogram/Minute,none,34652
PRMX diltiazem 125 mg drip,diltiazem,Milligram/Hour,none,15638
PRMX fentaNYL 2500 mcg/250 mL NS,PRMX fentaNYL,Microgram/Kilogram/Hour,,25708
PRMX ketamine 400 mg Drip DBL (FOR ICU),ketamine drip,Milligram/Kilogram/Hour,none,76254
PRMX morphine 100 mg/100 mL NS Drip,morphine,Not Recorded,,7281
PRMX sodium bicarbonate 150 mEq D5W 1000 mL,sodium bicarbonate/d5w,Not Recorded,,3522
Palifermin 6.25mg (6250 mcg) inj,palifermin,Not Recorded,none,734
Palonosetron 250mcg/5mL inj,palonosetron,Not Recorded,,224
Pamidronate 30 mg/10ml  injection,pamidronate,Not Recorded,,489
Pamidronate 90 mg/10 mL inj,pamidronate,Not Recorded,,69
Panitumumab100 mg/5mL inj,panitumumab,Not Recorded,,3
Pantoprazole 40 mg granules,pantoprazole,Not Recorded,none,3
Pantoprazole 40 mg inj,pantoprazole,Not Recorded,none,945370
Pantoprazole 40 mg tab,pantoprazole,Not Recorded,,29
Pantoprazole IV for Invest.study,pantoprazole P#3001k200042,Not Recorded,none,9
Paricalcitol 2 mcg/mL inj,paricalcitol,Not Recorded,none,632
Paricalcitol 5 mcg/mL inj,paricalcitol,Not Recorded,none,19
Pegaspargase 750 units/1mL inj,pegaspargase,Not Recorded,,92
Pembrolizumab 100 mg inj,pembrolizumab,Not Recorded,none,1
Penicillin G K 20 million units CMPD,Penicillin G K,Not Recorded,none,24
Penicillin G K 5 million unit inj,penicillin g k,Not Recorded,none,20273
"Penicillin G K 5,000,000 unit(s)/ns IVPB",penicillin g k in ns,Not Recorded,none,10705
Penicillin G NA 5Mu inj,penicillin g sod.,Not Recorded,none,192
Penicillin G Pot. 0.1units/mL for Desensitization,Penicillin G Pot./ns,Not Recorded,none,16
Penicillin G Pot. 1000 units/mL for Desensitization,Penicillin G Pot./ns,Not Recorded,none,15
Penicillin G Pot. 10units/mL for Desensitization,Penicillin G Pot./ns,Not Recorded,none,16
"Penicillin G Pot. 3,000,000 units/50 mL D5W IVPB",Penicillin G Pot.,Not Recorded,,656
"Penicillin G Pot. 3,000,000 units/50 mL D5W IVPB",Penicillin G Pot. D5W,Not Recorded,,1457
"Penicillin G Pot. 3,000,000 units/50 mL IVPB",Penicillin G Pot.,Not Recorded,,13824
"Penicillin G Pot. 50,000 units/mL for Desensitization",Penicillin G Pot./ns,Not Recorded,none,26
Penicillin G Sod. 5 mu/D5W 100mL IVPB,penicillin g sod. in D5W,Not Recorded,,71
Pentamidine 300 mg inj,pentamidine,Not Recorded,none,234
Pentobarbital 50 mg/mL 20 mL inj ADD,pentobarbital add,Milligram/Kilogram/Hour,,482
Pentostatin 10 mg inj,pentostatin,Not Recorded,none,17
Peramivir 200 mg/20mL inj,peramivir,Not Recorded,,118
Perflutren,perflutren,Not Recorded,none,375
Peripheral Parenteral Nutrition,Peripheral Parenteral Nutrition (hyperal),Not Recorded,none,360683
Peripheral TPN,Peripheral TPN,Not Recorded,none,45390
Pertuzumab 420 mg inj,pertuzumab,Not Recorded,none,9
Phenobarbital 130 mg/1 mL inj,phenobarbital,Not Recorded,,8916
Phenobarbital 4 mg/ mL ped. oral syringe,phenobarbital ped liq,Not Recorded,none,1
Phenobarbital 65 mg/1 mL inj,PHENobarbital,Not Recorded,,8202
Phenobarbital 65mg/mL neonate syringe,PHENobarbital in syringe,Not Recorded,none,2
Phentolamine Mesylate 5 mg inj,phentolamine,Not Recorded,none,4
Phenylephrine nasal 0.5% soln 15mL,phenylephrine nasal 0.5%,Not Recorded,,2
Phenytoin 100 mg/2 mL inj,phenytoin,Not Recorded,,1344
Phenytoin 100 mg/4 mL oral susp,phenytoin,Not Recorded,,1
Phenytoin 250 mg/5 mL inj,phenytoin,Not Recorded,,171
Physostigmine 2 mg/2 mL inj,physostigmine,Not Recorded,,26
Phytonadione 10 mg/1 mL inj,phytonadione,Not Recorded,,12482
Phytonadione 5 mg tab,phytonadione,Not Recorded,,12
Phytonadione Ped 1 mg inj,phytonadione ped,Not Recorded,none,7
Phytonadione Ped. 1 mg/mL (Vit.K) neonate syringe,phytonadione in ns,Not Recorded,none,30
Piperacil/Tazobactam  2.25gm inj,piperacillin-tazobact,Not Recorded,none,122
Piperacillin-Tazobactam  4.5 gm inj,piperacillin-tazobactam,Not Recorded,none,3277
Piperacillin-Tazobactam 3.375 gm/50 mL iso-dex,piperacillin-tazobac in iso-dex,Not Recorded,,52283
Piperacillin-Tazobactam 3.375gm inj,piperacillin-tazobact,Not Recorded,none,30784
Piperacillin-Tazobactam 3.375gm/100 mL NS,piperacillin-tazobac in ns,Not Recorded,,149408
Piperacillin-Tazobactam 4.5gm IVPB/NS 100mL,piperacillin-tazobactam in ns,Not Recorded,,337561
Piperacillin-tazob 20mg/mL/NS neonate syringe,piperacillin-tazob in NS syringe,Not Recorded,none,181
Piperacillin-tazobactam 4.5 gm/iso-dex 100 ml ivpb,piperacillin-tazobact/iso-dex,Not Recorded,,21639
Piperacillin/Tazobactam  2.25gm/NS IVPB,piperacillin-tazobact in NS,Not Recorded,none,648
Pipracil-Tazobac 3.375gm/50mL NS (for RAD),piperacillin-tazobac in ns,Not Recorded,,28
Plasma-Lyte A 1000 mL bag,plasmalyte a,Not Recorded,,578115
Pneumococcal 25 mcg/0.5 mL inj,pneumococcal vaccine  poly,Not Recorded,,2
Polyethylene Glycol pwdr 17gm unit dose,polyethylene glycol,Not Recorded,none,1
"Polymyxin B 500,000 unit inj",polymyxin b sulfate,Not Recorded,none,121
Posaconazole 100mg tab,posaconazole,Not Recorded,,2
Posaconazole 300mg inj,posaconazole,Not Recorded,none,4500
Posaconazole 40mg/mL oral susp.,posaconazole,Not Recorded,none,22
Potasium Aceta 2 mEq/mL 100 mL inj,potassium acetate,Not Recorded,,1
PotassPhosphate 3mmol/mL 15mL inj,potassium phosphate,Not Recorded,,27479
Potassium  Acet 100mEq/50mL inj,potassium acetate,Not Recorded,,6
Potassium Aceta 2 mEq/mL 20 mL inj,potassium acetate,Not Recorded,,1028
Potassium Chlor 0.1 meq/ml/NS neonate syringe,potassium chloride in NS syringe,Not Recorded,none,10
Potassium Chlor 0.2 meq/ml/NS neonate syringe,potassium chloride in NS syringe,Not Recorded,none,10
Potassium Chlor 2 meq/ml 10mL inj,potassium chloride,Not Recorded,,56042
Potassium Chloride 10 mEq cap,potassium chloride,Not Recorded,,23
Potassium Chloride 10 mEq tab,potassium chloride,Not Recorded,,15
Potassium Chloride 20 mEq/15 mL liq 473mL BULK,potassium chloride,Not Recorded,,29
"Potassium Chloride 8 mEq cap
",potassium chloride,Not Recorded,,1
Potassium Cl 20meq/NS 500mL ivpb,potassium chloride in NS,Not Recorded,,46
Potassium Cl 30meq/NS 500mL ivpb,potassium chloride in ns,Not Recorded,,63
Potassium Cl 40meq/D5W 500mL (for HF),potassium chloride in d5w,Not Recorded,,86
Potassium Cl 40meq/NS 500mL ivpb,potassium chloride in ns,Not Recorded,,120920
Potassium Level Recheck Reminder,potassium level recheck reminder,Not Recorded,none,1
Potassium Phos 3 mmol/mL 50 mL inj,potassium phosphate,Not Recorded,,1646
Potassium-Phos (K-PhosNeutral) tab,potassium phosphate/sod.phosphate,Not Recorded,,1
Prasugrel 10 mg tab,prasugrel,Not Recorded,,381
Pravastatin 40 mg tab,pravastatin,Not Recorded,,1
PredniSONE 5 mg/5 mL liq 120mL,predniSONE,Not Recorded,,1
Pregabalin 150 mg cap,pregabalin,Not Recorded,,1
Pregabalin 75 mg caps,pregabalin,Not Recorded,none,6
Premix Dextrose 5%,Premix D5W,Not Recorded,none,2550365
Premix Diluent,Premix Diluent,Not Recorded,none,5691785
Premix NS,Premix NS,Not Recorded,none,4643474
"Premix Water, Sterile",Premix Sterile Water,Not Recorded,none,339
Preop famotidine,famotidine,Not Recorded,none,1
PrismaSol B22GK4/0 w/out Calcium soln,prismaSol B22GK4/0,Not Recorded,none,6
Prismasate B22GK4/0 w/o Calcium,prismasate b22gk4/0,Not Recorded,none,1
Prismasate BK 0/3.5 5L bag,Prismasate BK 0/3.5,Not Recorded,,11
Procainamid 1gm/10 mL inj ADD,procainamide add,Milligrams/Minute,,264
Procainamide 1gm/10 mL inj,procainamide,Not Recorded,,45
Procainamide 1gm/2mL inj,procainamide,Not Recorded,,58
Procainamide 1gm/2mL inj ADD,procainamide add..,Milligrams/Minute,,3630
Procainamide 1gm/ns 50mL ivpb for ED use only,procainamide/ns,Not Recorded,,9
Prochlorperazine 10 mg tab,prochlorperazine,Not Recorded,,6
Prochlorperazine 10mg/2mL inj for IV use,prochlorperazine,Not Recorded,,88093
Prochlorperazine 5 mg tab,prochlorperazine,Not Recorded,,1
Prolastin 1gm inj,alpha 1 proteinase inhibitor,Not Recorded,none,3
Promethazine 12.5 mg supp,promethazine supp,Not Recorded,none,28
Promethazine 12.5 mg tab,promethazine tab,Not Recorded,,1
Promethazine 12.5mg IV,promethazine inj,Not Recorded,none,145
Promethazine 25 mg supp,promethazine supp,Not Recorded,none,33
Promethazine 25 mg tab,promethazine tab,Not Recorded,,1
Promethazine 25 mg/1 mL inj,promethazine inj,Not Recorded,,21318
Promethazine 6.25 mg/5 ml 120 mL liq,promethazine,Not Recorded,,3
Propofol 100 mg/ 10 mL Syringe,propofol,Not Recorded,,16
Propofol 200 mg/ 20 mL inj,propofol,Not Recorded,,2341
Propofol 500 mg/50 mL syringe,propofol,Not Recorded,,37
Propranolol 1 mg/1 mL inj,propranolol,Not Recorded,,258
ProtAMINE 10 mg/mL 5 mL inj,protAMINE,Not Recorded,,7201
ProtAMINE 100mg/50ml IVPB,protamine ivpb,Not Recorded,,15
ProtAMINE 10mg/mL 25mL inj,protAMINE,Not Recorded,,224
Protein C Concentrate Human 1000 units/10 mL,Protein C Concentrate Human,Not Recorded,,11
Prothrombin Complex concentrate (Bebulin),prothrombin complex conc.,Not Recorded,none,40
Prothrombin complex (Human) (Kcentra),prothrombin complex,Not Recorded,none,1552
Pyridostigmine 10 mg/2 mL inj,pyridostigmine,Not Recorded,,311
Pyridostigmine 60 mg/5 mL liq 120mL,pyridostigmine,Not Recorded,,1
Pyridoxine 100 mg/1 mL inj,pyridoxine,Not Recorded,,24298
Pyridoxine 100 mg/1mL/NS neonate syringe,pyridoxine in NS syringe,Not Recorded,,1
Pyridoxine 50 mg tab,pyridoxine,Not Recorded,,1
REMIfentanil 1 mg inj,REMIfentanil,Not Recorded,none,5088
REMIfentanil 1000 mcg inj,REMIfentanil,Not Recorded,none,706
REMIfentanil 100mcg/2mL syringe,REMIfentanil,Not Recorded,,1
REMIfentanil 2 mg inj,REMIfentanil,Not Recorded,none,10
RHo (D) immune globulin 1500 intl units/1.3 mL solu,RHo (D) immune globulin,Not Recorded,,32
RHo (D) immune globulin 300 mcg (Rhogam IM),RHo (D) immune globulin,Not Recorded,none,7
RHo (D) immune globulin 300 mcg/1.3 mL inj,RHo (D) immune globulin,Not Recorded,,14
RHo (D) immune globulin 300 mcg/2 mL inj,RHo (D) immune globulin,Not Recorded,,26
Ramucirumab 500 mg/50mL inj,ramucirumab,Not Recorded,,2
Ranitidine 50mg/2mL inj,ranitidine,Not Recorded,,226
Rasburicase 7.5 mg inj.,rasburicase,Not Recorded,none,32
Refresh Classic Ophth Soln 0.4 mL,refresh,Not Recorded,,3
Regadenoson 0.4 mg/5 mL inj,regadenoson,Not Recorded,,3200
RifaMPIN 300 mg cap,rifaMPIN,Not Recorded,,2
RifaMPIN 3mg/mL/NS neonate syringe,rifaMPIN in NS syringe,Not Recorded,none,1
RifaMPIN 600 mg inj,rifaMPIN,Not Recorded,none,2587
Rocuronium 10 mg/mL 10 mL inj,rocuronium,Not Recorded,,2037
Rocuronium 10 mg/mL 5 mL inj,rocuronium,Not Recorded,,8712
Rocuronium 10 mg/mL 5 mL syringe,rocuronium,Not Recorded,,3
Rocuronium 10 mg/mL per mL,rocuronium,Not Recorded,none,8
Rocuronium 10mg/mL 5mL OR syringe,rocuronium,Not Recorded,,47
Ropivacaine 0.5% 30 mL syringe (EUOSH),ropivacaine 0.5%,Not Recorded,,2
Ropivacaine 1% 10mg/mL 20mL,ropivacaine 1%,Not Recorded,,1
Ropivacaine 2 mg/mL 100 mL inj,ropivacaine 0.2%,Not Recorded,,14
Ropivacaine 5 mg/mL 30 mL inj,ropivacaine 0.5%,Not Recorded,,76
Ropivacaine 7.5 mg/mL 20 mL inj,ropivacaine 0.75%,Not Recorded,,2
SJH hyperalimentation 1200-2200mL,hyperalimentation 1200-2200mL,Not Recorded,,304628
SJH hyperalimentation <1200mL,hyperalimentation <1200mL,Not Recorded,,13738
SJH hyperalimentation >2200mL,hyperalimentation >2200mL,Not Recorded,,8387
SMOFlipid 20% 100 mL (Neonate),fat emulsion 20% (SMOFlipid),Not Recorded,,65
SMX-TMP 800 mg-160 mg/20 mL suspension,sulfamethoxazole-trimethoprim,Not Recorded,,1
SUMAtriptan 6mg/0.5mL inj,SUMAtriptan succinate,Not Recorded,,3
SUfentanil 100 mcg/2 mL inj,SUfentanil,Not Recorded,,38
SUfentanil 250 mcg/5 mL inj,SUfentanil,Not Recorded,,3
SUfentanil 50 mcg/1 mL inj,SUFentanil,Not Recorded,,8
Sargramustim 250 mcg inj,sargramostim,Not Recorded,none,5
Scopolamine 0.4 mg/ 1 mL inj,scopolamine,Not Recorded,,12
Scopolamine patch,scopolamine,Not Recorded,none,1499
Secretin 16mcg synthetic human,secretin,Not Recorded,none,14
Selenium 400 mcg/10 mL inj,Selenious acid,Not Recorded,,12
Selenium 600 mcg/10 mL inj,Selenious acid,Not Recorded,,1786
Sildenafil 10 mg/12.5 mL inj.,sildenafil,Not Recorded,,877
Siltuximab 400 mg inj,siltuximab,Not Recorded,none,2
Sincalide 5 mcg inj,sincalide,Not Recorded,none,3
Sirolimus 0.5 mg tab,sirolimus,Not Recorded,,1
Sodium  Bicarb. 0.5mEq/1mL neonate syringe,sod. bicarbonate in syringe,Not Recorded,,2
Sodium  Bicarbonate 0.25mEq/1mL neonate syringe,sod bicarbonate in syringe,Not Recorded,,6
Sodium  Bicarbonate 0.5meq/mL neonate syringe,sod bicarbonate,Not Recorded,none,11
Sodium  Bicarbonate 2.5 mEq/5mL inj,sod bicarbonate inj,Not Recorded,,15
Sodium  Bicarbonate 5 mEq/10mL syringe,sod bicarbonate inj,Not Recorded,,36
Sodium Acetate 2 mEq/mL 20 mL inj,sodium acetate,Not Recorded,,608
Sodium Acetate 2 mEq/mL inj,sodium acetate,Not Recorded,none,6119
Sodium Bicarb 10 mEq/10 mL  inj,sodium bicarbonate,Not Recorded,,188
Sodium Bicarb 50 mEq/50 mL  vial,sodium bicarbonate,Not Recorded,,240162
Sodium Bicarb 50 mEq/50 mL ADD,sodium bicarbonate,Not Recorded,,28571
Sodium Bicarb 50 mEq/50 mL vial CMPD,sodium bicarbonate,Not Recorded,,980
Sodium Bicarb 50 mEq/50mL syringe,sodium bicarbonate,Not Recorded,,170249
Sodium Bicarbonate 650 mg tab,sodium bicarbonate,Not Recorded,,1
Sodium Chloride 0.9% (50mL vial) for Remodulin,ns 50mL vial,Not Recorded,,4
Sodium Chloride 0.9% 5mL Flush syr. (neonate),sodium chloride flush,Not Recorded,,43
Sodium Chloride 3% 4mL inhalation soln.,sodium chloride 3%,Not Recorded,,1
Sodium Glycerophosphate 20mmol/20mL inj,sodium glycerophosphate,Not Recorded,,9183
Sodium Phosphat 3 mm/mL 50 mL inj,sodium phosphate,Not Recorded,,32465
Sodium Phosphate 3mmol/ml  15 mL inj,sodium phosphate,Not Recorded,,7914
Sodium Tetradecyl sulfate 1% inj,sodium tetradecyl sulfate,Not Recorded,none,1
Sodium Tetradecyl sulfate 3% inj,sodium tetradecyl 3%,Not Recorded,none,1
Sodium Thiosulfate 25% 50 mL inj,sodium thiosulfate 25%,Not Recorded,,832
Sodium benzoate-Sodium phenylacetate 10%,sod.benzoate-sod.phenylacetate,Not Recorded,none,56
Standard PAL Line IV fluid,Standard PAL Line fluid,Not Recorded,none,167
Standard UAC Line IV fluid,Standard UAC Line fluid,Not Recorded,none,153
Standard UVC Line IV fluid,Standard UVC Line fluid,Not Recorded,none,101
Sterile/Free Water flush,"water, sterile/free flush",Not Recorded,none,1
Streptomycin 1 gm inj,streptomycin,Not Recorded,none,16
Streptozocin 1gm inj,streptozocin,Not Recorded,none,4
Succinylcholine 20 mg/mL OR syringe,succinylcholine,Not Recorded,none,1
Succinylcholine 200 mg/10 mL inj,succinylcholine,Not Recorded,,2193
Succinylcholine 200 mg/10 ml syringe (EUOSH),succinylcholine,Not Recorded,,1
Succinylcholine 200mg syr for pyxis,succinylchloline,Not Recorded,none,6
Succinylcholine 20mg/mL 10mL syringe,succinylcholine,Not Recorded,,20
Succinylcholine 20mg/mL 5mL syringe,succinylcholine,Not Recorded,,3
Succinylcholine 20mg/ml 10ml OR syringe,succinylcholine,Not Recorded,,11
Succinylcholine 60 mg/3 mL syringe,succinylcholine,Not Recorded,,1
Sugammadex 200 mg/2mL inj,sugammadex,Not Recorded,,52
Sugammadex 500 mg/5mL inj,sugammadex,Not Recorded,,29
Sulfamethoxazole-Trimethoprim 80mg-16  mg/mL 10mL inj,sulfamethoxazole-trimethoprim,Not Recorded,,4178
Sulfamethoxazole-Trimethoprim 80mg-16 mg/mL inj,sulfamethoxazole-trimethoprim,Not Recorded,none,4343
"Syringe, chemo","Syringe, chemo",Not Recorded,none,42
TACRolimus 0.5 mg cap,TACRolimus,Not Recorded,,61
TACRolimus 1 mg cap,TACRolimus,Not Recorded,,7
TACRolimus 5mg inj,TACRolimus,Not Recorded,none,21146
TBO-filgrastim 300 mcg/0.5 mL inj,TBO-filgrastim,Not Recorded,,2
TIGEcycline 50 mg inj,TIGEcycline,Not Recorded,none,3190
TOPOtecan 4 mg/ 4 mL inj,TOPOtecan,Not Recorded,,19
Tamsulosin 0.4  mg cap,tamsulosin,Not Recorded,,1
Telavancin 250 mg inj,telavancin,Not Recorded,none,144
Telavancin 750 mg inj,telavancin,Not Recorded,none,33
Temsirolimus 25 mg/mL inj.,temsirolimus,Not Recorded,none,1
Terbutaline 1 mg/1 mL inj,terbutaline,Not Recorded,,16
"Tetanus/Diphtheria/Pertussis, Acel (Tdap) 0.5 mL","tetanus/diphtheria/pertussis, acel (Tdap)",Not Recorded,,1
Tetanus/Dipth. Tox. Adsb. 0.5 ml inj,Tetanus/Diptheria toxoid,Not Recorded,,10
Tetracaine 1% 2mL inj,tetracaine 1%,Not Recorded,,1
Thiamine 100 mg/ml 2mL inj,thiamine,Not Recorded,,174096
Thiamine 100 mg/ml 2mL inj FOR COMPOUNDING USE,thiamine,Not Recorded,,56650
Thiotepa 15 mg inj,thiotepa,Not Recorded,none,80
Thrombin 5000 unit recombinant powder,thrombin,Not Recorded,none,2
Ticagrelor 90 mg tab,ticagrelor,Not Recorded,,316
Ticar/Clav 3.1 IVPB,ticarcillin-clavulanate/ns,Not Recorded,none,110
Tirofiban 50 mcg/ mL 250 mL Drip*,tirofiban/ns,Not Recorded,,143
Tobramycin 1.2gm/30ml Bulk Vial,tobramycin,Not Recorded,,3272
Tobramycin 80 mg/ 100 mL NS,tobramycin,Not Recorded,,18
Tobramycin 80 mg/2 mL inj,tobramycin,Not Recorded,,4054
Tobramycin Intermittent Dosing by Pharmacist,tobramycin intermittent dosing,Not Recorded,none,1
Tocilizumab 200 mg/10mL inj,tocilizumab,Not Recorded,,124
Tocilizumab 400 mg/20mL inj,tocilizumab,Not Recorded,,376
Tolterodine 2 mg tab,tolterodine,Not Recorded,,1
Tolterodine LA 4 mg cap,tolterodine LA,Not Recorded,,1
Topiramate 100 mg tab,topiramate,Not Recorded,,1
TraMADOL 50 mg tab,traMADOL,Not Recorded,,1
Trabectedin 1mg inj.,trabectedin,Not Recorded,none,75
Trace Elements 10 mL inj,trace elements,Not Recorded,,124
Tranexamic acid 100 mg/mL inj,tranexamic acid,Not Recorded,none,7479
Tranexamic acid 1000 mg/NS 100mL,tranexamic acid,Not Recorded,,375
Tranexamic acid 2gm bolus dose,tranexamic acid,Not Recorded,none,77
Tranexamic acid 650 mg tab,tranexamic acid,Not Recorded,,51
Trastuzumab 150 mg inj,trastuzumab,Not Recorded,none,9
Trastuzumab 440 mg inj,trastuzumab,Not Recorded,none,12
Trepostinil 5 mg/mL 20mL inj,treprostinil,Not Recorded,,106
Treprostinil 1 mg/mL 20mL inj,treprostinil,ng/kg/min,,28
Treprostinil 10 mg/mL 20mL,treprostinil,Not Recorded,,29
Treprostinil 2.5 mg/mL 20mL,treprostinil,Not Recorded,,103
Treprostinil 20mg/20mL inj,trepostinil,Not Recorded,,80
Treprostinil 20mg/20mL inj,treprostinil,Not Recorded,,9
Tri-sodium Citrate,sod. citrate-citric acid,Not Recorded,none,15
Triamcinolone acet  40 mg/ 1 mL inj,triamcinolone,Not Recorded,,1
Trimethobenzamide 200 mg/2 mL inj,trimethobenzamide,Not Recorded,,1
Trisodium citrate solution,anticoag. sodium citrate,Not Recorded,none,1
Tromethamine 500 mL  Btl,tromethamine,Not Recorded,,4418
Ustekinumab 130mg/26mL inj,ustekinumab,Not Recorded,,14
Valproate 250mg/5mL Liq,valproate,Not Recorded,,3
Valproate Sodium 500 mg/ 5 mL inj,valproate,Not Recorded,,21497
Vancomycin 125 mg cap,vancomycin,Not Recorded,,1
Vancomycin 1250mg/ NS 250mL IVPB,vancomycin/ns,Not Recorded,,17506
Vancomycin 1250mg/NS 250mL IVPB,vancomycin/ns,Not Recorded,,105411
Vancomycin 1500mg/500ml NS ivpb,vancomycin in ns,Not Recorded,,39672
Vancomycin 1500mg/NS ivpb (EUOSH ONLY),vancomycin in ns,Not Recorded,none,68672
Vancomycin 1750mg/NS 500ml IVPB,vancomycin in ns,Not Recorded,,8435
Vancomycin 1gm inj,vancomycin,Not Recorded,none,58757
Vancomycin 1gm/ 200mL Iso-Dex IVPB,vancomycin in D5W,Not Recorded,,65538
Vancomycin 1gm/NS 250mL IVPB,vancomycin in NS,Not Recorded,,10367
Vancomycin 1gm/NS 250ml  IVPB,vancomycin in ns,Not Recorded,,95228
Vancomycin 250 mg/5 mL oral soln.,vancomycin,Not Recorded,,5
Vancomycin 500 mg inj,vancomycin,Not Recorded,none,5174
Vancomycin 500 mg/100ml - Iso-Dex,vancomycin in iso-dex,Not Recorded,,2872
Vancomycin 500 mg/NS 100ml ivpb,vancomycin/ns,Not Recorded,,9565
Vancomycin 500mg (10gm vial),vancomycin,Not Recorded,none,87110
Vancomycin 500mg in NS 500mL enema,vancomycin enema,Not Recorded,,2
Vancomycin 5mg/mL/NS neonate syringe,vancomycin in NS syringe,Not Recorded,none,579
Vancomycin 750 mg inj.,vancomycin,Not Recorded,none,16727
Vancomycin 750 mg/150 mL,vancomycin,Not Recorded,,2680
Vancomycin 750 mg/150 mL Iso-Dex,vancomycin in iso-dex,Not Recorded,,44581
Vancomycin Intermittent Dosing by Pharmacist,vancomycin intermittent dosing,Not Recorded,none,1
Vancomycin Intermittent Dosing by Pharmacist,vancomycin pulse dosing,Not Recorded,none,2
Vasopressin 20 unit/ml 10ml inj,vasopressin,Not Recorded,,50924
Vasopressin 20 units/ 1 mL (Vasostrict),vasopressin,Unit/Minute,,893643
Vasopressin 20 units/ 1 mL inj,vasopressin,Unit/Minute,,30960
Vasopressin/Placebo for study,vasopressin/placebo (P#IDS22),Not Recorded,none,6
Vecuronium 10 mg inj,vecuronium,Not Recorded,none,18341
Vecuronium 1mg/mL 10mL syringe,vecuronium,Not Recorded,,17
Vecuronium 1mg/mL neonate syringe,vecuronium in NS syringe,Not Recorded,none,21
Vecuronium 20 mg inj,vecuronium,Not Recorded,none,13
Vedolizumab 300 mg inj.,vedolizumab,Not Recorded,none,17
Verapamil 300 mcg/3 mL syringe CATH LAB,verapamil 300 mcg/3 mL,Not Recorded,,250
Verapamil 300 mcg/3 mL syringe CATH LAB,verapamil 5 mg/50 mL,Not Recorded,,34
Verapamil 5 mg/2 mL inj,verapamil,Not Recorded,,2098
VinBLAStine 10 mg/10 mL inj,vinBLAStine,Not Recorded,,37
VinCRIStine 1 mg/mL inj,vinCRIStine,Not Recorded,none,5953
VinORELBine 10 mg/1 mL inj,vinORELBine,Not Recorded,,71
Vincristine 2 mg/ 2mL inj,vincristine,Not Recorded,,978
Visipaque 320 mg 200 mL btl,iodixanol,Not Recorded,,1
Voriconazole 200 mg inj,voriconazole,Not Recorded,none,4580
Voriconazole 200 mg tab,voriconazole,Not Recorded,,1
Voriconazole 50mg tab,voriconazole,Not Recorded,,5
"Water, Sterile 100  mL bag","water, sterile",Not Recorded,,95
"Water, Sterile 1000 mL IV bag","water, sterile bag",Not Recorded,,75232
"Water, Sterile 2 Liter bag","water, sterile",Not Recorded,,51
"Water, Sterile 20 mL inj","water, sterile",Not Recorded,,60
"Water, Sterile 50 mL inj","water, sterile",Not Recorded,,15979
"Water, Sterile Irrig 1500 mL","water, sterile irrig",Not Recorded,,3
"Water,St. 1000 mL  irrigation btl","water, sterile irr btl",Not Recorded,,1
"Water,Sterile 10 mL inj","water, sterile",Not Recorded,,15
Zidovudine 200mg inj,zidovudine,Not Recorded,none,813
Zidovudine 4mg/mL/D5W neonate syringe,zidovudine in D5W syringe,Not Recorded,none,14
Zinc Sulfate 5 mg/mL inj,zinc sulfate,Not Recorded,none,6116
Zinc Trace Element 10 mg/10 mL inj,zinc,Not Recorded,,1592
Zinecard 500 mg inj cardio tox,dexrazoxane,Not Recorded,none,22
Ziprasidone 20 mg/ 1 mL inj,ziprasidone,Not Recorded,,13
Zoledronic 4 mg inj,zoledronic acid,Not Recorded,none,925
Zoledronic 4 mg/NS 100mL,zoledronic acid in ns,Not Recorded,,30
Zoledronic acid 4 mg/100 mL premix IVPB,zoledronic acid,Not Recorded,,408
Zoledronic acid 5 mg/100 mL IVPB,zoledronic acid,Not Recorded,,8
acetaminophen 10 mg/mL neonate IVPB syringe,acetaminophen IVPB syringe,Not Recorded,none,6
acetaminophen-codeine 300 mg-15 mg tab,acetaminophen-codeine,Not Recorded,,1
adenosine 200 mcg/20 mL syringe  CATH LAB ONLY,adenosine syringe CATH LAB ONLY,Not Recorded,,5
adenosine 90 mg/90 mL NS CATH LAB,adenosine,Not Recorded,,401
albuterol 2.5 mg/ 0.5 ml neb,albuterol,Not Recorded,,3
albuterol 2.5 mg/0.5mL neb,albuterol,Not Recorded,,2
albuterol 2.5 mg/3 mL neb,albuterol 0.083%,Not Recorded,,2
alteplase 2 mg inj Syringe,alteplase,Milligram/Hour,none,1660
alteplase STEMI bolus inj,alteplase,Not Recorded,none,3
alteplase inj for bolus,alteplase,Not Recorded,none,325
alteplase per 10 mg,alteplase,Milligram/Hour,none,1817
alteplase per 12.5mg ADD,alteplase,Not Recorded,none,13635
amiodarone 500 mg/250 mL CATH LAB,amiodarone,Not Recorded,,27
amphotericin B lock soln. 2.5mg/ml 2ml syr.,amphotericin B lock soln.,Not Recorded,,4
anti-inhibitor coagulant complex 1000 units,anti-inhibitor coagulant complex,Not Recorded,none,114
anti-inhibitor coagulant complex 2500 units,anti-inhibitor coagulant complex,Not Recorded,none,570
anti-inhibitor coagulant complex 50 units,anti-inhibitor coagulant complex,Not Recorded,none,36
anti-inhibitor coagulant complex 50 units inj,anti-inhibitor coagulant complex,Not Recorded,none,439
antihemophilic factor 8 recombinant 1000 units,factor 8,Not Recorded,none,194
antihemophilic factor 8 recombinant 1000 units,factor 8 (Kogenate),Not Recorded,none,67
antihemophilic factor 8 recombinant 1000 units inj,antihemophilic factor 8,Not Recorded,none,101
antihemophilic factor 8 recombinant 2000 units,factor 8,Not Recorded,none,388
antihemophilic factor 8 recombinant 2000 units,factor 8 (Kogenate),Not Recorded,none,84
antihemophilic factor 8 recombinant 250 units,factor 8,Not Recorded,none,5
antihemophilic factor 8 recombinant 3000 units,factor 8,Not Recorded,none,61
antihemophilic factor 8 recombinant 3000 units,factor 8 (Kogenate),Not Recorded,none,86
antihemophilic factor 8 recombinant 500 units,factor 8,Not Recorded,none,59
antihemophilic factor 8 recombinant 500 units,factor 8 (Kogenate),Not Recorded,none,3
antihemophilic factor-von Willebrand 500 units,antihemophilic F8-von Willebrand,Not Recorded,none,10
antihemophilic factor-von Willebrand 500 units (HUMATE P),antihemoph F8-vonWill HUMATE P,Not Recorded,none,2
antihemophilic factor-von Willebrand 500 units (HUMATE P),antihemophilic F8-von Willebrand,Not Recorded,none,1
antihemophilic factor-von Willebrand factor (WILATE) 1000U,antihemoph-vonwillebrand (WILATE),Not Recorded,none,137
antihemophilic factor-von Willebrand factor (WILATE) 500U,antihemoph-vonwille WILATE,Not Recorded,none,7
antihemophilic factor-von Willebrand factor 1000 units,antihemophilic F8-von Willebrand,Not Recorded,none,46
antihemophilic factor-von Willebrand factor 1000 units (HUMATE P),antihemoph F8-vonWill HUMATE P,Not Recorded,none,19
antihemophilic factor-von Willebrand factor 1000 units (HUMATE P),antihemophilic F8-von Willebrand,Not Recorded,none,57
antihemophilic factor-von Willebrand factor 1600 units,antihemophilic F8-von Willebrand,Not Recorded,none,48
antihemophilic factor-von Willebrand factor 1600 units (HUMATE P),antihemoph F8-vonWill HUMATE P,Not Recorded,none,2
antihemophilic factor-von Willebrand factor 1600 units (HUMATE P),antihemophilic F8-von Willebrand,Not Recorded,none,1
antihemophilic factor-von Willebrand factor 2400 units,antihemophilic factor-von Willebrand factor,Not Recorded,none,8
aprepitant 130 mg inj,aprepitant,Not Recorded,none,2260
arsenic trioxide 1 mg/mL 10 mL inj,arsenic trioxide,Not Recorded,,941
arsenic trioxide 2 mg/mL injection,arsenic trioxide,Not Recorded,none,230
artesunate 110 mg IV inj,artesunate,Not Recorded,none,7
atropine-diphenoxylate 5 mg/10 mL UD liq,atropine-diphenoxylate,Not Recorded,,1
aztreonam 1 gm inj,aztreonam,Not Recorded,none,2902
aztreonam 2 gm inj,aztreonam,Not Recorded,none,4321
bendamustine 45 mg/0.5mL inj,bendamustine,Not Recorded,,5
bevacizumab-awwb 100mg/4mL inj,bevacizumab-awwb(MVASI),Not Recorded,,1
bevacizumab-awwb 400mg/16mL inj,bevacizumab-awwb(MVASI),Not Recorded,,1
"bottle, sterile","bottle, sterile",Not Recorded,none,56
cabazitaxel 60 mg/6 mL inj,cabazitaxel,Not Recorded,,1
calcium carbonate 1250 mg (500 mg elemental) tab,calcium carbonate,Not Recorded,,2
calcium gluconate 1 gm/100 mL NS IVPB,calcium gluconate/NS,Not Recorded,,1138
calcium gluconate 1 gm/50 mL IVPB,calcium gluconate,Not Recorded,,735
calcium gluconate 1 gm/50 mL NS IVPB,calcium gluconate NS,Not Recorded,,5
calcium gluconate 10gm/100ml inj,calcium gluconate,Not Recorded,,71
calcium gluconate 2 gm/100 mL NS IVPB,calcium gluconate/NS,Not Recorded,,254
calcium gluconate 3 gm/100 mL NS IVPB,calcium gluconate/NS,Not Recorded,,5
calcium gluconate 5 gm/50 mL inj,calcium gluconate,Grams/Hour,,116539
cangrelor 50 mg inj,cangrelor,Microgram/Kilogram/Minute,none,8489
caplacizumab-yhdp 11 mg kit,caplacizumab-yhdp,Not Recorded,none,2
carfilzomib 10 mg inj,carfilzomib,Not Recorded,none,2
casirivimab 1332mg inj,casirivimab,Not Recorded,none,1
casirivimab 1332mg inj,casirivimab REGN 10933,Not Recorded,none,15
casirivimab 300mg inj,casirivimab REGN10933,Not Recorded,none,147
casirivimab-imdevimab 600 mg-600 mg/10 mL inj,casirivimab-imdevimab,Not Recorded,,36
casirivimab-imdevimab 600 mg-600 mg/10 mL inj,casirivimab-imdevimab 600-600mg,Not Recorded,,243
ceFAZolin 1 gm in NS 50mL ivpb,ceFAZolin in NS,Not Recorded,,11625
ceFAZolin 2 gm/50 mL IVPB,ceFAZolin,Not Recorded,,1068
ceFAZolin 2 gm/60 mL D5W IVPB,ceFAZolin,Not Recorded,,1491
cefEPIME 1gm inj,cefEPIME,Not Recorded,none,20943
cefEPIME 2gm inj,cefEPIME,Not Recorded,none,162213
cefOXiitin 1 gm inj,cefOXitin,Not Recorded,none,1255
cefOXiitin 1 gm inj,cefoxitin,Not Recorded,none,2105
cefOXiitin 2 gm inj,cefOXitin,Not Recorded,none,4325
cefOXiitin 2 gm inj,cefoxitin,Not Recorded,none,3556
cefTAZIDime 1gm inj,cefTAZIDime,Not Recorded,none,25474
cefTAZIDime 2gm inj,cefTAZIDime,Not Recorded,none,91054
cefTRIAXone 1 gm IV inj,cefTRIAXone,Not Recorded,none,75020
cefTRIAXone 1gm IM inj,cefTRIAXone,Not Recorded,none,350
cefTRIAXone 1gm IM inj,ceftriaxone,Not Recorded,none,8779
cefTRIAXone 2 gm IM inj,cefTRIAXone,Not Recorded,none,67
cefTRIAXone 2 gm inj,cefTRIAXone,Not Recorded,none,137856
cefTRIAXone 2 gm inj,ceftriaxone,Not Recorded,none,3877
cefTRIAXone 500mg IM inj,cefTRIAXone,Not Recorded,none,40
cefaZOLIN 1 gm OR syringe,cefaZOLIN,Not Recorded,none,107336
cefaZOLIN 1 gm inj,cefaZOLIN,Not Recorded,none,174682
cefaZOLIN 1 gm/50 mL Iso-Dex,cefaZOLIN in Iso-Dex,Not Recorded,,2168
cefaZOLIN 2 g/20 mL OR syringe,ceFAZolin,Not Recorded,,4
cefaZOLIN 2 g/20 mL OR syringe,cefaZOLIN,Not Recorded,,2
cefaZOLIN 2 gm OR syringe,cefaZOLIN,Not Recorded,none,32
cefaZOLIN 500 mg inj,cefaZOLIN,Not Recorded,none,1081
cefepime 2 gm/NS 50 mL IVPB,cefepime,Not Recorded,,842
cefiderocol 1 gm inj,cefiderocol,Not Recorded,none,1019
chlorproMAZINE 50 mg/2mL inj,chlorproMAZINE,Not Recorded,,306
clindamycin 6mg/1mL/NS neonate syringe,clindamycin in NS syringe,Not Recorded,,16
clofarabine 20 mg/20mL inj,clofarabine,Not Recorded,,19
coagulation factor IX recombinant 1000 units,factor 9,Not Recorded,none,10
coagulation factor IX recombinant 2000 units,factor 9,Not Recorded,none,2
coagulation factor IX recombinant 3000 units,factor 9,Not Recorded,none,89
coagulation factor IX recombinant inj,coagulation factor IX,Not Recorded,none,7
"coagulation factor Xa (recombinant), inactivated-zhzo (ANDEXXA)",coagulation factor Xa,Milligram/Hour,none,53
cytarabine lipo-daunorub lipo 100mg-44mg,cytarabine liposomal-daunorubicin liposomal,Not Recorded,none,3
cytarabine lipo-daunorub lipo 100mg-44mg,cytarabine-daunorubicin lipo,Not Recorded,none,151
deferoxamine 2 gm inj,deferoxamine,Not Recorded,none,5
defibrotide 80 mg/mL 2.5ml inj,defibrotide,Not Recorded,,91
dexamethasone 10 mg/mL 1 mL PF injection,dexamethasone,Not Recorded,,7428
dexamethasone 10 mg/mL 1 mL PF injection,dexamethasone.,Not Recorded,,4235
dexamethasone 10 mg/mL 1 mL inj,dexamethasone,Not Recorded,,1718
dilTIAZem 5 mg/mL ADD,dilTIAZem,Milligram/Hour,none,87
droperidol 0.625 mg/mL/NS syr,droperidol,Not Recorded,none,361
"epoprostenol 750,000 ng (0.75mg) inhale (Veletri)",epoprostenol,Not Recorded,none,11
eravacycline 50 mg inj,eravacycline,Not Recorded,none,1047
esmolol 10 mg/mL bolus from bag,esmolol,Not Recorded,none,19
fentaNYL 2 mcg/mL-ropiv 0.2% EPIDURAL 50mL,fentanyl-ropivacaine 0.2%,Not Recorded,,3
fentaNYL 50 mcg/1 mL inj,fentaNYL,Not Recorded,,2258
fentanyl 500 mcg/50 mL PCA,fentaNYL pca,Not Recorded,,1
fentanyl 600 mcg/60 mL PCA,fentanyl pca,Not Recorded,,49
fluconazole 40 mg/mL UD Liquid,fluconazole,Not Recorded,none,4
gabapentin 300 mg/6 mL liq UD,gabapentin,Not Recorded,,2
ganciclovir 2000 mcg/0.1 mL intravitreal inj,ganciclovir,Not Recorded,,2
gemtuzumab ozogamicin 4.5 mg/4.5 mL inj,gemtuzumab ozogamicin,Not Recorded,,44
glucarpidase 1000 units inj,glucarpidase,Not Recorded,none,1
glycopyrrolate 0.2 mg/mL 2 mL syringe,glycopyrrolate,Not Recorded,,2
hePARIN Vas-Cath 1000 unit(s)/mL,hePARIN vascath,Not Recorded,none,324
hemin 350 mg inj,hemin,Not Recorded,none,76
heparin 100 units/mL re-bolus from bag,heparin,Not Recorded,none,214
heparin 5000 units inhale,heparin,Not Recorded,none,15
heparin 5000 units inhale,heparin inhale,Not Recorded,none,1
hepatitis B immune globulin /NS IVPB,hepatitis B immune glob./NS,Not Recorded,none,132
hepatitis B immune globulin /NS IVPB,hepatitis B immune globulin/NS IVPB,Not Recorded,none,9
imdevimab 1332mg inj,imdevimab,Not Recorded,none,1
imdevimab 1332mg inj,imdevimab REGN10987,Not Recorded,none,15
imdevimab 300mg inj,imdevimab REGN10987,Not Recorded,none,147
immune globulin intravenous 10% 10g (Gammagard S/D Low IgA),immune globulin intravenous 10%,Not Recorded,none,33
immune globulin intravenous 10% 5g (Gammagard  S/D Low IgA),immune globulin intravenous 10%,Not Recorded,none,5
inFLIXimab-dyyb (Inflectra) 100 mg inj,inFLIXimab-dyyb,Not Recorded,none,40
inFLIXimab-dyyb (Inflectra) 100 mg inj,inFLIXimab-dyyb (Inflectra),Not Recorded,none,169
indocyanine green 25 mg,indocyanine green,Not Recorded,none,2416
influenza virus vaccine (Fluarix) 0.5mL inj,influenza virus 0.5 mL vaccine,Not Recorded,,1
inotuzumab 0.9 mg/3.6 mL inj,inotuzumab ozogamicin,Not Recorded,,11
insulin isophane (NPH) 100 units/mL,insulin isophane (NPH),Not Recorded,none,1
insulin isophane-regular 70u-30u/mL inj 3 mL,insulin isophane-insulin regular,Not Recorded,,2
insulin lispro 10 unit(s)/mL OR syringe,insulin lispro,Not Recorded,none,214
insulin lispro 10 unit(s)/mL OR syringe,insulin lispro OR,Not Recorded,none,278
insulin lispro 100 unit/mL inj,insulin lispro,Not Recorded,none,335
insulin lispro 100 units/mL inj.,insulin lispro,Not Recorded,none,80
insulin pump patient - lispro,insulin pump patient - lispro,Not Recorded,none,1
insulin pump patient - regular,insulin pump patient - regular,Not Recorded,none,5
insulin regular 1 unit/mL bolus from bag,insulin regular,Not Recorded,none,98
insulin regular 100 units/mL inj 3 mL,insulin regular,Not Recorded,,25431
insulin regular OR SYR 1unit(s)/mL 10mL,insulin reg human,Not Recorded,,5577
insulin regular OR SYR 1unit(s)/mL 10mL,insulin regular OR,Not Recorded,,2940
ketamine 50 mg/5 mL-NaCl 0.9% solu,ketamine,Not Recorded,,3
ketamine Bolus from bag,ketamine Bolus from bag,Not Recorded,none,231
labetalol 200 mg/40 mL ADD,labetalol,Milligrams/Minute,,2833
labetalol 200 mg/40 mL inj,labetalol,Not Recorded,,15
leucovorin 500 mg/50mL inj,leucovorin,Not Recorded,,55
levETIRAcetam 100 mg/mL ped oral syringe,levETIRAcetam,Not Recorded,none,1
leveTIRACETAM 500 mg tab,leveTIRACETAM,Not Recorded,,6
levothyroxine 100 mcg (0.1 mg) inj.,levothyroxine,Not Recorded,none,35654
levothyroxine 100 mcg (0.1 mg) pwd inj,levothyroxine,Not Recorded,none,757
levothyroxine 100 mcg (0.1 mg)/5 mL inj,levothyroxine,Not Recorded,,1760
lidocaine 1% inj 50mL,lidocaine,Not Recorded,,1
lidocaine 1% inj for local anesthesia,lidocaine 1%,Not Recorded,none,34
lidocaine 1% preservative-free inj 10mL,lidocaine 1%,Not Recorded,,4
lidocaine 2% inj for local anesthesia,lidocaine 2%,Not Recorded,none,2
liothyronine 10 mcg/mL inj,liothyronine,Not Recorded,none,125
melphalan 50 mg inj (EVOMELA),melphalan (EVOMELA),Not Recorded,none,160
meropenem 1000 mg/ 50 mL NS IVPB,meropenem,Not Recorded,,2405
meropenem 20mg/mL/NS neonate syringe,meropenem in NS syringe,Not Recorded,none,170
meropenem-vaborbactam 2gm inj,meropenem-vaborbactam,Not Recorded,none,1055
methadone 10 mg/mL ADULT oral conc,methadone,Not Recorded,none,1
methocarbamol 1000 mg/100 mL NS IVPB,methocarbamol in NS,Not Recorded,,1026
methocarbamol 500 mg/50 mL NS IVPB,methocarbamol in NS,Not Recorded,,589
methylPREDNISolone 8 mg tab,methylPREDNISolone,Not Recorded,,6
metroNIDAZOLE 5mg/ml CMPD,metroNIDAZOLE / NS,Not Recorded,none,968
midazolam (HIGH CONCENTRATION) 5 mg/mL inj   2 mL,midazolam,Not Recorded,,1233
midazolam (HIGH CONCENTRATION) 5 mg/mL pf  1 mL inj,midazolam,Not Recorded,,1346
morphine 50 mg/50 mL PCA/NCA,morphine PCA,Not Recorded,,7592
morphine 50 mg/mL 20 mL inj,morphine,Not Recorded,,188
nf bulk,nf bulk,Not Recorded,none,15
nf chemo,nf chemo,Not Recorded,none,1511
nf ivpb,nf ivpb,Not Recorded,none,9203
nf med,nf med,Not Recorded,none,4802
nitroglycerin 0.2 mg/mL 3 mL syr CATH LAB,nitroglycerin,Not Recorded,,17
nitroglycerin 10 mg/50 mL D5W CATH LAB,nitroglycerin 10 mg/50 mL CATH LAB,Not Recorded,,272
nitroglycerin 25mg/250mL drip (100mcg/mL) for Cath Lab,nitroglycerin,Not Recorded,,30
nitroprusside 25 mg/250 mL NS Drip CATH LAB,nitroprusside 25 mg drip CATH LAB,Not Recorded,,25
nivolumab 10 mg/mL 4 mL inj,nivolumab,Not Recorded,,3
nn-levETIRAcetam 5 mg/mL NS Neonate Syringe,levETIRAcetam NS syringe,Not Recorded,none,1
nn-morphine 10 mg/mL ADD,morphine,Milligram/Kilogram/Hour,none,95
obinutuzumab 1000 mg/40mL,obinutuzumab,Not Recorded,,10
omadacycline 100 mg inj,omadacycline,Not Recorded,none,125
oxymetazoline 0.05% nasal spray 30 mL,oxymetazoline nasal,Not Recorded,,182
oxytocin 30 units/500 mL Infusion,oxytocin infusion,Not Recorded,,5386
pamidronate 60 mg/10mL injection,pamidronate,Not Recorded,,15
papaverine 30 mg/mL 2mL inj,papaverine,Not Recorded,,2
patisiran 10 mg/5 mL inj,patisiran,Not Recorded,,2
phytonadione  (Vit K) 10 mg/mL inj,phytonadione,Not Recorded,none,1089
piperacillin-tazobactam 4.5 gm / 100 mL IVPB (EUH),piperacillin-tazobactam,Not Recorded,,4085
potassium chloride 10 mEq/100 mL NS IVPB,potassium chloride,Not Recorded,,288
potassium chloride 10 mEq/100 mL NS IVPB,potassium chloride in NS,Not Recorded,,2634
potassium chloride 10 mEq/5 mL (2mEq/mL) inj,potassium chloride,Not Recorded,,11
potassium chloride 20 mEq/50 mL NS IVPB,potassium chloride,Not Recorded,,8
potassium chloride 20 mEq/50 mL NS IVPB,potassium chloride/NS,Not Recorded,,3608
potassium chloride 40 mEq/500 mL NS Premix,potassium chloride,Not Recorded,,1626
rasburicase 1.5 mg inj,rasburicase,Not Recorded,none,1582
ravulizumab-cwvz 300 mg/30mL inj,ravulizumab,Not Recorded,,1
remdesivir 100 mg / 20 mL inj,remdesivir,Not Recorded,,28719
remdesivir 100 mg/250 mL IVPB,remdesivir,Not Recorded,,1594
riTUXimab (Rituxan) 100 mg inj,riTUXimab,Not Recorded,none,20
riTUXimab (Rituxan) 100 mg inj,riTUXimab (Rituxan),Not Recorded,none,27
riTUXimab (Rituxan) 500 mg inj,riTUXimab,Not Recorded,none,17
riTUXimab (Rituxan) 500 mg inj,riTUXimab (Rituxan),Not Recorded,none,11
riTUXimab 100 mg inj,RiTUXimab,Not Recorded,none,527
riTUXimab 100 mg inj,riTUXimab,Not Recorded,none,3246
riTUXimab 500 mg inj,riTUXimab,Not Recorded,none,233
riTUXimab 500 mg inj,rituximab,Not Recorded,none,21
riTUXimab-abbs (Truxima) 100 mg inj,riTUXimab-abbs,Not Recorded,none,412
riTUXimab-abbs (Truxima) 100 mg inj,riTUXimab-abbs (Truxima),Not Recorded,none,591
riTUXimab-abbs (Truxima) 500 mg inj,riTUXimab-abbs,Not Recorded,none,82
riTUXimab-abbs (Truxima) 500 mg inj,riTUXimab-abbs (Truxima),Not Recorded,none,77
sildenafil 10 mg / 12.5 mL inj. neonate syringe,sildenafil,Not Recorded,,1
sodium bicarbonate 2.5 mEq / 5 mL vial,sodium bicarbonate,Not Recorded,,49
sodium chloride 0.9% injection 20mL,sodium chloride 0.9%,Not Recorded,,36
sotrovimab 500 mg/8 mL inj,sotrovimab,Not Recorded,,8
"syringe, IV","syringe, IV",Not Recorded,none,175
tagraxofusp-erzs 1000 mcg inj,tagraxofusp,Not Recorded,none,15
tedizolid 200 mg inj,tedizolid,Not Recorded,none,8
ticagrelor 60 mg tab,ticagrelor,Not Recorded,,1
tirofiban 12.5 mg/250 mL NS Drip CATH LAB,tirofiban in ns,Not Recorded,,2259
tirofiban 250 mcg/mL 15 mL inj CATH LAB,tirofiban,Not Recorded,,7
tirofiban 5mg/100ml Vial CATH LAB ONLY,tirofiban,Not Recorded,,9
tranexamic acid 500mg/5mL TOPICAL solution,tranexamic acid,Not Recorded,,16
trastuzumab dkst 150 mg inj,trastuzumab-dkst (Ogivri),Not Recorded,none,1
trastuzumab-dkst 420 mg inj,trastuzumab-dkst (Ogivri),Not Recorded,none,1
treprostinil diluent 50ml vial,treprostinil diluent,Not Recorded,,79
vancomycin 125 mg/2.5 mL Oral soln.,vancomycin,Not Recorded,,1
vancomycin 750 mg/250 mL NS IVPB,vancomycin,Not Recorded,,228
vancomycin 750 mg/250 mL NS IVPB,vancomycin/ns,Not Recorded,,326
vasopressin 1 unit/0.05 mL neonate ADD,vasopressin,Not Recorded,,8
von Willebrand factor recombinant 900-1700 units,von Willebrand factor,Not Recorded,none,8
zzzD5W 250mL (Polyolefin) for chemo,d5w (polyolefin),Not Recorded,,1
zzzD5W 50 mL IV bag for chemo,d5w,Not Recorded,,127
zzzD5W 500 mL (Polyolefin) for chemo,d5w (polyolefin) for chemo,Not Recorded,,19
zzzD5W 500 mL (Polyolefin) for chemo,zzzd5w (polyolefin) for chemo,Not Recorded,,4
zzzHYDROmorphone PCA/NCA 1 mg/mL /NS syr,HYDROmorphone PCA/NCA 1 mg/ml NS syr,Not Recorded,none,702
zzzHYDROmorphone PCA/NCA 1 mg/mL /NS syr,zzzHYDROmorphone PCA/NCA 1 mg/ml NS syr,Not Recorded,none,2
zzzMethylPREDNISolone 2.5mg/mL/NS neonate syringe,methylPREDNISolone in NS syringe,Not Recorded,none,1
zzzNS 100 mL IV bag for chemo,nacl 0.9%,Not Recorded,,142
zzzNS 1000 mL IV bag for chemo,ns,Not Recorded,,70
zzzNS 250 mL IV bag for chemo,nacl 0.9%,Not Recorded,,373
zzzNS 250mL (Polyolefin) for chemo,nacl 0.9% (polyolefin),Not Recorded,,5
zzzNS 500mL (Polyolefin) for chemo,nacl 0.9% (polyolefin),Not Recorded,,110
zzzPRMX ketamine 400 mg Drip DBL (FOR ICU),ketamine drip,Not Recorded,none,86
zzzQuinidine Gluc 80 mg/mL 10mL inj,quiNIDine,Not Recorded,,562
zzzcisatracurium 2 mg/mL 5 mL inj,cisatracurium,Not Recorded,,36
zzzondansetron 4 mg/2 mL inj..,ondansetron,Not Recorded,,2
zzzondansetron 4 mg/2 mL inj..,zzzondansetron,Not Recorded,,6
zzzondansetron 4 mg/2 mL inj..,zzzondansetron..,Not Recorded,,2
