formulary_name,med_name_generic,med_action_dose_unit
ADD dexmedetomidine 400 mcg/100 mL NS,dexmedetomidine,Not Recorded
ALfentanil 2500 mcg/5 mL,ALfentanil,Not Recorded
ANES Adenosine 3 mg/1 mL inj,adenosine,Not Recorded
ANES Aminocaproic 250 mg/1 mL inj,aminocaproic acid,Not Recorded
ANES Aminophylline 25 mg/1 mL inj,aminophylline,Not Recorded
ANES Anti-thymocyt globulin (rabbit) 25mg/5mL,anti-thymocyt globulin (rabbit),Not Recorded
ANES Atropine 1 mg/1 mL inj,atropine,Not Recorded
ANES Atropine Sulfate 0.4 mg/ 1mL inj,atropine,Not Recorded
ANES Bupivicaine 0.15%/NS 250 mL Epidural,bupivicaine 0.15%/NS250,Not Recorded
ANES Calcium Chloride  100 mg/mL syringe,calcium chloride,Not Recorded
ANES Calcium Gluconate 100 mg/mL inj,calcium gluconate,Not Recorded
ANES Cefoxitin 2 gm/100 mL NS,cefoxitin,Not Recorded
ANES Clevidipine 25mg/50mL Drip std*,ANES clevidipine premix,Not Recorded
ANES DOBUTamine 500 mg Drip Std*,DOBUTamine/d5w,Not Recorded
ANES DOPamine 400 mg Drip std*,DOPamine/d5w,Not Recorded
ANES Dexmedetomidine 200 mcg/50 mL NS Drip Std*,dexmedetomidine NS drip,Not Recorded
ANES Dexmedetomidine 400 mcg/100 mL NS Drip Std*,dexmedetomidine NS drip,Not Recorded
ANES Diazepam 5 mg/mL inj,diazepam,Not Recorded
ANES Digoxin 0.25 mg/1 mL inj,digoxin,Not Recorded
ANES Diltiazem 5 mg/1 mL inj,diltiazem,Not Recorded
ANES EPInephrine 100 mcg/1 mL inj,EPInephrine,Not Recorded
ANES EPInephrine 16mcg/mL Syr OR,EPInephrine,Not Recorded
ANES EPInephrine 4mg/D5W drip std*,EPInephrine in d5w,Not Recorded
ANES Erythromycin 500 mg/100 mL NS IVPB,erythromycin,Not Recorded
ANES Esmolol 10mg/mL OR syringe,esmolol,Not Recorded
ANES Esmolol 2.5gm/250 mL Drip std*,esmolol,Not Recorded
ANES Etomidate 2 mg/mL 20 mL inj,etomidate,Not Recorded
ANES Famotidine 10 mg/1 mL inj,fAMOTIDine,Not Recorded
ANES Fentanyl 50 mcg/1 mL inj,fentanyl,Not Recorded
ANES Flumazenil 0.1 mg/1 mL inj,flumazenil,Not Recorded
ANES Fosphenytoin 50 mgpe/mL inj,fosphenytoin,Not Recorded
ANES Furosemide 10 mg/1 mL inj,fUROSEMide,Not Recorded
"ANES HePARIN 1,000 units/mL 30 mL inj",hePARIN,Not Recorded
"ANES HePARIN 25,000 units/250 mL Premix std*",hePARIN premix,Not Recorded
ANES HydrALAZINE 4 mg/mL inj,hydrALAZINE,Not Recorded
ANES HydrALAZINE 5 mg/mL inj,hydrALAZINE,Not Recorded
ANES Hydrocortisone 50 mg/mL inj,hydrocortisone,Not Recorded
ANES Hydromorphone 0.001%/NS Epidural,Hydromorphone 0.001%/NS Epidural,Not Recorded
ANES Hydromorphone 0.002% epidural,hydromorphone 0.002%/ns,Not Recorded
ANES Hyperal Central,Hyperal - Central,Not Recorded
ANES Hyperal Peripheral,Hyperal - Peripheral,Not Recorded
ANES Insulin Aspart 10 unit(s)/mL OR syringe,insulin aspart,Not Recorded
ANES Insulin Reg Human 100units Drip std*,insulin reg human in ns,Not Recorded
ANES Insulin Reg Human 250units Drip std*,insulin reg human in ns,Not Recorded
ANES Isoproterenol 1 mg/250 mL drip std*,isoproterenol,Not Recorded
ANES Isoproterenol 200 mcg/1 mL inj,isoproterenol,Not Recorded
ANES Ketamine 50 mg/1 mL inj,ketamine,Not Recorded
ANES Labetalol 5 mg/1 mL inj,labetalol,Not Recorded
ANES LeveTIRACETAM 500mg/5mL,leveTIRACETAM,Not Recorded
ANES Lidocaine 2 gm/250 mL D5W Drip std*,lidocaine in d5w,Not Recorded
ANES Magnesium Sulf 500 mg/1 mL OR syringe,magnesium sulfate,Not Recorded
ANES Meperidine 0.1%/Bupivacaine 0.1% epidural,meperidine 0.1%/bupiv 0.1%/ns,Not Recorded
ANES MethylPREDNISolone 62.5 mg/1 mL  inj,methylPREDNISolone,Not Recorded
ANES Methyldopa 50 mg/mL inj,methyldopa,Not Recorded
ANES MetoCLOPRAMIDE 5 mg/1 mL inj,metoCLOPRAMIDE,Not Recorded
ANES MetoPROLOL 1 mg/mL inj,metoPROLOL,Not Recorded
ANES Midazolam 1mg/mL inj 5 mL,midazolam,Not Recorded
ANES Milrinone 1 mg/mL inj,milrinone,Not Recorded
ANES Milrinone 40 mg Drip std*,milrinone/d5w,Not Recorded
ANES Morphine-PF 0.5 mg/mL inj,morphine,Not Recorded
ANES NOREPInephrine 4mg Drip std*,NOREPInephrine in d5w,Not Recorded
ANES Neostigmine 1 mg/mL inj,neostigmine,Not Recorded
ANES Nitroglycerin 50 mg/250 mL D5W Drip std*,nitroglycerin/d5w,Not Recorded
ANES Nitroprusside 50 mg/250 mL NS Drip Std*,nitroprusside,Not Recorded
ANES Octreotide  500  mcg/100 mL NS Drip Std*,octreotide,Not Recorded
ANES Ondansetron 2 mg/1 mL inj,ondansetron,Not Recorded
ANES PHENYLephrine 100mcg/mL OR syringe,PHENYLephrine,Not Recorded
ANES PHENYLephrine 25mg/250 mL NS drip std*,PHENYLephrine in ns,Not Recorded
ANES Piperacillin-Tazobactam 3.375gm inj,piperacillin-tazobactam,Not Recorded
ANES Procainamide 100 mg/mL inj,procainamide,Not Recorded
ANES Propofol 10 mg/1 mL inj,propofol,Not Recorded
ANES Propofol 1000 mg/100 mL Drip std*,propofol,Not Recorded
ANES REMIfentanil 10 mcg/mL inj,REMIfentanil,Not Recorded
ANES REMIfentanil 25 mcg/mL inj,REMIfentanil,Not Recorded
ANES REMIfentanil 5 mcg/mL inj,REMIfentanil,Not Recorded
ANES REMIfentanil 50 mcg/mL inj,REMIfentanil,Not Recorded
ANES Ranitidine 25 mg/mL inj,ranitidine,Not Recorded
ANES Rocuronium 10 mg/mL 10 mL inj,rocuronium,Not Recorded
ANES SUfentanil 50 mcg/mL inj,SUfentanil,Not Recorded
ANES Sodium Bicarb 1 mEq/mL syringe,sodium bicarbonate,Not Recorded
ANES Succinylcholine 20mg/ml 10ml OR syringe,succinylcholine,Not Recorded
ANES Tranexamic acid 100 mg/100mL NS,tranexamic acid,Not Recorded
ANES Tranexamic acid 50 mg/mL inj,tranexamic acid,Not Recorded
ANES Vasopressin 2 units/mL inj,vasopressin,Not Recorded
ANES Vecuronium 1 mg/mL inj,vecuronium,Not Recorded
ANES Verapamil 2.5 mg/mL inj,verapamil,Not Recorded
ANES albuterol CFC free 90 mcg/inh,albuterol,Not Recorded
ANES amiodarone 750 mg/500 mL D5W Premix,amiodarone 750mg/500mL D5W drip,Not Recorded
ANES basiliximab 20mg/50 mL NS,basiliximab,Not Recorded
ANES bivalirudin 250 mg / 50 mL NS,bivalirudin,Not Recorded
ANES bupivacaine 0.25%/ns epidural,bupivacaine 0.25%/ns epidural,Not Recorded
ANES cisatracurium 2 mg/mL 10 mL inj,cisatracurium,Not Recorded
ANES citric acid-sodium citrate soln,citric acid-na citrate,Not Recorded
ANES desmopressin 40 mcg/50 mL NS,ANES desmopressin,Not Recorded
"ANES epoprostenol 20,000ng/mL inhale",epoprostenol inhale,Not Recorded
ANES hePARIN 1000 units/mL 1 mL inj,hePARIN,Not Recorded
ANES ketamine 10 mg/1 mL,ketamine,Not Recorded
ANES ketamine 100 mg/1 mL,ketamine,Not Recorded
ANES ketamine 200 mg/50 mL drip,ketamine,Not Recorded
ANES levothyroxine 0.4 mcg/mL IV,levothyroxine,Not Recorded
ANES methocarbamol 500 mg/50 mL NS,methocarbamol,Not Recorded
ANES methylPREDNISolone 500 mg/50 mL NS,methylPREDNISolone,Not Recorded
ANES micafungin 1.5 mg/mL,micafungin,Not Recorded
ANES mycophenolate 750mg/250 mL D5W,mycophenolate mofetil,Not Recorded
ANES niCARdipine 40 mg/200mL NS  Drip std*,ANES niCARdipine/NS drip,Not Recorded
ANES oxytocin 10 units/mL,oxytocin,Not Recorded
"ANES penicillin 2,000,000 U/50 mL IVPB",penicillin 2MU IVPB,Not Recorded
ANES protAMINE 10 mg/mL inj,protAMINE,Not Recorded
ANES sugammadex 100 mg/mL soln,sugammadex,Not Recorded
ANES vasopressin 20 unit/50 mL NS drip,vasopressin 100 drip,Not Recorded
ANES vasopressin 20 unit/50 mL NS drip,vasopressin 200 drip,Not Recorded
ANES vasopressin 20 unit/50 mL NS drip,vasopression 20 unit drip,Not Recorded
ANES verapamil 100 mcg/mL CATH LAB,verapamil,Not Recorded
ANESMycophenolate 500 mg inj,mycophenolate,Not Recorded
Abatacept 250 mg inj,abatacept,Not Recorded
Abciximab 10 mg/5 mL inj,abciximab,Not Recorded
Abciximab 10 mg/5 mL inj ADD,abciximab ADD,Micrograms/Minute
AcetaZOLAMIDE 250 mg tab,acetaZOLAMIDE,Not Recorded
AcetaZOLAMIDE 500 mg inj,acetaZOLAMIDE,Not Recorded
Acetaminophen 100 mg/mL Ped liq BULK btl.,acetaminophen,Not Recorded
Acetaminophen 1000mg/100mL IVPB,acetaminophen,Not Recorded
Acetaminophen 100mg/mL Ped oral syringe,acetaminophen ped liq,Not Recorded
Acetaminophen 120 mg supp,acetaminophen,Not Recorded
Acetaminophen 160 mg/5 mL liq. 120mL,acetaminophen,Not Recorded
Acetaminophen 325 mg supp,acetaminophen,Not Recorded
Acetaminophen 325 mg tab,acetaminophen,Not Recorded
Acetaminophen 650 mg supp,acetaminophen,Not Recorded
Acetaminophen 650/20.3  mL liq,acetaminophen,Not Recorded
Acetylcholine I-coronary 0.18mcg/mL Low conc. 20mL syringe,acetylcholine i-cornonary low conc.,Not Recorded
Acetylcholine I-coronary 18mcg/mL High conc. 20mL syringe,acetylcholine i-cornonary High conc.,Not Recorded
Acetylcysteine 10% Sol 10 mL,acetylcysteine 10%,Not Recorded
Acetylcysteine 20% High dose oral 2000mg,acetylcysteine 20%,Not Recorded
Acetylcysteine 20% IV injection,acetylcysteine,Not Recorded
Acetylcysteine 20% IV injection,acetylcysteine 20%,Not Recorded
Acetylcysteine 20% IV injection,acetylcysteine 20% injection,Not Recorded
Acyclovir 1gm inj,acyclovir,Not Recorded
Acyclovir 500 mg inj,acyclovir,Not Recorded
Acyclovir 500mg/10mL inj,acyclovir,Not Recorded
Acyclovir 7mg/mL/NS neonate syringe,acyclovir in NS syringe,Not Recorded
Acyclovir 800 mg tablet,acyclovir,Not Recorded
Adenosine 180 mg/90 mL D5W DBL CATH LAB,adenosine dbl drip,Not Recorded
Adenosine 3 mg/mL inj 20mL for cath lab,adenosine,Not Recorded
Adenosine 3 mg/mL inj 30mL Nuc Med/CARD MRI,adenosine,Not Recorded
Adenosine 3 mg/mL inj 30mL Nuclear Medicine,adenosine,Not Recorded
Adenosine 3mg/mL iv neonate,adenosine,Not Recorded
Adenosine 5mg/250mL NS CATH LAB,adenosine/ns,Not Recorded
Adenosine 6 mg/2 mL inj,adenosine,Not Recorded
Adenosine 90 mg/NS 50mL,adenosine,Not Recorded
Ado-Trastuzumab emtansine 100mg inj.,ado-trastuzumab emtansine,Not Recorded
Al/Mg hydrox/Simeth (Maalox) liq,Al/Mg hydrox/Simeth liq,Not Recorded
Al/Mg hydrox/Simeth (Maalox) liq 30mL UD,Al/Mg hydrox/Simeth (Maalox) liq,Not Recorded
Albumin 5% 50 mL (2.5gm) inj,albumin 5%,Not Recorded
Albumin Human 25% 100mL,albumin 25%,Not Recorded
Albumin Human 25% 50mL,albumin 25%,Not Recorded
Albumin Human 5% 250 mL,albumin 5%,Not Recorded
Albumin Human 5% 500 mL (OR USE ONLY),albumin 5%,Not Recorded
Albuterol 5 mg/mL inhale 20mL soln.,albuterol,Not Recorded
Albuterol 70mg (10mg/hr) cont. inhalation,albuterol inhale,Not Recorded
Albuterol Aerosol Inhaler,albuterol inhaler,Not Recorded
Albuterol Aerosol Inhaler (Selfuse),albuterol,Not Recorded
Albuterol Aerosol Inhaler (WW),albuterol,Not Recorded
Albuterol CFC free 90 mcg/inh aero,albuterol,Not Recorded
Albuterol CFC free 90 mcg/inh aero.,albuterol,Not Recorded
Alcohol (Dehydrated) 1mL inj,ethyl alcohol,Not Recorded
"Alcohol, Ethyl (Dehydrated) 5 mL inj","alcohol, ethyl",Not Recorded
"Aldesleukin 22,000,000 unit(s) inj",aldesleukin,Not Recorded
Alemtuzumab 30 mg/mL inj,alemtuzumab,Not Recorded
Allopurinol 500 mg inj,allopurinol,Not Recorded
Alprazolam 0.5 mg tab,alprazolam,Not Recorded
Alprostadil 500 mcg inj,alprostadil,Not Recorded
Alteplase 100 mg inj,"alteplase, t-pa",Not Recorded
Alteplase 100 mg inj ADD,"alteplase, t-pa ADD",Not Recorded
Alteplase 1mg/mL for Stroke protocol use only,alteplase,Not Recorded
Alteplase 2 mg inj for drip,alteplase for drip,Not Recorded
Alteplase 30mg/30mL NS for Chest Tube,alteplase in syringe,Not Recorded
Alteplase 50 mg inj,alteplase,Not Recorded
Alteplase 50 mg inj ADD,"alteplase, t-pa ADD",Not Recorded
Alteplase Intrathecal/Intravent syringe,alteplase intra-thecal syringe,Not Recorded
"Alteplase,Cathflo 2 mg inj",alteplase,Not Recorded
"Alteplase,Cathflo 20mg/20mL syringe for i-arterial",alteplase in syringe,Not Recorded
Amifostine 500 mg inj,amifostine,Not Recorded
Amikacin Nebulized Soln.,amikacin,Not Recorded
Amikacin Sulf. 1000mg/4mL inj,amikacin,Not Recorded
Amikacin Sulfate 500 mg/ 2 mL inj,amikacin,Not Recorded
Amino Acid 3% UAC Line Fluid,amino acid 3% UAC,Not Recorded
Amino Acid Injection 50gm/1000ml for Lutathera,Amino Acid Injection 50gm/1000ml for Lutathera,Not Recorded
Amino Acids 10% (Trophamine) 500mL,amino acid 10%,Not Recorded
Amino Acids 15% (Clinisol) inv. protocol AAA-177Lu-03,Amino Acids 15% (Clinisol) inv. protocol AAA-177Lu-03,Not Recorded
Amino Acids 3% and Glycerin 3% / Lytes (ProcalAmine) 1000 mL,Amino acid Lytes 3% / Glycerin 3%,Not Recorded
Aminocaproic 500 mg tab,aminocaproic acid,Not Recorded
Aminocaproic 5gm/20 mL inj,aminocaproic acid,Not Recorded
Aminocaproic acid 250mg/mL oral syrup,aminocaproic acid,Not Recorded
Aminophylline 250 mg/ 10 mL inj,aminophylline,Not Recorded
Aminophylline 500 mg/ 20 mL inj,aminophylline,Not Recorded
Aminophylline 5mg/mL for ped syringe,aminophylline/ns,Not Recorded
Aminosyn II 10% Solution 2000 mL (amino acid injection),amino acids 10%,Not Recorded
Amiodarone 150 mg/100 mL Bolus,amiodarone,Not Recorded
Amiodarone 150 mg/100 mL Bolus,amiodarone in iso-dex,Not Recorded
Amiodarone 150 mg/100 mL iso-dex Bolus,amiodarone in iso-dex,Not Recorded
Amiodarone 150 mg/3 mL inj,amiodarone,Milligrams/Minute
Amiodarone 200 mg tab,amiodarone,Not Recorded
Amiodarone 450 mg/9 mL inj,amiodarone,Not Recorded
Amiodarone 900 mg Drip,amiodarone 900 mg drip,Not Recorded
Amobarbital 500 mg inj,amobarbital,Not Recorded
Amphotericin  liposomal  50 mg inj (Ambisome),amphotericin b liposome,Not Recorded
Amphotericin-B 50 mg inj,amphotericin B,Not Recorded
Amphotericin-B 5mg/mL/D5W neonate syringe,amphotericin B in D5W syringe,Not Recorded
Ampicillin 0.01mg/mL for Desensitization,ampicillin/ns for desensitization,Not Recorded
Ampicillin 0.1mg/mL for Desensitization,ampicillin/ns for desensitization,Not Recorded
Ampicillin 10 gm inj,ampicillin,Not Recorded
Ampicillin 10mg/mL for Desensitization,ampicillin/ns for desensitization,Not Recorded
Ampicillin 1gm IVPB,ampicillin in ns,Not Recorded
Ampicillin 1gm inj,ampicillin,Not Recorded
Ampicillin 2 gm inj,ampicillin,Not Recorded
Ampicillin 250 mg inj,ampicillin,Not Recorded
Ampicillin 2gm IVPB,ampicillin in ns,Not Recorded
Ampicillin 500 mg inj,ampicillin,Not Recorded
Ampicillin 500mg IVPB,ampicillin in ns,Not Recorded
Ampicillin 50mg/mL for Desensitization,ampicillin/ns for desensitization,Not Recorded
Ampicillin-Sulbactam  1.5gm inj,ampicillin-sulbactam,Not Recorded
Ampicillin-Sulbactam 3gm inj,ampicillin-sulbactam,Not Recorded
Ampicillin/Sulbactam 1.5gm IVPB,ampicil/sulbact in ns,Not Recorded
Ampicillin/Sulbactam 3gm  IVPB,Ampicil/sulbact in ns,Not Recorded
Angiotensin II 2.5mg/ml,angiotensin II,ng/kg/min
Anti-Thymocyte Globulin (Rabbit) 25 mg/5 mL,anti-thymocyt globulin(rabbit),Not Recorded
Anti-Thymocyte Globulin for study,thymocyt glob/PBO p# ITN028A1,Not Recorded
Anti-Thymocyte Globulin for study2,thymocyt glob p#thymo102700103,Not Recorded
Anticoagulant Citrate B 500 mL,Anticoagulant citrate B,Not Recorded
Anticoagulant Citrate Dextrose A 1000mL,Anticoagulant citrate dext-A,Not Recorded
Anticoagulant Citrate Soln-A 500mL,anticoagulant citrate dext-A,Not Recorded
Antihemophilic factor-von Willebrand factor Bolus,antihemophilic factor-von Willebrand in syringe,Not Recorded
Antihemophilic factor-von Willebrand factor inj,antihemophilic factor-von Willebrand,Not Recorded
Antithrombin III 500 units bolus,antithrombin III in syringe,Not Recorded
Antithrombin III 500 units-bolus,antithrombin III,Not Recorded
Antithrombin III 500 units-bolus,antithrombin III in syringe,Not Recorded
Antithrombin III 500 units-bolus (OR CHARGE),antithrombin III,Not Recorded
Antivenin (Crotalidae) polyvalent inj,"crotalidae, antivenin",Not Recorded
Aprepitant 125 mg cap,aprepitant,Not Recorded
Aprepitant 125 mg-80 mg kit,aprepitant,Not Recorded
Aprepitant 40 mg caps,aprepitant,Not Recorded
Aprepitant 80 mg cap,aprepitant,Not Recorded
Argatroban 250 mg vial,argatroban,Not Recorded
Arginine 10% 300 mL,arginine 10%,Not Recorded
Arsenic 10mg/10mL inj,arsenic trioxide,Not Recorded
Ascorbic 500 mg/mL 50 mL inj,ascorbic acid,Not Recorded
Ascorbic Acid 500 mg tab,ascorbic acid,Not Recorded
Ascorbic Acid 500mg inj,ascorbic acid,Not Recorded
Ascorbic acid 500 mg/mL 1mL inj,ascorbic acid,Not Recorded
Aspirin 300 mg supp,aspirin,Not Recorded
Aspirin 325 mg tab,aspirin,Not Recorded
Aspirin 600 mg supp,aspirin,Not Recorded
Aspirin 81 mg chew tab,aspirin chewable,Not Recorded
Aspirin Buffered 325 mg tab,"aspirin, buffered",Not Recorded
Aspirin EC 325 mg tab,aspirin ec,Not Recorded
Atorvastatin 80 mg tab,atorvastatin,Not Recorded
Atracurium 50 mg/5 mL inj,atracurium,Microgram/Kilogram/Minute
Atropine 0.4mg/mL 20mL,atropine,Not Recorded
Atropine 0.5mg/5mL inj,atropine,Not Recorded
Atropine 1 mg/1 mL inj,atropine,Not Recorded
Atropine Sulfate 0.4 mg/ 1mL inj,atropine,Not Recorded
Atropine Sulfate 1 mg/10 mL inj,atropine sulfate,Not Recorded
Avibactam-CefTAZidime 2.5 gm inj,avibactam-cefTAZidime,Not Recorded
Azacitidine 100 mg/10mL inj (IV),azacitidine,Not Recorded
Azacitidine 100 mg/4mL inj (SubQ),azacitidine,Not Recorded
Azathioprine 100 mg inj,azathioprine,Not Recorded
Azithromycin 100 mg/5 mL susp.,azithromycin,Not Recorded
Azithromycin 250 mg tablet,azithromycin,Not Recorded
Azithromycin 500 mg inj,azithromycin,Not Recorded
Azithromycin 500mg/NS 250ml IVPB,Azithromycin in ns,Not Recorded
Azithromycin 600 mg tab,azithromycin,Not Recorded
Aztreonam 1gm/50 mL Iso-Dex IVPB,aztreonam in Iso-Dex,Not Recorded
Aztreonam 1gm/50mL NS IVPB,aztreonam in ns,Not Recorded
Aztreonam 20mg/mL neonate syringe,aztreonam/ns,Not Recorded
Aztreonam 20mg/mL neonate syringe,aztreonam/ns syringe,Not Recorded
Aztreonam 2gm/100mL NS IVPB,aztreonam/ns,Not Recorded
Aztreonam 2gm/50 mL Iso-Dex IVPB,aztreonam in Iso-Dex,Not Recorded
Aztreonam 75 mg for Inhalation,aztreonam,Not Recorded
"Bacitracin 50,000 unit inj",bacitracin,Not Recorded
Baclofen 10 mg tab,baclofen,Not Recorded
"Bag, Empty Sterile (Polyolefin) 2L","bag, empty sterile (polyolefin)",Not Recorded
"Bag, PCA  Infusion",pca -  bag,Not Recorded
"Bag, Sterile Empty","Bag, Sterile Empty",Not Recorded
"Bag, Sterile Empty for IVPB","Bag, Sterile Empty",Not Recorded
"Bag, sterile for invst study","bag, sterile for invst study",Not Recorded
Basiliximab 20mg inj,basiliximab,Not Recorded
Belatacept 250mg inj,belatacept,Not Recorded
Bendamustine 100 mg inj,bendamustine,Not Recorded
Bendamustine 100 mg/4mL inj,bendamustine,Not Recorded
Benzocaine 20% Mouth Gel,benzocaine 20%,Not Recorded
Benzocaine 20% oral aerosol spray,benzocaine 20%,Not Recorded
Benzocaine topical 20% spray 0.5mL UD,benzocaine topical,Not Recorded
Benztropine 2 mg/2 mL inj,benztropine,Not Recorded
BetamethPhos/Acetate 6 mg/mL 5 mL inj,betamethasone,Not Recorded
Bevacizumab 100mg/4mL,bevacizumab,Not Recorded
Bevacizumab 400mg inj,bevacizumab,Not Recorded
Bivalirudin 250mg/NS,bivalirudin in ns,Not Recorded
Bleomycin 15 units inj,bleomycin,Not Recorded
Bleomycin 30 units inj.,bleomycin,Not Recorded
Blinatumomab 35 mcg inj,blinatumomab,Not Recorded
Bortezomib 3.5 mg inj (IV),bortezomib,Not Recorded
Bortezomib 3.5 mg inj (SubQ),bortezomib in syringe,Not Recorded
Brand necessary-Ciprofloxacin 400mg/200mL D5W premix ivpb,ciprofloxacin in D5W,Not Recorded
Brentuximab vedotin 50 mg inj,brentuximab vedotin,Not Recorded
Bumetanide 0.25 mg/mL 10 mL inj,bumetanide,Milligram/Hour
Bumetanide 1 mg/4 mL inj,bumetanide,Not Recorded
Bupivacaine  0.25% w/Epi  30 mL,bupivacaine 0.25% w/epi,Not Recorded
Bupivacaine  0.25% w/Epi  PF 30 mL,bupivacaine 0.25% w/epi,Not Recorded
Bupivacaine  0.5% w/Epi 10 mL inj,bupivacaine 0.5% w/epi,Not Recorded
Bupivacaine 0.25% 30 mL inj,bupivacaine 0.25%,Not Recorded
Bupivacaine 0.25% pf  10mL inj,bupivacaine 0.25% pf,Not Recorded
Bupivacaine 0.25% pf 30mL inj,bupivacaine 0.25% pf,Not Recorded
Bupivacaine 0.5% 10 mL inj,bupivacaine 0.5%,Not Recorded
Bupivacaine 0.5% pf 10 mL inj,bupivacaine 0.5%,Not Recorded
Bupivacaine 0.5% pf 30 mL inj,bupivacaine 0.5%,Not Recorded
Bupivacaine 0.5% pf inj 10mL,bupivacaine 0.5% pf,Not Recorded
Bupivacaine 0.75% 10 mL inj pf,bupivacaine 0.75%,Not Recorded
Bupivacaine Spinal 0.75% 2 mL inj,bupivacaine 0.75%,Not Recorded
Bupivacaine liposome 1.3% (13.3 mg/mL) inj. 20mL,bupivacaine liposome,Not Recorded
Buprenorphone 0.3 mg/ 1 mL inj,buprenorphine,Not Recorded
Busulfan 6mg/mL 10 mL inj,busulfan,Not Recorded
Butorphanol 2 mg/mL inj,butorphanol,Not Recorded
Butorphanol 4 mg/2 mL inj,butorphanol,Not Recorded
C1 Esterase Inhibitor 500 units inj (Berinert),C1 esterase inhibitor,Not Recorded
C1 Esterase Inhibitor 500 units inj (Berinert) (pt. Own Med),C1 esterase inhibitor,Not Recorded
"C1 esterase inhibitor, human 500 units (Cinryze)","C1 esterase inhibitor, human",Not Recorded
CARBOplatin 10 mg/mL inj,CARBOplatin,Not Recorded
CARBOplatin 150mg inj,CARBOplatin,Not Recorded
CISplatin 100 mg/100mL inj,CISplatin,Not Recorded
CISplatin 200  mg/200  mL inj,CISplatin,Not Recorded
"CMPD fentanyl  2,500 mcg vial",fentanyl citrate,Not Recorded
CaRVEDILOL 12.5 mg tab,CaRVEDILOL,Not Recorded
CaRVEDILOL 25 mg tab,CaRVEDILOL,Not Recorded
Caffeine Citrate 20mg/mL neonate syringe,caffeine citrate syringe,Not Recorded
Caffeine Citrate 60mg/3ml inj,caffeine citrate,Not Recorded
Caffeine-Sod Benz 500 mg/2 mL inj,caffeine-sodium benzoate,Not Recorded
Calcitonin 400 IU/2 mL inj,calcitonin,Not Recorded
Calcitriol 1 mcg/1 mL inj,calcitriol,Not Recorded
Calcium Chloride  1gm/10 mL inj vial,calcium chloride,Not Recorded
Calcium Chloride  1gm/10 mL syringe,calcium chloride,Not Recorded
Calcium Chloride (45x) 6.3gm granules,calcium chloride,Not Recorded
Calcium Glubionate 1.8 gm/5 ml liq 15 mL,calcium glubionate,Not Recorded
Calcium Gluconate 1 gm/10 mL inj,calcium gluconate,Not Recorded
Calcium Gluconate 1 gm/10 mL inj ADD,calcium gluconate,Grams/Hour
Calcium chloride 5.1gm granules,calcium chloride,Not Recorded
Calcium gluconate 50mg/mL/NS neonate syringe,calcium gluconate in NS syringe,Not Recorded
Carbidopa-Levodopa 25/100 CR tab,carbidopa-levodopa cr 25/100,Not Recorded
Carbidopa-Levodopa 25/100 tab,carbidopa-levodopa 25/100,Not Recorded
Carbidopa/Entacapone/Levodopa 37.5 mg-200 mg-150 mg tabl,carbidopa/entacapone/levodopa 37.5/200/150,Not Recorded
Carboprost Trm 250 mcg/ 1 mL,carboprost,Not Recorded
Carfilzomib 60 mg inj,carfilzomib,Not Recorded
Carmustine 100 mg inj,carmustine,Not Recorded
CeFAZOLIN 2 g/50 mL,ceFAZolin in iso-dex,Not Recorded
CeFAZOLIN 2 g/50 mL,ceFAZolin ivpb,Not Recorded
CeFAZolin 500mg (10gm vial),ceFAZolin,Not Recorded
CeTUXimab 2 mg/mL 50 mL inj,ceTUXimab,Not Recorded
CefEPIME 1 gm/D5W 50mL IVPB,cefepime in D5W,Not Recorded
CefEPIME 1 gm/ns 100ml,cefEPIME in NS,Not Recorded
CefEPIME 20mg/mL neonate syringe,cefEPIME in syringe,Not Recorded
CefEPIME 2gm/D5W 50mL IVPB,cefEPIME in d5W,Not Recorded
CefTAZIDime 1gm IVPB,cefTAZIDime in ns,Not Recorded
CefTAZIDime 1gm/50 mL IVPB,cefTAZIDime IVPB,Not Recorded
CefTAZIDime 1gm/50 mL IVPB,cefTAZIDime ivpb,Not Recorded
CefTAZIDime 1gm/50 mL Iso-Dex,cefTAZIDime in Iso-Dex,Not Recorded
CefTAZIDime 2gm/100 mL IVPB,cefTAZIDime in ns,Not Recorded
CefTAZIDime 2gm/100 mL IVPB,cefTAZIDime ivpb,Not Recorded
CefTAZIDime 2gm/50 mL IVPB,cefTAZIDime ivpb,Not Recorded
CefTAZIDime 2gm/50 mL Iso-Dex,cefTAZIDime in Iso-Dex,Not Recorded
CefTAZIDime 2gm/NS IVPB,cefTAZIDime in ns,Not Recorded
CefTAZIDime 40mg/mL NS neonate syringe,cefTAZIDime in NS syringe,Not Recorded
CefTAZIDime 40mg/mL NS neonate syringe,cefTAZidime in NS syringe,Not Recorded
CefTAZidime 2.25mg/0.1mL for Intravitreal inj.,cefTAZidime intravitreal,Not Recorded
CefaZOLIN 1gm/50 mL Iso-Dex,cefaZOLIN in iso-dex,Not Recorded
CefaZOLIN 20mg/mL/NS neonate syringe,cefaZOLIN in NS syringe,Not Recorded
Cefazolin 2 gm/NS IVPB,cefazolin in ns,Not Recorded
Cefepime 2gm Desensitization Rx Protocol- initiate,Cefepime 2gm Desensitization Rx Protocol- initiate,Not Recorded
Cefotaxime 1 gm inj,cefotaxime,Not Recorded
Cefotaxime 50mg/mL neonate syringe,cefotaxime in syringe,Not Recorded
Cefoxitin 1gm in Iso Dex,cefoxitin in iso dex,Not Recorded
Cefoxitin 1gm in NS,cefOXitin in NS,Not Recorded
Cefoxitin 2gm in Iso Dex,cefoxitin in iso dex,Not Recorded
Cefoxitin 2gm in NS,cefOXitin in NS,Not Recorded
Ceftaroline 400 mg inj,ceftaroline,Not Recorded
Ceftaroline 600 mg inj,ceftaroline,Not Recorded
Ceftazidime 10mg/mL 2mL lock soln.,ceftazidime lock soln.,Not Recorded
Ceftolozane-Tazobactam 1500mg inj,ceftolozane-tazobactam,Not Recorded
Ceftriaxone 1gm/ 50mL NS,ceftriaxone in NS,Not Recorded
Ceftriaxone 1gm/50 mL Iso-Dex,ceftriaxone in iso-dex,Not Recorded
Ceftriaxone 1gm/50 mL NS,ceftriaxone in NS,Not Recorded
Ceftriaxone 250 mg for neonate,ceftriaxone,Not Recorded
Ceftriaxone 250 mg inj,ceftriaxone,Not Recorded
Ceftriaxone 250mg/mL IM neonate syringe,ceftriaxone,Not Recorded
Ceftriaxone 2gm/50 mL Iso-Dex,ceftriaxone in Iso-Dex,Not Recorded
Ceftriaxone 2gm/50 mL NS,ceftriaxone in NS,Not Recorded
Ceftriaxone 40mg/mL/ neonate syringe,ceftriaxone in syringe,Not Recorded
Ceftriaxone 40mg/mL/NS neonate syringe,ceftriaxone in NS syringe,Not Recorded
Cefuroxime 1500 mg inj,cefuroxime,Not Recorded
Cefuroxime 1500mg/NS 100mL IVPB,cefuroxime in ns,Not Recorded
Cefuroxime 750 mg inj,cefuroxime,Not Recorded
Cefuroxme 1.5 gm/50 mL Iso-Dex,cefuroxime in iso-dex,Not Recorded
Celecoxib 100 mg cap,celecoxib,Not Recorded
Celecoxib 200 mg cap,celecoxib,Not Recorded
Central Parenteral Nutrition,Central Parenteral Nutrition (hyperal),Not Recorded
Central TPN,Central TPN,Not Recorded
Cetuximab 2 mg/mL 100mL,cetuximab,Not Recorded
Chloramphenicol 1gm inj,chloramphenicol,Not Recorded
Chloraseptic throat spray,chloraseptic,Not Recorded
Chloroprocane-MPF 3% inj,chloroprocaine 3%,Not Recorded
Chlorothiazide 125 mg in syringe,chlorothiazide syringe,Not Recorded
Chlorothiazide 250 mg in syringe,chlorothiazide syringe,Not Recorded
Chlorothiazide 250 mg tab,chlorothiazide,Not Recorded
Chlorothiazide 50 mg/1 mL liq Extemp,chlorothiazide,Not Recorded
Chlorothiazide 500 mg inj,chlorothiazide,Not Recorded
Chlorothiazide 500 mg injection,chlorothiazide,Not Recorded
ChlorproMAZINE 25 mg/1 mL inj,chlorproMAZINE,Not Recorded
Chromic 4 mcg/ml Inj,chromic chloride,Not Recorded
Cidofovir 375 mg/ 5mL inj,cidofovir,Not Recorded
Ciprofloxacin 200 mg/20 mL inj,ciprofloxacin,Not Recorded
Ciprofloxacin 400 mg/40 mL inj,ciprofloxacin,Not Recorded
Ciprofloxacin 500 mg tab,ciprofloxacin,Not Recorded
Cisatracurium 10 mg/mL  20 mL inj,cisatracurium,Microgram/Kilogram/Minute
Cisatracurium 2 mg/mL 10 mL inj,cisatracurium,Not Recorded
Cisatracurium 2mg/mL 10mL syringe,cisatracurium,Not Recorded
Citric Acid-Na Citrate (Bicitra)30 mL,citric acid-na citrate,Not Recorded
Cladribine 10 mg/10 mL inj,cladribine,Not Recorded
Clindamycin 15 mg/mL 100mL susp,clindamycin,Not Recorded
Clindamycin 600 mg inj,clindamycin,Not Recorded
Clindamycin 600 mg/50 mL D5W,clindamycin in d5w,Not Recorded
Clindamycin 900 mg inj,clindamycin,Not Recorded
Clindamycin 900 mg/50 mL D5W,clindamycin in d5w,Not Recorded
Clindamycin 900 mg/50mL NS IVPB,clindamycin in ns,Not Recorded
ClonIDINE 0.3 mg/24 hr patch,clonIDINE,Not Recorded
ClonIDINE HCl 0.1 mg tab,clonIDINE,Not Recorded
ClonIDINE HCl 0.2 mg tab,clonIDINE,Not Recorded
Clopidogrel 300mg tablet,clopidogrel,Not Recorded
Clopidogrel 75 mg tab,clopidogrel,Not Recorded
Coagulation Factor 7a (VIIa) 1000 mcg,coagulation factor 7a (VIIa),Not Recorded
Coagulation Factor 7a (VIIa) 2000 mcg,coagulation factor 7a (VIIa),Not Recorded
Coagulation Factor 7a (VIIa) 5000 mcg,coagulation factor 7a (VIIa),Not Recorded
Coagulation factor 7a (VIIa) 1000 mcg,coagulation factor 7a (VIIa),Not Recorded
Coagulation factor 7a (VIIa) 2000 mcg,coagulation factor 7a (VIIa),Not Recorded
Coagulation factor 7a (VIIa) 5000 mcg,coagulation factor 7a (VIIa),Not Recorded
Coagulation factor 7a (VIIa) 8000 mcg,coagulation factor VIIa,Not Recorded
Cocaine 4% 4 mL top solution,cocaine 4%,Not Recorded
Colistimethate 150 mg for Inhalation syringe,colistimethate inhalation in syringe,Not Recorded
Colistimethate 150 mg inj,colistimethate,Not Recorded
Conivaptan 20mg/D5W 100mL,conivaptan/d5w,Not Recorded
Copper chloride 0.4mg/mL 10mL inj,copper chloride,Not Recorded
Copper sulfate 0.4 mg/mL inj,copper sulfate,Not Recorded
Corticorelin 100 mcg/2 mL  inj,corticorelin,Not Recorded
Cosyntropin 0.25 mg inj,cosyntropin,Not Recorded
Cosyntropin 1mcg/mL/NS neonate syringe,cosyntropin in NS syringe,Not Recorded
Cyanide Antidote Kit,sod thio-sod-amyl-nitr,Not Recorded
"Cyanocobalamin 1,000 mcg/1 mL inj",cyanocobalamin,Not Recorded
Cyanocobalamin 100 mcg tab,cyanocobalamin,Not Recorded
Cyanocobalamin 1000 mcg tab,cyanocobalamin,Not Recorded
CycloPHOSphamide 1gm/50 mL inj,cycloPHOSphamide,Not Recorded
CycloPHOSphamide 2 gm inj,cycloPHOSphamide,Not Recorded
CycloSPORINE 100 mg/mL Sol(Sandimmune) 50 mL,cycloSPORINE,Not Recorded
CycloSPORINE 250 mg/5 mL inj,cycloSPORINE,Not Recorded
Cyclophosphamide 500 mg inj,cyclophosphamide,Not Recorded
Cyclophosphamide 500mg/25mL inj,cyclophosphamide,Not Recorded
Cytarabine 100 mg / 5 mL inj,cytarabine,Not Recorded
Cytarabine 2000 mg/20 mL inj,cytarabine,Not Recorded
Cytarabine 500 mg / 5 mL  inj,cytarabine,Not Recorded
Cytomegalvirus Glob 2.5gm/50mL IV,cytomegalovirus globulin,Not Recorded
D10W 0.2%NS 250  mL bag,d10.2ns,Not Recorded
D10W 0.45%NS 250mL,D10W 0.45%NS,Not Recorded
D10W 1000 mL IV bag,d10w,Not Recorded
D10W 25 gm/250 mL inj,D10W,Not Recorded
D10W 500 mL iv bag,d10w,Not Recorded
D12.5W 0.2%NS 250mL,D12.5W 0.2%NS,Not Recorded
D12.5W 0.45%NS 250mL,D12.5W 0.45%NS,Not Recorded
D12.5W 250ml,D12.5W,Not Recorded
D15%W 250 ml,D15W,Not Recorded
D20W 0.2%NS 250mL,D20W 0.2%NS,Not Recorded
D20W 250mL,D20W,Not Recorded
D20W 500 mL IV bag,dextrose 20%,Not Recorded
D25W 250mL,D25W,Not Recorded
D5.2NS + 20 mEq KCl 1000 mL IV,d5w.2ns + kcl,Not Recorded
D5.2NS + 40 mEq KCl 1000 mL IV,d5w.2ns + kcl,Not Recorded
D5.2NS 1000 mL IV bag,d5.2ns,Not Recorded
D5.2NS 500 mL IV bag,d5.2ns,Not Recorded
D5.45NS + 10 mEq KCl 1000 mL IV,d5.45ns + kcl,Not Recorded
D5.45NS + 20 mEq KCl 1000 ml  IV,d5.45ns + kcl,Not Recorded
D5.45NS + 30 mEq KCl 1000 mL IV,d5.45ns + kcl,Not Recorded
D5.45NS + 40 mEq KCl 1000 mL IV,d5.45ns + kcl,Not Recorded
D5.45NS 1000 mL IV bag,d5.45ns,Not Recorded
D5.45NS 1000 mL for chemo,d5.45ns,Not Recorded
D5.45NS 500 mL IV bag,d5.45ns,Not Recorded
D5LR + 20 mEq KCl 1000mL,d5lr + kcl,Not Recorded
D5LR 1000 mL IV bag,d5lr,Not Recorded
D5LR 500 mL iv bag,D5LR,Not Recorded
D5NS 1000 mL IV bag,d5ns,Not Recorded
D5NS 500 mL IV bag,d5ns,Not Recorded
D5NS+20 mEq KCl 1000 mL IV bag,d5ns + kcl,Not Recorded
D5W + 20 mEq KCl 1000 mL IV bag,d5w + kcl,Not Recorded
D5W 100 mL (Polyolefin),d5w (polyolefin),Not Recorded
D5W 100 mL IV bag,d5w,Not Recorded
D5W 100 mL IV bag chemo,d5w,Not Recorded
D5W 1000 mL (Polyolefin),d5w (polyolefin),Not Recorded
D5W 1000 mL (Polyolefin) for chemo,d5w (polyolefin),Not Recorded
D5W 1000 mL IV bag,d5w,Not Recorded
D5W 1000 mL IV bag for chemo,d5w,Not Recorded
D5W 150 mL IV bag,d5w,Not Recorded
D5W 150 mL IV bag for chemo,d5w,Not Recorded
D5W 250 mL IV bag,d5w,Not Recorded
D5W 250 mL IV bag for chemo,d5w,Not Recorded
D5W 250mL (Polyolefin),d5w (polyolefin),Not Recorded
D5W 250mL (Polyolefin) for chemo,d5w (polyolefin),Not Recorded
D5W 50 mL IV bag,d5w,Not Recorded
D5W 50 mL IV bag for chemo,d5w,Not Recorded
D5W 50 mL IV bottle,d5w btl,Not Recorded
D5W 500 mL (Polyolefin),d5w (polyolefin),Not Recorded
D5W 500 mL (Polyolefin) for chemo,d5w (polyolefin) for chemo,Not Recorded
D5W 500 mL IV bag,d5w,Not Recorded
D5W 500 mL IV bag for chemo,d5w,Not Recorded
D5W 50mL (Polyolefin),d5w (polyolefin),Not Recorded
D70W 1000mL IV bag,d70w,Not Recorded
D70W 2000 mL IV bag,d70w,Not Recorded
D70W 500 mL IV bag,d70w,Not Recorded
DACTINOmycin 0.5 mg inj,DACTINOmycin,Not Recorded
DAPTOmycin 350 mg inj,DAPTOmycin,Not Recorded
DAPTOmycin 50 mg/mL inj,DAPTOmycin,Not Recorded
DAUNOrubicin 20 mg inj,DAUNOrubicin,Not Recorded
DAUNOrubicin 5 mg/ml injection,DAUNOrubicin,Not Recorded
DOBUTamine 250 mg/20 mL inj,DOBUTamine,Microgram/Kilogram/Minute
DOBUTamine 250 mg/20 mL inj ADD,DOBUTamine,Not Recorded
DOCEtaxel 10 mg/mL inj,DOCEtaxel,Not Recorded
DOCEtaxel 20mg/1mL inj,DOCEtaxel,Not Recorded
DOCEtaxel 80mg/4mL inj,DOCEtaxel,Not Recorded
DOPamine 200 mg/5mL inj,DOPamine,Microgram/Kilogram/Minute
DOPamine 400 mg/5 mL inj,DOPamine,Microgram/Kilogram/Minute
DOPamine 400mg/10mL inj,DOPamine,Microgram/Kilogram/Minute
DOXOrubicin  LYOPH 50mg for orderset only,DOXOrubicin LYOPH,Not Recorded
DOXOrubicin  LYOPHILIZED 50mg inj,DOXOrubicin LYOPH,Not Recorded
DOXOrubicin 2 mg/mL PF 25mL for orderset only,DOXOrubicin,Not Recorded
DOXOrubicin 2 mg/mL PF soln. 25mL,DOXOrubicin,Not Recorded
DOXOrubicin PFS 10 mg/5 mL inj,DOXOrubicin,Not Recorded
DOXOrubicin liposomal 2 mg/mL (Lipodox),DOXOrubicin liposomal,Not Recorded
DOXOrubicin liposomal 20mg/ 10 mL inj,DOXOrubicin hcl liposome,Not Recorded
Dacarbazine 200mg inj,dacarbazine,Not Recorded
Dalbavancin 500 mg/25ml  inj,dalbavancin,Not Recorded
Dalfopristin-Quinupristin 500 mg inj,dalfopristin-quinupristin,Not Recorded
Dantrolene 100 mg cap,dantrolene,Not Recorded
Dantrolene 20 mg inj,dantrolene,Not Recorded
Dantrolene 250 mg inj,dantrolene,Not Recorded
Daptomycin 500mg for IVPB,daptomycin,Not Recorded
Daptomycin 5mg/ml /LR 2mL lock soln.,daptomycin in LR lock soln.,Not Recorded
Daratumumab 400mg/20mL inj.,daratumumab,Not Recorded
Darbepoetin Alfa 25 mcg/0.42 mL syr.,darbepoetin alfa,Not Recorded
Darbepoetin Alfa 40 mcg/0.4 mL syr.,darbepoetin alfa,Not Recorded
Darbepoetin Alfa 40 mcg/0.4 mL syringe,darbepoetin alfa,Not Recorded
Darbepoetin alfa 100 mcg/0.5 mL syr. For Dialysis,darbepoetin alfa,Not Recorded
Darbepoetin alfa 100 mcg/0.5 mL syringe,darbepoetin alfa,Not Recorded
Darbepoetin alfa 100 mcg/0.5 mL syringe- APPRISE,darbepoetin alfa,Not Recorded
Darbepoetin alfa 150 mcg/0.3 mL syringe,darbepoetin alfa,Not Recorded
Darbepoetin alfa 200 mcg/0.4 mL syringe,darbepoetin alfa,Not Recorded
Darbepoetin alfa 60 mcg/0.3 mL syr.,darbepoetin alfa,Not Recorded
Darbepoetin alfa 60 mcg/0.3 mL syringe,darbepoetin alfa,Not Recorded
Decitabine 50mg inj,decitabine,Not Recorded
Deferoxamine 500 mg inj,deferoxamine,Not Recorded
Description Missing,Description Missing,Not Recorded
Desmopressin 0.1 mg tab,desmopressin,Not Recorded
Desmopressin 0.4 mcg/mL SubQ syringe,desmopress in syringe,Not Recorded
Desmopressin 10mcg/inh 5mL nasal,desmopressin,Not Recorded
Desmopressin 4 mcg/mL IV in syringe,desmopressin in syringe,Not Recorded
Desmopressin 4 mcg/mL SubQ syringe,desmopressin in syringe,Not Recorded
Desmopressin 4 mcg/mL inj,desmopressin,Not Recorded
Desmopressin 4 mcg/mL inj.,desmopressin,Not Recorded
Dexamethasone 0.2mg/mL neonate syringe,Dexamethasone in syringe,Not Recorded
Dexamethasone 0.5 mg tab,dexamethasone,Not Recorded
Dexamethasone 10mg/NS IVPB,dexamethasone/ns,Not Recorded
Dexamethasone 12mg/NS IVPB,dexamethasone/ns,Not Recorded
Dexamethasone 2 mg tab,dexamethasone,Not Recorded
Dexamethasone 20 mg/5 mL inj,dexamethasone,Not Recorded
Dexamethasone 20mg/NS IVPB,dexamethasone/ns,Not Recorded
Dexamethasone 4 mg tab,dexamethasone,Not Recorded
Dexamethasone 4 mg/1 mL inj,dexamethasone,Not Recorded
Dexamethasone 6  mg tab,dexamethasone,Not Recorded
Dexamethasone 8 mg/NS IVPB,dexamethasone/ns,Not Recorded
Dexamethson 10 mg/mL  10 mL inj,dexamethasone,Not Recorded
Dexmedetomidine 200 mcg/2 mL inj,dexmedetomidine,Microgram/Kilogram/Hour
Dexmedetomidine 4 mcg/mL 20mL vial (for OR),dexmedetomidine,Not Recorded
Dexrazoxane 250 mg inj cardio tox,dexrazoxane,Not Recorded
Dextran 40/ 500 mL IV bag,dextran 40,Not Recorded
Dextran 40/ 500 mL IV bag,dextran 40/ns,Not Recorded
Dextran 40/D5W 500 mL IV bag,dextran 40/d5w,Not Recorded
Dextran-Dextrose 32% inj 100 mL inj,dextran-dextrose 32%,Not Recorded
Dextrose 10% 5 mL inj,dextrose 10%,Not Recorded
Dextrose 10% in Water 250mL,D10W,Not Recorded
Dextrose 10% in Water 250mL btl.,D10W,Not Recorded
Dextrose 30% in Water 500mL,dextrose 30% water,Not Recorded
Dextrose 50% 50 mL syringe,dextrose 50%,Not Recorded
Dextrose 50% 50 mL vial,dextrose 50%,Not Recorded
Diazepam 10 mg/2 mL inj,diazepam,Not Recorded
Diazepam 2 mg tab,diazepam,Not Recorded
Diazepam 5 mg tab,diazepam,Not Recorded
Dicyclomine 20 mg/2 mL inj,dicyclomine,Not Recorded
Digoxin 0.05 mg/mL Elixir  60 mL,digoxin,Not Recorded
Digoxin 0.5 mg/2 mL inj,digoxin,Not Recorded
Digoxin Immune Fab 40mg (Digifab),digoxin immune fab,Not Recorded
Dihydroergotamine 1 mg/1 mL inj,dihydroergotamine,Not Recorded
Diltiazem 100 mg ADD-Vantage,diltiazem,Milligram/Hour
Diltiazem 125 mg vial,diltiazem,Milligram/Hour
Diltiazem 25 mg/5 mL inj,diltiazem,Not Recorded
Diltiazem 50 mg/10 mL inj,diltiazem,Not Recorded
DiphenhydrAMI 2.5 mg/mL liq 240 mL,diphenhydrAMINE,Not Recorded
DiphenhydrAMINE 12.5mg/5mL Liq,diphenhydrAMINE liq,Not Recorded
DiphenhydrAMINE 25 mg cap,diphenhydrAMINE,Not Recorded
DiphenhydrAMINE 25 mg/10 mL liq,diphenhydrAMINE,Not Recorded
DiphenhydrAMINE 25mg/NS IVPB,diphenhydrAMINE/ns,Not Recorded
DiphenhydrAMINE 50 mg cap,diphenhydrAMINE,Not Recorded
DiphenhydrAMINE 50 mg/1 mL inj,diphenhydrAMINE,Not Recorded
DiphenhydrAMINE 50mg/NS IVPB,diphenhydrAMINE/ns,Not Recorded
Disposable elastomeric pump,disposable elastomeric pump,Not Recorded
Docusate Sodium 100 mg cap,docusate,Not Recorded
Dofetilide 250 mcg cap,dofetilide,Not Recorded
Doripenem 250 mg inj,doripenem,Not Recorded
Doripenem 500 mg inj,doripenem,Not Recorded
Doxorubicin 2  mg/ 1 mL inj,doxorubicin,Not Recorded
Doxorubicin PFS 10mg/5mL inj,doxorubicin,Not Recorded
Doxycycline 100 mg cap,doxycycline,Not Recorded
Doxycycline 100 mg inj,doxycycline,Not Recorded
Doxycycline 100mg IVPB,doxycycline in ns,Not Recorded
Doxycycline 1mg/mL NS peds syringe,doxycycline/ns syringe,Not Recorded
Doxycycline 50mg cap,doxycycline,Not Recorded
Doxycycline hyclate 100 mg tab,doxycycline,Not Recorded
Droperidol 0.625mg/2mL ns for OR,droperidol,Not Recorded
Droperidol 2.5mg/mL inj,droperidol,Not Recorded
ED-Calcium Gluconate 2gm IVPB for ED use only,calcium gluconate/ns,Not Recorded
EPHEDrine 25mg/5ml (5mg/mL) syringe,ePHEDrine,Not Recorded
EPHEDrine 50 mg/1 mL inj,ePHEDrine,Not Recorded
EPHEDrine 50 mg/10mL inj,ePHEDrine,Not Recorded
EPHEDrine 5mg/mL OR syringe,ePHEDrine,Not Recorded
EPInephrine 0.3mg Auto-injector,EPInephrine hcl,Not Recorded
EPInephrine 1 mg/ 1 mL inj,EPInephrine,Microgram/Kilogram/Minute
EPInephrine 1 mg/10 mL inj,EPInephrine,Not Recorded
EPInephrine 160mcg Syr OR,EPInephrine,Not Recorded
EPInephrine 1mg/ml 30 mL inj,EPInephrine,Not Recorded
EPIrubicin 2 mg / 1 mL inj,EPIrubicin,Not Recorded
Eculizumab 300 mg/30mL inj.,eculizumab,Not Recorded
Edrophonium 10 mg/mL 15 mL inj,edrophonium,Not Recorded
Edrophonium 10 mg/mL per mL,edrophonium,Not Recorded
Empty Container,Empty Container,Not Recorded
Empty Container Non-DEHP,Empty Container Non-DEHP,Not Recorded
Enalaprilat 1.25 mg/1 mL inj,enalapril,Not Recorded
Enalaprilat 2.5 mg/2 mL inj,enalaprilat,Not Recorded
Enoxaparin 100 mg/ 1 mL inj,enoxaparin,Not Recorded
Enoxaparin 120 mg/ 0.8 mL  inj,enoxaparin,Not Recorded
Enoxaparin 20 mg/ 0.2 mL syringe,enoxaparin syringe,Not Recorded
Enoxaparin 30 mg/0.3 mL inj,enoxaparin,Not Recorded
Enoxaparin 40 mg/ 0.4 mL inj,enoxaparin,Not Recorded
Enoxaparin 60 mg/ 0.6 mL inj,enoxaparin,Not Recorded
Epidural Infusion,Epidural Infusion,Not Recorded
"Epoetin 10,000 units/ 1 mL inj",epoetin,Not Recorded
"Epoetin 2,000 units/ 1 mL inj",epoetin alfa,Not Recorded
"Epoetin 20,000 units inj",epoetin,Not Recorded
"Epoetin 40,000 units/ 1 mL",epoetin,Not Recorded
Epoetin 4000 units/1 mL inj,epoetin alfa,Not Recorded
"Epoetin alfa-epbx (Retacrit) 10,000 units/1 mL inj",epoetin alfa-epbx,Not Recorded
"Epoetin alfa-epbx (Retacrit) 2,000 units/1 mL inj",epoetin alfa-epbx,Not Recorded
"Epoetin alfa-epbx (Retacrit) 20,000 units/1 mL inj",epoetin alfa-epbx,Not Recorded
"Epoetin alfa-epbx (Retacrit) 40,000 units/1 mL inj",epoetin alfa-epbx,Not Recorded
Epoprostenol  Diluent 50mL for ICU Drip,epoprostenol diluent,Not Recorded
Epoprostenol  Diluent 50mL for ICU Drip,epoprostenol/Flolan diluent,Not Recorded
Epoprostenol  Diluent 50mL vial,epoprostenol diluent,Not Recorded
Epoprostenol  Diluent 50mL vial,epoprostenol/Flolan diluent,Not Recorded
Epoprostenol 0.5 mg inj,epoprostenol,Not Recorded
"Epoprostenol 1,000,000 ng (1mg) inhale (Veletri)",epoprostenol inhale,Not Recorded
Epoprostenol 1.5 mg inj.,epoprostenol,Not Recorded
"Epoprostenol 500,000 ng (0.5mg) inhale (Veletri)",epoprostenol inhale,Not Recorded
Epoprostenol CADD Conc-Dose-Rate Confirm,Epoprostenol CADD Conc-Dose-Rate Confirm,Not Recorded
Epoprostenol Cassette,Epoprostenol cassette,Not Recorded
Epoprostenol Cassette,flolan casstte,Not Recorded
Eptifibatide 2 mg/mL 10 mL bolus inj,eptifibatide,Not Recorded
Eribulin 1mg/2mL inj,eribulin,Not Recorded
Ertapenem 1000 mg inj,ertapenem,Not Recorded
Erythromycin 500 mg inj,erythromycin,Not Recorded
Esmolol 100 mg/10 mL inj,esmolol,Not Recorded
Esmolol 10mg/mL OR syringe,esmolol,Not Recorded
Esmolol 2.5 gm/10 mL inj,esmolol,Not Recorded
Estradiol 1 mg tab,estradiol,Not Recorded
Estrogens 25 mg/5 mL inj.,"estrogens, conjugated",Not Recorded
Ethacrynate 50 mg/50 mL inj,ethacrynate,Not Recorded
Ethanol Lock soln 70% 3mL,ethanol 70% lock soln.,Not Recorded
Ethiodized Oil (37% iodine) 10 mL inj,ethiodized oil (37% iodine),Not Recorded
Ethiodized Oil 480mg/mL,ethiodized oil,Not Recorded
Etomidate 10mg/5mL syringe,etomidate,Not Recorded
Etomidate 2 mg/mL  20 mL inj,etomidate,Not Recorded
Etomidate 2 mg/mL inj 10mL,etomidate,Not Recorded
Etoposide 100 mg / 5 mL,etoposide,Not Recorded
Etoposide 500 mg/25 mL inj,etoposide,Not Recorded
Factor 7a (VIIa),coagulation factor 7a (VIIa),Not Recorded
Factor 8 (VIII) bolus,Factor 8 (VIII) in syringe,Not Recorded
Factor 8 (VIII) injection,Factor 8 (VIII) inj,Not Recorded
Factor 9 (IX) inj,factor 9 (IX),Not Recorded
Factor 9 (IX) inj Bolus,factor 9 (IX) in syringe,Not Recorded
"Factor VIII (Antihemophilic Factor, Recomb Porcine Seq) (Obizur)",factor 8 porcine,Not Recorded
"Factor VIII (Antihemophilic Factor, Recomb Porcine Seq) (Obizur)",factor 8 porcine (Obizur),Not Recorded
"Factor VIII (Antihemophilic Factor, Recomb Porcine) (Obizur)",factor 8 porcine,Not Recorded
Factor7a (VIIa) 2000 mcg (OR CHARGE),coagulation factor VIIa,Not Recorded
Famotidine 20 mg for Hyperal only,famotidine,Not Recorded
Famotidine 20 mg tab,fAMOTIDine,Not Recorded
Famotidine 20 mg/2 mL inj,fAMOTIDine,Not Recorded
Famotidine 20mg/NS IV syringe,famotidine/ns in syringe,Not Recorded
Famotidine 2mg/mL/NS neonate syringe,fAMOTIDine in NS syringe,Not Recorded
Famotidine 40 mg tab,fAMOTIDine,Not Recorded
Famotidine 40 mg/4 mL inj,fAMOTIDine,Not Recorded
Fat Emulsion 20% 250 mL (Intralipid),fat emulsion 20%,Not Recorded
Fat Emulsion 20% 250 mL (Intralipid),fat emulsion 20% (Intralipid),Not Recorded
Fat Emulsion 20% 500mL,fat emulsion 20%,Not Recorded
Fat Emulsion 20% NEONATE syringe,fat emulsion 20% in syr (Intralipid),Not Recorded
Fat Emulsion 20% NEONATE syringe,fat emulsion 20% in syringe,Not Recorded
"Fat emulsion, 20% 100mL (Neonate)",fat emulsion 20% (Intralipid),Not Recorded
"Fat emulsion, 20% 100mL (Neonate)","fat emulsion 20%, intravenous",Not Recorded
"Fat emulsion, intravenous (fish oil) 20% 250mL (Smoflipid)",fat emulsion 20%(Smoflipid),Not Recorded
"Fat emulsion, intravenous (fish oil) 20% 250mL (Smoflipid)","fat emulsion, intravenous 20%",Not Recorded
"Fat emulsion, intravenous (fish oil) 20% 500mL (for TPN) (Smoflipid)",fat emulsion 20%(Smoflipid),Not Recorded
"Fat emulsion, intravenous (fish oil) 20% 500mL (for TPN) (Smoflipid)","fat emulsion, intravenous 20%",Not Recorded
"Fat emulsion,intravenous (fish oil) 20% 1000mL (for TPN) (Smoflipid)",fat emulsion 20%(Smoflipid),Not Recorded
FentaNYL 50 mcg/mL 10mL inj,fentaNYL,Not Recorded
FentaNYL PCA/NCA 10mcg/mL 50mL syringe,fentaNYL pca/nca,Not Recorded
Fentanyl  2.5 mg / 50 mL Drip,fentanyl citrate,Not Recorded
Fentanyl 100 mcg buccal tab,fentaNYL,Not Recorded
Fentanyl 100 mcg/hr patch,fentanyl,Not Recorded
Fentanyl 1000 mcg/20 mL inj,fentanyl,Not Recorded
Fentanyl 100mcg/2 mL inj,fentanyl,Not Recorded
Fentanyl 10mcg/ml 60mL Syringe,fentanyl syringe,Micrograms/Hour
Fentanyl 12 mcg/hr patch,fentanyl,Not Recorded
Fentanyl 200 mcg lozenge,fentanyl,Not Recorded
Fentanyl 25 mcg/hr patch,fentanyl,Not Recorded
Fentanyl 250 mcg/5 mL inj,fentanyl,Not Recorded
Fentanyl 50 mcg/hr patch,fentanyl,Not Recorded
Fentanyl 75 mcg/hr patch,fentanyl,Not Recorded
Fentanyl Patch Removal,fentanyl patch removal,Not Recorded
Ferrlecit 62.5 mg/5 mL inj,ferric gluconate sodium complex,Not Recorded
Ferumoxytol 510mg/17mL inj,ferumoxytol,Not Recorded
Fibrinogen concentrate (Human),fibrinogen,Not Recorded
Filgrastim 480 mcg/0.8 mL syr,filgrastim,Not Recorded
Fluconazole 100 mg tab,fluconazole,Not Recorded
Fluconazole 100mg/50mL NS,fluconazole in ns,Not Recorded
Fluconazole 200 mg tab,fluconazole,Not Recorded
Fluconazole 200 mg/5 mL liq 35 mL,fluconazole,Not Recorded
Fluconazole 200mg/100mL NS premix,fluconazole in ns,Not Recorded
Fluconazole 400mg/200mL D5W ivpb,fluconazole,Not Recorded
Fluconazole 400mg/200mL D5W ivpb,fluconazole in d5w,Not Recorded
Fluconazole 400mg/200mL NS premix,fluconazole in ns,Not Recorded
Fluconzole 2mg/mL/NS neonate syringe,fluconazole in NS syringe,Not Recorded
Fludarabine 50  mg inj,fludarabine,Not Recorded
Flumazenil 0.5 mg/5 mL inj,flumazenil,Not Recorded
Flumazenil 0.5 mg/5 mL syringe,flumazenil,Not Recorded
Fluorescein 10% 5mL inj,fluorescein 10%,Not Recorded
Fluorescein 1mg ophth strip,fluorescein,Not Recorded
Fluorouracil 50 mg/mL inj,fluorouracil,Not Recorded
Folic Acid 1mg/mL Ped oral syringe,folic acid ped liq,Not Recorded
Folic Acid 50 mg/10 mL inj,folic acid,Not Recorded
Fomepizole 1500mg/1.5mL,fomepizole,Not Recorded
Fosaprepitant 150 mg inj.,fosaprepitant,Not Recorded
Foscarnet 6 gm/250 mL IVPB (Central Line),foscarnet,Not Recorded
Fosphenytoin 100 mgpe/2 mL inj,fosphenytoin,Not Recorded
Fosphenytoin 10mgPE/mL/NS neonate syringe,fosphenytoin in NS syringe,Not Recorded
Fosphenytoin 500 mgpe/10 mL inj,fosphenytoin,Not Recorded
Furosemide 100 mg/10 mL inj,fUROSEMide,Not Recorded
Furosemide 100 mg/10 mL inj ADD,fUROSEMide add,Grams/Hour
Furosemide 10mg/mL Ped oral syringe,fUROSEMide ped liq,Not Recorded
Furosemide 20 mg tab,fUROSEMide,Not Recorded
Furosemide 20 mg/2 mL inj,fUROSEMide,Not Recorded
Furosemide 2mg/mL/NS neonate syringe,furosemide in NS syringe,Not Recorded
Furosemide 40 mg/4 mL inj,fUROSEMide,Not Recorded
Furosemide 40 mg/5 mL liq,fUROSEMide,Not Recorded
Furosemide 80 mg tablet,fUROSEMide,Not Recorded
Gabapentin 100 mg cap,gabapentin,Not Recorded
Gabapentin 300 mg cap,gabapentin,Not Recorded
Gabapentin 300 mg/6 mL liq (60 mL),gabapentin,Not Recorded
Gabapentin 400 mg cap,gabapentin,Not Recorded
Ganciclovir 500 mg inj,ganciclovir sodium,Not Recorded
Ganciclovir 5mg/mL/NS neonate syringe,ganciclovir in NS syringe,Not Recorded
Gemcitabine 200 mg inj,gemcitabine,Not Recorded
Gemcitabine 38 mg/mL inj,gemcitabine,Not Recorded
Gentamcin 120 mg/100mL NS premix,gentamicin in ns,Not Recorded
Gentamicin 100 mg/100 mL NS premix,gentamicin in ns,Not Recorded
Gentamicin 100 mg/50 mL NS premix,gentamicin in ns,Not Recorded
Gentamicin 2mg/mL/NS neonate syringe,gentamicin in NS syringe,Not Recorded
Gentamicin 4mg/mL/NS neonate syringe,gentamicin in NS syringe,Not Recorded
Gentamicin 60 mg/50 mL NS premix,gentamicin in ns,Not Recorded
Gentamicin 80 mg/100mL NS premix,gentamicin in ns,Not Recorded
Gentamicin 80 mg/2 mL inj,gentamicin,Not Recorded
Gentamicin 80 mg/50 mL NS premix,gentamicin in ns,Not Recorded
Gentamicin 800 mg/20 mL inj,gentamicin,Not Recorded
Gentamicin 8mg Intrathecal syringe,gentamicin intrathecal syringe,Not Recorded
Glucagon 1 mg w/diluent inj,glucagon,Not Recorded
Glucose 25% 10mL inj,glucose,Not Recorded
Glycopyrolate Inj for PO (Peds),glycopyrolate,Not Recorded
Glycopyrrolate 0.2 mg/1 mL 5mL OR syringe,glycopyrrolate,Not Recorded
Glycopyrrolate 0.2 mg/1 mL inj,glycopyrrolate,Not Recorded
Glycopyrrolate 0.2 mg/mL 20 mL inj,glycopyrrolate,Not Recorded
Glycopyrrolate 0.2 mg/mL 5mL inj,glycopyrrolate,Not Recorded
Glycopyrrolate 0.2 mg/mL syringe,glycopyrrolate,Not Recorded
Glycopyrrolate 1 mg tab,glycopyrrolate,Not Recorded
Glycopyrrolate 10 mcg/mL neonate syringe,glycopyrrolate,Not Recorded
Glycopyrrolate 200mcg/mL oral neonate,glycopyrrolate,Not Recorded
Granisetron 1 mg/1 mL inj,granisetron,Not Recorded
HYDROmorphone 0.5 mg/ 0.5mL,HYDROmorphone,Not Recorded
HYDROmorphone 0.5 mg/1ml,HYDROmorphone,Not Recorded
HYDROmorphone 10mg/mL 50 mL inj for PCA,HYDROmorphone,Not Recorded
HYDROmorphone 2 mg/mL INJ,HYDROmorphone,Not Recorded
HYDROmorphone 4 mg/mL inj,HYDROmorphone,Not Recorded
HYDROmorphone PCA/NCA 1 mg/mL /NS syr,HYDROmorphone PCA/NCA 1 mg/ml NS syr,Not Recorded
HYDROmorphone PF 10 mg/mL inj,HYDROmorphone PF,Not Recorded
HYDROmorphone PF 10 mg/mL inj ADD,HYDROmorphone,Milligram/Hour
Haloperidol 0.5 mg tab,haloperidol,Not Recorded
Haloperidol 5 mg/1 mL inj,haloperidol,Not Recorded
Haloperidol decanoate 50 mg/ 1 mL inj,haloperidol,Not Recorded
"HePARIN (1000unit/mL)10,000 units/10 mL inj",hePARIN,Not Recorded
"HePARIN 1,000 units/500 mL NS bag",hePARIN/ns,Not Recorded
"HePARIN 1,000 units/mL 30 mL inj",hePARIN,Not Recorded
"HePARIN 10,000 units/1 mL inj",hePARIN,Not Recorded
HePARIN 100 units /1 mL Flush PF,hePARIN flush pf,Not Recorded
HePARIN 100 units/mL 10mL syr.,hePARIN flush,Not Recorded
HePARIN 1000 units/1 mL inj,hePARIN,Not Recorded
HePARIN 10000 units/1mL injection,hePARIN,Not Recorded
"HePARIN 2,000 units/1,000 mL NS bag",hePARIN/ns,Not Recorded
"HePARIN 30,000 unit(s)/NS 1000mL (EUOSH)",hePARIN in NS,Not Recorded
"HePARIN 40,000 units/4 mL inj",hePARIN,Not Recorded
"HePARIN 5,000 unit inj",hePARIN,Not Recorded
"HePARIN 5,000 units/ mL 10 mL inj",hePARIN,Not Recorded
HePARIN 500 unit/5 mL Flush inj,hePARIN sodium-sodium chloride,Not Recorded
HePARIN Beef 10000 units/10mL inj,hePARIN beef,Not Recorded
HePARIN Flush 100 Units/ mL 3 mL,hePARIN,Not Recorded
HePARIN Flush neonate 1unit/mL in 1/2NS (Art-line),hePARIN flush in 1/2 NS neonate,Not Recorded
HePARIN IR 1000 unit/mL/4 mL ADD,heparin,Not Recorded
Hemin 313 mg inj,hemin,Not Recorded
Heparin 2000 unit/2mL inj,heparin,Not Recorded
Heparin 4units/mL 1000mL (Neuro-Intervent Radiology),heparin in ns,Not Recorded
Hepatitis B Immune Glob 5 mL inj (Hepagam B),hepatitis b im.glob,Not Recorded
Hepatitis B immune globulin 1mL inj,hepatitis B immune globulin,Not Recorded
Hetastarch 6%/ LR 500 mL bag,hetastarch 6% / lr,Hour
Hetastarch 6%/ NaCl 0.9% 500 mL bag,hetastarch 6% / ns,Not Recorded
Hexaminolevulinate 100mg kit inj,hexaminolevulinate,Not Recorded
Hyaluronidase 15 units/mL/NS neonate syringe,hyaluronidase in NS syringe,Not Recorded
Hyaluronidase 150 units/mL inj,hyaluronidase,Not Recorded
HydrALAZINE 10 mg tab,hydrALAZINE,Not Recorded
HydrALAZINE 1mg/mL/NS neonate syringe,hydrALAZINE in NS syringe,Not Recorded
HydrALAZINE 20 mg/1 mL inj,hydrALAZINE,Not Recorded
HydrALAZINE 25 mg tab,hydrALAZINE,Not Recorded
HydrALAZINE 4 mg/mL Ped oral syringe,hydrALAZINE ped liq,Not Recorded
HydrALAZINE 50 mg tab,hydrALAZINE,Not Recorded
HydrOXYzine HCL 10 mg tab,hydrOXYzine,Not Recorded
HydrOXYzine HCl 25 mg/mL inj,hydrOXYzine,Not Recorded
Hydrocortisone  250 mg inj,hydrocortisone,Not Recorded
Hydrocortisone  250 mg inj,hydrocortisone ss,Not Recorded
Hydrocortisone 10 mg tab,hydrocortisone,Not Recorded
Hydrocortisone 100 mg/2 mL for study,hydrocortisone/PBO,Not Recorded
Hydrocortisone 100 mg/2 mL inj,hydrocortisone,Not Recorded
Hydrocortisone 100mg/60mL enema,hydrocortisone,Not Recorded
Hydrocortisone 5 mg tab,hydrocortisone,Not Recorded
Hydrocortisone 500 mg inj,hydrocortisone,Not Recorded
Hydrocortisone PF 100mg/2mL inj,hydrocortisone,Not Recorded
Hydrocortisone pf 1mg/mL/NS neonate syringe,hydrocortisone in NS syringe,Not Recorded
Hydrocortisone pf 2mg/mL/NS neonate subq syr.,hydrocortisone in NS syringe,Not Recorded
Hydrocortisone pf 2mg/mL/NS neonate syringe,hydrocortisone in NS syringe,Not Recorded
Hydromorphone 0.4mg/mL+Ketamine 1mg/mL PCA (ortho OR),hydromorphone  0.4mg+ ketamine 1mg pca,Not Recorded
Hydromorphone 1 mg/mL inj,hydromorphone,Not Recorded
Hydromorphone 10 mg/mL 5 mL inj,hydromorphone,Milligram/Hour
Hydromorphone 10 mg/mL 5 mL inj,hydromorphone-HP,Not Recorded
Hydromorphone 2 mg tab,hydromorphone,Not Recorded
Hydromorphone 2 mg/1 mL inj,hydromorphone,Not Recorded
Hydromorphone 2 mg/mL inj.,hydromorphone,Not Recorded
Hydromorphone 4 mg tab,hydromorphone,Not Recorded
Hydromorphone 40 mg/20 mL inj,hydromorphone,Not Recorded
Hydromorphone PCA 0.2mg/ml Syr.,hydromorphone PCA 0.2mg Syr.,Not Recorded
Hydromorphone PCA 0.2mg/ml syringe,hydromorphone PCA 0.2mg/ml/ NS syr,Not Recorded
Hydromorphone PCA/NCA 0.2mg/ml syringe,hydromorphone PCA 0.2mg/ml in NS syr.,Not Recorded
Hydromorphone PCA/NCA 0.2mg/ml syringe,hydromorphone PCA 0.2mg/ml/ NS syr,Not Recorded
Hydromorphone PCA/NCA 0.2mg/ml syringe,hydromorphone PCA 0.2mg/ml/ NS syr.,Not Recorded
Hydromorphone PCA/NCA 0.2mg/ml syringe,hydromorphone PCA/NCA 0.2mg/ml/ NS syr,Not Recorded
Hydromorphone PCA/NCA 1mg/1 mL High Dose Syr.,hydromorphone PCA in NS syringe,Not Recorded
Hydromorphone PCA/NCA 1mg/1 mL High Dose Syr.,hydromorphone PCA/NCA in NS syringe,Not Recorded
Hydromorphone-PF 2 mg/1 mL,hydromorphone-pf,Not Recorded
Hydroxocobalamin 5 gm Kit,hydroxocobalamin,Not Recorded
"Hydroxyethyl Starch 6%/ NaCl 0.9% 500 mL bag
",hydroxyethyl starch,Not Recorded
Hyperalimentation for charging,hyperalimentation,Not Recorded
Hypertonic NACL 16.4% 50mL (NaCl/NaAcetate),hypertonic saline 16.4%,Not Recorded
Hypertonic NACL 3% 500 mL IV bag,nacl 3%,Not Recorded
Hypertonic NaCl 23.4% 120meq IVPB for Neuro (30mL),"na chloride 23.4% in Bag, sterile",Not Recorded
Hypertonic NaCl 23.4% 240meq IVPB for Neuro,"na chloride 23.4% in Bag, sterile",Not Recorded
Hypertonic Saline 7.5% 100mL (NaCl/NaAcetate),hypertonic saline 7.5%,Not Recorded
IDArubicin 10 mg Inj,IDArubicin hcl,Not Recorded
IDArubicin 5 mg inj,IDArubicin,Not Recorded
IRINOtecan 20 mg/mL inj,IRINOtecan,Not Recorded
IV Stabilizer Solution inj,IV stabilizer solution,Not Recorded
Ibutilide 1 mg/10 mL inj,ibutilide,Not Recorded
Idarucizumab 2.5gm/50ml inj,idarucizumab,Not Recorded
Ifosfamide 1gm inj,ifosfamide,Not Recorded
Ifosfamide 3 gm,ifosfamide,Not Recorded
Imipenem-Cilastatin  500 mg inj,imipenem-cilastatin,Not Recorded
Immune Glob 6gm (Carimune) sucr.contng.,immune globulin human (sucrose contng.),Not Recorded
Immune Glob. Lymphocyte (Atgam),"lymphocyte, immune globulin",Not Recorded
Immune Glob.12gm (Carimune) sucrose contng.,immune glob. (hum) sucrose contng.,Not Recorded
Immune Globulin 10gm/100mL (Privigen),immune globulin intraven. SF,Not Recorded
Immune Globulin 10gm/100mL (Privigen),immune globulin intravenous SF,Not Recorded
Immune Globulin 20gm/200mL (Gammagard),immune globulin (hum) sf,Not Recorded
Immune Globulin sf 10gm/100mL (Gammagard),immune globulin human SF,Not Recorded
Immune Globulin sf 30gm/300mL (Gammagard),immune globulin human SF,Not Recorded
Immune Globuln 20gm/200mL SF (Privigen),immune globulin intravenous,Not Recorded
Immune globulin 1gm neonate syringe.,immune globulin human SF syringe,Not Recorded
Immune globulin 5 gm inj (Gammagard),immune globulin human SF,Not Recorded
Immune globulin 5 gm inj (Privigen) 10%,immune globulin human SF,Not Recorded
InFLIXimab (Remicade) 100 mg inj,inFLIXimab,Not Recorded
InFLIXimab (Remicade) 100 mg inj,inFLIXimab (Remicade),Not Recorded
Indigo 0.8% 5 mL inj,indigo carmine 0.8%,Not Recorded
Indomethacin 1 mg ped inj,indomethacin,Not Recorded
Insulin Bolus Neonate 0.1 unit(s)/mL/NS syringe,insulin regular in NS syringe,Not Recorded
Insulin Bolus Neonate 1 unit(s)/mL/NS syringe,insulin regular in NS syringe,Not Recorded
Insulin Detemir 100 units/mL inj for pregnancy,insulin detemir,Not Recorded
Insulin Glargine (Human),"insulin, glargine",Not Recorded
Insulin Glargine 100 units/mL inj,insulin glargine,Not Recorded
Insulin Isophane Human recomb. 100 units/mL inj,insulin isophane (NPH),Not Recorded
Insulin NPH (Human),"insulin, nph human",Not Recorded
Insulin Reg Hum.,insulin regular,Not Recorded
Insulin Reg Hum. (WW),insulin reg human,Not Recorded
Insulin Reg Hum.-BG-formula,insulin reg human,Not Recorded
Insulin Regular Human recomb. 100 units/mL inj,insulin regular,U/Hr
Insulin aspart  (NovoLOG),insulin aspart,Not Recorded
Insulin aspart (NovoLOG).,insulin aspart,Not Recorded
Insulin regular COMPOUNDING USE,insulin reg human,Not Recorded
Insulin regular COMPOUNDING USE,insulin regular CMPD,Not Recorded
Insulin regular COMPOUNDING USE,insulin regular COMPOUNDING,Not Recorded
Insulin/PBO for Shine Study,insulin/PBO-P# Shine study,U/Hr
Invest NS 500mL bag for study,invest NS bag,Not Recorded
Invest ganciclovir 500 mg for study,ganciclovir p#val038,Not Recorded
Iodixanol 270 mg 100 mL btl,iodixanol,Not Recorded
Iodixanol 320 mg/ mL 50 mL,iodixanol,Not Recorded
Iohexol 180 mg 20mL,iohexol,Not Recorded
Iohexol 300 100 mL btl,iohexol,Not Recorded
Iohexol 300 10mL,iohexol,Not Recorded
Iohexol 300 150 mL,iohexol,Not Recorded
Iohexol 300 50mL inj,iohexol,Not Recorded
Iohexol 350 100 mL,iohexol,Not Recorded
Iohexol 350 150 mL,iohexol,Not Recorded
Iohexol 350 50 mL inj,iohexol,Not Recorded
Iohexol-350 100 mL,iohexol,Not Recorded
Iopamidol 61% (Isovue 300) 50mL inj,iopamidol,Not Recorded
Iopamidol 76% (Isovue 370) 50mL inj,iopamidol,Not Recorded
Ipratropium 0.02% Inh Sol 2.5mL.,ipratropium 0.02%,Not Recorded
Iron Dextran 100 mg/2 mL inj,iron dextran,Not Recorded
Iron Sucrose 100 mg/5mL inj,iron sucrose,Not Recorded
Isavuconazonium 372 mg inj,isavuconazonium,Not Recorded
Isoproterenol 0.2 mg/ 1 mL inj,isoproterenol,Not Recorded
Isoproterenol 1 mg/5 mL inj,isoproterenol,Not Recorded
Isosulfan Blue 1% 5 mL inj,isosulfan blue 1%,Not Recorded
KCl 10mEq/100 mL St. Water  premix,potassium chloride in sterile water,Not Recorded
KCl 2 mEq/ml  20 mL inj.,potassium chloride,Not Recorded
KCl 20 mEq SA tab,potassium chloride tab SA,Not Recorded
KCl 20 mEq packet,potassium chloride,Not Recorded
KCl 20 mEq/15 mL oral liq,potassium chloride,Not Recorded
KCl 20 mEq/50 mL St. Water premix,potassium chloride in sterile water,Not Recorded
KCl 40 mEq/ 100 mL St.Water premix,potassium chloride in sterile water,Not Recorded
KCl 40 mEq/ NS 100 mL,potassium chloride in NS,Not Recorded
KCl 40 mEq/30 mL oral liq,potassium chloride elixir,Not Recorded
KCl 40 mEq/30 mL oral liq,potassium chloride liquid,Not Recorded
Ketamine 200 mg/20mL inj ADD,ketamine,Not Recorded
Ketamine 50 mg/5mL syringe,ketamine,Not Recorded
Ketamine 500 mg/10 mL inj ADD,ketamine,Milligram/Hour
Ketamine 500 mg/10 mL inj CMPD,ketamine,Not Recorded
Ketamine 500 mg/5 mL inj,ketamine,Not Recorded
Ketamine 500 mg/5mL inj ADD,ketamine,Not Recorded
Ketamine HCl 10 mg/ mL inj (WW),ketamine,Not Recorded
Ketamine HCl 200 mg/20 mL inj,ketamine,Milligram/Hour
Ketorolac 15 mg inj,ketorolac,Not Recorded
Ketorolac 30 mg inj,ketorolac,Not Recorded
Ketorolac 60 mg/2 mL inj,ketorolac,Not Recorded
L&D-Mag Sulf 4gm/100mL St.Water premix,magnesium sulfate in sterile water,Not Recorded
L&D-Mag Sulf 6gm/NS 100mL ivpb,magnesium sulfate in ns,Not Recorded
LACOSamide 100 mg tab,LACOSamide,Not Recorded
LACOSamide 100 mg/10 mL liquid UD,LACOSamide,Not Recorded
LACOSamide 200 mg/20 mL inj,LACOSamide,Not Recorded
LACOSamide 50 mg tab,LACOSamide,Not Recorded
LEVOleucovorin 50 mg,levoleucovorin,Not Recorded
LR 1000 mL IV bag,lactated ringers,Not Recorded
LR 250 mL IV bag,lactated ringers,Not Recorded
LR 500 mL IV bag,lactated ringers,Not Recorded
LR 500 mL IV bag for study,lactated ringers,Not Recorded
Labetalol 10 mg/2 mL syringe,labetalol,Not Recorded
Labetalol 100 mg/20 mL inj,labetalol,Not Recorded
Labetalol 100 mg/20 mL inj ADD,labetalol,Milligrams/Minute
Labetalol 20 mg/4 mL inj,labetalol,Not Recorded
Labetalol 20 mg/4 mL syringe,labetalol,Not Recorded
Labetalol 200 mg tab,labetalol,Not Recorded
Labetalol 300 mg tab,labetalol,Not Recorded
Leucovorin 100 mg inj,leucovorin,Not Recorded
Leucovorin 200  mg/10  mL inj,leucovorin,Not Recorded
Leucovorin 350 mg/17.5mL inj,leucovorin,Not Recorded
Leucovorin 5 mg tablet,leucovorin,Not Recorded
Leucovorin 50  mg inj,leucovorin,Not Recorded
LevETIRAcetam 1000 mg/100 mL NACL IVPB,levETIRAcetam in NACL,Not Recorded
LevETIRAcetam 1500 mg/100 mL NACL IVPB,levETIRAcetam in NACL,Not Recorded
LevETIRAcetam 500 mg/100 mL NACL IVPB,levETIRAcetam in NACL,Not Recorded
Levalbuterol 1.25 mg/0.5 mL solu UD,levalbuterol,Not Recorded
LeveTIRACETAM 1000mg tab,leveTIRACETAM,Not Recorded
LeveTIRACETAM 500mg inj.,leveTIRACETAM,Not Recorded
LeveTIRACETAM 500mg/5mL soln.,leveTIRACETAM,Not Recorded
LeveTIRACETAM XR 500mg tablet,levETIRAcetam XR,Not Recorded
LevoFLOXACIN 250 mg tab,levoFLOXACIN,Not Recorded
LevoFLOXACIN 250 mg/50 mL D5W,LevoFLOXACIN in d5w,Not Recorded
LevoFLOXACIN 500 mg tab,levoFLOXACIN,Not Recorded
LevoFLOXACIN 500 mg/100 mL D5W,LevoFLOXACIN in d5w,Not Recorded
LevoFLOXACIN 500mg inj,LevoFLOXACIN,Not Recorded
LevoFLOXACIN 750 mg tab,LevoFLOXACIN,Not Recorded
LevoFLOXACIN 750 mg/D5W 150 mL,LevoFLOXACIN in d5w,Not Recorded
Levocarnitine 1000mg/5mL inj.,levocarnitine,Not Recorded
Levocarnitine 1gm inj  TPN Charging,levocarnitine,Not Recorded
Levofloxacin 500mg/20mL oral soln,levofloxacin,Not Recorded
Levothyroxine 100 mcg tab,levothyroxine,Not Recorded
Levothyroxine 25 mcg tab,levothyroxine,Not Recorded
Levothyroxine 25mcg/mL 100 mL liq BULK,levothyroxine,Not Recorded
Levothyroxine 300 mcg tab,levothyroxine,Not Recorded
Levothyroxine 50 mcg tab,levothyroxine,Not Recorded
Levothyroxine 88 mcg tab,levothyroxine,Not Recorded
Lidocaine 0.5% PF 50 mL MDV inj,lidocaine 0.5%,Not Recorded
Lidocaine 0.5%/Epi inj 50 mL,lidocaine 0.5%/epi,Not Recorded
Lidocaine 1% 10 mL inj,lidocaine 1%,Not Recorded
Lidocaine 1% 20 mL inj.,lidocaine 1%,Not Recorded
Lidocaine 1% 50 mg/5 mL syringe (cardiac),lidocaine 1%,Not Recorded
Lidocaine 1% 5mL inj,lidocaine 1%,Not Recorded
Lidocaine 1% PF 30 mL,lidocaine 1% PF,Not Recorded
Lidocaine 1% PF 5 mL inj,lidocaine 1% PF,Not Recorded
"Lidocaine 1% w/Epi 1:100,000 50mL inj",lidocaine-epinephrine,Not Recorded
"Lidocaine 1% w/Epi 1:100,000 inj 20 mL",lidocaine 1% w/ epi,Not Recorded
"Lidocaine 1% w/Epi 1:200,000 inj 30mL PF inj",lidocaine 1% w/epi,Not Recorded
Lidocaine 1% w/Epi for local anesthesia,lidocaine 1% w/epi,Not Recorded
Lidocaine 1.5% 20mL inj,lidocaine 1.5%,Not Recorded
Lidocaine 1.5% w/epi 30 mL,lidocaine 1.5%/epi,Not Recorded
Lidocaine 100mg/5mL syringe (cardiac),lidocaine,Not Recorded
Lidocaine 2% 10 mL inj,lidocaine 2%,Not Recorded
Lidocaine 2% Epi 1.8mL Cart,lidocaine 2% w/-epi,Not Recorded
Lidocaine 2% Jelly  30 mL,lidocaine 2%,Not Recorded
Lidocaine 2% Nebulized soln,lidocaine 2%,Not Recorded
Lidocaine 2% PF 10 mL inj,lidocaine 2%,Not Recorded
Lidocaine 2% PF 2 mL inj,lidocaine 2%,Not Recorded
Lidocaine 2% PF 5 mL inj,lidocaine 2%,Not Recorded
Lidocaine 2% Visc 100 mL btl,lidocaine 2%,Not Recorded
Lidocaine 2% inj 20mL,lidocaine 2%,Not Recorded
Lidocaine 2% inj. 50mL inj,lidocaine,Not Recorded
Lidocaine 2% topical Gel 5 mL,lidocaine 2%,Not Recorded
Lidocaine 2% topical soln,lidocaine 2%,Not Recorded
Lidocaine 2% viscous liq 20 mL,lidocaine viscous 2%,Not Recorded
"Lidocaine 2% w/Epi 1:100,000 20mL inj",lidocaine 2% w/epi,Not Recorded
Lidocaine 20mg/mL OR syringe,lidocaine 2%,Not Recorded
Lidocaine 4% 5 mL inj,lidocaine 4%,Not Recorded
Lidocaine 4% Nebulized soln,lidocaine 4%,Not Recorded
Lidocaine 4% cream,lidocaine 4% cream,Not Recorded
Lidocaine 4% topical sol 50 mL,lidocaine 4%,Not Recorded
Lidocaine 5% oint 35 gm,lidocaine 5%,Not Recorded
Lidocaine 5%-Gluc 7.5% 2 mL inj,lidocaine 5% glucose 7.5%,Not Recorded
Lidocaine 8mg/ml Drip NEONATE,lidocaine in syringe,Not Recorded
Lidocaine Gel 2% 20mL (Uro-Jet Gel),lidocaine gel 2%,Not Recorded
Lidocaine Viscous 2%  UD,lidocaine viscous 2%,Not Recorded
Lidocaine topical 4% kit,lidocaine topical 4%,Not Recorded
Lidocaine w/ Epi 1.5% 10 mL inj,lidocaiine1.5%w/epi,Not Recorded
"Lidocaine w/Epi 2% 1:200,000 20 mL inj",lidocaine 2% w/ epi,Not Recorded
Linezolid 200 mg/100 mL premix,linezolid premix,Not Recorded
Linezolid 600 mg tab,linezolid,Not Recorded
Linezolid 600 mg/300 mL premix,linezolid premix,Not Recorded
Linezolid 600 mg/300 mL premix.,linezolid premix,Not Recorded
Loratadine 10 mg tab,loratadine,Not Recorded
Lorazepam 0.5 mg tab,lorazepam,Not Recorded
Lorazepam 1 mg tab,lorazepam,Not Recorded
Lorazepam 2 mg/1 mL inj,lorazepam,Not Recorded
Lorazepam 2 mg/mL 10 mL Extemp,lorazepam,Not Recorded
Lorazepam 2 mg/mL 10 mL inj,lorazepam,Milligram/Hour
Lorazepam 2 mg/mL conc. liq. (Palliative Care)BULK,lorazepam,Not Recorded
Lorazepam 4 mg/mL 10 mL inj,LORazepam,Not Recorded
Lorazepam IV Therapy,Lorazepam IV Therapy,Not Recorded
MORPHINE PF 0.5mg/ml in NS 2ml inj syr,morphine,Not Recorded
MVI Pediatric 10mL inj,multivit ped inj,Not Recorded
MVI-12   2X5 mL inj,multiple vitamins,Not Recorded
MVI-12 (2X5mL) inj,multiple vitamins,Not Recorded
Mag Sulf 1gm/100 mL D5W premix,magnesium sulfate in d5w,Not Recorded
Mag Sulf 6gm/NS 100mL ivpb,magnesium sulfate in ns,Not Recorded
Mag Sulfate 20gm/ 500ml Water inj,magnesium sulfate/water,Not Recorded
Mag Sulfate 20mg/mL/NS neonate syringe,magnesium sulf. in NS syringe,Not Recorded
Mag Sulfate 40gm/ 1000ml Water inj,magnesium sulfate/water,Not Recorded
Mag Sulfate 50%  5 gm/10mL inj ***,magnesium sulfate 50%,Not Recorded
Mag Sulfate 50%(4 mEq/mL)2 mL inj,magnesium sulfate 50%,Not Recorded
Magnesium Citrate oral soln Bulk,magnesium citrate,Not Recorded
Magnesium Sulf 2gm/50mL IVPB,magnesium sulfate,Not Recorded
Magnesium Sulf 4gm/100mL IVPB,magnesium sulfate,Not Recorded
Magnesium Sulf 5 gm/10mL OR syringe,magnesium sulfate,Not Recorded
Magnesium Sulf 5 gm/10mL inj ..,magnesium sulfate,Not Recorded
Mannitol 20% 250 mL IV bag,mannitol 20%,Hour
Mannitol 20% 500mL bag,mannitol 20%,Hour
Mannitol 25% 12.5gm/50 mL inj,mannitol 25%,Not Recorded
Melphalan 50 mg inj,melphalan,Not Recorded
Meperidine 100 mg/1 mL inj.,meperidine,Not Recorded
Meperidine 25 mg/1 mL inj,meperidine,Not Recorded
Meperidine 25mg/0.5mL inj,meperidine,Not Recorded
Meperidine 50 mg/1 mL inj,meperidine,Not Recorded
Mepivacaine 1% 30 mL inj,mepivacaine 1%,Not Recorded
Mepivacaine 2% 20 mL inj,mepivacaine 2%,Not Recorded
Meropenem 0.04mg/mL for Desensitization,meropenem/ns,Not Recorded
Meropenem 1000 mg inj,meropenem,Not Recorded
Meropenem 1000mg/NS IVPB,meropenem in NS,Not Recorded
Meropenem 10mg/mL for Desensitization,meropenem/ns,Not Recorded
Meropenem 1mg/mL for Desensitization,meropenem/ns,Not Recorded
Meropenem 20mg/mL for Desensitization,meropenem/ns,Not Recorded
Meropenem 2gm Desensitization Rx Protocol- initiate,Meropenem 2gm Desensitization Rx Protocol- initiate,Not Recorded
Meropenem 500 mg inj,meropenem,Not Recorded
Meropenem 500 mg/100 mL NS IVPB,meropenem in NS,Not Recorded
Meropenem 500mg/NS 50mL IVPB,meropenem in ns,Not Recorded
Mesna 1000 mg/10 mL inj,mesna,Not Recorded
MethaDONE 1 mg/ 1 mL oral Liq,methaDONE,Not Recorded
MethaDONE 10 mg tab,methaDONE,Not Recorded
MethaDONE 10 mg/mL 20 mL inj,methaDONE,Not Recorded
MethaDONE 10 mg/ml 1mL IV syringe,methaDONE,Not Recorded
MethaDONE 10 mg/ml neonate IV syringe,methaDONE,Not Recorded
MethaDONE 5 mg tab,methaDONE,Not Recorded
MethaDONE 5 mg/ 5 mL oral Liq,methaDONE,Not Recorded
Methocarbamol 1gm inj,methocarbamol,Not Recorded
Methocarbamol 500 mg tab,methocarbamol,Not Recorded
Methocarbamol 750 mg tab,methocarbamol,Not Recorded
Methohexital 500 mg inj,methohexital,Not Recorded
Methotrexate 1gm inj,methotrexate,Not Recorded
Methotrexate 50 mg/2 mL inj,methotrexate,Not Recorded
Methotrexate 50 mg/2 mL inj PF,methotrexate PF,Not Recorded
Methotrexate Int Dose,methotrexate sodium,Not Recorded
MethylPREDNISolone  40 mg DEPO inj,methylPREDNISolone acetate (depo),Not Recorded
MethylPREDNISolone 1000mg inj,methylPREDNISolone,Not Recorded
MethylPREDNISolone 125 mg/2 mL  inj,methylPREDNISolone,Not Recorded
MethylPREDNISolone 2.5mg/mL/NS neonate syringe,methylPREDNISolone in NS syringe,Not Recorded
MethylPREDNISolone 2000mg inj,methylPREDNISolone,Not Recorded
MethylPREDNISolone 4 mg tab,methylPREDNISolone,Not Recorded
MethylPREDNISolone 40 mg inj,methylPREDNISolone,Not Recorded
MethylPREDNISolone 40 mg/mL susp inj 5mL,methylPREDNISolone,Not Recorded
MethylPREDNISolone 500mg inj,methylPREDNISolone,Not Recorded
Methylene Blue 1% 10mg/mL inj,methylene blue 1%,Not Recorded
Methylene Blue 100 mg / 10mL inj,methylene blue,Not Recorded
Methylene Blue 5mg/mL 10mL inj,methylene blue,Not Recorded
Methylergonovine 0.2 mg/1 mL inj,methylergonovine,Not Recorded
Methylnaltrexone 12mg inj.,methylnaltrexone,Not Recorded
Methylnaltrexone 8 mg inj,methylnaltrexone,Not Recorded
MetoCLOPRAMIDE 1 mg/1 mL Ped oral syringe,metoCLOPRAMIDE ped liq,Not Recorded
MetoCLOPRAMIDE 10 mg tab,metoCLOPRAMIDE,Not Recorded
MetoCLOPRAMIDE 10 mg/10 mL liq,metoCLOPRAMIDE,Not Recorded
MetoCLOPRAMIDE 10 mg/2 mL inj,metoCLOPRAMIDE,Not Recorded
MetoCLOPRAMIDE 5 mg tab,metoCLOPRAMIDE,Not Recorded
MetoCLOPRAMIDE 5 mg/mL 10 mL inj,metoCLOPRAMIDE,Not Recorded
MetoPROLOL 5 mg/5 mL inj,metoPROLOL,Not Recorded
MetoPROLOL Succinate XL 50 mg tab,metoPROLOL Succinate  XL,Not Recorded
MetoPROLOL Succinate XL 50 mg tab,metoPROLOL XL,Not Recorded
MetoPROLOL Tartrate 50 mg tab,metoPROLOL,Not Recorded
MetoPROLOL tartrate 25 mg tab,metoPROLOL,Not Recorded
MetoPROLOL tartrate 25 mg tab,metoPROLOL Tartrate,Not Recorded
MetroNIDAZOLE tab(s) for wound care,metroNIDAZOLE,Not Recorded
Metronidazole 500 mg tab,metronidazole,Not Recorded
Metronidazole 500 mg/NS 100 mL,metronidazole / NS,Not Recorded
Metronidazole 5mg/mL/NS neonate syringe,metronidazole in NS syringe,Not Recorded
Micafungin 100 mg inj,micafungin,Not Recorded
Micafungin 50 mg inj,micafungin,Not Recorded
Micafungin 5mg/mL 2mL lock soln.,micafungin lock soln.,Not Recorded
Midazolam 10 mg/5mL syrup,midazolam,Not Recorded
Midazolam 1mg/mL inj 5 mL,midazolam,Not Recorded
Midazolam 2mg/2mL inj,midazolam,Not Recorded
Midazolam 5 mg/mL inj 10 mL,midazolam,Not Recorded
Milrinone 10 mg/10 mL inj,milrinone,Not Recorded
Milrinone 20 mg/20 mL inj,milrinone,Microgram/Kilogram/Minute
Minocycline 100 mg inj,minocycline,Not Recorded
Misoprostol 100 mcg tab,misoprostol,Not Recorded
Misoprostol 200 mcg tab,misoprostol,Not Recorded
Misoprostol 25 mcg tab,misoprostol,Not Recorded
MitoMYCIN 20 mg inj,mitoMYCIN,Not Recorded
MitoXANTRONE 20mg/10 mL inj,mitoXANTRONE,Not Recorded
MitoXANTRONE 25mg/12.5mL inj,mitoXANTRONE,Not Recorded
Morphine 1 mg/mL neonate syringe,morphine in syringe,Not Recorded
Morphine 10 mg/ 1 mL PF inj,morphine,Not Recorded
Morphine 10 mg/1 mL inj vial,morphine,Not Recorded
Morphine 10 mg/5 mL liq,morphine,Not Recorded
Morphine 10 mg/mL inj 10 mL vial,morphine,Not Recorded
Morphine 15 mg/ 1 ml inj,morphine,Milligram/Hour
Morphine 15mg/mL 20 mL inj,morphine,Not Recorded
Morphine 2 mg/ 1 mL inj,morphine,Not Recorded
Morphine 2 mg/mL inj for Neonate study only,morphine,Not Recorded
Morphine 2mg/mL oral liq,morphine,Not Recorded
Morphine 4 mg/ 1 mL inj,morphine,Not Recorded
Morphine 5 mg/1 mL inj,morphine,Not Recorded
Morphine 8 mg/1 mL inj,morphine sulfate,Not Recorded
Morphine PCA 1mg/ml 50 mLSyr.,morphine PCA 1mg/ml 50mL Syr.,Not Recorded
Morphine PCA 50 mg/50 mL,morphine PCA,Not Recorded
Morphine PCA/NCA 50 mg/50 mL,morphine PCA,Not Recorded
Morphine PCA/NCA 50 mg/50 mL,morphine PCA/NCA,Not Recorded
Morphine-PF 10 mg/10 mL inj,morphine pf,Not Recorded
Morphine-PF 200 mg/20 mL inj,morphine,Not Recorded
Morphine-PF 5 mg/10 mL inj,morphine,Not Recorded
Moxifloxacin 400 mg/250 mL NS IVPB,moxifloxacin in ns,Not Recorded
Multivitamin Pediatric 5 mL inj,multiple vitamins,Not Recorded
Mycophenolate 250 mg cap,mycophenolate,Not Recorded
Mycophenolate 500 mg inj,mycophenolate,Not Recorded
Mycophenolate 500 mg tab,mycophenolate,Not Recorded
Mycophenolate 500 mg/2.5mL oral susp (UD cup),mycophenolate,Not Recorded
NACL  0.45% 100 ml bag,nacl 0.45%,Not Recorded
NACL  0.45% 50 mL IV bag,nacl 0.45%,Not Recorded
NACL 0.45% +20 mEq KCl 1000 mL,nacl 0.45% + kcl,Not Recorded
NACL 0.45% 1000 mL IV bag,nacl 0.45%,Not Recorded
NACL 0.45% 250 mL IV bag,nacl 0.45%,Not Recorded
NACL 0.45% 500 mL IV bag,nacl 0.45%,Not Recorded
NACL 2.5 mEq/ mL 40mL inj,NACL 2.5 mEq/mL,Not Recorded
NACL 800mEq/200mL 23.4% inj,nacl 23.4%,Not Recorded
NICU 10% Starter TPN,NICU 10% Starter TPN,Not Recorded
NICU Starter TPN,NICU Starter TPN,Not Recorded
NOREPInephrine 16mcg/mL OR syringe,NOREPInephrine,Not Recorded
NOREPInephrine 4mcg/mL OR syringe (40mcg),NOREPInephrine,Not Recorded
NOREPInephrine 4mg/4mL inj,NOREPInephrine,Microgram/Kilogram/Minute
NS 100 mL IV bag,nacl 0.9%,Not Recorded
NS 100 mL IV bag for chemo,nacl 0.9%,Not Recorded
NS 1000 mL (Polyolefin) for chemo,ns (polyolefin),Not Recorded
NS 1000 mL IV bag,NS,Not Recorded
NS 1000 mL IV bag for chemo,ns,Not Recorded
NS 1000 mL btl for manufacturing,ns,Not Recorded
NS 1000 mL irrigation  btl,ns irrigation btl,Not Recorded
NS 100mL (polyolefin),nacl 0.9% (polyolefin),Not Recorded
NS 10mL flush syr,saline flush,Not Recorded
NS 10ml PF vial,ns pf,Not Recorded
NS 150 mL IV bag,nacl 0.9%,Not Recorded
NS 150 mL IV bag for chemo,nacl 0.9%,Not Recorded
NS 2000 mL Irrigation bag,nacl 0.9%,Not Recorded
NS 250 mL IV bag,nacl 0.9%,Not Recorded
NS 250 mL IV bag for IV Set,nacl 0.9%,Not Recorded
NS 250 mL IV bag for chemo,nacl 0.9%,Not Recorded
NS 250 mL IV btl,nacl 0.9% bottle,Not Recorded
NS 250 mL IV btl for chemo,nacl 0.9%,Not Recorded
NS 250 mL Prime bag for Chemo,nacl 0.9%,Not Recorded
NS 250mL (Polyolefin),nacl 0.9% (polyolefin),Not Recorded
NS 250mL (Polyolefin) for chemo,nacl 0.9% (polyolefin),Not Recorded
NS 250mL bag for narc drip,nacl 0.9%,Not Recorded
NS 30 mL Bacteriostatic inj,sodium chloride bacteriostatic,Not Recorded
NS 3000 mL Irrigation bag,ns irrigation,Not Recorded
NS 3mL flush,saline flush,Not Recorded
NS 50 mL IV bag,nacl 0.9%,Not Recorded
NS 50 mL IV bag for chemo,nacl 0.9%,Not Recorded
NS 500 mL IV bag,nacl 0.9%,Not Recorded
NS 500 mL IVPB,nacl 0.9%,Not Recorded
NS 500 mL irrigation btl,nacl 0.9%,Not Recorded
NS 500mL (Polyolefin),nacl 0.9% (polyolefin),Not Recorded
NS 500mL (Polyolefin) for chemo,nacl 0.9% (polyolefin),Not Recorded
NS 500mL IV bag for chemo,nacl 0.9%,Not Recorded
NS Continuous Bladder Irrigation 3000mL,NS Bladder Irrigation,Not Recorded
NS PCA,nacl 0.9%,Not Recorded
NS inj (Preservative Free),ns pf,Not Recorded
NS inj (Preservative Free),ns pf.,Not Recorded
NS+20 mEq KCl 1000 mL IV bag,ns + kcl,Not Recorded
NS+40 mEq KCl 1000 mL,ns + kcl,Not Recorded
NTG 0.3 mg=1/200Gr SL tab,nitroglycerin,Not Recorded
NTG 0.4 mg=1/150Gr SL tab,nitroglycerin,Not Recorded
NTG Aerosol Spray,nitroglycerin,Not Recorded
NaCl conc 23.4% (4meq/mL) for compounding,na chloride conc(23.4%),Not Recorded
NaCl conc 23.4% 5mL syr,na chloride conc(23.4%),Not Recorded
NaCl conc 23.4% 5mL syr (Dialysis),na chloride conc(23.4%),Not Recorded
Nafcillin 0.01mg/mL for Desensitization,nafcillin/ns for desensitization,Not Recorded
Nafcillin 0.1mg/mL for Desensitization,nafcillin/ns for desensitization,Not Recorded
Nafcillin 10 gm inj,nafcillin,Not Recorded
Nafcillin 10mg/mL for Desensitization,nafcillin/ns for desensitization,Not Recorded
Nafcillin 1gm inj,nafcillin,Not Recorded
Nafcillin 1gm/50 mL Iso-Dex,nafcillin in Iso-Dex,Not Recorded
Nafcillin 1gm/50mL NS,nafcillin/ns,Not Recorded
Nafcillin 20mg/mL neonate syringe,nafcillin/ns in syringe,Not Recorded
Nafcillin 2gm Desensitization Rx Protocol- initiate,Nafcillin 2gm Desensitization Rx Protocol- initiate,Not Recorded
Nafcillin 2gm inj,nafcillin,Not Recorded
Nafcillin 2gm/100 mL Iso-Dex,nafcillin in Iso-Dex,Not Recorded
Nafcillin 2gm/100mL NS IVPB,nafcillin/ns,Not Recorded
Nafcillin 50mg/mL for Desensitization,nafcillin/ns for desensitization,Not Recorded
Nalbuphine 10 mg/1 mL inj,nalbuphine,Not Recorded
Nalbuphine 20 mg/1 mL inj,nalbuphine,Not Recorded
Naloxone (HIGH CONCENTRATION)  2 mg/2 mL syringe,naloxone,Not Recorded
Naloxone 0.4 mg/ 1 mL inj,naloxone,Not Recorded
Nelarabine 250 mg/ 50mL inj,nelarabine,Not Recorded
Neonatal TPN,Neonatal TPN,Not Recorded
Neonate Hyperalimentation,Hyperalimentation neonate,Not Recorded
Neonate Starter Hyperal 250mL,neonate starter hyperal,Not Recorded
Neostigmine 1 mg/mL 10 mL inj,neostigmine,Not Recorded
Neostigmine 1 mg/mL inj,neostigmine,Not Recorded
Neostigmine 3mg/3mL inj,neostigmine,Not Recorded
Neostigmine 3mg/3mL inj,neostimine,Not Recorded
Neostigmine 5mg/5mL Syr for Pyxis,neostigmine,Not Recorded
NiCARdipine 100mcg/mL 10 mL-OR syringe,niCARdipine,Not Recorded
NiCARdipine 25mg/10mL inj,niCARdipine,Milligram/Hour
NiCARdipine 30 mg cap,niCARdipine,Not Recorded
Nicardipine 1.25mg/6.25mL ECT syringe,nicardipine syringe,Not Recorded
Nitroglycerin 100mcg/mL for Cath Lab,nitroglycerin,Not Recorded
Nitroglycerin 2% Oint 1 gm,nitroglycerin 2% 1 gm,Not Recorded
Nitroglycerin 200mcg/mL 10mL OR syringe,nitroglycerin,Not Recorded
Nitroglycerin 25 mg/5 mL inj,nitroglycerin,Not Recorded
Nitroglycerin 50 mg/ 10 mL inj,nitroglycerin,Not Recorded
Nitroglycerin 50mcg/mL 10mL OR syringe,nitroglycerin,Not Recorded
Nitroprusside 50 mg/ 2 mL inj,nitroprusside,Not Recorded
Normosol-R Ph 7.4 1000mL bag,electrolytes,Not Recorded
Not Recorded,Not Recorded,Micrograms/Minute
OXALIplatin 100mg inj,OXALIplatin,Not Recorded
OXALIplatin 50 mg inj,OXALIplatin,Not Recorded
Octreotide  100 mcg/1mL inj,octreotide,Not Recorded
Octreotide  500  mcg/1 mL  inj,octreotide,Not Recorded
Octreotide  500  mcg/1 mL  inj ADD,octreotide add,Not Recorded
Octreotide 1 mg/mL 5 mL inj,octreotide,Not Recorded
Octreotide 10 mcg/mL neonate syringe,octreotide,Not Recorded
Octreotide 100 mcg/0.2 mL syringe,octreotide,Not Recorded
Octreotide 20 mg/5 mL LAR inj,octreotide,Not Recorded
Octreotide 30 mg LAR Kit,octreotide,Not Recorded
Olanzapine 10 mg IM,olanzapine,Not Recorded
Ondansetron 4 mg ODT,ondansetron ODT,Not Recorded
Ondansetron 4 mg tab,ondansetron,Not Recorded
Ondansetron 4 mg/2 mL inj,ondansetron,Not Recorded
Ondansetron 40 mg/20 mL inj (MDV),ondansetron,Not Recorded
Ondansetron 8 mg tab,ondansetron,Not Recorded
Ondansetron 8mg/NS IVPB,ondansetron/ns,Not Recorded
Ophth. Lubricant (Refresh P.M.) 3.5 gm,ophthalmic lubricant,Not Recorded
Oxacillin 1000mg inj,oxacillin,Not Recorded
Oxacillin 40mg/mL/NS neonate syringe,oxacillin in NS syringe,Not Recorded
Oxymetazoline 0.05% nasal spray 15 mL,oxymetazoline 0.05%,Not Recorded
Oxytocin 10 units/ 1 mL inj,oxytocin,Not Recorded
Oxytocin 10 units/mL inj 10mL,oxytocin,Not Recorded
Oxytocin 15 unit(s)/NS 250mL (Induction),oxytocin/ns,Not Recorded
Oxytocin 20 unit(s)/LR 1000mL (Infusion),oxytocin/LR,Not Recorded
Oxytocin 20 units/1000 mL NS for infusion,oxytocin in NS,Not Recorded
Oxytocin 20 units/500mL (Infusion),oxytocin infusion,Not Recorded
Oxytocin 20 units/500mL (Infusion),oxytocin/LR,Not Recorded
Oxytocin 30 units/NS 500 mL,oxytocin/NS,Not Recorded
P.D. 1.5% 1000mL bag,p.d.soln 1.5%,Not Recorded
PACLItaxel 30 mg/5 mL inj,PACLItaxel,Not Recorded
PACLItaxel 300 mg/50 mL inj,PACLItaxel,Not Recorded
PACLItaxel 6 mg/mL inj,PACLItaxel,Not Recorded
PACLItaxel Protein-Bound 100mg inj,PACLItaxel protein-bound,Not Recorded
PCA IV Syringe,PCA IV Syringe,Not Recorded
PCA Reservoir & Syringe Volume Confirm,PCA Reservoir & Syringe Volume Confirm,Not Recorded
"PCN G Ben 300,000 unit(s)/1 mL inj",penicillin g benzathine,Not Recorded
PCN G Benzathine  1.2 mu/2 mL inj,penicillin g benzathine,Not Recorded
"PCN-G Procan 600,000 units/1 mL inj",penicillin g procaine,Not Recorded
PD Low Cal Ultra 1.5% 2 Liter,pd low cal 1.5% 2L,Not Recorded
PEMEtrexED 500 mg inj,PEMEtrexED,Not Recorded
PEMEtrexED 500 mg inj,pemetrexed,Not Recorded
PHENYLephrine 0.25% 30mL nsl spray,PHENYLephrine 0.25% nas spray,Not Recorded
PHENYLephrine 0.25% nsl spray 15 mL,PHENYLephrine nasal 0.25% spray,Not Recorded
PHENYLephrine 0.5% nasal spray 15mL,PHENYLephrine 0.5%,Not Recorded
PHENYLephrine 1% nasal spray 15 mL,PHENYLephrine 1%,Not Recorded
PHENYLephrine 10 mg/ 1 mL inj,PHENYLephrine,Not Recorded
PHENYLephrine 1mg/10mL (1000mcg) inj,PHENYLephrine,Not Recorded
PHENYLephrine 1mg/10mL (1000mcg) ns syringe OR,PHENYLephrine,Not Recorded
PHENYLephrine 50 mg/ 5 mL inj,PHENYLephrine,Not Recorded
PHENYLephrine 500mcg/mL 20mL syringe (I-cavernous),phenylephrine,Not Recorded
PRMX Alteplase 25 mg ADD for LVAD,alteplase,Milligram/Hour
PRMX Argatroban 125mg/ 125 mL vial,argatroban,Not Recorded
PRMX Bivalirudin 250 mg inj,PRMX bivalirudin,Milligram/Kilogram/Hour
PRMX Bivalirudin 250 mg inj,bivalirudin,Not Recorded
PRMX DOBUTamine 1gm/D5W 250 mL (dbl),DOBUTamine-d5w,Microgram/Kilogram/Minute
PRMX DOBUTamine 250mg/D5W 250 mL,DOBUTamine-d5w,Microgram/Kilogram/Minute
PRMX DOBUTamine 500 mg Drip Std*,DOBUTamine/d5w,Microgram/Kilogram/Minute
PRMX DOBUTamine 50mg/NS 50ml,DOBUTamine in ns,Not Recorded
PRMX DOPamine 400 mg Drip std*,DOPamine/d5w,Not Recorded
PRMX DOPamine 800 mg/250 mL Drip DBL,DOPamine - d5w,Microgram/Kilogram/Minute
PRMX EPInephrine 2mg/D5W drip std*,EPInephrine in d5w,Not Recorded
PRMX EPInephrine 4mg/D5W drip std*,EPInephrine in d5w,Microgram/Kilogram/Minute
PRMX EPInephrine 4mg/NS drip,EPInephrine in ns,Microgram/Kilogram/Minute
PRMX Eptifibatide 200 mg/100 mL Drip,eptifibatide/water,Not Recorded
PRMX Esmolol 2.5gm/250 mL Drip std*,esmolol,Microgram/Kilogram/Minute
"PRMX Fentanyl  2,500 mcg / 50 mL Premix Drip",fentanyl citrate,Not Recorded
PRMX Fentanyl  5000 mcg / 100 mL Premix Drip Double,fentaNYL,Not Recorded
"PRMX HePARIN 25,000 units/250 mL Premix std*",hePARIN premix,Not Recorded
PRMX Hydromorphone 20 mg/NS Drip,HYDROmorphone PF,Not Recorded
PRMX Hydromorphone 20 mg/NS Drip,HYDROmorphone in ns,Not Recorded
PRMX Insulin Reg Hum.,insulin reg human premix,Not Recorded
PRMX Insulin Reg Hum. 100 units/100ml,insulin reg human premix,U/Hr
PRMX Insulin Reg Human 250units Drip std* (OR charging),insulin reg human in ns,Not Recorded
PRMX Lidocaine 2 gm/250 mL D5W Drip std*,lidocaine in d5w,Not Recorded
PRMX Midazolam 100mg Drip Std*,midazolam in ns,Not Recorded
PRMX Milrinone 20mg/100mL D5W drip,PRMX milrinone in d5w,Not Recorded
PRMX Milrinone 40 mg Drip std*,milrinone/d5w,Not Recorded
PRMX NOREPInephrine 4 mg/250 mL NS Drip,NOREPInephrine NS premix drip,Not Recorded
PRMX NOREPInephrine 4mg/250ml D5W Drip,NOREPInephrine in d5w,Microgram/Kilogram/Minute
PRMX NiCARdipine 40 mg/200mL NS  Drip std*,niCARdipine/NS,Milligram/Hour
PRMX Nitroglycerin 50 mg Drip std*,nitroglycerin/d5w,Micrograms/Minute
PRMX PHENYLephrine 25mg/D5W drip,PHENYLephrine in d5w,Microgram/Kilogram/Minute
PRMX PHENYLephrine 25mg/NS drip std*,PHENYLephrine in ns,Microgram/Kilogram/Minute
PRMX Propofol 1000 mg/100 mL std*,propofol,Microgram/Kilogram/Minute
PRMX Propofol 500 mg/ 50 mL bottle,propofol,Not Recorded
PRMX Tirofiban 12.5 mg/250 mL Drip,tirofiban in ns,Microgram/Kilogram/Minute
PRMX Tirofiban 5 mg/100 mL Drip,tirofiban in ns,Microgram/Kilogram/Minute
PRMX Vasopressin 40 unit/100mL NS Drip (DBL Volume),vasopressin double volume drip,Unit/Minute
PRMX clevidipine 25 mg/50 mL Drip std*,PRMX clevidipine drip,Milligram/Hour
PRMX dexmedetomidine 400mcg/100ml NS Drip,dexmedetomidine NS premix drip,Microgram/Kilogram/Hour
PRMX diltiazem 100 mg drip,diltiazem,Microgram/Kilogram/Minute
PRMX diltiazem 125 mg drip,diltiazem,Milligram/Hour
PRMX fentaNYL 2500 mcg/250 mL NS,PRMX fentaNYL,Microgram/Kilogram/Hour
PRMX ketamine 400 mg Drip DBL (FOR ICU),ketamine drip,Milligram/Kilogram/Hour
PRMX morphine 100 mg/100 mL NS Drip,morphine,Not Recorded
PRMX sodium bicarbonate 150 mEq D5W 1000 mL,sodium bicarbonate/d5w,Not Recorded
Palifermin 6.25mg (6250 mcg) inj,palifermin,Not Recorded
Palonosetron 250mcg/5mL inj,palonosetron,Not Recorded
Pamidronate 30 mg/10ml  injection,pamidronate,Not Recorded
Pamidronate 90 mg/10 mL inj,pamidronate,Not Recorded
Panitumumab100 mg/5mL inj,panitumumab,Not Recorded
Pantoprazole 40 mg granules,pantoprazole,Not Recorded
Pantoprazole 40 mg inj,pantoprazole,Not Recorded
Pantoprazole 40 mg tab,pantoprazole,Not Recorded
Pantoprazole IV for Invest.study,pantoprazole P#3001k200042,Not Recorded
Paricalcitol 2 mcg/mL inj,paricalcitol,Not Recorded
Paricalcitol 5 mcg/mL inj,paricalcitol,Not Recorded
Pegaspargase 750 units/1mL inj,pegaspargase,Not Recorded
Pembrolizumab 100 mg inj,pembrolizumab,Not Recorded
Penicillin G K 20 million units CMPD,Penicillin G K,Not Recorded
Penicillin G K 5 million unit inj,penicillin g k,Not Recorded
"Penicillin G K 5,000,000 unit(s)/ns IVPB",penicillin g k in ns,Not Recorded
Penicillin G NA 5Mu inj,penicillin g sod.,Not Recorded
Penicillin G Pot. 0.1units/mL for Desensitization,Penicillin G Pot./ns,Not Recorded
Penicillin G Pot. 1000 units/mL for Desensitization,Penicillin G Pot./ns,Not Recorded
Penicillin G Pot. 10units/mL for Desensitization,Penicillin G Pot./ns,Not Recorded
"Penicillin G Pot. 3,000,000 units/50 mL D5W IVPB",Penicillin G Pot.,Not Recorded
"Penicillin G Pot. 3,000,000 units/50 mL D5W IVPB",Penicillin G Pot. D5W,Not Recorded
"Penicillin G Pot. 3,000,000 units/50 mL IVPB",Penicillin G Pot.,Not Recorded
"Penicillin G Pot. 50,000 units/mL for Desensitization",Penicillin G Pot./ns,Not Recorded
Penicillin G Sod. 5 mu/D5W 100mL IVPB,penicillin g sod. in D5W,Not Recorded
Pentamidine 300 mg inj,pentamidine,Not Recorded
Pentobarbital 50 mg/mL 20 mL inj ADD,pentobarbital add,Milligram/Kilogram/Hour
Pentostatin 10 mg inj,pentostatin,Not Recorded
Peramivir 200 mg/20mL inj,peramivir,Not Recorded
Perflutren,perflutren,Not Recorded
Peripheral Parenteral Nutrition,Peripheral Parenteral Nutrition (hyperal),Not Recorded
Peripheral TPN,Peripheral TPN,Not Recorded
Pertuzumab 420 mg inj,pertuzumab,Not Recorded
Phenobarbital 130 mg/1 mL inj,phenobarbital,Not Recorded
Phenobarbital 4 mg/ mL ped. oral syringe,phenobarbital ped liq,Not Recorded
Phenobarbital 65 mg/1 mL inj,PHENobarbital,Not Recorded
Phenobarbital 65mg/mL neonate syringe,PHENobarbital in syringe,Not Recorded
Phentolamine Mesylate 5 mg inj,phentolamine,Not Recorded
Phenylephrine nasal 0.5% soln 15mL,phenylephrine nasal 0.5%,Not Recorded
Phenytoin 100 mg/2 mL inj,phenytoin,Not Recorded
Phenytoin 100 mg/4 mL oral susp,phenytoin,Not Recorded
Phenytoin 250 mg/5 mL inj,phenytoin,Not Recorded
Physostigmine 2 mg/2 mL inj,physostigmine,Not Recorded
Phytonadione 10 mg/1 mL inj,phytonadione,Not Recorded
Phytonadione 5 mg tab,phytonadione,Not Recorded
Phytonadione Ped 1 mg inj,phytonadione ped,Not Recorded
Phytonadione Ped. 1 mg/mL (Vit.K) neonate syringe,phytonadione in ns,Not Recorded
Piperacil/Tazobactam  2.25gm inj,piperacillin-tazobact,Not Recorded
Piperacillin-Tazobactam  4.5 gm inj,piperacillin-tazobactam,Not Recorded
Piperacillin-Tazobactam 3.375 gm/50 mL iso-dex,piperacillin-tazobac in iso-dex,Not Recorded
Piperacillin-Tazobactam 3.375gm inj,piperacillin-tazobact,Not Recorded
Piperacillin-Tazobactam 3.375gm/100 mL NS,piperacillin-tazobac in ns,Not Recorded
Piperacillin-Tazobactam 4.5gm IVPB/NS 100mL,piperacillin-tazobactam in ns,Not Recorded
Piperacillin-tazob 20mg/mL/NS neonate syringe,piperacillin-tazob in NS syringe,Not Recorded
Piperacillin-tazobactam 4.5 gm/iso-dex 100 ml ivpb,piperacillin-tazobact/iso-dex,Not Recorded
Piperacillin/Tazobactam  2.25gm/NS IVPB,piperacillin-tazobact in NS,Not Recorded
Pipracil-Tazobac 3.375gm/50mL NS (for RAD),piperacillin-tazobac in ns,Not Recorded
Plasma-Lyte A 1000 mL bag,plasmalyte a,Not Recorded
Pneumococcal 25 mcg/0.5 mL inj,pneumococcal vaccine  poly,Not Recorded
Polyethylene Glycol pwdr 17gm unit dose,polyethylene glycol,Not Recorded
"Polymyxin B 500,000 unit inj",polymyxin b sulfate,Not Recorded
Posaconazole 100mg tab,posaconazole,Not Recorded
Posaconazole 300mg inj,posaconazole,Not Recorded
Posaconazole 40mg/mL oral susp.,posaconazole,Not Recorded
Potasium Aceta 2 mEq/mL 100 mL inj,potassium acetate,Not Recorded
PotassPhosphate 3mmol/mL 15mL inj,potassium phosphate,Not Recorded
Potassium  Acet 100mEq/50mL inj,potassium acetate,Not Recorded
Potassium Aceta 2 mEq/mL 20 mL inj,potassium acetate,Not Recorded
Potassium Chlor 0.1 meq/ml/NS neonate syringe,potassium chloride in NS syringe,Not Recorded
Potassium Chlor 0.2 meq/ml/NS neonate syringe,potassium chloride in NS syringe,Not Recorded
Potassium Chlor 2 meq/ml 10mL inj,potassium chloride,Not Recorded
Potassium Chloride 10 mEq cap,potassium chloride,Not Recorded
Potassium Chloride 10 mEq tab,potassium chloride,Not Recorded
Potassium Chloride 20 mEq/15 mL liq 473mL BULK,potassium chloride,Not Recorded
"Potassium Chloride 8 mEq cap
",potassium chloride,Not Recorded
Potassium Cl 20meq/NS 500mL ivpb,potassium chloride in NS,Not Recorded
Potassium Cl 30meq/NS 500mL ivpb,potassium chloride in ns,Not Recorded
Potassium Cl 40meq/D5W 500mL (for HF),potassium chloride in d5w,Not Recorded
Potassium Cl 40meq/NS 500mL ivpb,potassium chloride in ns,Not Recorded
Potassium Level Recheck Reminder,potassium level recheck reminder,Not Recorded
Potassium Phos 3 mmol/mL 50 mL inj,potassium phosphate,Not Recorded
Potassium-Phos (K-PhosNeutral) tab,potassium phosphate/sod.phosphate,Not Recorded
Prasugrel 10 mg tab,prasugrel,Not Recorded
Pravastatin 40 mg tab,pravastatin,Not Recorded
PredniSONE 5 mg/5 mL liq 120mL,predniSONE,Not Recorded
Pregabalin 150 mg cap,pregabalin,Not Recorded
Pregabalin 75 mg caps,pregabalin,Not Recorded
Premix Dextrose 5%,Premix D5W,Not Recorded
Premix Diluent,Premix Diluent,Not Recorded
Premix NS,Premix NS,Not Recorded
"Premix Water, Sterile",Premix Sterile Water,Not Recorded
Preop famotidine,famotidine,Not Recorded
PrismaSol B22GK4/0 w/out Calcium soln,prismaSol B22GK4/0,Not Recorded
Prismasate B22GK4/0 w/o Calcium,prismasate b22gk4/0,Not Recorded
Prismasate BK 0/3.5 5L bag,Prismasate BK 0/3.5,Not Recorded
Procainamid 1gm/10 mL inj ADD,procainamide add,Milligrams/Minute
Procainamide 1gm/10 mL inj,procainamide,Not Recorded
Procainamide 1gm/2mL inj,procainamide,Not Recorded
Procainamide 1gm/2mL inj ADD,procainamide add..,Milligrams/Minute
Procainamide 1gm/ns 50mL ivpb for ED use only,procainamide/ns,Not Recorded
Prochlorperazine 10 mg tab,prochlorperazine,Not Recorded
Prochlorperazine 10mg/2mL inj for IV use,prochlorperazine,Not Recorded
Prochlorperazine 5 mg tab,prochlorperazine,Not Recorded
Prolastin 1gm inj,alpha 1 proteinase inhibitor,Not Recorded
Promethazine 12.5 mg supp,promethazine supp,Not Recorded
Promethazine 12.5 mg tab,promethazine tab,Not Recorded
Promethazine 12.5mg IV,promethazine inj,Not Recorded
Promethazine 25 mg supp,promethazine supp,Not Recorded
Promethazine 25 mg tab,promethazine tab,Not Recorded
Promethazine 25 mg/1 mL inj,promethazine inj,Not Recorded
Promethazine 6.25 mg/5 ml 120 mL liq,promethazine,Not Recorded
Propofol 100 mg/ 10 mL Syringe,propofol,Not Recorded
Propofol 200 mg/ 20 mL inj,propofol,Not Recorded
Propofol 500 mg/50 mL syringe,propofol,Not Recorded
Propranolol 1 mg/1 mL inj,propranolol,Not Recorded
ProtAMINE 10 mg/mL 5 mL inj,protAMINE,Not Recorded
ProtAMINE 100mg/50ml IVPB,protamine ivpb,Not Recorded
ProtAMINE 10mg/mL 25mL inj,protAMINE,Not Recorded
Protein C Concentrate Human 1000 units/10 mL,Protein C Concentrate Human,Not Recorded
Prothrombin Complex concentrate (Bebulin),prothrombin complex conc.,Not Recorded
Prothrombin complex (Human) (Kcentra),prothrombin complex,Not Recorded
Pyridostigmine 10 mg/2 mL inj,pyridostigmine,Not Recorded
Pyridostigmine 60 mg/5 mL liq 120mL,pyridostigmine,Not Recorded
Pyridoxine 100 mg/1 mL inj,pyridoxine,Not Recorded
Pyridoxine 100 mg/1mL/NS neonate syringe,pyridoxine in NS syringe,Not Recorded
Pyridoxine 50 mg tab,pyridoxine,Not Recorded
REMIfentanil 1 mg inj,REMIfentanil,Not Recorded
REMIfentanil 1000 mcg inj,REMIfentanil,Not Recorded
REMIfentanil 100mcg/2mL syringe,REMIfentanil,Not Recorded
REMIfentanil 2 mg inj,REMIfentanil,Not Recorded
RHo (D) immune globulin 1500 intl units/1.3 mL solu,RHo (D) immune globulin,Not Recorded
RHo (D) immune globulin 300 mcg (Rhogam IM),RHo (D) immune globulin,Not Recorded
RHo (D) immune globulin 300 mcg/1.3 mL inj,RHo (D) immune globulin,Not Recorded
RHo (D) immune globulin 300 mcg/2 mL inj,RHo (D) immune globulin,Not Recorded
Ramucirumab 500 mg/50mL inj,ramucirumab,Not Recorded
Ranitidine 50mg/2mL inj,ranitidine,Not Recorded
Rasburicase 7.5 mg inj.,rasburicase,Not Recorded
Refresh Classic Ophth Soln 0.4 mL,refresh,Not Recorded
Regadenoson 0.4 mg/5 mL inj,regadenoson,Not Recorded
RifaMPIN 300 mg cap,rifaMPIN,Not Recorded
RifaMPIN 3mg/mL/NS neonate syringe,rifaMPIN in NS syringe,Not Recorded
RifaMPIN 600 mg inj,rifaMPIN,Not Recorded
Rocuronium 10 mg/mL 10 mL inj,rocuronium,Not Recorded
Rocuronium 10 mg/mL 5 mL inj,rocuronium,Not Recorded
Rocuronium 10 mg/mL 5 mL syringe,rocuronium,Not Recorded
Rocuronium 10 mg/mL per mL,rocuronium,Not Recorded
Rocuronium 10mg/mL 5mL OR syringe,rocuronium,Not Recorded
Ropivacaine 0.5% 30 mL syringe (EUOSH),ropivacaine 0.5%,Not Recorded
Ropivacaine 1% 10mg/mL 20mL,ropivacaine 1%,Not Recorded
Ropivacaine 2 mg/mL 100 mL inj,ropivacaine 0.2%,Not Recorded
Ropivacaine 5 mg/mL 30 mL inj,ropivacaine 0.5%,Not Recorded
Ropivacaine 7.5 mg/mL 20 mL inj,ropivacaine 0.75%,Not Recorded
SJH hyperalimentation 1200-2200mL,hyperalimentation 1200-2200mL,Not Recorded
SJH hyperalimentation <1200mL,hyperalimentation <1200mL,Not Recorded
SJH hyperalimentation >2200mL,hyperalimentation >2200mL,Not Recorded
SMOFlipid 20% 100 mL (Neonate),fat emulsion 20% (SMOFlipid),Not Recorded
SMX-TMP 800 mg-160 mg/20 mL suspension,sulfamethoxazole-trimethoprim,Not Recorded
SUMAtriptan 6mg/0.5mL inj,SUMAtriptan succinate,Not Recorded
SUfentanil 100 mcg/2 mL inj,SUfentanil,Not Recorded
SUfentanil 250 mcg/5 mL inj,SUfentanil,Not Recorded
SUfentanil 50 mcg/1 mL inj,SUFentanil,Not Recorded
Sargramustim 250 mcg inj,sargramostim,Not Recorded
Scopolamine 0.4 mg/ 1 mL inj,scopolamine,Not Recorded
Scopolamine patch,scopolamine,Not Recorded
Secretin 16mcg synthetic human,secretin,Not Recorded
Selenium 400 mcg/10 mL inj,Selenious acid,Not Recorded
Selenium 600 mcg/10 mL inj,Selenious acid,Not Recorded
Sildenafil 10 mg/12.5 mL inj.,sildenafil,Not Recorded
Siltuximab 400 mg inj,siltuximab,Not Recorded
Sincalide 5 mcg inj,sincalide,Not Recorded
Sirolimus 0.5 mg tab,sirolimus,Not Recorded
Sodium  Bicarb. 0.5mEq/1mL neonate syringe,sod. bicarbonate in syringe,Not Recorded
Sodium  Bicarbonate 0.25mEq/1mL neonate syringe,sod bicarbonate in syringe,Not Recorded
Sodium  Bicarbonate 0.5meq/mL neonate syringe,sod bicarbonate,Not Recorded
Sodium  Bicarbonate 2.5 mEq/5mL inj,sod bicarbonate inj,Not Recorded
Sodium  Bicarbonate 5 mEq/10mL syringe,sod bicarbonate inj,Not Recorded
Sodium Acetate 2 mEq/mL 20 mL inj,sodium acetate,Not Recorded
Sodium Acetate 2 mEq/mL inj,sodium acetate,Not Recorded
Sodium Bicarb 10 mEq/10 mL  inj,sodium bicarbonate,Not Recorded
Sodium Bicarb 50 mEq/50 mL  vial,sodium bicarbonate,Not Recorded
Sodium Bicarb 50 mEq/50 mL ADD,sodium bicarbonate,Not Recorded
Sodium Bicarb 50 mEq/50 mL vial CMPD,sodium bicarbonate,Not Recorded
Sodium Bicarb 50 mEq/50mL syringe,sodium bicarbonate,Not Recorded
Sodium Bicarbonate 650 mg tab,sodium bicarbonate,Not Recorded
Sodium Chloride 0.9% (50mL vial) for Remodulin,ns 50mL vial,Not Recorded
Sodium Chloride 0.9% 5mL Flush syr. (neonate),sodium chloride flush,Not Recorded
Sodium Chloride 3% 4mL inhalation soln.,sodium chloride 3%,Not Recorded
Sodium Glycerophosphate 20mmol/20mL inj,sodium glycerophosphate,Not Recorded
Sodium Phosphat 3 mm/mL 50 mL inj,sodium phosphate,Not Recorded
Sodium Phosphate 3mmol/ml  15 mL inj,sodium phosphate,Not Recorded
Sodium Tetradecyl sulfate 1% inj,sodium tetradecyl sulfate,Not Recorded
Sodium Tetradecyl sulfate 3% inj,sodium tetradecyl 3%,Not Recorded
Sodium Thiosulfate 25% 50 mL inj,sodium thiosulfate 25%,Not Recorded
Sodium benzoate-Sodium phenylacetate 10%,sod.benzoate-sod.phenylacetate,Not Recorded
Standard PAL Line IV fluid,Standard PAL Line fluid,Not Recorded
Standard UAC Line IV fluid,Standard UAC Line fluid,Not Recorded
Standard UVC Line IV fluid,Standard UVC Line fluid,Not Recorded
Sterile/Free Water flush,"water, sterile/free flush",Not Recorded
Streptomycin 1 gm inj,streptomycin,Not Recorded
Streptozocin 1gm inj,streptozocin,Not Recorded
Succinylcholine 20 mg/mL OR syringe,succinylcholine,Not Recorded
Succinylcholine 200 mg/10 mL inj,succinylcholine,Not Recorded
Succinylcholine 200 mg/10 ml syringe (EUOSH),succinylcholine,Not Recorded
Succinylcholine 200mg syr for pyxis,succinylchloline,Not Recorded
Succinylcholine 20mg/mL 10mL syringe,succinylcholine,Not Recorded
Succinylcholine 20mg/mL 5mL syringe,succinylcholine,Not Recorded
Succinylcholine 20mg/ml 10ml OR syringe,succinylcholine,Not Recorded
Succinylcholine 60 mg/3 mL syringe,succinylcholine,Not Recorded
Sugammadex 200 mg/2mL inj,sugammadex,Not Recorded
Sugammadex 500 mg/5mL inj,sugammadex,Not Recorded
Sulfamethoxazole-Trimethoprim 80mg-16  mg/mL 10mL inj,sulfamethoxazole-trimethoprim,Not Recorded
Sulfamethoxazole-Trimethoprim 80mg-16 mg/mL inj,sulfamethoxazole-trimethoprim,Not Recorded
"Syringe, chemo","Syringe, chemo",Not Recorded
TACRolimus 0.5 mg cap,TACRolimus,Not Recorded
TACRolimus 1 mg cap,TACRolimus,Not Recorded
TACRolimus 5mg inj,TACRolimus,Not Recorded
TBO-filgrastim 300 mcg/0.5 mL inj,TBO-filgrastim,Not Recorded
TIGEcycline 50 mg inj,TIGEcycline,Not Recorded
TOPOtecan 4 mg/ 4 mL inj,TOPOtecan,Not Recorded
Tamsulosin 0.4  mg cap,tamsulosin,Not Recorded
Telavancin 250 mg inj,telavancin,Not Recorded
Telavancin 750 mg inj,telavancin,Not Recorded
Temsirolimus 25 mg/mL inj.,temsirolimus,Not Recorded
Terbutaline 1 mg/1 mL inj,terbutaline,Not Recorded
"Tetanus/Diphtheria/Pertussis, Acel (Tdap) 0.5 mL","tetanus/diphtheria/pertussis, acel (Tdap)",Not Recorded
Tetanus/Dipth. Tox. Adsb. 0.5 ml inj,Tetanus/Diptheria toxoid,Not Recorded
Tetracaine 1% 2mL inj,tetracaine 1%,Not Recorded
Thiamine 100 mg/ml 2mL inj,thiamine,Not Recorded
Thiamine 100 mg/ml 2mL inj FOR COMPOUNDING USE,thiamine,Not Recorded
Thiotepa 15 mg inj,thiotepa,Not Recorded
Thrombin 5000 unit recombinant powder,thrombin,Not Recorded
Ticagrelor 90 mg tab,ticagrelor,Not Recorded
Ticar/Clav 3.1 IVPB,ticarcillin-clavulanate/ns,Not Recorded
Tirofiban 50 mcg/ mL 250 mL Drip*,tirofiban/ns,Not Recorded
Tobramycin 1.2gm/30ml Bulk Vial,tobramycin,Not Recorded
Tobramycin 80 mg/ 100 mL NS,tobramycin,Not Recorded
Tobramycin 80 mg/2 mL inj,tobramycin,Not Recorded
Tobramycin Intermittent Dosing by Pharmacist,tobramycin intermittent dosing,Not Recorded
Tocilizumab 200 mg/10mL inj,tocilizumab,Not Recorded
Tocilizumab 400 mg/20mL inj,tocilizumab,Not Recorded
Tolterodine 2 mg tab,tolterodine,Not Recorded
Tolterodine LA 4 mg cap,tolterodine LA,Not Recorded
Topiramate 100 mg tab,topiramate,Not Recorded
TraMADOL 50 mg tab,traMADOL,Not Recorded
Trabectedin 1mg inj.,trabectedin,Not Recorded
Trace Elements 10 mL inj,trace elements,Not Recorded
Tranexamic acid 100 mg/mL inj,tranexamic acid,Not Recorded
Tranexamic acid 1000 mg/NS 100mL,tranexamic acid,Not Recorded
Tranexamic acid 2gm bolus dose,tranexamic acid,Not Recorded
Tranexamic acid 650 mg tab,tranexamic acid,Not Recorded
Trastuzumab 150 mg inj,trastuzumab,Not Recorded
Trastuzumab 440 mg inj,trastuzumab,Not Recorded
Trepostinil 5 mg/mL 20mL inj,treprostinil,Not Recorded
Treprostinil 1 mg/mL 20mL inj,treprostinil,ng/kg/min
Treprostinil 10 mg/mL 20mL,treprostinil,Not Recorded
Treprostinil 2.5 mg/mL 20mL,treprostinil,Not Recorded
Treprostinil 20mg/20mL inj,trepostinil,Not Recorded
Treprostinil 20mg/20mL inj,treprostinil,Not Recorded
Tri-sodium Citrate,sod. citrate-citric acid,Not Recorded
Triamcinolone acet  40 mg/ 1 mL inj,triamcinolone,Not Recorded
Trimethobenzamide 200 mg/2 mL inj,trimethobenzamide,Not Recorded
Trisodium citrate solution,anticoag. sodium citrate,Not Recorded
Tromethamine 500 mL  Btl,tromethamine,Not Recorded
Ustekinumab 130mg/26mL inj,ustekinumab,Not Recorded
Valproate 250mg/5mL Liq,valproate,Not Recorded
Valproate Sodium 500 mg/ 5 mL inj,valproate,Not Recorded
Vancomycin 125 mg cap,vancomycin,Not Recorded
Vancomycin 1250mg/ NS 250mL IVPB,vancomycin/ns,Not Recorded
Vancomycin 1250mg/NS 250mL IVPB,vancomycin/ns,Not Recorded
Vancomycin 1500mg/500ml NS ivpb,vancomycin in ns,Not Recorded
Vancomycin 1500mg/NS ivpb (EUOSH ONLY),vancomycin in ns,Not Recorded
Vancomycin 1750mg/NS 500ml IVPB,vancomycin in ns,Not Recorded
Vancomycin 1gm inj,vancomycin,Not Recorded
Vancomycin 1gm/ 200mL Iso-Dex IVPB,vancomycin in D5W,Not Recorded
Vancomycin 1gm/NS 250mL IVPB,vancomycin in NS,Not Recorded
Vancomycin 1gm/NS 250ml  IVPB,vancomycin in ns,Not Recorded
Vancomycin 250 mg/5 mL oral soln.,vancomycin,Not Recorded
Vancomycin 500 mg inj,vancomycin,Not Recorded
Vancomycin 500 mg/100ml - Iso-Dex,vancomycin in iso-dex,Not Recorded
Vancomycin 500 mg/NS 100ml ivpb,vancomycin/ns,Not Recorded
Vancomycin 500mg (10gm vial),vancomycin,Not Recorded
Vancomycin 500mg in NS 500mL enema,vancomycin enema,Not Recorded
Vancomycin 5mg/mL/NS neonate syringe,vancomycin in NS syringe,Not Recorded
Vancomycin 750 mg inj.,vancomycin,Not Recorded
Vancomycin 750 mg/150 mL,vancomycin,Not Recorded
Vancomycin 750 mg/150 mL Iso-Dex,vancomycin in iso-dex,Not Recorded
Vancomycin Intermittent Dosing by Pharmacist,vancomycin intermittent dosing,Not Recorded
Vancomycin Intermittent Dosing by Pharmacist,vancomycin pulse dosing,Not Recorded
Vasopressin 20 unit/ml 10ml inj,vasopressin,Not Recorded
Vasopressin 20 units/ 1 mL (Vasostrict),vasopressin,Unit/Minute
Vasopressin 20 units/ 1 mL inj,vasopressin,Unit/Minute
Vasopressin/Placebo for study,vasopressin/placebo (P#IDS22),Not Recorded
Vecuronium 10 mg inj,vecuronium,Not Recorded
Vecuronium 1mg/mL 10mL syringe,vecuronium,Not Recorded
Vecuronium 1mg/mL neonate syringe,vecuronium in NS syringe,Not Recorded
Vecuronium 20 mg inj,vecuronium,Not Recorded
Vedolizumab 300 mg inj.,vedolizumab,Not Recorded
Verapamil 300 mcg/3 mL syringe CATH LAB,verapamil 300 mcg/3 mL,Not Recorded
Verapamil 300 mcg/3 mL syringe CATH LAB,verapamil 5 mg/50 mL,Not Recorded
Verapamil 5 mg/2 mL inj,verapamil,Not Recorded
VinBLAStine 10 mg/10 mL inj,vinBLAStine,Not Recorded
VinCRIStine 1 mg/mL inj,vinCRIStine,Not Recorded
VinORELBine 10 mg/1 mL inj,vinORELBine,Not Recorded
Vincristine 2 mg/ 2mL inj,vincristine,Not Recorded
Visipaque 320 mg 200 mL btl,iodixanol,Not Recorded
Voriconazole 200 mg inj,voriconazole,Not Recorded
Voriconazole 200 mg tab,voriconazole,Not Recorded
Voriconazole 50mg tab,voriconazole,Not Recorded
"Water, Sterile 100  mL bag","water, sterile",Not Recorded
"Water, Sterile 1000 mL IV bag","water, sterile bag",Not Recorded
"Water, Sterile 2 Liter bag","water, sterile",Not Recorded
"Water, Sterile 20 mL inj","water, sterile",Not Recorded
"Water, Sterile 50 mL inj","water, sterile",Not Recorded
"Water, Sterile Irrig 1500 mL","water, sterile irrig",Not Recorded
"Water,St. 1000 mL  irrigation btl","water, sterile irr btl",Not Recorded
"Water,Sterile 10 mL inj","water, sterile",Not Recorded
Zidovudine 200mg inj,zidovudine,Not Recorded
Zidovudine 4mg/mL/D5W neonate syringe,zidovudine in D5W syringe,Not Recorded
Zinc Sulfate 5 mg/mL inj,zinc sulfate,Not Recorded
Zinc Trace Element 10 mg/10 mL inj,zinc,Not Recorded
Zinecard 500 mg inj cardio tox,dexrazoxane,Not Recorded
Ziprasidone 20 mg/ 1 mL inj,ziprasidone,Not Recorded
Zoledronic 4 mg inj,zoledronic acid,Not Recorded
Zoledronic 4 mg/NS 100mL,zoledronic acid in ns,Not Recorded
Zoledronic acid 4 mg/100 mL premix IVPB,zoledronic acid,Not Recorded
Zoledronic acid 5 mg/100 mL IVPB,zoledronic acid,Not Recorded
acetaminophen 10 mg/mL neonate IVPB syringe,acetaminophen IVPB syringe,Not Recorded
acetaminophen-codeine 300 mg-15 mg tab,acetaminophen-codeine,Not Recorded
adenosine 200 mcg/20 mL syringe  CATH LAB ONLY,adenosine syringe CATH LAB ONLY,Not Recorded
adenosine 90 mg/90 mL NS CATH LAB,adenosine,Not Recorded
albuterol 2.5 mg/ 0.5 ml neb,albuterol,Not Recorded
albuterol 2.5 mg/0.5mL neb,albuterol,Not Recorded
albuterol 2.5 mg/3 mL neb,albuterol 0.083%,Not Recorded
alteplase 2 mg inj Syringe,alteplase,Milligram/Hour
alteplase STEMI bolus inj,alteplase,Not Recorded
alteplase inj for bolus,alteplase,Not Recorded
alteplase per 10 mg,alteplase,Milligram/Hour
alteplase per 12.5mg ADD,alteplase,Not Recorded
amiodarone 500 mg/250 mL CATH LAB,amiodarone,Not Recorded
amphotericin B lock soln. 2.5mg/ml 2ml syr.,amphotericin B lock soln.,Not Recorded
anti-inhibitor coagulant complex 1000 units,anti-inhibitor coagulant complex,Not Recorded
anti-inhibitor coagulant complex 2500 units,anti-inhibitor coagulant complex,Not Recorded
anti-inhibitor coagulant complex 50 units,anti-inhibitor coagulant complex,Not Recorded
anti-inhibitor coagulant complex 50 units inj,anti-inhibitor coagulant complex,Not Recorded
antihemophilic factor 8 recombinant 1000 units,factor 8,Not Recorded
antihemophilic factor 8 recombinant 1000 units,factor 8 (Kogenate),Not Recorded
antihemophilic factor 8 recombinant 1000 units inj,antihemophilic factor 8,Not Recorded
antihemophilic factor 8 recombinant 2000 units,factor 8,Not Recorded
antihemophilic factor 8 recombinant 2000 units,factor 8 (Kogenate),Not Recorded
antihemophilic factor 8 recombinant 250 units,factor 8,Not Recorded
antihemophilic factor 8 recombinant 3000 units,factor 8,Not Recorded
antihemophilic factor 8 recombinant 3000 units,factor 8 (Kogenate),Not Recorded
antihemophilic factor 8 recombinant 500 units,factor 8,Not Recorded
antihemophilic factor 8 recombinant 500 units,factor 8 (Kogenate),Not Recorded
antihemophilic factor-von Willebrand 500 units,antihemophilic F8-von Willebrand,Not Recorded
antihemophilic factor-von Willebrand 500 units (HUMATE P),antihemoph F8-vonWill HUMATE P,Not Recorded
antihemophilic factor-von Willebrand 500 units (HUMATE P),antihemophilic F8-von Willebrand,Not Recorded
antihemophilic factor-von Willebrand factor (WILATE) 1000U,antihemoph-vonwillebrand (WILATE),Not Recorded
antihemophilic factor-von Willebrand factor (WILATE) 500U,antihemoph-vonwille WILATE,Not Recorded
antihemophilic factor-von Willebrand factor 1000 units,antihemophilic F8-von Willebrand,Not Recorded
antihemophilic factor-von Willebrand factor 1000 units (HUMATE P),antihemoph F8-vonWill HUMATE P,Not Recorded
antihemophilic factor-von Willebrand factor 1000 units (HUMATE P),antihemophilic F8-von Willebrand,Not Recorded
antihemophilic factor-von Willebrand factor 1600 units,antihemophilic F8-von Willebrand,Not Recorded
antihemophilic factor-von Willebrand factor 1600 units (HUMATE P),antihemoph F8-vonWill HUMATE P,Not Recorded
antihemophilic factor-von Willebrand factor 1600 units (HUMATE P),antihemophilic F8-von Willebrand,Not Recorded
antihemophilic factor-von Willebrand factor 2400 units,antihemophilic factor-von Willebrand factor,Not Recorded
aprepitant 130 mg inj,aprepitant,Not Recorded
arsenic trioxide 1 mg/mL 10 mL inj,arsenic trioxide,Not Recorded
arsenic trioxide 2 mg/mL injection,arsenic trioxide,Not Recorded
artesunate 110 mg IV inj,artesunate,Not Recorded
atropine-diphenoxylate 5 mg/10 mL UD liq,atropine-diphenoxylate,Not Recorded
aztreonam 1 gm inj,aztreonam,Not Recorded
aztreonam 2 gm inj,aztreonam,Not Recorded
bendamustine 45 mg/0.5mL inj,bendamustine,Not Recorded
bevacizumab-awwb 100mg/4mL inj,bevacizumab-awwb(MVASI),Not Recorded
bevacizumab-awwb 400mg/16mL inj,bevacizumab-awwb(MVASI),Not Recorded
"bottle, sterile","bottle, sterile",Not Recorded
cabazitaxel 60 mg/6 mL inj,cabazitaxel,Not Recorded
calcium carbonate 1250 mg (500 mg elemental) tab,calcium carbonate,Not Recorded
calcium gluconate 1 gm/100 mL NS IVPB,calcium gluconate/NS,Not Recorded
calcium gluconate 1 gm/50 mL IVPB,calcium gluconate,Not Recorded
calcium gluconate 1 gm/50 mL NS IVPB,calcium gluconate NS,Not Recorded
calcium gluconate 10gm/100ml inj,calcium gluconate,Not Recorded
calcium gluconate 2 gm/100 mL NS IVPB,calcium gluconate/NS,Not Recorded
calcium gluconate 3 gm/100 mL NS IVPB,calcium gluconate/NS,Not Recorded
calcium gluconate 5 gm/50 mL inj,calcium gluconate,Grams/Hour
cangrelor 50 mg inj,cangrelor,Microgram/Kilogram/Minute
caplacizumab-yhdp 11 mg kit,caplacizumab-yhdp,Not Recorded
carfilzomib 10 mg inj,carfilzomib,Not Recorded
casirivimab 1332mg inj,casirivimab,Not Recorded
casirivimab 1332mg inj,casirivimab REGN 10933,Not Recorded
casirivimab 300mg inj,casirivimab REGN10933,Not Recorded
casirivimab-imdevimab 600 mg-600 mg/10 mL inj,casirivimab-imdevimab,Not Recorded
casirivimab-imdevimab 600 mg-600 mg/10 mL inj,casirivimab-imdevimab 600-600mg,Not Recorded
ceFAZolin 1 gm in NS 50mL ivpb,ceFAZolin in NS,Not Recorded
ceFAZolin 2 gm/50 mL IVPB,ceFAZolin,Not Recorded
ceFAZolin 2 gm/60 mL D5W IVPB,ceFAZolin,Not Recorded
cefEPIME 1gm inj,cefEPIME,Not Recorded
cefEPIME 2gm inj,cefEPIME,Not Recorded
cefOXiitin 1 gm inj,cefOXitin,Not Recorded
cefOXiitin 1 gm inj,cefoxitin,Not Recorded
cefOXiitin 2 gm inj,cefOXitin,Not Recorded
cefOXiitin 2 gm inj,cefoxitin,Not Recorded
cefTAZIDime 1gm inj,cefTAZIDime,Not Recorded
cefTAZIDime 2gm inj,cefTAZIDime,Not Recorded
cefTRIAXone 1 gm IV inj,cefTRIAXone,Not Recorded
cefTRIAXone 1gm IM inj,cefTRIAXone,Not Recorded
cefTRIAXone 1gm IM inj,ceftriaxone,Not Recorded
cefTRIAXone 2 gm IM inj,cefTRIAXone,Not Recorded
cefTRIAXone 2 gm inj,cefTRIAXone,Not Recorded
cefTRIAXone 2 gm inj,ceftriaxone,Not Recorded
cefTRIAXone 500mg IM inj,cefTRIAXone,Not Recorded
cefaZOLIN 1 gm OR syringe,cefaZOLIN,Not Recorded
cefaZOLIN 1 gm inj,cefaZOLIN,Not Recorded
cefaZOLIN 1 gm/50 mL Iso-Dex,cefaZOLIN in Iso-Dex,Not Recorded
cefaZOLIN 2 g/20 mL OR syringe,ceFAZolin,Not Recorded
cefaZOLIN 2 g/20 mL OR syringe,cefaZOLIN,Not Recorded
cefaZOLIN 2 gm OR syringe,cefaZOLIN,Not Recorded
cefaZOLIN 500 mg inj,cefaZOLIN,Not Recorded
cefepime 2 gm/NS 50 mL IVPB,cefepime,Not Recorded
cefiderocol 1 gm inj,cefiderocol,Not Recorded
chlorproMAZINE 50 mg/2mL inj,chlorproMAZINE,Not Recorded
clindamycin 6mg/1mL/NS neonate syringe,clindamycin in NS syringe,Not Recorded
clofarabine 20 mg/20mL inj,clofarabine,Not Recorded
coagulation factor IX recombinant 1000 units,factor 9,Not Recorded
coagulation factor IX recombinant 2000 units,factor 9,Not Recorded
coagulation factor IX recombinant 3000 units,factor 9,Not Recorded
coagulation factor IX recombinant inj,coagulation factor IX,Not Recorded
"coagulation factor Xa (recombinant), inactivated-zhzo (ANDEXXA)",coagulation factor Xa,Milligram/Hour
cytarabine lipo-daunorub lipo 100mg-44mg,cytarabine liposomal-daunorubicin liposomal,Not Recorded
cytarabine lipo-daunorub lipo 100mg-44mg,cytarabine-daunorubicin lipo,Not Recorded
deferoxamine 2 gm inj,deferoxamine,Not Recorded
defibrotide 80 mg/mL 2.5ml inj,defibrotide,Not Recorded
dexamethasone 10 mg/mL 1 mL PF injection,dexamethasone,Not Recorded
dexamethasone 10 mg/mL 1 mL PF injection,dexamethasone.,Not Recorded
dexamethasone 10 mg/mL 1 mL inj,dexamethasone,Not Recorded
dilTIAZem 5 mg/mL ADD,dilTIAZem,Milligram/Hour
droperidol 0.625 mg/mL/NS syr,droperidol,Not Recorded
"epoprostenol 750,000 ng (0.75mg) inhale (Veletri)",epoprostenol,Not Recorded
eravacycline 50 mg inj,eravacycline,Not Recorded
esmolol 10 mg/mL bolus from bag,esmolol,Not Recorded
fentaNYL 2 mcg/mL-ropiv 0.2% EPIDURAL 50mL,fentanyl-ropivacaine 0.2%,Not Recorded
fentaNYL 50 mcg/1 mL inj,fentaNYL,Not Recorded
fentanyl 500 mcg/50 mL PCA,fentaNYL pca,Not Recorded
fentanyl 600 mcg/60 mL PCA,fentanyl pca,Not Recorded
fluconazole 40 mg/mL UD Liquid,fluconazole,Not Recorded
gabapentin 300 mg/6 mL liq UD,gabapentin,Not Recorded
ganciclovir 2000 mcg/0.1 mL intravitreal inj,ganciclovir,Not Recorded
gemtuzumab ozogamicin 4.5 mg/4.5 mL inj,gemtuzumab ozogamicin,Not Recorded
glucarpidase 1000 units inj,glucarpidase,Not Recorded
glycopyrrolate 0.2 mg/mL 2 mL syringe,glycopyrrolate,Not Recorded
hePARIN Vas-Cath 1000 unit(s)/mL,hePARIN vascath,Not Recorded
hemin 350 mg inj,hemin,Not Recorded
heparin 100 units/mL re-bolus from bag,heparin,Not Recorded
heparin 5000 units inhale,heparin,Not Recorded
heparin 5000 units inhale,heparin inhale,Not Recorded
hepatitis B immune globulin /NS IVPB,hepatitis B immune glob./NS,Not Recorded
hepatitis B immune globulin /NS IVPB,hepatitis B immune globulin/NS IVPB,Not Recorded
imdevimab 1332mg inj,imdevimab,Not Recorded
imdevimab 1332mg inj,imdevimab REGN10987,Not Recorded
imdevimab 300mg inj,imdevimab REGN10987,Not Recorded
immune globulin intravenous 10% 10g (Gammagard S/D Low IgA),immune globulin intravenous 10%,Not Recorded
immune globulin intravenous 10% 5g (Gammagard  S/D Low IgA),immune globulin intravenous 10%,Not Recorded
inFLIXimab-dyyb (Inflectra) 100 mg inj,inFLIXimab-dyyb,Not Recorded
inFLIXimab-dyyb (Inflectra) 100 mg inj,inFLIXimab-dyyb (Inflectra),Not Recorded
indocyanine green 25 mg,indocyanine green,Not Recorded
influenza virus vaccine (Fluarix) 0.5mL inj,influenza virus 0.5 mL vaccine,Not Recorded
inotuzumab 0.9 mg/3.6 mL inj,inotuzumab ozogamicin,Not Recorded
insulin isophane (NPH) 100 units/mL,insulin isophane (NPH),Not Recorded
insulin isophane-regular 70u-30u/mL inj 3 mL,insulin isophane-insulin regular,Not Recorded
insulin lispro 10 unit(s)/mL OR syringe,insulin lispro,Not Recorded
insulin lispro 10 unit(s)/mL OR syringe,insulin lispro OR,Not Recorded
insulin lispro 100 unit/mL inj,insulin lispro,Not Recorded
insulin lispro 100 units/mL inj.,insulin lispro,Not Recorded
insulin pump patient - lispro,insulin pump patient - lispro,Not Recorded
insulin pump patient - regular,insulin pump patient - regular,Not Recorded
insulin regular 1 unit/mL bolus from bag,insulin regular,Not Recorded
insulin regular 100 units/mL inj 3 mL,insulin regular,Not Recorded
insulin regular OR SYR 1unit(s)/mL 10mL,insulin reg human,Not Recorded
insulin regular OR SYR 1unit(s)/mL 10mL,insulin regular OR,Not Recorded
ketamine 50 mg/5 mL-NaCl 0.9% solu,ketamine,Not Recorded
ketamine Bolus from bag,ketamine Bolus from bag,Not Recorded
labetalol 200 mg/40 mL ADD,labetalol,Milligrams/Minute
labetalol 200 mg/40 mL inj,labetalol,Not Recorded
leucovorin 500 mg/50mL inj,leucovorin,Not Recorded
levETIRAcetam 100 mg/mL ped oral syringe,levETIRAcetam,Not Recorded
leveTIRACETAM 500 mg tab,leveTIRACETAM,Not Recorded
levothyroxine 100 mcg (0.1 mg) inj.,levothyroxine,Not Recorded
levothyroxine 100 mcg (0.1 mg) pwd inj,levothyroxine,Not Recorded
levothyroxine 100 mcg (0.1 mg)/5 mL inj,levothyroxine,Not Recorded
lidocaine 1% inj 50mL,lidocaine,Not Recorded
lidocaine 1% inj for local anesthesia,lidocaine 1%,Not Recorded
lidocaine 1% preservative-free inj 10mL,lidocaine 1%,Not Recorded
lidocaine 2% inj for local anesthesia,lidocaine 2%,Not Recorded
liothyronine 10 mcg/mL inj,liothyronine,Not Recorded
melphalan 50 mg inj (EVOMELA),melphalan (EVOMELA),Not Recorded
meropenem 1000 mg/ 50 mL NS IVPB,meropenem,Not Recorded
meropenem 20mg/mL/NS neonate syringe,meropenem in NS syringe,Not Recorded
meropenem-vaborbactam 2gm inj,meropenem-vaborbactam,Not Recorded
methadone 10 mg/mL ADULT oral conc,methadone,Not Recorded
methocarbamol 1000 mg/100 mL NS IVPB,methocarbamol in NS,Not Recorded
methocarbamol 500 mg/50 mL NS IVPB,methocarbamol in NS,Not Recorded
methylPREDNISolone 8 mg tab,methylPREDNISolone,Not Recorded
metroNIDAZOLE 5mg/ml CMPD,metroNIDAZOLE / NS,Not Recorded
midazolam (HIGH CONCENTRATION) 5 mg/mL inj   2 mL,midazolam,Not Recorded
midazolam (HIGH CONCENTRATION) 5 mg/mL pf  1 mL inj,midazolam,Not Recorded
morphine 50 mg/50 mL PCA/NCA,morphine PCA,Not Recorded
morphine 50 mg/mL 20 mL inj,morphine,Not Recorded
nf bulk,nf bulk,Not Recorded
nf chemo,nf chemo,Not Recorded
nf ivpb,nf ivpb,Not Recorded
nf med,nf med,Not Recorded
nitroglycerin 0.2 mg/mL 3 mL syr CATH LAB,nitroglycerin,Not Recorded
nitroglycerin 10 mg/50 mL D5W CATH LAB,nitroglycerin 10 mg/50 mL CATH LAB,Not Recorded
nitroglycerin 25mg/250mL drip (100mcg/mL) for Cath Lab,nitroglycerin,Not Recorded
nitroprusside 25 mg/250 mL NS Drip CATH LAB,nitroprusside 25 mg drip CATH LAB,Not Recorded
nivolumab 10 mg/mL 4 mL inj,nivolumab,Not Recorded
nn-levETIRAcetam 5 mg/mL NS Neonate Syringe,levETIRAcetam NS syringe,Not Recorded
nn-morphine 10 mg/mL ADD,morphine,Milligram/Kilogram/Hour
obinutuzumab 1000 mg/40mL,obinutuzumab,Not Recorded
omadacycline 100 mg inj,omadacycline,Not Recorded
oxymetazoline 0.05% nasal spray 30 mL,oxymetazoline nasal,Not Recorded
oxytocin 30 units/500 mL Infusion,oxytocin infusion,Not Recorded
pamidronate 60 mg/10mL injection,pamidronate,Not Recorded
papaverine 30 mg/mL 2mL inj,papaverine,Not Recorded
patisiran 10 mg/5 mL inj,patisiran,Not Recorded
phytonadione  (Vit K) 10 mg/mL inj,phytonadione,Not Recorded
piperacillin-tazobactam 4.5 gm / 100 mL IVPB (EUH),piperacillin-tazobactam,Not Recorded
potassium chloride 10 mEq/100 mL NS IVPB,potassium chloride,Not Recorded
potassium chloride 10 mEq/100 mL NS IVPB,potassium chloride in NS,Not Recorded
potassium chloride 10 mEq/5 mL (2mEq/mL) inj,potassium chloride,Not Recorded
potassium chloride 20 mEq/50 mL NS IVPB,potassium chloride,Not Recorded
potassium chloride 20 mEq/50 mL NS IVPB,potassium chloride/NS,Not Recorded
potassium chloride 40 mEq/500 mL NS Premix,potassium chloride,Not Recorded
rasburicase 1.5 mg inj,rasburicase,Not Recorded
ravulizumab-cwvz 300 mg/30mL inj,ravulizumab,Not Recorded
remdesivir 100 mg / 20 mL inj,remdesivir,Not Recorded
remdesivir 100 mg/250 mL IVPB,remdesivir,Not Recorded
riTUXimab (Rituxan) 100 mg inj,riTUXimab,Not Recorded
riTUXimab (Rituxan) 100 mg inj,riTUXimab (Rituxan),Not Recorded
riTUXimab (Rituxan) 500 mg inj,riTUXimab,Not Recorded
riTUXimab (Rituxan) 500 mg inj,riTUXimab (Rituxan),Not Recorded
riTUXimab 100 mg inj,RiTUXimab,Not Recorded
riTUXimab 100 mg inj,riTUXimab,Not Recorded
riTUXimab 500 mg inj,riTUXimab,Not Recorded
riTUXimab 500 mg inj,rituximab,Not Recorded
riTUXimab-abbs (Truxima) 100 mg inj,riTUXimab-abbs,Not Recorded
riTUXimab-abbs (Truxima) 100 mg inj,riTUXimab-abbs (Truxima),Not Recorded
riTUXimab-abbs (Truxima) 500 mg inj,riTUXimab-abbs,Not Recorded
riTUXimab-abbs (Truxima) 500 mg inj,riTUXimab-abbs (Truxima),Not Recorded
sildenafil 10 mg / 12.5 mL inj. neonate syringe,sildenafil,Not Recorded
sodium bicarbonate 2.5 mEq / 5 mL vial,sodium bicarbonate,Not Recorded
sodium chloride 0.9% injection 20mL,sodium chloride 0.9%,Not Recorded
sotrovimab 500 mg/8 mL inj,sotrovimab,Not Recorded
"syringe, IV","syringe, IV",Not Recorded
tagraxofusp-erzs 1000 mcg inj,tagraxofusp,Not Recorded
tedizolid 200 mg inj,tedizolid,Not Recorded
ticagrelor 60 mg tab,ticagrelor,Not Recorded
tirofiban 12.5 mg/250 mL NS Drip CATH LAB,tirofiban in ns,Not Recorded
tirofiban 250 mcg/mL 15 mL inj CATH LAB,tirofiban,Not Recorded
tirofiban 5mg/100ml Vial CATH LAB ONLY,tirofiban,Not Recorded
tranexamic acid 500mg/5mL TOPICAL solution,tranexamic acid,Not Recorded
trastuzumab dkst 150 mg inj,trastuzumab-dkst (Ogivri),Not Recorded
trastuzumab-dkst 420 mg inj,trastuzumab-dkst (Ogivri),Not Recorded
treprostinil diluent 50ml vial,treprostinil diluent,Not Recorded
vancomycin 125 mg/2.5 mL Oral soln.,vancomycin,Not Recorded
vancomycin 750 mg/250 mL NS IVPB,vancomycin,Not Recorded
vancomycin 750 mg/250 mL NS IVPB,vancomycin/ns,Not Recorded
vasopressin 1 unit/0.05 mL neonate ADD,vasopressin,Not Recorded
von Willebrand factor recombinant 900-1700 units,von Willebrand factor,Not Recorded
zzzD5W 250mL (Polyolefin) for chemo,d5w (polyolefin),Not Recorded
zzzD5W 50 mL IV bag for chemo,d5w,Not Recorded
zzzD5W 500 mL (Polyolefin) for chemo,d5w (polyolefin) for chemo,Not Recorded
zzzD5W 500 mL (Polyolefin) for chemo,zzzd5w (polyolefin) for chemo,Not Recorded
zzzHYDROmorphone PCA/NCA 1 mg/mL /NS syr,HYDROmorphone PCA/NCA 1 mg/ml NS syr,Not Recorded
zzzHYDROmorphone PCA/NCA 1 mg/mL /NS syr,zzzHYDROmorphone PCA/NCA 1 mg/ml NS syr,Not Recorded
zzzMethylPREDNISolone 2.5mg/mL/NS neonate syringe,methylPREDNISolone in NS syringe,Not Recorded
zzzNS 100 mL IV bag for chemo,nacl 0.9%,Not Recorded
zzzNS 1000 mL IV bag for chemo,ns,Not Recorded
zzzNS 250 mL IV bag for chemo,nacl 0.9%,Not Recorded
zzzNS 250mL (Polyolefin) for chemo,nacl 0.9% (polyolefin),Not Recorded
zzzNS 500mL (Polyolefin) for chemo,nacl 0.9% (polyolefin),Not Recorded
zzzPRMX ketamine 400 mg Drip DBL (FOR ICU),ketamine drip,Not Recorded
zzzQuinidine Gluc 80 mg/mL 10mL inj,quiNIDine,Not Recorded
zzzcisatracurium 2 mg/mL 5 mL inj,cisatracurium,Not Recorded
zzzondansetron 4 mg/2 mL inj..,ondansetron,Not Recorded
zzzondansetron 4 mg/2 mL inj..,zzzondansetron,Not Recorded
zzzondansetron 4 mg/2 mL inj..,zzzondansetron..,Not Recorded
