med_name,is_fluids,fluid_type,med_class,med_subclass,formulary_name,med_action_dose_unit,volume_given,count,volume_unit,volume_numeric,primary_amount,amount_unit,amount_numeric,concentration,is_infusion,is_anesthesia,med_name_generic
dexmedetomidine,FALSE,Medication,sedative,anesthetic,ADD dexmedetomidine 400 mcg/100 mL NS,Not Recorded,100.0 mL,866,mL,100,400.0 mcg,mcg,400,400.0 mcg/100.0 ML,TRUE,FALSE,dexmedetomidine
alfentanil,FALSE,Medication,analgesic,opioids,ALfentanil 2500 mcg/5 mL,Not Recorded,5.0 mL,6,mL,5,2500.0 mcg,mcg,2500,2500.0 mcg/5.0 ML,TRUE,FALSE,ALfentanil
adenosine,FALSE,Medication,antiarrhythmics,other,ANES Adenosine 3 mg/1 mL inj,Not Recorded,1.0 mL,103,mL,1,3.0 mg,mg,3,3.0 mg/1.0 ML,FALSE,TRUE,adenosine
aminocaproic acid,FALSE,Medication,other,other,ANES Aminocaproic 250 mg/1 mL inj,Not Recorded,1.0 mL,286,mL,1,250.0 mg,mg,250,250.0 mg/1.0 ML,FALSE,TRUE,aminocaproic acid
aminophylline,FALSE,Medication,other,other,ANES Aminophylline 25 mg/1 mL inj,Not Recorded,1.0 mL,8,mL,1,25.0 mg,mg,25,25.0 mg/1.0 ML,FALSE,TRUE,aminophylline
anti-thymocyte globulin (rabbit),FALSE,Medication,other,other,ANES Anti-thymocyt globulin (rabbit) 25mg/5mL,Not Recorded,5.0 mL,166,mL,5,25.0 mg,mg,25,25.0 mg/5.0 ML,TRUE,TRUE,anti-thymocyt globulin (rabbit)
atropine,FALSE,Medication,anticholinergic,other,ANES Atropine 1 mg/1 mL inj,Not Recorded,1.0 mL,194,mL,1,1.0 mg,mg,1,1.0 mg/1.0 ML,FALSE,TRUE,atropine
atropine,FALSE,Medication,anticholinergic,other,ANES Atropine Sulfate 0.4 mg/ 1mL inj,Not Recorded,1.0 mL,303,mL,1,0.4 mg,mg,0.4,0.4 mg/1.0 ML,FALSE,TRUE,atropine
,,,,,ANES Bupivicaine 0.15%/NS 250 mL Epidural,Not Recorded,250.0 mL,1,mL,250,none,,,none,FALSE,TRUE,
calcium chloride,TRUE,Electrolyte Solution (Calcium),fluid_electrolyte,other,ANES Calcium Chloride  100 mg/mL syringe,Not Recorded,none,40471,,,100.0 mg,mg,100,none,FALSE,TRUE,calcium chloride
calcium gluconate,TRUE,Electrolyte Solution (Calcium),fluid_electrolyte,other,ANES Calcium Gluconate 100 mg/mL inj,Not Recorded,none,971,,,100.0 mg,mg,100,none,FALSE,TRUE,calcium gluconate
cefOXitin,FALSE,Medication,anti-infective,cephalosporins,ANES Cefoxitin 2 gm/100 mL NS,Not Recorded,100.0 mL,1425,mL,100,2.0 gm,gm,2,none,TRUE,TRUE,cefoxitin
clevidipine,FALSE,Medication,bp_lowering,other,ANES Clevidipine 25mg/50mL Drip std*,Not Recorded,50.0 mL,527,mL,50,25.0 mg,mg,25,25.0 mg/50.0 ML,TRUE,TRUE,ANES clevidipine premix
DOBUTamine,FALSE,Medication,pressor,inotrope,ANES DOBUTamine 500 mg Drip Std*,Not Recorded,none,4046,,,500.0 mg,mg,500,none,TRUE,TRUE,DOBUTamine/d5w
DOPamine,FALSE,Medication,pressor,inotrope,ANES DOPamine 400 mg Drip std*,Not Recorded,none,252,,,400.0 mg,mg,400,none,TRUE,TRUE,DOPamine/d5w
,,,,,ANES Dexmedetomidine 200 mcg/50 mL NS Drip Std*,Not Recorded,50.0 mL,174,mL,50,200.0 mcg,mcg,200,200.0 mcg/50.0 ML,TRUE,TRUE,
dexmedetomidine,FALSE,Medication,sedative,anesthetic,ANES Dexmedetomidine 400 mcg/100 mL NS Drip Std*,Not Recorded,100.0 mL,43043,mL,100,400.0 mcg,mcg,400,400.0 mcg/100.0 ML,TRUE,TRUE,dexmedetomidine NS drip
diazePAM,FALSE,Medication,sedative,benzodiazepine,ANES Diazepam 5 mg/mL inj,Not Recorded,none,3,,,5.0 mg,mg,5,none,FALSE,TRUE,diazepam
digoxin,FALSE,Medication,antiarrhythmics,other,ANES Digoxin 0.25 mg/1 mL inj,Not Recorded,1.0 mL,10,mL,1,0.25 mg,mg,0.25,0.25 mg/1.0 ML,FALSE,TRUE,digoxin
diltiazem,FALSE,Medication,bp_lowering,other,ANES Diltiazem 5 mg/1 mL inj,Not Recorded,1.0 mL,107,mL,1,5.0 mg,mg,5,5.0 mg/1.0 ML,FALSE,TRUE,diltiazem
epinephrine,FALSE,Medication,pressor,inotrope,ANES EPInephrine 100 mcg/1 mL inj,Not Recorded,1.0 mL,1862,mL,1,100.0 mcg,mcg,100,100.0 mcg/1.0 ML,FALSE,TRUE,EPInephrine
epinephrine,FALSE,Medication,pressor,inotrope,ANES EPInephrine 16mcg/mL Syr OR,Not Recorded,none,4006,,,16.0 mcg,mcg,16,none,FALSE,TRUE,EPInephrine
epinephrine,FALSE,Medication,pressor,inotrope,ANES EPInephrine 4mg/D5W drip std*,Not Recorded,none,19805,,,4.0 mg,mg,4,none,TRUE,TRUE,EPInephrine in d5w
erythromycin,FALSE,Medication,anti-infective,macrolide antibiotics,ANES Erythromycin 500 mg/100 mL NS IVPB,Not Recorded,100.0 mL,6,mL,100,500.0 mg,mg,500,500.0 mg/100.0 ML,TRUE,TRUE,erythromycin
esmolol,FALSE,Medication,bp_lowering,beta_blocker,ANES Esmolol 10mg/mL OR syringe,Not Recorded,none,30961,,,10.0 mg,mg,10,none,FALSE,TRUE,esmolol
esmolol,FALSE,Medication,bp_lowering,beta_blocker,ANES Esmolol 2.5gm/250 mL Drip std*,Not Recorded,250.0 mL,442,mL,250,2.5 gm,gm,2.5,none,TRUE,TRUE,esmolol
etomidate,FALSE,Medication,sedative,anesthetic,ANES Etomidate 2 mg/mL 20 mL inj,Not Recorded,20.0 mL,4849,mL,20,2.0 mg,mg,2,none,FALSE,TRUE,etomidate
famotidine,FALSE,Medication,antihistamine,acid_suppressant,ANES Famotidine 10 mg/1 mL inj,Not Recorded,1.0 mL,5798,mL,1,10.0 mg,mg,10,10.0 mg/1.0 ML,FALSE,TRUE,fAMOTIDine
fentaNYL,FALSE,Medication,analgesic,opioids,ANES Fentanyl 50 mcg/1 mL inj,Not Recorded,1.0 mL,556934,mL,1,50.0 mcg,mcg,50,50.0 mcg/1.0 ML,FALSE,TRUE,fentanyl
flumazenil,FALSE,Medication,benzodiazepine antagonist,other,ANES Flumazenil 0.1 mg/1 mL inj,Not Recorded,1.0 mL,170,mL,1,0.1 mg,mg,0.1,0.1 mg/1.0 ML,FALSE,TRUE,flumazenil
fosphenytoin,FALSE,Medication,anticonvulsant,other,ANES Fosphenytoin 50 mgpe/mL inj,Not Recorded,none,16,,,none,,,none,FALSE,TRUE,fosphenytoin
furosemide,FALSE,Medication,diuretic,other,ANES Furosemide 10 mg/1 mL inj,Not Recorded,1.0 mL,2075,mL,1,10.0 mg,mg,10,10.0 mg/1.0 ML,FALSE,TRUE,fUROSEMide
heparin,FALSE,Medication,anticoagulant,other,"ANES HePARIN 1,000 units/mL 30 mL inj",Not Recorded,30.0 mL,4303,mL,30,1000.0 unit,unit,1000,none,FALSE,TRUE,hePARIN
heparin,FALSE,Medication,anticoagulant,other,"ANES HePARIN 25,000 units/250 mL Premix std*",Not Recorded,250.0 mL,400,mL,250,25000.0 unit,unit,25000,0.0 unit/250.0 ML,TRUE,TRUE,hePARIN premix
hydrALAZINE,FALSE,Medication,bp_lowering,other,ANES HydrALAZINE 4 mg/mL inj,Not Recorded,none,2480,,,4.0 mg,mg,4,none,FALSE,TRUE,hydrALAZINE
hydrALAZINE,FALSE,Medication,bp_lowering,other,ANES HydrALAZINE 5 mg/mL inj,Not Recorded,none,4511,,,5.0 mg,mg,5,none,FALSE,TRUE,hydrALAZINE
hydrocortisone,FALSE,Medication,corticosteroids,other,ANES Hydrocortisone 50 mg/mL inj,Not Recorded,none,1427,,,50.0 mg,mg,50,none,FALSE,TRUE,hydrocortisone
,,,,,ANES Hydromorphone 0.001%/NS Epidural,Not Recorded,none,1,,,none,,,none,FALSE,TRUE,
HYDROmorphone,FALSE,Medication,analgesic,opioids,ANES Hydromorphone 0.002% epidural,Not Recorded,none,1,,,none,,,none,FALSE,TRUE,hydromorphone 0.002%/ns
central hyperalimentation (TPN),TRUE,Parenteral Nutrition,other,other,ANES Hyperal Central,Not Recorded,none,580,,,none,,,none,TRUE,TRUE,Hyperal - Central
hyperal peripheral,TRUE,Parenteral Nutrition,other,other,ANES Hyperal Peripheral,Not Recorded,none,138,,,none,,,none,TRUE,TRUE,Hyperal - Peripheral
insulin aspart,FALSE,Medication,insulin,other,ANES Insulin Aspart 10 unit(s)/mL OR syringe,Not Recorded,none,1,,,10.0 unit,unit,10,none,FALSE,TRUE,insulin aspart
insulin regular,FALSE,Medication,insulin,other,ANES Insulin Reg Human 100units Drip std*,Not Recorded,none,12394,,,100.0 unit,unit,100,none,TRUE,TRUE,insulin reg human in ns
insulin regular,FALSE,Medication,insulin,other,ANES Insulin Reg Human 250units Drip std*,Not Recorded,none,15665,,,250.0 unit,unit,250,none,TRUE,TRUE,insulin reg human in ns
isoproterenol,FALSE,Medication,pressor,vasopressor,ANES Isoproterenol 1 mg/250 mL drip std*,Not Recorded,250.0 mL,23,mL,250,1.0 mg,mg,1,1.0 mg/250.0 ML,TRUE,TRUE,isoproterenol
isoproterenol,FALSE,Medication,pressor,vasopressor,ANES Isoproterenol 200 mcg/1 mL inj,Not Recorded,1.0 mL,47,mL,1,200.0 mcg,mcg,200,200.0 mcg/1.0 ML,FALSE,TRUE,isoproterenol
ketamine,FALSE,Medication,analgesic,other,ANES Ketamine 50 mg/1 mL inj,Not Recorded,1.0 mL,7268,mL,1,50.0 mg,mg,50,50.0 mg/1.0 ML,FALSE,TRUE,ketamine
labetalol,FALSE,Medication,bp_lowering,beta_blocker,ANES Labetalol 5 mg/1 mL inj,Not Recorded,1.0 mL,21486,mL,1,5.0 mg,mg,5,5.0 mg/1.0 ML,FALSE,TRUE,labetalol
levETIRAcetam,FALSE,Medication,anticonvulsant,other,ANES LeveTIRACETAM 500mg/5mL,Not Recorded,5.0 mL,89,mL,5,500.0 mg,mg,500,500.0 mg/5.0 ML,TRUE,TRUE,leveTIRACETAM
lidocaine,FALSE,Medication,antiarrhythmics,other,ANES Lidocaine 2 gm/250 mL D5W Drip std*,Not Recorded,250.0 mL,9359,mL,250,2.0 gm,gm,2,none,TRUE,TRUE,lidocaine in d5w
magnesium sulfate,TRUE,Electrolyte Solution (Magnesium),fluid_electrolyte,other,ANES Magnesium Sulf 500 mg/1 mL OR syringe,Not Recorded,1.0 mL,139,mL,1,500.0 mg,mg,500,500.0 mg/1.0 ML,FALSE,TRUE,magnesium sulfate
,,,,,ANES Meperidine 0.1%/Bupivacaine 0.1% epidural,Not Recorded,none,2,,,none,,,none,FALSE,TRUE,
methylPREDNISolone,FALSE,Medication,corticosteroids,other,ANES MethylPREDNISolone 62.5 mg/1 mL  inj,Not Recorded,1.0 mL,2027,mL,1,62.5 mg,mg,62.5,62.5 mg/1.0 ML,FALSE,TRUE,methylPREDNISolone
methyldopa,FALSE,Medication,bp_lowering,other,ANES Methyldopa 50 mg/mL inj,Not Recorded,none,1,,,50.0 mg,mg,50,none,FALSE,TRUE,methyldopa
metoclopramide,FALSE,Medication,antiemetic,other,ANES MetoCLOPRAMIDE 5 mg/1 mL inj,Not Recorded,1.0 mL,361,mL,1,5.0 mg,mg,5,5.0 mg/1.0 ML,FALSE,TRUE,metoCLOPRAMIDE
metoprolol,FALSE,Medication,bp_lowering,beta_blocker,ANES MetoPROLOL 1 mg/mL inj,Not Recorded,none,9906,,,1.0 mg,mg,1,none,FALSE,TRUE,metoPROLOL
midazolam,FALSE,Medication,sedative,benzodiazepine,ANES Midazolam 1mg/mL inj 5 mL,Not Recorded,5.0 mL,140813,mL,5,1.0 mg,mg,1,none,FALSE,TRUE,midazolam
milrinone,FALSE,Medication,bp_lowering,other,ANES Milrinone 1 mg/mL inj,Not Recorded,none,336,,,1.0 mg,mg,1,none,FALSE,TRUE,milrinone
milrinone,FALSE,Medication,bp_lowering,other,ANES Milrinone 40 mg Drip std*,Not Recorded,none,4668,,,40.0 mg,mg,40,none,TRUE,TRUE,milrinone/d5w
morphine,FALSE,Medication,analgesic,opioids,ANES Morphine-PF 0.5 mg/mL inj,Not Recorded,none,23,,,0.5 mg,mg,0.5,none,FALSE,TRUE,morphine
norepinephrine,FALSE,Medication,pressor,vasopressor,ANES NOREPInephrine 4mg Drip std*,Not Recorded,none,85943,,,4.0 mg,mg,4,none,TRUE,TRUE,NOREPInephrine in d5w
neostigmine,FALSE,Medication,reversal_agent,other,ANES Neostigmine 1 mg/mL inj,Not Recorded,none,46603,,,1.0 mg,mg,1,none,FALSE,TRUE,neostigmine
nitroglycerin,FALSE,Medication,bp_lowering,other,ANES Nitroglycerin 50 mg/250 mL D5W Drip std*,Not Recorded,250.0 mL,1015,mL,250,50.0 mg,mg,50,50.0 mg/250.0 ML,TRUE,TRUE,nitroglycerin/d5w
sodium nitroprusside,FALSE,Medication,bp_lowering,other,ANES Nitroprusside 50 mg/250 mL NS Drip Std*,Not Recorded,250.0 mL,119,mL,250,50.0 mg,mg,50,50.0 mg/250.0 ML,TRUE,TRUE,nitroprusside
octreotide,FALSE,Medication,other,other,ANES Octreotide  500  mcg/100 mL NS Drip Std*,Not Recorded,100.0 mL,131,mL,100,500.0 mcg,mcg,500,500.0 mcg/100.0 ML,TRUE,TRUE,octreotide
ondansetron,FALSE,Medication,antiemetic,other,ANES Ondansetron 2 mg/1 mL inj,Not Recorded,1.0 mL,58596,mL,1,2.0 mg,mg,2,2.0 mg/1.0 ML,FALSE,TRUE,ondansetron
phenylephrine,FALSE,Medication,pressor,vasopressor,ANES PHENYLephrine 100mcg/mL OR syringe,Not Recorded,none,472922,,,100.0 mcg,mcg,100,none,FALSE,TRUE,PHENYLephrine
phenylephrine,FALSE,Medication,pressor,vasopressor,ANES PHENYLephrine 25mg/250 mL NS drip std*,Not Recorded,250.0 mL,45734,mL,250,25.0 mg,mg,25,25.0 mg/250.0 ML,TRUE,TRUE,PHENYLephrine in ns
piperacillin-tazobactam,FALSE,Medication,anti-infective,penicillins,ANES Piperacillin-Tazobactam 3.375gm inj,Not Recorded,none,7,,,3.375 gm,gm,3.375,none,FALSE,TRUE,piperacillin-tazobactam
procainamide,FALSE,Medication,antiarrhythmics,other,ANES Procainamide 100 mg/mL inj,Not Recorded,none,3,,,100.0 mg,mg,100,none,FALSE,TRUE,procainamide
propofol,FALSE,Medication,sedative,anesthetic,ANES Propofol 10 mg/1 mL inj,Not Recorded,1.0 mL,361295,mL,1,10.0 mg,mg,10,10.0 mg/1.0 ML,FALSE,TRUE,propofol
propofol,FALSE,Medication,sedative,anesthetic,ANES Propofol 1000 mg/100 mL Drip std*,Not Recorded,100.0 mL,28607,mL,100,1000.0 mg,mg,1000,1000.0 mg/100.0 ML,TRUE,TRUE,propofol
remifentanil,FALSE,Medication,analgesic,opioids,ANES REMIfentanil 10 mcg/mL inj,Not Recorded,none,705,,,10.0 mcg,mcg,10,none,FALSE,TRUE,REMIfentanil
remifentanil,FALSE,Medication,analgesic,opioids,ANES REMIfentanil 25 mcg/mL inj,Not Recorded,none,54,,,25.0 mcg,mcg,25,none,FALSE,TRUE,REMIfentanil
remifentanil,FALSE,Medication,analgesic,opioids,ANES REMIfentanil 5 mcg/mL inj,Not Recorded,none,52,,,5.0 mcg,mcg,5,none,FALSE,TRUE,REMIfentanil
remifentanil,FALSE,Medication,analgesic,opioids,ANES REMIfentanil 50 mcg/mL inj,Not Recorded,none,232,,,50.0 mcg,mcg,50,none,FALSE,TRUE,REMIfentanil
raNITIdine,FALSE,Medication,antihistamine,acid_suppressant,ANES Ranitidine 25 mg/mL inj,Not Recorded,none,20,,,25.0 mg,mg,25,none,FALSE,TRUE,ranitidine
rocuronium,FALSE,Medication,neuromuscular_blocker,other,ANES Rocuronium 10 mg/mL 10 mL inj,Not Recorded,10.0 mL,330545,mL,10,10.0 mg,mg,10,none,FALSE,TRUE,rocuronium
SUFentanil,FALSE,Medication,analgesic,opioids,ANES SUfentanil 50 mcg/mL inj,Not Recorded,none,5761,,,50.0 mcg,mcg,50,none,FALSE,TRUE,SUfentanil
sodium bicarbonate,TRUE,Electrolyte Solution (Bicarbonate),fluid_electrolyte,other,ANES Sodium Bicarb 1 mEq/mL syringe,Not Recorded,none,4751,,,1.0 mEq,mEq,1,none,FALSE,TRUE,sodium bicarbonate
succinylcholine,FALSE,Medication,neuromuscular_blocker,other,ANES Succinylcholine 20mg/ml 10ml OR syringe,Not Recorded,10.0 mL,51614,mL,10,20.0 mg,mg,20,none,FALSE,TRUE,succinylcholine
tranexamic acid,FALSE,Medication,other,other,ANES Tranexamic acid 100 mg/100mL NS,Not Recorded,100.0 mL,55771,mL,100,100.0 mg,mg,100,100.0 mg/100.0 ML,TRUE,TRUE,tranexamic acid
tranexamic acid,FALSE,Medication,other,other,ANES Tranexamic acid 50 mg/mL inj,Not Recorded,none,13001,,,50.0 mg,mg,50,none,FALSE,TRUE,tranexamic acid
vasopressin,FALSE,Medication,pressor,vasopressor,ANES Vasopressin 2 units/mL inj,Not Recorded,none,15725,,,2.0 unit,unit,2,none,FALSE,TRUE,vasopressin
vecuronium,FALSE,Medication,neuromuscular_blocker,other,ANES Vecuronium 1 mg/mL inj,Not Recorded,none,44930,,,1.0 mg,mg,1,none,FALSE,TRUE,vecuronium
verapamil,FALSE,Medication,bp_lowering,other,ANES Verapamil 2.5 mg/mL inj,Not Recorded,none,50,,,2.5 mg,mg,2.5,none,FALSE,TRUE,verapamil
albuterol,FALSE,Medication,other,other,ANES albuterol CFC free 90 mcg/inh,Not Recorded,none,923,,,90.0 mcg,mcg,90,none,TRUE,TRUE,albuterol
ANES amiodarone 750 mg/500 mL D5W Premix,FALSE,Medication,antiarrhythmics,other,ANES amiodarone 750 mg/500 mL D5W Premix,Not Recorded,500.0 mL,1518,mL,500,750.0 mg,mg,750,750.0 mg/500.0 ML,TRUE,TRUE,amiodarone 750mg/500mL D5W drip
basiliximab,FALSE,Medication,other,other,ANES basiliximab 20mg/50 mL NS,Not Recorded,50.0 mL,2952,mL,50,20.0 mg,mg,20,20.0 mg/50.0 ML,TRUE,TRUE,basiliximab
bivalirudin,FALSE,Medication,other,other,ANES bivalirudin 250 mg / 50 mL NS,Not Recorded,50.0 mL,353,mL,50,250.0 mg,mg,250,250.0 mg/50.0 ML,TRUE,TRUE,bivalirudin
bupivacaine,FALSE,Medication,other,other,ANES bupivacaine 0.25%/ns epidural,Not Recorded,none,7,,,none,,,none,FALSE,TRUE,bupivacaine 0.25%/ns epidural
cisatracurium,FALSE,Medication,neuromuscular_blocker,other,ANES cisatracurium 2 mg/mL 10 mL inj,Not Recorded,10.0 mL,13123,mL,10,2.0 mg,mg,2,none,FALSE,TRUE,cisatracurium
,,,,,ANES citric acid-sodium citrate soln,Not Recorded,none,15,,,none,,,none,TRUE,TRUE,
desmopressin,FALSE,Medication,other,other,ANES desmopressin 40 mcg/50 mL NS,Not Recorded,50.0 mL,508,mL,50,40.0 mcg,mcg,40,40.0 mcg/50.0 ML,TRUE,TRUE,ANES desmopressin
epoprostenol,FALSE,Medication,bp_lowering,other,"ANES epoprostenol 20,000ng/mL inhale",Not Recorded,none,1319,,,20000.0 ng,ng,20000,none,FALSE,TRUE,epoprostenol inhale
heparin,FALSE,Medication,anticoagulant,other,ANES hePARIN 1000 units/mL 1 mL inj,Not Recorded,1.0 mL,27703,mL,1,1000.0 unit,unit,1000,none,FALSE,TRUE,hePARIN
ketamine,FALSE,Medication,analgesic,other,ANES ketamine 10 mg/1 mL,Not Recorded,1.0 mL,46914,mL,1,10.0 mg,mg,10,10.0 mg/1.0 ML,TRUE,TRUE,ketamine
ketamine,FALSE,Medication,analgesic,other,ANES ketamine 100 mg/1 mL,Not Recorded,1.0 mL,2192,mL,1,100.0 mg,mg,100,100.0 mg/1.0 ML,TRUE,TRUE,ketamine
ketamine,FALSE,Medication,analgesic,other,ANES ketamine 200 mg/50 mL drip,Not Recorded,50.0 mL,410,mL,50,200.0 mg,mg,200,200.0 mg/50.0 ML,TRUE,TRUE,ketamine
levothyroxine,FALSE,Medication,other,other,ANES levothyroxine 0.4 mcg/mL IV,Not Recorded,none,97,,,0.4 mcg,mcg,0.4,none,TRUE,TRUE,levothyroxine
methocarbamol,FALSE,Medication,other,other,ANES methocarbamol 500 mg/50 mL NS,Not Recorded,50.0 mL,1526,mL,50,500.0 mg,mg,500,500.0 mg/50.0 ML,TRUE,TRUE,methocarbamol
methylPREDNISolone,FALSE,Medication,corticosteroids,other,ANES methylPREDNISolone 500 mg/50 mL NS,Not Recorded,50.0 mL,2088,mL,50,500.0 mg,mg,500,500.0 mg/50.0 ML,TRUE,TRUE,methylPREDNISolone
micafungin,FALSE,Medication,anti-infective,antifungals,ANES micafungin 1.5 mg/mL,Not Recorded,none,14,,,1.5 mg,mg,1.5,none,TRUE,TRUE,micafungin
mycophenolate mofetil,FALSE,Medication,other,other,ANES mycophenolate 750mg/250 mL D5W,Not Recorded,250.0 mL,195,mL,250,750.0 mg,mg,750,750.0 mg/250.0 ML,TRUE,TRUE,mycophenolate mofetil
niCARdipine,FALSE,Medication,bp_lowering,other,ANES niCARdipine 40 mg/200mL NS  Drip std*,Not Recorded,200.0 mL,2131,mL,200,40.0 mg,mg,40,40.0 mg/200.0 ML,TRUE,TRUE,ANES niCARdipine/NS drip
oxytocin,FALSE,Medication,other,other,ANES oxytocin 10 units/mL,Not Recorded,none,2,,,10.0 unit,unit,10,none,TRUE,TRUE,oxytocin
penicillin G potassium,FALSE,Medication,anti-infective,penicillins,"ANES penicillin 2,000,000 U/50 mL IVPB",Not Recorded,50.0 mL,6,mL,50,2000000.0 unit,unit,2000000,0.0 unit/50.0 ML,TRUE,TRUE,penicillin 2MU IVPB
protamine,FALSE,Medication,reversal_agent,anticoagulant,ANES protAMINE 10 mg/mL inj,Not Recorded,none,20363,,,10.0 mg,mg,10,none,FALSE,TRUE,protAMINE
sugammadex,FALSE,Medication,reversal_agent,other,ANES sugammadex 100 mg/mL soln,Not Recorded,none,75288,,,100.0 mg,mg,100,none,TRUE,TRUE,sugammadex
ANES vasopressin 200 unit/500 mL NS drip,FALSE,Medication,pressor,vasopressor,ANES vasopressin 20 unit/50 mL NS drip,Not Recorded,50.0 mL,6369,mL,50,20.0 unit,unit,20,20.0 unit/50.0 ML,TRUE,TRUE,vasopressin 100 drip
ANES vasopressin 200 unit/500 mL NS drip,FALSE,Medication,pressor,vasopressor,ANES vasopressin 20 unit/50 mL NS drip,Not Recorded,50.0 mL,6369,mL,50,20.0 unit,unit,20,20.0 unit/50.0 ML,TRUE,TRUE,vasopression 20 unit drip
vasopressin,FALSE,Medication,pressor,vasopressor,ANES vasopressin 20 unit/50 mL NS drip,Not Recorded,50.0 mL,6369,mL,50,20.0 unit,unit,20,20.0 unit/50.0 ML,TRUE,TRUE,vasopression 20 unit drip
ANES vasopressin 200 unit/500 mL NS drip,FALSE,Medication,pressor,vasopressor,ANES vasopressin 20 unit/50 mL NS drip,Not Recorded,50.0 mL,215,mL,50,20.0 unit,unit,20,20.0 unit/50.0 ML,TRUE,TRUE,vasopressin 100 drip
ANES vasopressin 200 unit/500 mL NS drip,FALSE,Medication,pressor,vasopressor,ANES vasopressin 20 unit/50 mL NS drip,Not Recorded,50.0 mL,215,mL,50,20.0 unit,unit,20,20.0 unit/50.0 ML,TRUE,TRUE,vasopression 20 unit drip
vasopressin,FALSE,Medication,pressor,vasopressor,ANES vasopressin 20 unit/50 mL NS drip,Not Recorded,50.0 mL,215,mL,50,20.0 unit,unit,20,20.0 unit/50.0 ML,TRUE,TRUE,vasopression 20 unit drip
ANES vasopressin 200 unit/500 mL NS drip,FALSE,Medication,pressor,vasopressor,ANES vasopressin 20 unit/50 mL NS drip,Not Recorded,50.0 mL,12614,mL,50,20.0 unit,unit,20,20.0 unit/50.0 ML,TRUE,TRUE,vasopressin 100 drip
ANES vasopressin 200 unit/500 mL NS drip,FALSE,Medication,pressor,vasopressor,ANES vasopressin 20 unit/50 mL NS drip,Not Recorded,50.0 mL,12614,mL,50,20.0 unit,unit,20,20.0 unit/50.0 ML,TRUE,TRUE,vasopression 20 unit drip
vasopressin,FALSE,Medication,pressor,vasopressor,ANES vasopressin 20 unit/50 mL NS drip,Not Recorded,50.0 mL,12614,mL,50,20.0 unit,unit,20,20.0 unit/50.0 ML,TRUE,TRUE,vasopression 20 unit drip
verapamil,FALSE,Medication,bp_lowering,other,ANES verapamil 100 mcg/mL CATH LAB,Not Recorded,none,1,,,100.0 mcg,mcg,100,none,TRUE,TRUE,verapamil
mycophenolate mofetil,FALSE,Medication,other,other,ANESMycophenolate 500 mg inj,Not Recorded,none,2,,,500.0 mg,mg,500,none,FALSE,TRUE,mycophenolate
abatacept,FALSE,Medication,other,other,Abatacept 250 mg inj,Not Recorded,none,124,,,250.0 mg,mg,250,none,FALSE,FALSE,abatacept
abciximab,FALSE,Medication,other,other,Abciximab 10 mg/5 mL inj,Not Recorded,5.0 mL,70,mL,5,10.0 mg,mg,10,10.0 mg/5.0 ML,FALSE,FALSE,abciximab
abciximab,FALSE,Medication,other,other,Abciximab 10 mg/5 mL inj ADD,Micrograms/Minute,5.0 mL,292,mL,5,10.0 mg,mg,10,10.0 mg/5.0 ML,FALSE,FALSE,abciximab ADD
acetaZOLAMIDE,FALSE,Medication,diuretic,other,AcetaZOLAMIDE 250 mg tab,Not Recorded,none,1,,,250.0 mg,mg,250,none,FALSE,FALSE,acetaZOLAMIDE
acetaZOLAMIDE,FALSE,Medication,diuretic,other,AcetaZOLAMIDE 500 mg inj,Not Recorded,none,10966,,,500.0 mg,mg,500,none,FALSE,FALSE,acetaZOLAMIDE
,,,,,Acetaminophen 100 mg/mL Ped liq BULK btl.,Not Recorded,none,1,,,100.0 mg,mg,100,none,TRUE,FALSE,
acetaminophen,FALSE,Medication,analgesic,non-opioid,Acetaminophen 1000mg/100mL IVPB,Not Recorded,100.0 mL,94592,mL,100,1000.0 mg,mg,1000,1000.0 mg/100.0 ML,TRUE,FALSE,acetaminophen
,,,,,Acetaminophen 100mg/mL Ped oral syringe,Not Recorded,none,1,,,100.0 mg,mg,100,none,FALSE,FALSE,
acetaminophen,FALSE,Medication,analgesic,non-opioid,Acetaminophen 120 mg supp,Not Recorded,none,1,,,120.0 mg,mg,120,none,FALSE,FALSE,acetaminophen
acetaminophen,FALSE,Medication,analgesic,non-opioid,Acetaminophen 160 mg/5 mL liq. 120mL,Not Recorded,5.0 mL,2,mL,5,160.0 mg,mg,160,160.0 mg/5.0 ML,TRUE,FALSE,acetaminophen
acetaminophen,FALSE,Medication,analgesic,non-opioid,Acetaminophen 325 mg supp,Not Recorded,none,4,,,325.0 mg,mg,325,none,FALSE,FALSE,acetaminophen
acetaminophen,FALSE,Medication,analgesic,non-opioid,Acetaminophen 325 mg tab,Not Recorded,none,531,,,325.0 mg,mg,325,none,FALSE,FALSE,acetaminophen
acetaminophen,FALSE,Medication,analgesic,non-opioid,Acetaminophen 650 mg supp,Not Recorded,none,33,,,650.0 mg,mg,650,none,FALSE,FALSE,acetaminophen
acetaminophen,FALSE,Medication,analgesic,non-opioid,Acetaminophen 650/20.3  mL liq,Not Recorded,20.3 mL,11,mL,20.3,none,,,none,TRUE,FALSE,acetaminophen
Acetylcholine I-coronary 0.18mcg/mL Low conc. 20mL syringe,FALSE,Medication,other,other,Acetylcholine I-coronary 0.18mcg/mL Low conc. 20mL syringe,Not Recorded,20.0 mL,17,mL,20,0.18 mcg,mcg,0.18,none,FALSE,FALSE,acetylcholine i-cornonary low conc.
Acetylcholine I-coronary 18mcg/mL High conc. 20mL syringe,FALSE,Medication,other,other,Acetylcholine I-coronary 18mcg/mL High conc. 20mL syringe,Not Recorded,20.0 mL,17,mL,20,18.0 mcg,mcg,18,none,FALSE,FALSE,acetylcholine i-cornonary High conc.
,,,,,Acetylcysteine 10% Sol 10 mL,Not Recorded,10.0 mL,1,mL,10,none,,,none,TRUE,FALSE,
acetylcysteine,FALSE,Medication,other,other,Acetylcysteine 20% High dose oral 2000mg,Not Recorded,none,1,,,2000.0 mg,mg,2000,none,FALSE,FALSE,acetylcysteine 20%
acetylcysteine,FALSE,Medication,other,other,Acetylcysteine 20% IV injection,Not Recorded,none,19309,,,none,,,none,FALSE,FALSE,acetylcysteine
acetylcysteine,FALSE,Medication,other,other,Acetylcysteine 20% IV injection,Not Recorded,none,19309,,,none,,,none,FALSE,FALSE,acetylcysteine 20%
acetylcysteine,FALSE,Medication,other,other,Acetylcysteine 20% IV injection,Not Recorded,none,19309,,,none,,,none,FALSE,FALSE,acetylcysteine 20% injection
acetylcysteine,FALSE,Medication,other,other,Acetylcysteine 20% IV injection,Not Recorded,none,6425,,,none,,,none,FALSE,FALSE,acetylcysteine
acetylcysteine,FALSE,Medication,other,other,Acetylcysteine 20% IV injection,Not Recorded,none,6425,,,none,,,none,FALSE,FALSE,acetylcysteine 20%
acetylcysteine,FALSE,Medication,other,other,Acetylcysteine 20% IV injection,Not Recorded,none,6425,,,none,,,none,FALSE,FALSE,acetylcysteine 20% injection
acetylcysteine,FALSE,Medication,other,other,Acetylcysteine 20% IV injection,Not Recorded,none,8956,,,none,,,none,FALSE,FALSE,acetylcysteine
acetylcysteine,FALSE,Medication,other,other,Acetylcysteine 20% IV injection,Not Recorded,none,8956,,,none,,,none,FALSE,FALSE,acetylcysteine 20%
acetylcysteine,FALSE,Medication,other,other,Acetylcysteine 20% IV injection,Not Recorded,none,8956,,,none,,,none,FALSE,FALSE,acetylcysteine 20% injection
acyclovir,FALSE,Medication,anti-infective,antiviral,Acyclovir 1gm inj,Not Recorded,none,11137,,,1.0 gm,gm,1,none,FALSE,FALSE,acyclovir
,,,,,Acyclovir 500 mg inj,Not Recorded,none,169,,,500.0 mg,mg,500,none,FALSE,FALSE,
acyclovir,FALSE,Medication,anti-infective,antiviral,Acyclovir 500mg/10mL inj,Not Recorded,10.0 mL,33954,mL,10,500.0 mg,mg,500,500.0 mg/10.0 ML,FALSE,FALSE,acyclovir
acyclovir,FALSE,Medication,anti-infective,antiviral,Acyclovir 7mg/mL/NS neonate syringe,Not Recorded,none,96,,,7.0 mg,mg,7,none,FALSE,FALSE,acyclovir in NS syringe
acyclovir,FALSE,Medication,anti-infective,antiviral,Acyclovir 800 mg tablet,Not Recorded,none,1,,,800.0 mg,mg,800,none,FALSE,FALSE,acyclovir
,,,,,Adenosine 180 mg/90 mL D5W DBL CATH LAB,Not Recorded,90.0 mL,9,mL,90,180.0 mg,mg,180,180.0 mg/90.0 ML,TRUE,FALSE,
adenosine,FALSE,Medication,antiarrhythmics,other,Adenosine 3 mg/mL inj 20mL for cath lab,Not Recorded,20.0 mL,301,mL,20,3.0 mg,mg,3,none,FALSE,FALSE,adenosine
,,,,,Adenosine 3 mg/mL inj 30mL Nuc Med/CARD MRI,Not Recorded,30.0 mL,2,mL,30,3.0 mg,mg,3,none,FALSE,FALSE,
adenosine,FALSE,Medication,antiarrhythmics,other,Adenosine 3 mg/mL inj 30mL Nuclear Medicine,Not Recorded,30.0 mL,3,mL,30,3.0 mg,mg,3,none,FALSE,FALSE,adenosine
adenosine,FALSE,Medication,antiarrhythmics,other,Adenosine 3mg/mL iv neonate,Not Recorded,none,1,,,3.0 mg,mg,3,none,TRUE,FALSE,adenosine
adenosine,FALSE,Medication,antiarrhythmics,other,Adenosine 5mg/250mL NS CATH LAB,Not Recorded,250.0 mL,236,mL,250,5.0 mg,mg,5,5.0 mg/250.0 ML,TRUE,FALSE,adenosine/ns
adenosine,FALSE,Medication,antiarrhythmics,other,Adenosine 6 mg/2 mL inj,Not Recorded,2.0 mL,4859,mL,2,6.0 mg,mg,6,6.0 mg/2.0 ML,FALSE,FALSE,adenosine
,,,,,Adenosine 90 mg/NS 50mL,Not Recorded,50.0 mL,12,mL,50,90.0 mg,mg,90,none,TRUE,FALSE,
ado-trastuzumab emtansine,FALSE,Medication,other,other,Ado-Trastuzumab emtansine 100mg inj.,Not Recorded,none,1,,,100.0 mg,mg,100,none,FALSE,FALSE,ado-trastuzumab emtansine
Al hydroxide/Mg hydroxide/simethicone,FALSE,Medication,other,other,Al/Mg hydrox/Simeth (Maalox) liq,Not Recorded,none,1,,,none,,,none,TRUE,FALSE,Al/Mg hydrox/Simeth liq
,,,,,Al/Mg hydrox/Simeth (Maalox) liq 30mL UD,Not Recorded,30.0 mL,1,mL,30,none,,,none,TRUE,FALSE,
albumin human,TRUE,Natural Colloid,fluid_electrolyte,other,Albumin 5% 50 mL (2.5gm) inj,Not Recorded,50.0 mL,14,mL,50,2.5 gm,gm,2.5,none,FALSE,FALSE,albumin 5%
albumin human,TRUE,Natural Colloid,fluid_electrolyte,other,Albumin Human 25% 100mL,Not Recorded,100.0 mL,6304,mL,100,none,,,none,TRUE,FALSE,albumin 25%
albumin human,TRUE,Natural Colloid,fluid_electrolyte,other,Albumin Human 25% 50mL,Not Recorded,50.0 mL,77694,mL,50,none,,,none,TRUE,FALSE,albumin 25%
albumin human,TRUE,Natural Colloid,fluid_electrolyte,other,Albumin Human 5% 250 mL,Not Recorded,250.0 mL,75690,mL,250,none,,,none,TRUE,FALSE,albumin 5%
albumin human,TRUE,Natural Colloid,fluid_electrolyte,other,Albumin Human 5% 500 mL (OR USE ONLY),Not Recorded,500.0 mL,50485,mL,500,none,,,none,TRUE,FALSE,albumin 5%
albuterol,FALSE,Medication,other,other,Albuterol 5 mg/mL inhale 20mL soln.,Not Recorded,20.0 mL,1,mL,20,5.0 mg,mg,5,none,FALSE,FALSE,albuterol
albuterol,FALSE,Medication,other,other,Albuterol 70mg (10mg/hr) cont. inhalation,Not Recorded,none,3,,,70.0 mg,mg,70,none,FALSE,FALSE,albuterol inhale
,,,,,Albuterol Aerosol Inhaler,Not Recorded,none,301,,,none,,,none,FALSE,FALSE,
,,,,,Albuterol Aerosol Inhaler (Selfuse),Not Recorded,none,3,,,none,,,none,FALSE,FALSE,
,,,,,Albuterol Aerosol Inhaler (WW),Not Recorded,none,6,,,none,,,none,FALSE,FALSE,
albuterol,FALSE,Medication,other,other,Albuterol CFC free 90 mcg/inh aero,Not Recorded,none,194,,,90.0 mcg,mcg,90,none,FALSE,FALSE,albuterol
,,,,,Albuterol CFC free 90 mcg/inh aero.,Not Recorded,none,3,,,90.0 mcg,mcg,90,none,FALSE,FALSE,
ethanol,FALSE,Medication,other,other,Alcohol (Dehydrated) 1mL inj,Not Recorded,1.0 mL,4,mL,1,none,,,none,FALSE,FALSE,ethyl alcohol
ethanol,FALSE,Medication,other,other,"Alcohol, Ethyl (Dehydrated) 5 mL inj",Not Recorded,5.0 mL,97,mL,5,none,,,none,FALSE,FALSE,"alcohol, ethyl"
aldesleukin,FALSE,Medication,other,other,"Aldesleukin 22,000,000 unit(s) inj",Not Recorded,none,337,,,22000000.0 unit,unit,22000000,none,FALSE,FALSE,aldesleukin
alemtuzumab,FALSE,Medication,other,other,Alemtuzumab 30 mg/mL inj,Not Recorded,none,102,,,30.0 mg,mg,30,none,FALSE,FALSE,alemtuzumab
allopurinol,FALSE,Medication,other,other,Allopurinol 500 mg inj,Not Recorded,none,255,,,500.0 mg,mg,500,none,FALSE,FALSE,allopurinol
ALPRAZolam,FALSE,Medication,sedative,benzodiazepine,Alprazolam 0.5 mg tab,Not Recorded,none,1,,,0.5 mg,mg,0.5,none,FALSE,FALSE,alprazolam
alprostadil,FALSE,Medication,bp_lowering,other,Alprostadil 500 mcg inj,Not Recorded,none,195,,,500.0 mcg,mcg,500,none,FALSE,FALSE,alprostadil
alteplase,FALSE,Medication,other,other,Alteplase 100 mg inj,Not Recorded,none,952,,,100.0 mg,mg,100,none,FALSE,FALSE,"alteplase, t-pa"
alteplase,FALSE,Medication,other,other,Alteplase 100 mg inj ADD,Not Recorded,none,4452,,,100.0 mg,mg,100,none,FALSE,FALSE,"alteplase, t-pa ADD"
alteplase,FALSE,Medication,other,other,Alteplase 1mg/mL for Stroke protocol use only,Not Recorded,none,665,,,1.0 mg,mg,1,none,TRUE,FALSE,alteplase
alteplase,FALSE,Medication,other,other,Alteplase 2 mg inj for drip,Not Recorded,none,2150,,,2.0 mg,mg,2,none,FALSE,FALSE,alteplase for drip
alteplase,FALSE,Medication,other,other,Alteplase 30mg/30mL NS for Chest Tube,Not Recorded,30.0 mL,3,mL,30,30.0 mg,mg,30,30.0 mg/30.0 ML,TRUE,FALSE,alteplase in syringe
alteplase,FALSE,Medication,other,other,Alteplase 50 mg inj,Not Recorded,none,2414,,,50.0 mg,mg,50,none,FALSE,FALSE,alteplase
alteplase,FALSE,Medication,other,other,Alteplase 50 mg inj ADD,Not Recorded,none,354,,,50.0 mg,mg,50,none,FALSE,FALSE,"alteplase, t-pa ADD"
alteplase,FALSE,Medication,other,other,Alteplase Intrathecal/Intravent syringe,Not Recorded,none,9,,,none,,,none,FALSE,FALSE,alteplase intra-thecal syringe
alteplase,FALSE,Medication,other,other,"Alteplase,Cathflo 2 mg inj",Not Recorded,none,42229,,,2.0 mg,mg,2,none,FALSE,FALSE,alteplase
alteplase,FALSE,Medication,other,other,"Alteplase,Cathflo 20mg/20mL syringe for i-arterial",Not Recorded,20.0 mL,41,mL,20,20.0 mg,mg,20,20.0 mg/20.0 ML,FALSE,FALSE,alteplase in syringe
amifostine,FALSE,Medication,other,other,Amifostine 500 mg inj,Not Recorded,none,1,,,500.0 mg,mg,500,none,FALSE,FALSE,amifostine
amikacin,FALSE,Medication,anti-infective,aminoglycosides,Amikacin Nebulized Soln.,Not Recorded,none,1,,,none,,,none,TRUE,FALSE,amikacin
amikacin,FALSE,Medication,anti-infective,aminoglycosides,Amikacin Sulf. 1000mg/4mL inj,Not Recorded,4.0 mL,591,mL,4,1000.0 mg,mg,1000,1000.0 mg/4.0 ML,FALSE,FALSE,amikacin
amikacin,FALSE,Medication,anti-infective,aminoglycosides,Amikacin Sulfate 500 mg/ 2 mL inj,Not Recorded,2.0 mL,1051,mL,2,500.0 mg,mg,500,500.0 mg/2.0 ML,FALSE,FALSE,amikacin
Amino Acid 3% UAC Line Fluid,FALSE,Medication,other,other,Amino Acid 3% UAC Line Fluid,Not Recorded,none,27,,,none,,,none,TRUE,FALSE,amino acid 3% UAC
Amino Acid Injection 50gm/1000ml,TRUE,Parenteral Nutrition,other,other,Amino Acid Injection 50gm/1000ml for Lutathera,Not Recorded,1000.0 mL,701,mL,1000,50.0 gm,gm,50,none,FALSE,FALSE,Amino Acid Injection 50gm/1000ml for Lutathera
,,,,,Amino Acids 10% (Trophamine) 500mL,Not Recorded,500.0 mL,14,mL,500,none,,,none,TRUE,FALSE,
Amino Acids 15% (Clinisol Sulfite-Free),TRUE,Parenteral Nutrition,other,other,Amino Acids 15% (Clinisol) inv. protocol AAA-177Lu-03,Not Recorded,none,38,,,none,,,none,TRUE,FALSE,Amino Acids 15% (Clinisol) inv. protocol AAA-177Lu-03
Amino Acids 3% and Glycerin 3% with Electrolytes (ProcalAmine) intravenous solution,TRUE,Electrolyte Solution,other,other,Amino Acids 3% and Glycerin 3% / Lytes (ProcalAmine) 1000 mL,Not Recorded,1000.0 mL,13791,mL,1000,none,,,none,TRUE,FALSE,Amino acid Lytes 3% / Glycerin 3%
aminocaproic acid,FALSE,Medication,other,other,Aminocaproic 500 mg tab,Not Recorded,none,2,,,500.0 mg,mg,500,none,FALSE,FALSE,aminocaproic acid
aminocaproic acid,FALSE,Medication,other,other,Aminocaproic 5gm/20 mL inj,Not Recorded,20.0 mL,26876,mL,20,5.0 gm,gm,5,none,FALSE,FALSE,aminocaproic acid
aminocaproic acid,FALSE,Medication,other,other,Aminocaproic acid 250mg/mL oral syrup,Not Recorded,none,13,,,250.0 mg,mg,250,none,FALSE,FALSE,aminocaproic acid
aminophylline,FALSE,Medication,other,other,Aminophylline 250 mg/ 10 mL inj,Not Recorded,10.0 mL,4,mL,10,250.0 mg,mg,250,250.0 mg/10.0 ML,FALSE,FALSE,aminophylline
aminophylline,FALSE,Medication,other,other,Aminophylline 500 mg/ 20 mL inj,Not Recorded,20.0 mL,51,mL,20,500.0 mg,mg,500,500.0 mg/20.0 ML,FALSE,FALSE,aminophylline
aminophylline,FALSE,Medication,other,other,Aminophylline 5mg/mL for ped syringe,Not Recorded,none,1,,,5.0 mg,mg,5,none,FALSE,FALSE,aminophylline/ns
parenteral nutrition solution,TRUE,Parenteral Nutrition,other,other,Aminosyn II 10% Solution 2000 mL (amino acid injection),Not Recorded,2000.0 mL,46,mL,2000,none,,,none,FALSE,FALSE,amino acids 10%
,,,,,Amiodarone 150 mg/100 mL Bolus,Not Recorded,100.0 mL,3165,mL,100,150.0 mg,mg,150,150.0 mg/100.0 ML,TRUE,FALSE,
,,,,,Amiodarone 150 mg/100 mL Bolus,Not Recorded,100.0 mL,792,mL,100,150.0 mg,mg,150,150.0 mg/100.0 ML,TRUE,FALSE,
amiodarone,FALSE,Medication,antiarrhythmics,other,Amiodarone 150 mg/100 mL iso-dex Bolus,Not Recorded,100.0 mL,30110,mL,100,150.0 mg,mg,150,150.0 mg/100.0 ML,TRUE,FALSE,amiodarone in iso-dex
amiodarone,FALSE,Medication,antiarrhythmics,other,Amiodarone 150 mg/3 mL inj,Milligrams/Minute,3.0 mL,639678,mL,3,150.0 mg,mg,150,150.0 mg/3.0 ML,FALSE,FALSE,amiodarone
amiodarone,FALSE,Medication,antiarrhythmics,other,Amiodarone 200 mg tab,Not Recorded,none,19,,,200.0 mg,mg,200,none,FALSE,FALSE,amiodarone
amiodarone,FALSE,Medication,antiarrhythmics,other,Amiodarone 450 mg/9 mL inj,Not Recorded,9.0 mL,46967,mL,9,450.0 mg,mg,450,450.0 mg/9.0 ML,FALSE,FALSE,amiodarone
amiodarone,FALSE,Medication,antiarrhythmics,other,Amiodarone 900 mg Drip,Not Recorded,none,24,,,900.0 mg,mg,900,none,TRUE,FALSE,amiodarone 900 mg drip
amobarbital,FALSE,Medication,other,other,Amobarbital 500 mg inj,Not Recorded,none,1,,,500.0 mg,mg,500,none,FALSE,FALSE,amobarbital
amphotericin B liposomal,FALSE,Medication,anti-infective,antifungals,Amphotericin  liposomal  50 mg inj (Ambisome),Not Recorded,none,6039,,,50.0 mg,mg,50,none,FALSE,FALSE,amphotericin b liposome
amphotericin B,FALSE,Medication,anti-infective,antifungals,Amphotericin-B 50 mg inj,Not Recorded,none,19,,,50.0 mg,mg,50,none,FALSE,FALSE,amphotericin B
,,,,,Amphotericin-B 5mg/mL/D5W neonate syringe,Not Recorded,none,1,,,5.0 mg,mg,5,none,FALSE,FALSE,
ampicillin,FALSE,Medication,anti-infective,penicillins,Ampicillin 0.01mg/mL for Desensitization,Not Recorded,none,3,,,0.01 mg,mg,0.01,none,TRUE,FALSE,ampicillin/ns for desensitization
ampicillin,FALSE,Medication,anti-infective,penicillins,Ampicillin 0.1mg/mL for Desensitization,Not Recorded,none,3,,,0.1 mg,mg,0.1,none,TRUE,FALSE,ampicillin/ns for desensitization
ampicillin,FALSE,Medication,anti-infective,penicillins,Ampicillin 10 gm inj,Not Recorded,none,580,,,10.0 gm,gm,10,none,FALSE,FALSE,ampicillin
ampicillin,FALSE,Medication,anti-infective,penicillins,Ampicillin 10mg/mL for Desensitization,Not Recorded,none,3,,,10.0 mg,mg,10,none,TRUE,FALSE,ampicillin/ns for desensitization
ampicillin,FALSE,Medication,anti-infective,penicillins,Ampicillin 1gm IVPB,Not Recorded,none,4442,,,1.0 gm,gm,1,none,TRUE,FALSE,ampicillin in ns
ampicillin,FALSE,Medication,anti-infective,penicillins,Ampicillin 1gm inj,Not Recorded,none,2635,,,1.0 gm,gm,1,none,FALSE,FALSE,ampicillin
ampicillin,FALSE,Medication,anti-infective,penicillins,Ampicillin 2 gm inj,Not Recorded,none,11900,,,2.0 gm,gm,2,none,FALSE,FALSE,ampicillin
ampicillin,FALSE,Medication,anti-infective,penicillins,Ampicillin 250 mg inj,Not Recorded,none,87,,,250.0 mg,mg,250,none,FALSE,FALSE,ampicillin
ampicillin,FALSE,Medication,anti-infective,penicillins,Ampicillin 2gm IVPB,Not Recorded,none,36652,,,2.0 gm,gm,2,none,TRUE,FALSE,ampicillin in ns
ampicillin,FALSE,Medication,anti-infective,penicillins,Ampicillin 500 mg inj,Not Recorded,none,975,,,500.0 mg,mg,500,none,FALSE,FALSE,ampicillin
ampicillin,FALSE,Medication,anti-infective,penicillins,Ampicillin 500mg IVPB,Not Recorded,none,197,,,500.0 mg,mg,500,none,TRUE,FALSE,ampicillin in ns
ampicillin,FALSE,Medication,anti-infective,penicillins,Ampicillin 50mg/mL for Desensitization,Not Recorded,none,3,,,50.0 mg,mg,50,none,TRUE,FALSE,ampicillin/ns for desensitization
ampicillin-sulbactam,FALSE,Medication,anti-infective,penicillins,Ampicillin-Sulbactam  1.5gm inj,Not Recorded,none,3210,,,1.5 gm,gm,1.5,none,FALSE,FALSE,ampicillin-sulbactam
ampicillin-sulbactam,FALSE,Medication,anti-infective,penicillins,Ampicillin-Sulbactam 3gm inj,Not Recorded,none,14266,,,3.0 gm,gm,3,none,FALSE,FALSE,ampicillin-sulbactam
ampicillin-sulbactam,FALSE,Medication,anti-infective,penicillins,Ampicillin/Sulbactam 1.5gm IVPB,Not Recorded,none,8173,,,1.5 gm,gm,1.5,none,TRUE,FALSE,ampicil/sulbact in ns
ampicillin-sulbactam,FALSE,Medication,anti-infective,penicillins,Ampicillin/Sulbactam 3gm  IVPB,Not Recorded,none,103154,,,3.0 gm,gm,3,none,TRUE,FALSE,Ampicil/sulbact in ns
Angiotensin II,FALSE,Medication,pressor,vasopressor,Angiotensin II 2.5mg/ml,ng/kg/min,none,17322,,,2.5 mg,mg,2.5,none,TRUE,FALSE,angiotensin II
anti-thymocyte globulin (rabbit),FALSE,Medication,other,other,Anti-Thymocyte Globulin (Rabbit) 25 mg/5 mL,Not Recorded,5.0 mL,4136,mL,5,25.0 mg,mg,25,25.0 mg/5.0 ML,TRUE,FALSE,anti-thymocyt globulin(rabbit)
anti-thymocyte globulin (rabbit),FALSE,Medication,other,other,Anti-Thymocyte Globulin for study,Not Recorded,none,5,,,none,,,none,TRUE,FALSE,thymocyt glob/PBO p# ITN028A1
anti-thymocyte globulin (rabbit),FALSE,Medication,other,other,Anti-Thymocyte Globulin for study2,Not Recorded,none,3,,,none,,,none,TRUE,FALSE,thymocyt glob p#thymo102700103
,,,,,Anticoagulant Citrate B 500 mL,Not Recorded,500.0 mL,1,mL,500,none,,,none,TRUE,FALSE,
Anticoagulant Citrate Soln,FALSE,Medication,other,other,Anticoagulant Citrate Dextrose A 1000mL,Not Recorded,1000.0 mL,68,mL,1000,none,,,none,TRUE,FALSE,Anticoagulant citrate dext-A
Anticoagulant Citrate Soln,FALSE,Medication,other,other,Anticoagulant Citrate Soln-A 500mL,Not Recorded,500.0 mL,89,mL,500,none,,,none,TRUE,FALSE,anticoagulant citrate dext-A
antihemophilic factor-von Willebrand factor inj,FALSE,Medication,other,other,Antihemophilic factor-von Willebrand factor Bolus,Not Recorded,none,126,,,none,,,none,TRUE,FALSE,antihemophilic factor-von Willebrand in syringe
antihemophilic factor-von Willebrand factor inj,FALSE,Medication,other,other,Antihemophilic factor-von Willebrand factor inj,Not Recorded,none,119,,,none,,,none,FALSE,FALSE,antihemophilic factor-von Willebrand
antithrombin III,FALSE,Medication,other,other,Antithrombin III 500 units bolus,Not Recorded,none,426,,,500.0 unit,unit,500,none,TRUE,FALSE,antithrombin III in syringe
antithrombin III,FALSE,Medication,other,other,Antithrombin III 500 units-bolus,Not Recorded,none,433,,,500.0 unit,unit,500,none,TRUE,FALSE,antithrombin III in syringe
antithrombin III,FALSE,Medication,other,other,Antithrombin III 500 units-bolus,Not Recorded,none,433,,,500.0 unit,unit,500,none,TRUE,FALSE,antithrombin III
antithrombin III,FALSE,Medication,other,other,Antithrombin III 500 units-bolus,Not Recorded,none,15,,,500.0 unit,unit,500,none,TRUE,FALSE,antithrombin III in syringe
antithrombin III,FALSE,Medication,other,other,Antithrombin III 500 units-bolus,Not Recorded,none,15,,,500.0 unit,unit,500,none,TRUE,FALSE,antithrombin III
antithrombin III,FALSE,Medication,other,other,Antithrombin III 500 units-bolus (OR CHARGE),Not Recorded,none,13,,,500.0 unit,unit,500,none,TRUE,FALSE,antithrombin III
antivenin (Crotalidae) polyvalent,FALSE,Medication,other,other,Antivenin (Crotalidae) polyvalent inj,Not Recorded,none,69,,,none,,,none,FALSE,FALSE,"crotalidae, antivenin"
aprepitant,FALSE,Medication,other,other,Aprepitant 125 mg cap,Not Recorded,none,1,,,125.0 mg,mg,125,none,FALSE,FALSE,aprepitant
,,,,,Aprepitant 125 mg-80 mg kit,Not Recorded,none,1,,,125.0 mg,mg,125,none,FALSE,FALSE,
aprepitant,FALSE,Medication,other,other,Aprepitant 40 mg caps,Not Recorded,none,327,,,40.0 mg,mg,40,none,FALSE,FALSE,aprepitant
aprepitant,FALSE,Medication,other,other,Aprepitant 80 mg cap,Not Recorded,none,45,,,80.0 mg,mg,80,none,FALSE,FALSE,aprepitant
argatroban,FALSE,Medication,other,other,Argatroban 250 mg vial,Not Recorded,none,128662,,,250.0 mg,mg,250,none,FALSE,FALSE,argatroban
arginine,FALSE,Medication,other,other,Arginine 10% 300 mL,Not Recorded,300.0 mL,498,mL,300,none,,,none,TRUE,FALSE,arginine 10%
arsenic trioxide,FALSE,Medication,other,other,Arsenic 10mg/10mL inj,Not Recorded,10.0 mL,1009,mL,10,10.0 mg,mg,10,10.0 mg/10.0 ML,FALSE,FALSE,arsenic trioxide
ascorbic acid,FALSE,Medication,vitamin_supplement,other,Ascorbic 500 mg/mL 50 mL inj,Not Recorded,50.0 mL,15274,mL,50,500.0 mg,mg,500,none,FALSE,FALSE,ascorbic acid
ascorbic acid,FALSE,Medication,vitamin_supplement,other,Ascorbic Acid 500 mg tab,Not Recorded,none,2,,,500.0 mg,mg,500,none,FALSE,FALSE,ascorbic acid
,,,,,Ascorbic Acid 500mg inj,Not Recorded,none,9,,,500.0 mg,mg,500,none,FALSE,FALSE,
ascorbic acid,FALSE,Medication,vitamin_supplement,other,Ascorbic acid 500 mg/mL 1mL inj,Not Recorded,1.0 mL,311,mL,1,500.0 mg,mg,500,none,FALSE,FALSE,ascorbic acid
aspirin,FALSE,Medication,analgesic,nsaid,Aspirin 300 mg supp,Not Recorded,none,4,,,300.0 mg,mg,300,none,FALSE,FALSE,aspirin
aspirin,FALSE,Medication,analgesic,nsaid,Aspirin 325 mg tab,Not Recorded,none,33,,,325.0 mg,mg,325,none,FALSE,FALSE,aspirin
aspirin,FALSE,Medication,analgesic,nsaid,Aspirin 600 mg supp,Not Recorded,none,1,,,600.0 mg,mg,600,none,FALSE,FALSE,aspirin
aspirin,FALSE,Medication,analgesic,nsaid,Aspirin 81 mg chew tab,Not Recorded,none,78,,,81.0 mg,mg,81,none,FALSE,FALSE,aspirin chewable
Al hydroxide/ASA/Ca carbonate/Mg hydroxide,FALSE,Medication,other,other,Aspirin Buffered 325 mg tab,Not Recorded,none,43,,,325.0 mg,mg,325,none,FALSE,FALSE,"aspirin, buffered"
aspirin,FALSE,Medication,analgesic,nsaid,Aspirin Buffered 325 mg tab,Not Recorded,none,43,,,325.0 mg,mg,325,none,FALSE,FALSE,"aspirin, buffered"
aspirin,FALSE,Medication,analgesic,nsaid,Aspirin EC 325 mg tab,Not Recorded,none,100,,,325.0 mg,mg,325,none,FALSE,FALSE,aspirin ec
,,,,,Atorvastatin 80 mg tab,Not Recorded,none,1,,,80.0 mg,mg,80,none,FALSE,FALSE,
,,,,,Atracurium 50 mg/5 mL inj,Microgram/Kilogram/Minute,5.0 mL,42,mL,5,50.0 mg,mg,50,50.0 mg/5.0 ML,FALSE,FALSE,
atropine,FALSE,Medication,anticholinergic,other,Atropine 0.4mg/mL 20mL,Not Recorded,20.0 mL,8,mL,20,0.4 mg,mg,0.4,none,TRUE,FALSE,atropine
atropine,FALSE,Medication,anticholinergic,other,Atropine 0.5mg/5mL inj,Not Recorded,5.0 mL,47,mL,5,0.5 mg,mg,0.5,0.5 mg/5.0 ML,FALSE,FALSE,atropine
atropine,FALSE,Medication,anticholinergic,other,Atropine 1 mg/1 mL inj,Not Recorded,1.0 mL,241,mL,1,1.0 mg,mg,1,1.0 mg/1.0 ML,FALSE,FALSE,atropine
atropine,FALSE,Medication,anticholinergic,other,Atropine Sulfate 0.4 mg/ 1mL inj,Not Recorded,1.0 mL,2066,mL,1,0.4 mg,mg,0.4,0.4 mg/1.0 ML,FALSE,FALSE,atropine
atropine,FALSE,Medication,anticholinergic,other,Atropine Sulfate 1 mg/10 mL inj,Not Recorded,10.0 mL,1924,mL,10,1.0 mg,mg,1,1.0 mg/10.0 ML,FALSE,FALSE,atropine sulfate
avibactam-cefTAZidime,FALSE,Medication,anti-infective,cephalosporins,Avibactam-CefTAZidime 2.5 gm inj,Not Recorded,none,6161,,,2.5 gm,gm,2.5,none,FALSE,FALSE,avibactam-cefTAZidime
azaCITIDine,FALSE,Medication,other,other,Azacitidine 100 mg/10mL inj (IV),Not Recorded,10.0 mL,452,mL,10,100.0 mg,mg,100,100.0 mg/10.0 ML,FALSE,FALSE,azacitidine
azaCITIDine,FALSE,Medication,other,other,Azacitidine 100 mg/4mL inj (SubQ),Not Recorded,4.0 mL,6,mL,4,100.0 mg,mg,100,100.0 mg/4.0 ML,FALSE,FALSE,azacitidine
azaTHIOprine,FALSE,Medication,other,other,Azathioprine 100 mg inj,Not Recorded,none,25,,,100.0 mg,mg,100,none,FALSE,FALSE,azathioprine
azithromycin,FALSE,Medication,anti-infective,macrolide antibiotics,Azithromycin 100 mg/5 mL susp.,Not Recorded,5.0 mL,1,mL,5,100.0 mg,mg,100,100.0 mg/5.0 ML,TRUE,FALSE,azithromycin
azithromycin,FALSE,Medication,anti-infective,macrolide antibiotics,Azithromycin 250 mg tablet,Not Recorded,none,2,,,250.0 mg,mg,250,none,FALSE,FALSE,azithromycin
azithromycin,FALSE,Medication,anti-infective,macrolide antibiotics,Azithromycin 500 mg inj,Not Recorded,none,598,,,500.0 mg,mg,500,none,FALSE,FALSE,azithromycin
azithromycin,FALSE,Medication,anti-infective,macrolide antibiotics,Azithromycin 500mg/NS 250ml IVPB,Not Recorded,250.0 mL,49426,mL,250,500.0 mg,mg,500,none,TRUE,FALSE,Azithromycin in ns
azithromycin,FALSE,Medication,anti-infective,macrolide antibiotics,Azithromycin 600 mg tab,Not Recorded,none,1,,,600.0 mg,mg,600,none,FALSE,FALSE,azithromycin
aztreonam,FALSE,Medication,anti-infective,monobactams,Aztreonam 1gm/50 mL Iso-Dex IVPB,Not Recorded,50.0 mL,6030,mL,50,1.0 gm,gm,1,none,TRUE,FALSE,aztreonam in Iso-Dex
aztreonam,FALSE,Medication,anti-infective,monobactams,Aztreonam 1gm/50mL NS IVPB,Not Recorded,50.0 mL,6170,mL,50,1.0 gm,gm,1,none,TRUE,FALSE,aztreonam in ns
,,,,,Aztreonam 20mg/mL neonate syringe,Not Recorded,none,60,,,20.0 mg,mg,20,none,FALSE,FALSE,
,,,,,Aztreonam 20mg/mL neonate syringe,Not Recorded,none,1,,,20.0 mg,mg,20,none,FALSE,FALSE,
aztreonam,FALSE,Medication,anti-infective,monobactams,Aztreonam 2gm/100mL NS IVPB,Not Recorded,100.0 mL,6597,mL,100,2.0 gm,gm,2,none,TRUE,FALSE,aztreonam/ns
aztreonam,FALSE,Medication,anti-infective,monobactams,Aztreonam 2gm/50 mL Iso-Dex IVPB,Not Recorded,50.0 mL,10189,mL,50,2.0 gm,gm,2,none,TRUE,FALSE,aztreonam in Iso-Dex
,,,,,Aztreonam 75 mg for Inhalation,Not Recorded,none,3,,,75.0 mg,mg,75,none,FALSE,FALSE,
bacitracin,FALSE,Medication,other,other,"Bacitracin 50,000 unit inj",Not Recorded,none,89,,,50000.0 unit,unit,50000,none,FALSE,FALSE,bacitracin
,,,,,Baclofen 10 mg tab,Not Recorded,none,1,,,10.0 mg,mg,10,none,FALSE,FALSE,
,,,,,"Bag, Empty Sterile (Polyolefin) 2L",Not Recorded,2.0 L,55,L,2,none,,,none,TRUE,FALSE,
"Bag, PCA  Infusion",FALSE,Medication,other,other,"Bag, PCA  Infusion",Not Recorded,none,210,,,none,,,none,TRUE,FALSE,pca -  bag
"bag, sterile",FALSE,Medication,other,other,"Bag, Sterile Empty",Not Recorded,none,647,,,none,,,none,FALSE,FALSE,"Bag, Sterile Empty"
,,,,,"Bag, Sterile Empty for IVPB",Not Recorded,none,108,,,none,,,none,FALSE,FALSE,
,,,,,"Bag, sterile for invst study",Not Recorded,none,2,,,none,,,none,FALSE,FALSE,
basiliximab,FALSE,Medication,other,other,Basiliximab 20mg inj,Not Recorded,none,2647,,,20.0 mg,mg,20,none,FALSE,FALSE,basiliximab
Belatacept,FALSE,Medication,other,other,Belatacept 250mg inj,Not Recorded,none,1990,,,250.0 mg,mg,250,none,FALSE,FALSE,belatacept
,,,,,Bendamustine 100 mg inj,Not Recorded,none,4,,,100.0 mg,mg,100,none,FALSE,FALSE,
bendamustine,FALSE,Medication,other,other,Bendamustine 100 mg/4mL inj,Not Recorded,4.0 mL,70,mL,4,100.0 mg,mg,100,100.0 mg/4.0 ML,FALSE,FALSE,bendamustine
benzocaine topical,FALSE,Medication,other,other,Benzocaine 20% Mouth Gel,Not Recorded,none,1,,,none,,,none,FALSE,FALSE,benzocaine 20%
benzocaine topical,FALSE,Medication,other,other,Benzocaine 20% oral aerosol spray,Not Recorded,none,48,,,none,,,none,FALSE,FALSE,benzocaine 20%
,,,,,Benzocaine topical 20% spray 0.5mL UD,Not Recorded,0.5 mL,1,mL,0.5,none,,,none,FALSE,FALSE,
benztropine,FALSE,Medication,other,other,Benztropine 2 mg/2 mL inj,Not Recorded,2.0 mL,115,mL,2,2.0 mg,mg,2,2.0 mg/2.0 ML,FALSE,FALSE,benztropine
betamethasone,FALSE,Medication,other,other,BetamethPhos/Acetate 6 mg/mL 5 mL inj,Not Recorded,5.0 mL,3,mL,5,6.0 mg,mg,6,none,FALSE,FALSE,betamethasone
bevacizumab,FALSE,Medication,other,other,Bevacizumab 100mg/4mL,Not Recorded,4.0 mL,39,mL,4,100.0 mg,mg,100,100.0 mg/4.0 ML,TRUE,FALSE,bevacizumab
bevacizumab,FALSE,Medication,other,other,Bevacizumab 400mg inj,Not Recorded,none,26,,,400.0 mg,mg,400,none,FALSE,FALSE,bevacizumab
bivalirudin,FALSE,Medication,other,other,Bivalirudin 250mg/NS,Not Recorded,none,71146,,,250.0 mg,mg,250,none,TRUE,FALSE,bivalirudin in ns
bleomycin,FALSE,Medication,other,other,Bleomycin 15 units inj,Not Recorded,none,36,,,15.0 unit,unit,15,none,FALSE,FALSE,bleomycin
bleomycin,FALSE,Medication,other,other,Bleomycin 30 units inj.,Not Recorded,none,2,,,30.0 unit,unit,30,none,FALSE,FALSE,bleomycin
blinatumomab,FALSE,Medication,other,other,Blinatumomab 35 mcg inj,Not Recorded,none,300,,,35.0 mcg,mcg,35,none,FALSE,FALSE,blinatumomab
bortezomib,FALSE,Medication,other,other,Bortezomib 3.5 mg inj (IV),Not Recorded,none,32,,,3.5 mg,mg,3.5,none,FALSE,FALSE,bortezomib
bortezomib,FALSE,Medication,other,other,Bortezomib 3.5 mg inj (SubQ),Not Recorded,none,2,,,3.5 mg,mg,3.5,none,FALSE,FALSE,bortezomib in syringe
ciprofloxacin,FALSE,Medication,anti-infective,fluoroquinolones,Brand necessary-Ciprofloxacin 400mg/200mL D5W premix ivpb,Not Recorded,200.0 mL,4125,mL,200,400.0 mg,mg,400,400.0 mg/200.0 ML,TRUE,FALSE,ciprofloxacin in D5W
brentuximab vedotin,FALSE,Medication,other,other,Brentuximab vedotin 50 mg inj,Not Recorded,none,10,,,50.0 mg,mg,50,none,FALSE,FALSE,brentuximab vedotin
bumetanide,FALSE,Medication,diuretic,other,Bumetanide 0.25 mg/mL 10 mL inj,Milligram/Hour,10.0 mL,50371,mL,10,0.25 mg,mg,0.25,none,FALSE,FALSE,bumetanide
bumetanide,FALSE,Medication,diuretic,other,Bumetanide 1 mg/4 mL inj,Not Recorded,4.0 mL,11559,mL,4,1.0 mg,mg,1,1.0 mg/4.0 ML,FALSE,FALSE,bumetanide
bupivacaine-epinephrine,FALSE,Medication,other,other,Bupivacaine  0.25% w/Epi  30 mL,Not Recorded,30.0 mL,37,mL,30,none,,,none,TRUE,FALSE,bupivacaine 0.25% w/epi
,,,,,Bupivacaine  0.25% w/Epi  PF 30 mL,Not Recorded,30.0 mL,2,mL,30,none,,,none,TRUE,FALSE,
bupivacaine-epinephrine,FALSE,Medication,other,other,Bupivacaine  0.5% w/Epi 10 mL inj,Not Recorded,10.0 mL,10,mL,10,none,,,none,FALSE,FALSE,bupivacaine 0.5% w/epi
bupivacaine,FALSE,Medication,other,other,Bupivacaine 0.25% 30 mL inj,Not Recorded,30.0 mL,19,mL,30,none,,,none,FALSE,FALSE,bupivacaine 0.25%
bupivacaine,FALSE,Medication,other,other,Bupivacaine 0.25% pf  10mL inj,Not Recorded,10.0 mL,13,mL,10,none,,,none,FALSE,FALSE,bupivacaine 0.25% pf
bupivacaine,FALSE,Medication,other,other,Bupivacaine 0.25% pf 30mL inj,Not Recorded,30.0 mL,5,mL,30,none,,,none,FALSE,FALSE,bupivacaine 0.25% pf
bupivacaine,FALSE,Medication,other,other,Bupivacaine 0.5% 10 mL inj,Not Recorded,10.0 mL,152,mL,10,none,,,none,FALSE,FALSE,bupivacaine 0.5%
,,,,,Bupivacaine 0.5% pf 10 mL inj,Not Recorded,10.0 mL,43,mL,10,none,,,none,FALSE,FALSE,
bupivacaine,FALSE,Medication,other,other,Bupivacaine 0.5% pf 30 mL inj,Not Recorded,30.0 mL,2909,mL,30,none,,,none,FALSE,FALSE,bupivacaine 0.5%
bupivacaine,FALSE,Medication,other,other,Bupivacaine 0.5% pf inj 10mL,Not Recorded,10.0 mL,4,mL,10,none,,,none,FALSE,FALSE,bupivacaine 0.5% pf
bupivacaine,FALSE,Medication,other,other,Bupivacaine 0.75% 10 mL inj pf,Not Recorded,10.0 mL,4,mL,10,none,,,none,FALSE,FALSE,bupivacaine 0.75%
bupivacaine,FALSE,Medication,other,other,Bupivacaine Spinal 0.75% 2 mL inj,Not Recorded,2.0 mL,10,mL,2,none,,,none,FALSE,FALSE,bupivacaine 0.75%
bupivacaine liposome,FALSE,Medication,other,other,Bupivacaine liposome 1.3% (13.3 mg/mL) inj. 20mL,Not Recorded,20.0 mL,7,mL,20,13.3 mg,mg,13.3,none,FALSE,FALSE,bupivacaine liposome
buprenorphine,FALSE,Medication,analgesic,opioids,Buprenorphone 0.3 mg/ 1 mL inj,Not Recorded,1.0 mL,11,mL,1,0.3 mg,mg,0.3,0.3 mg/1.0 ML,FALSE,FALSE,buprenorphine
busulfan,FALSE,Medication,other,other,Busulfan 6mg/mL 10 mL inj,Not Recorded,10.0 mL,1722,mL,10,6.0 mg,mg,6,none,FALSE,FALSE,busulfan
butorphanol,FALSE,Medication,other,other,Butorphanol 2 mg/mL inj,Not Recorded,none,312,,,2.0 mg,mg,2,none,FALSE,FALSE,butorphanol
,,,,,Butorphanol 4 mg/2 mL inj,Not Recorded,2.0 mL,15,mL,2,4.0 mg,mg,4,4.0 mg/2.0 ML,FALSE,FALSE,
"C1 esterase inhibitor, human",FALSE,Medication,other,other,C1 Esterase Inhibitor 500 units inj (Berinert),Not Recorded,none,19,,,500.0 unit,unit,500,none,FALSE,FALSE,C1 esterase inhibitor
,,,,,C1 Esterase Inhibitor 500 units inj (Berinert) (pt. Own Med),Not Recorded,none,2,,,500.0 unit,unit,500,none,FALSE,FALSE,
"C1 esterase inhibitor, human",FALSE,Medication,other,other,"C1 esterase inhibitor, human 500 units (Cinryze)",Not Recorded,none,1,,,500.0 unit,unit,500,none,TRUE,FALSE,"C1 esterase inhibitor, human"
carboplatin,FALSE,Medication,other,other,CARBOplatin 10 mg/mL inj,Not Recorded,none,1441,,,10.0 mg,mg,10,none,FALSE,FALSE,CARBOplatin
carboplatin,FALSE,Medication,other,other,CARBOplatin 150mg inj,Not Recorded,none,3,,,150.0 mg,mg,150,none,FALSE,FALSE,CARBOplatin
cisplatin,FALSE,Medication,other,other,CISplatin 100 mg/100mL inj,Not Recorded,100.0 mL,13,mL,100,100.0 mg,mg,100,100.0 mg/100.0 ML,FALSE,FALSE,CISplatin
cisplatin,FALSE,Medication,other,other,CISplatin 200  mg/200  mL inj,Not Recorded,200.0 mL,4265,mL,200,200.0 mg,mg,200,200.0 mg/200.0 ML,FALSE,FALSE,CISplatin
fentaNYL,FALSE,Medication,analgesic,opioids,"CMPD fentanyl  2,500 mcg vial",Not Recorded,none,15018,,,2500.0 mcg,mcg,2500,none,TRUE,FALSE,fentanyl citrate
carvedilol,FALSE,Medication,bp_lowering,beta_blocker,CaRVEDILOL 12.5 mg tab,Not Recorded,none,1,,,12.5 mg,mg,12.5,none,FALSE,FALSE,CaRVEDILOL
,,,,,CaRVEDILOL 25 mg tab,Not Recorded,none,1,,,25.0 mg,mg,25,none,FALSE,FALSE,
caffeine,FALSE,Medication,other,other,Caffeine Citrate 20mg/mL neonate syringe,Not Recorded,none,439,,,20.0 mg,mg,20,none,FALSE,FALSE,caffeine citrate syringe
caffeine,FALSE,Medication,other,other,Caffeine Citrate 60mg/3ml inj,Not Recorded,3.0 mL,6,mL,3,60.0 mg,mg,60,60.0 mg/3.0 ML,FALSE,FALSE,caffeine citrate
caffeine-sodium benzoate,FALSE,Medication,other,other,Caffeine-Sod Benz 500 mg/2 mL inj,Not Recorded,2.0 mL,182,mL,2,500.0 mg,mg,500,500.0 mg/2.0 ML,FALSE,FALSE,caffeine-sodium benzoate
calcitonin,FALSE,Medication,other,other,Calcitonin 400 IU/2 mL inj,Not Recorded,2.0 mL,2,mL,2,400.0 IU,IU,400,400.0 IU/2.0 ML,FALSE,FALSE,calcitonin
calcitriol,FALSE,Medication,other,other,Calcitriol 1 mcg/1 mL inj,Not Recorded,1.0 mL,446,mL,1,1.0 mcg,mcg,1,1.0 mcg/1.0 ML,FALSE,FALSE,calcitriol
calcium chloride,TRUE,Electrolyte Solution (Calcium),fluid_electrolyte,other,Calcium Chloride  1gm/10 mL inj vial,Not Recorded,10.0 mL,2793,mL,10,1.0 gm,gm,1,none,FALSE,FALSE,calcium chloride
calcium chloride,TRUE,Electrolyte Solution (Calcium),fluid_electrolyte,other,Calcium Chloride  1gm/10 mL syringe,Not Recorded,10.0 mL,32810,mL,10,1.0 gm,gm,1,none,FALSE,FALSE,calcium chloride
,,,,,Calcium Chloride (45x) 6.3gm granules,Not Recorded,none,7,,,6.3 gm,gm,6.3,none,FALSE,FALSE,
calcium glubionate,TRUE,Electrolyte Solution (Calcium),fluid_electrolyte,other,Calcium Glubionate 1.8 gm/5 ml liq 15 mL,Not Recorded,5.0 mL,1,mL,5,1.8 gm,gm,1.8,none,TRUE,FALSE,calcium glubionate
calcium gluconate,TRUE,Electrolyte Solution (Calcium),fluid_electrolyte,other,Calcium Gluconate 1 gm/10 mL inj,Not Recorded,10.0 mL,143562,mL,10,1.0 gm,gm,1,none,FALSE,FALSE,calcium gluconate
calcium gluconate,TRUE,Electrolyte Solution (Calcium),fluid_electrolyte,other,Calcium Gluconate 1 gm/10 mL inj ADD,Grams/Hour,10.0 mL,29686,mL,10,1.0 gm,gm,1,none,FALSE,FALSE,calcium gluconate
,,,,,Calcium chloride 5.1gm granules,Not Recorded,none,1,,,5.1 gm,gm,5.1,none,FALSE,FALSE,
calcium gluconate,TRUE,Electrolyte Solution (Calcium),fluid_electrolyte,other,Calcium gluconate 50mg/mL/NS neonate syringe,Not Recorded,none,168,,,50.0 mg,mg,50,none,FALSE,FALSE,calcium gluconate in NS syringe
,,,,,Carbidopa-Levodopa 25/100 CR tab,Not Recorded,none,1,,,none,,,none,FALSE,FALSE,
carbidopa-levodopa,FALSE,Medication,other,other,Carbidopa-Levodopa 25/100 tab,Not Recorded,none,1,,,100.0 tab,tab,100,none,FALSE,FALSE,carbidopa-levodopa 25/100
,,,,,Carbidopa/Entacapone/Levodopa 37.5 mg-200 mg-150 mg tabl,Not Recorded,none,1,,,37.5 mg,mg,37.5,none,FALSE,FALSE,
carboprost,FALSE,Medication,other,other,Carboprost Trm 250 mcg/ 1 mL,Not Recorded,1.0 mL,8,mL,1,250.0 mcg,mcg,250,250.0 mcg/1.0 ML,TRUE,FALSE,carboprost
carfilzomib,FALSE,Medication,other,other,Carfilzomib 60 mg inj,Not Recorded,none,19,,,60.0 mg,mg,60,none,FALSE,FALSE,carfilzomib
carmustine,FALSE,Medication,other,other,Carmustine 100 mg inj,Not Recorded,none,321,,,100.0 mg,mg,100,none,FALSE,FALSE,carmustine
ceFAZolin,FALSE,Medication,anti-infective,cephalosporins,CeFAZOLIN 2 g/50 mL,Not Recorded,50.0 mL,90075,mL,50,2.0 g,g,2,2.0 g/50.0 ML,TRUE,FALSE,ceFAZolin in iso-dex
ceFAZolin,FALSE,Medication,anti-infective,cephalosporins,CeFAZOLIN 2 g/50 mL,Not Recorded,50.0 mL,90075,mL,50,2.0 g,g,2,2.0 g/50.0 ML,TRUE,FALSE,ceFAZolin ivpb
ceFAZolin,FALSE,Medication,anti-infective,cephalosporins,CeFAZOLIN 2 g/50 mL,Not Recorded,50.0 mL,104079,mL,50,2.0 g,g,2,2.0 g/50.0 ML,TRUE,FALSE,ceFAZolin in iso-dex
ceFAZolin,FALSE,Medication,anti-infective,cephalosporins,CeFAZOLIN 2 g/50 mL,Not Recorded,50.0 mL,104079,mL,50,2.0 g,g,2,2.0 g/50.0 ML,TRUE,FALSE,ceFAZolin ivpb
ceFAZolin,FALSE,Medication,anti-infective,cephalosporins,CeFAZolin 500mg (10gm vial),Not Recorded,none,3100,,,500.0 mg,mg,500,none,TRUE,FALSE,ceFAZolin
cetuximab,FALSE,Medication,other,other,CeTUXimab 2 mg/mL 50 mL inj,Not Recorded,50.0 mL,3,mL,50,2.0 mg,mg,2,none,FALSE,FALSE,ceTUXimab
cefepime,FALSE,Medication,anti-infective,cephalosporins,CefEPIME 1 gm/D5W 50mL IVPB,Not Recorded,50.0 mL,8193,mL,50,1.0 gm,gm,1,none,TRUE,FALSE,cefepime in D5W
cefepime,FALSE,Medication,anti-infective,cephalosporins,CefEPIME 1 gm/ns 100ml,Not Recorded,100.0 mL,496,mL,100,1.0 gm,gm,1,none,TRUE,FALSE,cefEPIME in NS
cefepime,FALSE,Medication,anti-infective,cephalosporins,CefEPIME 20mg/mL neonate syringe,Not Recorded,none,32,,,20.0 mg,mg,20,none,FALSE,FALSE,cefEPIME in syringe
cefepime,FALSE,Medication,anti-infective,cephalosporins,CefEPIME 2gm/D5W 50mL IVPB,Not Recorded,50.0 mL,73715,mL,50,2.0 gm,gm,2,none,TRUE,FALSE,cefEPIME in d5W
cefTAZidime,FALSE,Medication,anti-infective,cephalosporins,CefTAZIDime 1gm IVPB,Not Recorded,none,8950,,,1.0 gm,gm,1,none,TRUE,FALSE,cefTAZIDime in ns
,,,,,CefTAZIDime 1gm/50 mL IVPB,Not Recorded,50.0 mL,506,mL,50,1.0 gm,gm,1,none,TRUE,FALSE,
,,,,,CefTAZIDime 1gm/50 mL IVPB,Not Recorded,50.0 mL,109,mL,50,1.0 gm,gm,1,none,TRUE,FALSE,
cefTAZidime,FALSE,Medication,anti-infective,cephalosporins,CefTAZIDime 1gm/50 mL Iso-Dex,Not Recorded,50.0 mL,31,mL,50,1.0 gm,gm,1,none,TRUE,FALSE,cefTAZIDime in Iso-Dex
,,,,,CefTAZIDime 2gm/100 mL IVPB,Not Recorded,100.0 mL,5,mL,100,2.0 gm,gm,2,none,TRUE,FALSE,
,,,,,CefTAZIDime 2gm/100 mL IVPB,Not Recorded,100.0 mL,1008,mL,100,2.0 gm,gm,2,none,TRUE,FALSE,
,,,,,CefTAZIDime 2gm/50 mL IVPB,Not Recorded,50.0 mL,6021,mL,50,2.0 gm,gm,2,none,TRUE,FALSE,
cefTAZidime,FALSE,Medication,anti-infective,cephalosporins,CefTAZIDime 2gm/50 mL Iso-Dex,Not Recorded,50.0 mL,4467,mL,50,2.0 gm,gm,2,none,TRUE,FALSE,cefTAZIDime in Iso-Dex
cefTAZidime,FALSE,Medication,anti-infective,cephalosporins,CefTAZIDime 2gm/NS IVPB,Not Recorded,none,45946,,,2.0 gm,gm,2,none,TRUE,FALSE,cefTAZIDime in ns
cefTAZidime,FALSE,Medication,anti-infective,cephalosporins,CefTAZIDime 40mg/mL NS neonate syringe,Not Recorded,none,74,,,40.0 mg,mg,40,none,FALSE,FALSE,cefTAZIDime in NS syringe
cefTAZidime,FALSE,Medication,anti-infective,cephalosporins,CefTAZIDime 40mg/mL NS neonate syringe,Not Recorded,none,74,,,40.0 mg,mg,40,none,FALSE,FALSE,cefTAZidime in NS syringe
cefTAZidime,FALSE,Medication,anti-infective,cephalosporins,CefTAZIDime 40mg/mL NS neonate syringe,Not Recorded,none,212,,,40.0 mg,mg,40,none,FALSE,FALSE,cefTAZIDime in NS syringe
cefTAZidime,FALSE,Medication,anti-infective,cephalosporins,CefTAZIDime 40mg/mL NS neonate syringe,Not Recorded,none,212,,,40.0 mg,mg,40,none,FALSE,FALSE,cefTAZidime in NS syringe
cefTAZidime,FALSE,Medication,anti-infective,cephalosporins,CefTAZidime 2.25mg/0.1mL for Intravitreal inj.,Not Recorded,0.1 mL,9,mL,0.1,2.25 mg,mg,2.25,2.25 mg/0.1 ML,FALSE,FALSE,cefTAZidime intravitreal
ceFAZolin,FALSE,Medication,anti-infective,cephalosporins,CefaZOLIN 1gm/50 mL Iso-Dex,Not Recorded,50.0 mL,98944,mL,50,1.0 gm,gm,1,none,TRUE,FALSE,cefaZOLIN in iso-dex
ceFAZolin,FALSE,Medication,anti-infective,cephalosporins,CefaZOLIN 20mg/mL/NS neonate syringe,Not Recorded,none,25,,,20.0 mg,mg,20,none,FALSE,FALSE,cefaZOLIN in NS syringe
ceFAZolin,FALSE,Medication,anti-infective,cephalosporins,Cefazolin 2 gm/NS IVPB,Not Recorded,none,3551,,,2.0 gm,gm,2,none,TRUE,FALSE,cefazolin in ns
Cefepime 2gm Desensitization Rx Protocol- initiate,FALSE,Medication,anti-infective,cephalosporins,Cefepime 2gm Desensitization Rx Protocol- initiate,Not Recorded,none,2,,,2.0 gm,gm,2,none,TRUE,FALSE,Cefepime 2gm Desensitization Rx Protocol- initiate
,,,,,Cefotaxime 1 gm inj,Not Recorded,none,6,,,1.0 gm,gm,1,none,FALSE,FALSE,
cefotaxime,FALSE,Medication,anti-infective,cephalosporins,Cefotaxime 50mg/mL neonate syringe,Not Recorded,none,108,,,50.0 mg,mg,50,none,FALSE,FALSE,cefotaxime in syringe
cefOXitin,FALSE,Medication,anti-infective,cephalosporins,Cefoxitin 1gm in Iso Dex,Not Recorded,none,2264,,,1.0 gm,gm,1,none,TRUE,FALSE,cefoxitin in iso dex
cefOXitin,FALSE,Medication,anti-infective,cephalosporins,Cefoxitin 1gm in NS,Not Recorded,none,57,,,1.0 gm,gm,1,none,TRUE,FALSE,cefOXitin in NS
cefOXitin,FALSE,Medication,anti-infective,cephalosporins,Cefoxitin 2gm in Iso Dex,Not Recorded,none,8513,,,2.0 gm,gm,2,none,TRUE,FALSE,cefoxitin in iso dex
cefOXitin,FALSE,Medication,anti-infective,cephalosporins,Cefoxitin 2gm in NS,Not Recorded,none,1000,,,2.0 gm,gm,2,none,TRUE,FALSE,cefOXitin in NS
ceftaroline,FALSE,Medication,anti-infective,cephalosporins,Ceftaroline 400 mg inj,Not Recorded,none,6123,,,400.0 mg,mg,400,none,FALSE,FALSE,ceftaroline
ceftaroline,FALSE,Medication,anti-infective,cephalosporins,Ceftaroline 600 mg inj,Not Recorded,none,17749,,,600.0 mg,mg,600,none,FALSE,FALSE,ceftaroline
cefTAZidime,FALSE,Medication,anti-infective,cephalosporins,Ceftazidime 10mg/mL 2mL lock soln.,Not Recorded,2.0 mL,5,mL,2,10.0 mg,mg,10,none,TRUE,FALSE,ceftazidime lock soln.
ceftolozane-tazobactam,FALSE,Medication,anti-infective,cephalosporins,Ceftolozane-Tazobactam 1500mg inj,Not Recorded,none,6239,,,1500.0 mg,mg,1500,none,FALSE,FALSE,ceftolozane-tazobactam
cefTRIAXone,FALSE,Medication,anti-infective,cephalosporins,Ceftriaxone 1gm/ 50mL NS,Not Recorded,50.0 mL,2105,mL,50,1.0 gm,gm,1,none,TRUE,FALSE,ceftriaxone in NS
cefTRIAXone,FALSE,Medication,anti-infective,cephalosporins,Ceftriaxone 1gm/50 mL Iso-Dex,Not Recorded,50.0 mL,52262,mL,50,1.0 gm,gm,1,none,TRUE,FALSE,ceftriaxone in iso-dex
cefTRIAXone,FALSE,Medication,anti-infective,cephalosporins,Ceftriaxone 1gm/50 mL NS,Not Recorded,50.0 mL,20410,mL,50,1.0 gm,gm,1,none,TRUE,FALSE,ceftriaxone in NS
cefTRIAXone,FALSE,Medication,anti-infective,cephalosporins,Ceftriaxone 250 mg for neonate,Not Recorded,none,2,,,250.0 mg,mg,250,none,TRUE,FALSE,ceftriaxone
cefTRIAXone,FALSE,Medication,anti-infective,cephalosporins,Ceftriaxone 250 mg inj,Not Recorded,none,208,,,250.0 mg,mg,250,none,FALSE,FALSE,ceftriaxone
cefTRIAXone,FALSE,Medication,anti-infective,cephalosporins,Ceftriaxone 250mg/mL IM neonate syringe,Not Recorded,none,9,,,250.0 mg,mg,250,none,FALSE,FALSE,ceftriaxone
cefTRIAXone,FALSE,Medication,anti-infective,cephalosporins,Ceftriaxone 2gm/50 mL Iso-Dex,Not Recorded,50.0 mL,47463,mL,50,2.0 gm,gm,2,none,TRUE,FALSE,ceftriaxone in Iso-Dex
cefTRIAXone,FALSE,Medication,anti-infective,cephalosporins,Ceftriaxone 2gm/50 mL NS,Not Recorded,50.0 mL,11746,mL,50,2.0 gm,gm,2,none,TRUE,FALSE,ceftriaxone in NS
cefTRIAXone,FALSE,Medication,anti-infective,cephalosporins,Ceftriaxone 40mg/mL/ neonate syringe,Not Recorded,none,2,,,40.0 mg,mg,40,none,FALSE,FALSE,ceftriaxone in syringe
cefTRIAXone,FALSE,Medication,anti-infective,cephalosporins,Ceftriaxone 40mg/mL/NS neonate syringe,Not Recorded,none,1,,,40.0 mg,mg,40,none,FALSE,FALSE,ceftriaxone in NS syringe
cefuroxime,FALSE,Medication,anti-infective,cephalosporins,Cefuroxime 1500 mg inj,Not Recorded,none,10250,,,1500.0 mg,mg,1500,none,FALSE,FALSE,cefuroxime
cefuroxime,FALSE,Medication,anti-infective,cephalosporins,Cefuroxime 1500mg/NS 100mL IVPB,Not Recorded,100.0 mL,35271,mL,100,1500.0 mg,mg,1500,none,TRUE,FALSE,cefuroxime in ns
cefuroxime,FALSE,Medication,anti-infective,cephalosporins,Cefuroxime 750 mg inj,Not Recorded,none,23,,,750.0 mg,mg,750,none,FALSE,FALSE,cefuroxime
,,,,,Cefuroxme 1.5 gm/50 mL Iso-Dex,Not Recorded,50.0 mL,1946,mL,50,1.5 gm,gm,1.5,none,TRUE,FALSE,
celecoxib,FALSE,Medication,analgesic,nsaid,Celecoxib 100 mg cap,Not Recorded,none,3,,,100.0 mg,mg,100,none,FALSE,FALSE,celecoxib
celecoxib,FALSE,Medication,analgesic,nsaid,Celecoxib 200 mg cap,Not Recorded,none,32,,,200.0 mg,mg,200,none,FALSE,FALSE,celecoxib
central hyperalimentation (TPN),TRUE,Parenteral Nutrition,other,other,Central Parenteral Nutrition,Not Recorded,none,1352817,,,none,,,none,TRUE,FALSE,Central Parenteral Nutrition (hyperal)
central hyperalimentation (TPN),TRUE,Parenteral Nutrition,other,other,Central TPN,Not Recorded,none,127859,,,none,,,none,TRUE,FALSE,Central TPN
cetuximab,FALSE,Medication,other,other,Cetuximab 2 mg/mL 100mL,Not Recorded,100.0 mL,3,mL,100,2.0 mg,mg,2,none,TRUE,FALSE,cetuximab
chloramphenicol,FALSE,Medication,anti-infective,other,Chloramphenicol 1gm inj,Not Recorded,none,9,,,1.0 gm,gm,1,none,FALSE,FALSE,chloramphenicol
phenol topical,FALSE,Medication,other,other,Chloraseptic throat spray,Not Recorded,none,1,,,none,,,none,FALSE,FALSE,chloraseptic
chloroprocaine,FALSE,Medication,other,other,Chloroprocane-MPF 3% inj,Not Recorded,none,2,,,none,,,none,FALSE,FALSE,chloroprocaine 3%
chlorothiazide,FALSE,Medication,diuretic,other,Chlorothiazide 125 mg in syringe,Not Recorded,none,841,,,125.0 mg,mg,125,none,FALSE,FALSE,chlorothiazide syringe
chlorothiazide,FALSE,Medication,diuretic,other,Chlorothiazide 250 mg in syringe,Not Recorded,none,3396,,,250.0 mg,mg,250,none,FALSE,FALSE,chlorothiazide syringe
chlorothiazide,FALSE,Medication,diuretic,other,Chlorothiazide 250 mg tab,Not Recorded,none,1,,,250.0 mg,mg,250,none,FALSE,FALSE,chlorothiazide
chlorothiazide,FALSE,Medication,diuretic,other,Chlorothiazide 50 mg/1 mL liq Extemp,Not Recorded,1.0 mL,5,mL,1,50.0 mg,mg,50,50.0 mg/1.0 ML,TRUE,FALSE,chlorothiazide
chlorothiazide,FALSE,Medication,diuretic,other,Chlorothiazide 500 mg inj,Not Recorded,none,29588,,,500.0 mg,mg,500,none,FALSE,FALSE,chlorothiazide
chlorothiazide,FALSE,Medication,diuretic,other,Chlorothiazide 500 mg injection,Not Recorded,none,3087,,,500.0 mg,mg,500,none,FALSE,FALSE,chlorothiazide
chlorproMAZINE,FALSE,Medication,other,other,ChlorproMAZINE 25 mg/1 mL inj,Not Recorded,1.0 mL,197,mL,1,25.0 mg,mg,25,25.0 mg/1.0 ML,FALSE,FALSE,chlorproMAZINE
chromic chloride hexahydrate,FALSE,Medication,other,other,Chromic 4 mcg/ml Inj,Not Recorded,none,114,,,4.0 mcg,mcg,4,none,FALSE,FALSE,chromic chloride
cidofovir,FALSE,Medication,anti-infective,antiviral,Cidofovir 375 mg/ 5mL inj,Not Recorded,5.0 mL,45,mL,5,375.0 mg,mg,375,375.0 mg/5.0 ML,FALSE,FALSE,cidofovir
ciprofloxacin,FALSE,Medication,anti-infective,fluoroquinolones,Ciprofloxacin 200 mg/20 mL inj,Not Recorded,20.0 mL,12,mL,20,200.0 mg,mg,200,200.0 mg/20.0 ML,FALSE,FALSE,ciprofloxacin
ciprofloxacin,FALSE,Medication,anti-infective,fluoroquinolones,Ciprofloxacin 400 mg/40 mL inj,Not Recorded,40.0 mL,33,mL,40,400.0 mg,mg,400,400.0 mg/40.0 ML,FALSE,FALSE,ciprofloxacin
ciprofloxacin,FALSE,Medication,anti-infective,fluoroquinolones,Ciprofloxacin 500 mg tab,Not Recorded,none,1,,,500.0 mg,mg,500,none,FALSE,FALSE,ciprofloxacin
cisatracurium,FALSE,Medication,neuromuscular_blocker,other,Cisatracurium 10 mg/mL  20 mL inj,Microgram/Kilogram/Minute,20.0 mL,135832,mL,20,10.0 mg,mg,10,none,FALSE,FALSE,cisatracurium
cisatracurium,FALSE,Medication,neuromuscular_blocker,other,Cisatracurium 2 mg/mL 10 mL inj,Not Recorded,10.0 mL,714,mL,10,2.0 mg,mg,2,none,FALSE,FALSE,cisatracurium
cisatracurium,FALSE,Medication,neuromuscular_blocker,other,Cisatracurium 2mg/mL 10mL syringe,Not Recorded,10.0 mL,5,mL,10,2.0 mg,mg,2,none,FALSE,FALSE,cisatracurium
citric acid-sodium citrate,TRUE,Electrolyte Solution (Other),other,other,Citric Acid-Na Citrate (Bicitra)30 mL,Not Recorded,30.0 mL,19,mL,30,none,,,none,TRUE,FALSE,citric acid-na citrate
cladribine,FALSE,Medication,other,other,Cladribine 10 mg/10 mL inj,Not Recorded,10.0 mL,10,mL,10,10.0 mg,mg,10,10.0 mg/10.0 ML,FALSE,FALSE,cladribine
clindamycin,FALSE,Medication,anti-infective,lincosamides,Clindamycin 15 mg/mL 100mL susp,Not Recorded,100.0 mL,1,mL,100,15.0 mg,mg,15,none,TRUE,FALSE,clindamycin
clindamycin,FALSE,Medication,anti-infective,lincosamides,Clindamycin 600 mg inj,Not Recorded,none,578,,,600.0 mg,mg,600,none,FALSE,FALSE,clindamycin
clindamycin,FALSE,Medication,anti-infective,lincosamides,Clindamycin 600 mg/50 mL D5W,Not Recorded,50.0 mL,28328,mL,50,600.0 mg,mg,600,600.0 mg/50.0 ML,TRUE,FALSE,clindamycin in d5w
clindamycin,FALSE,Medication,anti-infective,lincosamides,Clindamycin 900 mg inj,Not Recorded,none,747,,,900.0 mg,mg,900,none,FALSE,FALSE,clindamycin
clindamycin,FALSE,Medication,anti-infective,lincosamides,Clindamycin 900 mg/50 mL D5W,Not Recorded,50.0 mL,40914,mL,50,900.0 mg,mg,900,900.0 mg/50.0 ML,TRUE,FALSE,clindamycin in d5w
clindamycin,FALSE,Medication,anti-infective,lincosamides,Clindamycin 900 mg/50mL NS IVPB,Not Recorded,50.0 mL,7960,mL,50,900.0 mg,mg,900,900.0 mg/50.0 ML,TRUE,FALSE,clindamycin in ns
cloNIDine,FALSE,Medication,bp_lowering,other,ClonIDINE 0.3 mg/24 hr patch,Not Recorded,none,1,,,0.3 mg,mg,0.3,none,FALSE,FALSE,clonIDINE
cloNIDine,FALSE,Medication,bp_lowering,other,ClonIDINE HCl 0.1 mg tab,Not Recorded,none,3,,,0.1 mg,mg,0.1,none,FALSE,FALSE,clonIDINE
cloNIDine,FALSE,Medication,bp_lowering,other,ClonIDINE HCl 0.2 mg tab,Not Recorded,none,2,,,0.2 mg,mg,0.2,none,FALSE,FALSE,clonIDINE
,,,,,Clopidogrel 300mg tablet,Not Recorded,none,1,,,300.0 mg,mg,300,none,FALSE,FALSE,
clopidogrel,FALSE,Medication,other,other,Clopidogrel 75 mg tab,Not Recorded,none,2,,,75.0 mg,mg,75,none,FALSE,FALSE,clopidogrel
coagulation factor VIIa,FALSE,Medication,other,other,Coagulation Factor 7a (VIIa) 1000 mcg,Not Recorded,none,215,,,1000.0 mcg,mcg,1000,none,TRUE,FALSE,coagulation factor 7a (VIIa)
coagulation factor VIIa,FALSE,Medication,other,other,Coagulation Factor 7a (VIIa) 2000 mcg,Not Recorded,none,231,,,2000.0 mcg,mcg,2000,none,TRUE,FALSE,coagulation factor 7a (VIIa)
coagulation factor VIIa,FALSE,Medication,other,other,Coagulation Factor 7a (VIIa) 5000 mcg,Not Recorded,none,42,,,5000.0 mcg,mcg,5000,none,TRUE,FALSE,coagulation factor 7a (VIIa)
coagulation factor VIIa,FALSE,Medication,other,other,Coagulation factor 7a (VIIa) 1000 mcg,Not Recorded,none,49,,,1000.0 mcg,mcg,1000,none,TRUE,FALSE,coagulation factor 7a (VIIa)
coagulation factor VIIa,FALSE,Medication,other,other,Coagulation factor 7a (VIIa) 2000 mcg,Not Recorded,none,642,,,2000.0 mcg,mcg,2000,none,TRUE,FALSE,coagulation factor 7a (VIIa)
coagulation factor VIIa,FALSE,Medication,other,other,Coagulation factor 7a (VIIa) 5000 mcg,Not Recorded,none,14,,,5000.0 mcg,mcg,5000,none,TRUE,FALSE,coagulation factor 7a (VIIa)
coagulation factor VIIa,FALSE,Medication,other,other,Coagulation factor 7a (VIIa) 8000 mcg,Not Recorded,none,8,,,8000.0 mcg,mcg,8000,none,TRUE,FALSE,coagulation factor VIIa
cocaine topical,FALSE,Medication,other,other,Cocaine 4% 4 mL top solution,Not Recorded,4.0 mL,14,mL,4,none,,,none,TRUE,FALSE,cocaine 4%
colistimethate,FALSE,Medication,anti-infective,polymixin,Colistimethate 150 mg for Inhalation syringe,Not Recorded,none,1,,,150.0 mg,mg,150,none,FALSE,FALSE,colistimethate inhalation in syringe
colistimethate,FALSE,Medication,anti-infective,polymixin,Colistimethate 150 mg inj,Not Recorded,none,12062,,,150.0 mg,mg,150,none,FALSE,FALSE,colistimethate
conivaptan,FALSE,Medication,other,other,Conivaptan 20mg/D5W 100mL,Not Recorded,100.0 mL,64,mL,100,20.0 mg,mg,20,none,TRUE,FALSE,conivaptan/d5w
copper chloride,FALSE,Medication,other,other,Copper chloride 0.4mg/mL 10mL inj,Not Recorded,10.0 mL,1186,mL,10,0.4 mg,mg,0.4,none,FALSE,FALSE,copper chloride
copper sulfate,FALSE,Medication,other,other,Copper sulfate 0.4 mg/mL inj,Not Recorded,none,5,,,0.4 mg,mg,0.4,none,FALSE,FALSE,copper sulfate
corticorelin,FALSE,Medication,other,other,Corticorelin 100 mcg/2 mL  inj,Not Recorded,2.0 mL,2,mL,2,100.0 mcg,mcg,100,100.0 mcg/2.0 ML,FALSE,FALSE,corticorelin
cosyntropin,FALSE,Medication,other,other,Cosyntropin 0.25 mg inj,Not Recorded,none,3176,,,0.25 mg,mg,0.25,none,FALSE,FALSE,cosyntropin
,,,,,Cosyntropin 1mcg/mL/NS neonate syringe,Not Recorded,none,2,,,1.0 mcg,mcg,1,none,FALSE,FALSE,
,,,,,Cyanide Antidote Kit,Not Recorded,none,1,,,none,,,none,FALSE,FALSE,
cyanocobalamin,FALSE,Medication,vitamin_supplement,other,"Cyanocobalamin 1,000 mcg/1 mL inj",Not Recorded,1.0 mL,94,mL,1,1000.0 mcg,mcg,1000,0.0 mcg/1.0 ML,FALSE,FALSE,cyanocobalamin
cyanocobalamin,FALSE,Medication,vitamin_supplement,other,Cyanocobalamin 100 mcg tab,Not Recorded,none,1,,,100.0 mcg,mcg,100,none,FALSE,FALSE,cyanocobalamin
cyanocobalamin,FALSE,Medication,vitamin_supplement,other,Cyanocobalamin 1000 mcg tab,Not Recorded,none,4,,,1000.0 mcg,mcg,1000,none,FALSE,FALSE,cyanocobalamin
cyclophosphamide,FALSE,Medication,other,other,CycloPHOSphamide 1gm/50 mL inj,Not Recorded,50.0 mL,11472,mL,50,1.0 gm,gm,1,none,FALSE,FALSE,cycloPHOSphamide
,,,,,CycloPHOSphamide 2 gm inj,Not Recorded,none,2,,,2.0 gm,gm,2,none,FALSE,FALSE,
,,,,,CycloSPORINE 100 mg/mL Sol(Sandimmune) 50 mL,Not Recorded,50.0 mL,1,mL,50,100.0 mg,mg,100,none,TRUE,FALSE,
cycloSPORINE,FALSE,Medication,other,other,CycloSPORINE 250 mg/5 mL inj,Not Recorded,5.0 mL,3077,mL,5,250.0 mg,mg,250,250.0 mg/5.0 ML,FALSE,FALSE,cycloSPORINE
cyclophosphamide,FALSE,Medication,other,other,Cyclophosphamide 500 mg inj,Not Recorded,none,418,,,500.0 mg,mg,500,none,FALSE,FALSE,cyclophosphamide
cyclophosphamide,FALSE,Medication,other,other,Cyclophosphamide 500mg/25mL inj,Not Recorded,25.0 mL,11,mL,25,500.0 mg,mg,500,500.0 mg/25.0 ML,FALSE,FALSE,cyclophosphamide
cytarabine,FALSE,Medication,other,other,Cytarabine 100 mg / 5 mL inj,Not Recorded,5.0 mL,388,mL,5,100.0 mg,mg,100,100.0 mg/5.0 ML,FALSE,FALSE,cytarabine
cytarabine,FALSE,Medication,other,other,Cytarabine 2000 mg/20 mL inj,Not Recorded,20.0 mL,10392,mL,20,2000.0 mg,mg,2000,2000.0 mg/20.0 ML,FALSE,FALSE,cytarabine
cytarabine,FALSE,Medication,other,other,Cytarabine 500 mg / 5 mL  inj,Not Recorded,5.0 mL,49,mL,5,500.0 mg,mg,500,500.0 mg/5.0 ML,FALSE,FALSE,cytarabine
cytomegalovirus immune globulin,FALSE,Medication,other,other,Cytomegalvirus Glob 2.5gm/50mL IV,Not Recorded,50.0 mL,345,mL,50,2.5 gm,gm,2.5,none,TRUE,FALSE,cytomegalovirus globulin
Dextrose 10% with 0.2% NaCl intravenous solution,TRUE,Hypotonic Crystalloid,fluid_electrolyte,other,D10W 0.2%NS 250  mL bag,Not Recorded,250.0 mL,293,mL,250,0.20%,%,0.2,none,TRUE,FALSE,d10.2ns
D10W 0.45%NS,TRUE,Hypertonic Crystalloid,other,other,D10W 0.45%NS 250mL,Not Recorded,250.0 mL,1,mL,250,0.45%,%,0.45,none,TRUE,FALSE,D10W 0.45%NS
Dextrose 10% in Water intravenous solution,TRUE,Hypertonic Crystalloid,fluid_electrolyte,other,D10W 1000 mL IV bag,Not Recorded,1000.0 mL,202556,mL,1000,none,,,none,TRUE,FALSE,d10w
,,,,,D10W 25 gm/250 mL inj,Not Recorded,250.0 mL,7683,mL,250,25.0 gm,gm,25,none,FALSE,FALSE,
Dextrose 10% in Water intravenous solution,TRUE,Hypertonic Crystalloid,fluid_electrolyte,other,D10W 500 mL iv bag,Not Recorded,500.0 mL,9212,mL,500,none,,,none,TRUE,FALSE,d10w
D12.5W 0.2%NS,TRUE,Hypertonic Crystalloid,other,other,D12.5W 0.2%NS 250mL,Not Recorded,250.0 mL,16,mL,250,0.20%,%,0.2,none,TRUE,FALSE,D12.5W 0.2%NS
D12.5W 0.45%NS,TRUE,Hypertonic Crystalloid,other,other,D12.5W 0.45%NS 250mL,Not Recorded,250.0 mL,20,mL,250,0.45%,%,0.45,none,TRUE,FALSE,D12.5W 0.45%NS
D12.5%W,TRUE,Hypertonic Crystalloid,other,other,D12.5W 250ml,Not Recorded,250.0 mL,1,mL,250,none,,,none,TRUE,FALSE,D12.5W
D15%W 250 ml,TRUE,Hypertonic Crystalloid,other,other,D15%W 250 ml,Not Recorded,250.0 mL,1,mL,250,15.00%,%,15,none,TRUE,FALSE,D15W
D20W 0.2%NS,TRUE,Hypertonic Crystalloid,other,other,D20W 0.2%NS 250mL,Not Recorded,250.0 mL,6,mL,250,0.20%,%,0.2,none,TRUE,FALSE,D20W 0.2%NS
D20W,TRUE,Hypertonic Crystalloid,other,other,D20W 250mL,Not Recorded,250.0 mL,218,mL,250,none,,,none,TRUE,FALSE,D20W
Dextrose 20% in Water intravenous solution,TRUE,Hypertonic Crystalloid,fluid_electrolyte,other,D20W 500 mL IV bag,Not Recorded,500.0 mL,51454,mL,500,none,,,none,TRUE,FALSE,dextrose 20%
D25W 250mL,TRUE,Hypertonic Crystalloid,other,other,D25W 250mL,Not Recorded,250.0 mL,2,mL,250,none,,,none,TRUE,FALSE,D25W
Dextrose 5% with 0.2% NaCl and KCl 20 mEq/L intravenous solution,TRUE,Hypotonic Crystalloid,fluid_electrolyte,other,D5.2NS + 20 mEq KCl 1000 mL IV,Not Recorded,1000.0 mL,745,mL,1000,20.0 mEq,mEq,20,none,TRUE,FALSE,d5w.2ns + kcl
Dextrose 5% with 0.2% NaCl and KCl 20 mEq/L intravenous solution,TRUE,Hypotonic Crystalloid,fluid_electrolyte,other,D5.2NS + 40 mEq KCl 1000 mL IV,Not Recorded,1000.0 mL,116,mL,1000,40.0 mEq,mEq,40,none,TRUE,FALSE,d5w.2ns + kcl
Dextrose 5% with 0.2% NaCl intravenous solution,TRUE,Hypotonic Crystalloid,fluid_electrolyte,other,D5.2NS 1000 mL IV bag,Not Recorded,1000.0 mL,11363,mL,1000,none,,,none,TRUE,FALSE,d5.2ns
Dextrose 5% with 0.2% NaCl intravenous solution,TRUE,Hypotonic Crystalloid,fluid_electrolyte,other,D5.2NS 500 mL IV bag,Not Recorded,500.0 mL,55,mL,500,none,,,none,TRUE,FALSE,d5.2ns
Dextrose 5% with 0.2% NaCl and KCl 20 mEq/L intravenous solution,TRUE,Hypotonic Crystalloid,fluid_electrolyte,other,D5.45NS + 10 mEq KCl 1000 mL IV,Not Recorded,1000.0 mL,45322,mL,1000,10.0 mEq,mEq,10,none,TRUE,FALSE,d5.45ns + kcl
Dextrose 5% with 0.2% NaCl and KCl 20 mEq/L intravenous solution,TRUE,Hypotonic Crystalloid,fluid_electrolyte,other,D5.45NS + 20 mEq KCl 1000 ml  IV,Not Recorded,1000.0 mL,806311,mL,1000,20.0 mEq,mEq,20,none,TRUE,FALSE,d5.45ns + kcl
Dextrose 5% with 0.2% NaCl and KCl 20 mEq/L intravenous solution,TRUE,Hypotonic Crystalloid,fluid_electrolyte,other,D5.45NS + 30 mEq KCl 1000 mL IV,Not Recorded,1000.0 mL,1609,mL,1000,30.0 mEq,mEq,30,none,TRUE,FALSE,d5.45ns + kcl
Dextrose 5% with 0.2% NaCl and KCl 20 mEq/L intravenous solution,TRUE,Hypotonic Crystalloid,fluid_electrolyte,other,D5.45NS + 40 mEq KCl 1000 mL IV,Not Recorded,1000.0 mL,20045,mL,1000,40.0 mEq,mEq,40,none,TRUE,FALSE,d5.45ns + kcl
Dextrose 5% with 0.45% NaCl intravenous solution,TRUE,Hypotonic Crystalloid,fluid_electrolyte,other,D5.45NS 1000 mL IV bag,Not Recorded,1000.0 mL,1151341,mL,1000,none,,,none,TRUE,FALSE,d5.45ns
Dextrose 5% with 0.45% NaCl intravenous solution,TRUE,Hypotonic Crystalloid,fluid_electrolyte,other,D5.45NS 1000 mL for chemo,Not Recorded,1000.0 mL,1510,mL,1000,none,,,none,TRUE,FALSE,d5.45ns
Dextrose 5% with 0.45% NaCl intravenous solution,TRUE,Hypotonic Crystalloid,fluid_electrolyte,other,D5.45NS 500 mL IV bag,Not Recorded,500.0 mL,1915,mL,500,none,,,none,TRUE,FALSE,d5.45ns
Dextrose 5% in Lactated Ringers with KCl 20 mEq/l intravenous solution,TRUE,Isotonic Crystalloid,fluid_electrolyte,other,D5LR + 20 mEq KCl 1000mL,Not Recorded,1000.0 mL,2985,mL,1000,20.0 mEq,mEq,20,none,TRUE,FALSE,d5lr + kcl
Dextrose 5% in Lactated Ringers intravenous solution,TRUE,Isotonic Crystalloid,fluid_electrolyte,other,D5LR 1000 mL IV bag,Not Recorded,1000.0 mL,170271,mL,1000,none,,,none,TRUE,FALSE,d5lr
Dextrose 5% in Lactated Ringers intravenous solution,TRUE,Isotonic Crystalloid,fluid_electrolyte,other,D5LR 500 mL iv bag,Not Recorded,500.0 mL,115,mL,500,none,,,none,TRUE,FALSE,D5LR
Dextrose 5% with 0.9% NaCl intravenous solution,TRUE,Isotonic Crystalloid,fluid_electrolyte,other,D5NS 1000 mL IV bag,Not Recorded,1000.0 mL,448514,mL,1000,none,,,none,TRUE,FALSE,d5ns
Dextrose 5% with 0.9% NaCl intravenous solution,TRUE,Isotonic Crystalloid,fluid_electrolyte,other,D5NS 500 mL IV bag,Not Recorded,500.0 mL,1043,mL,500,none,,,none,TRUE,FALSE,d5ns
Dextrose 5% with 0.2% NaCl and KCl 20 mEq/L intravenous solution,TRUE,Hypotonic Crystalloid,fluid_electrolyte,other,D5NS+20 mEq KCl 1000 mL IV bag,Not Recorded,1000.0 mL,63122,mL,1000,20.0 mEq,mEq,20,none,TRUE,FALSE,d5ns + kcl
Dextrose 5% in Water with KCl 20 mEq/l intravenous solution,TRUE,Hypotonic Crystalloid,fluid_electrolyte,other,D5W + 20 mEq KCl 1000 mL IV bag,Not Recorded,1000.0 mL,10295,mL,1000,20.0 mEq,mEq,20,none,TRUE,FALSE,d5w + kcl
Dextrose 5% in Water intravenous solution,TRUE,Hypotonic Crystalloid,fluid_electrolyte,other,D5W 100 mL (Polyolefin),Not Recorded,100.0 mL,23702,mL,100,none,,,none,TRUE,FALSE,d5w (polyolefin)
Dextrose 5% in Water intravenous solution,TRUE,Hypotonic Crystalloid,fluid_electrolyte,other,D5W 100 mL IV bag,Not Recorded,100.0 mL,34853,mL,100,none,,,none,TRUE,FALSE,d5w
Dextrose 5% in Water intravenous solution,TRUE,Hypotonic Crystalloid,fluid_electrolyte,other,D5W 100 mL IV bag chemo,Not Recorded,100.0 mL,114,mL,100,none,,,none,TRUE,FALSE,d5w
Dextrose 5% in Water intravenous solution,TRUE,Hypotonic Crystalloid,fluid_electrolyte,other,D5W 1000 mL (Polyolefin),Not Recorded,1000.0 mL,160,mL,1000,none,,,none,TRUE,FALSE,d5w (polyolefin)
Dextrose 5% in Water intravenous solution,TRUE,Hypotonic Crystalloid,fluid_electrolyte,other,D5W 1000 mL (Polyolefin) for chemo,Not Recorded,1000.0 mL,15,mL,1000,none,,,none,TRUE,FALSE,d5w (polyolefin)
Dextrose 5% in Water intravenous solution,TRUE,Hypotonic Crystalloid,fluid_electrolyte,other,D5W 1000 mL IV bag,Not Recorded,1000.0 mL,711070,mL,1000,none,,,none,TRUE,FALSE,d5w
Dextrose 5% in Water intravenous solution,TRUE,Hypotonic Crystalloid,fluid_electrolyte,other,D5W 1000 mL IV bag for chemo,Not Recorded,1000.0 mL,221,mL,1000,none,,,none,TRUE,FALSE,d5w
Dextrose 5% in Water intravenous solution,TRUE,Hypotonic Crystalloid,fluid_electrolyte,other,D5W 150 mL IV bag,Not Recorded,150.0 mL,2668,mL,150,none,,,none,TRUE,FALSE,d5w
Dextrose 5% in Water intravenous solution,TRUE,Hypotonic Crystalloid,fluid_electrolyte,other,D5W 150 mL IV bag for chemo,Not Recorded,150.0 mL,58,mL,150,none,,,none,TRUE,FALSE,d5w
Dextrose 5% in Water intravenous solution,TRUE,Hypotonic Crystalloid,fluid_electrolyte,other,D5W 250 mL IV bag,Not Recorded,250.0 mL,195577,mL,250,none,,,none,TRUE,FALSE,d5w
Dextrose 5% in Water intravenous solution,TRUE,Hypotonic Crystalloid,fluid_electrolyte,other,D5W 250 mL IV bag for chemo,Not Recorded,250.0 mL,350,mL,250,none,,,none,TRUE,FALSE,d5w
Dextrose 5% in Water intravenous solution,TRUE,Hypotonic Crystalloid,fluid_electrolyte,other,D5W 250mL (Polyolefin),Not Recorded,250.0 mL,639400,mL,250,none,,,none,TRUE,FALSE,d5w (polyolefin)
Dextrose 5% in Water intravenous solution,TRUE,Hypotonic Crystalloid,fluid_electrolyte,other,D5W 250mL (Polyolefin) for chemo,Not Recorded,250.0 mL,223,mL,250,none,,,none,TRUE,FALSE,d5w (polyolefin)
Dextrose 5% in Water intravenous solution,TRUE,Hypotonic Crystalloid,fluid_electrolyte,other,D5W 50 mL IV bag,Not Recorded,50.0 mL,30895,mL,50,none,,,none,TRUE,FALSE,d5w
Dextrose 5% in Water intravenous solution,TRUE,Hypotonic Crystalloid,fluid_electrolyte,other,D5W 50 mL IV bag for chemo,Not Recorded,50.0 mL,584,mL,50,none,,,none,TRUE,FALSE,d5w
Dextrose 5% in Water intravenous solution,TRUE,Hypotonic Crystalloid,fluid_electrolyte,other,D5W 50 mL IV bottle,Not Recorded,50.0 mL,3,mL,50,none,,,none,TRUE,FALSE,d5w btl
Dextrose 5% in Water intravenous solution,TRUE,Hypotonic Crystalloid,fluid_electrolyte,other,D5W 500 mL (Polyolefin),Not Recorded,500.0 mL,557952,mL,500,none,,,none,TRUE,FALSE,d5w (polyolefin)
Dextrose 5% in Water intravenous solution,TRUE,Hypotonic Crystalloid,fluid_electrolyte,other,D5W 500 mL (Polyolefin) for chemo,Not Recorded,500.0 mL,782,mL,500,none,,,none,TRUE,FALSE,d5w (polyolefin) for chemo
Dextrose 5% in Water intravenous solution,TRUE,Hypotonic Crystalloid,fluid_electrolyte,other,D5W 500 mL IV bag,Not Recorded,500.0 mL,29085,mL,500,none,,,none,TRUE,FALSE,d5w
Dextrose 5% in Water intravenous solution,TRUE,Hypotonic Crystalloid,fluid_electrolyte,other,D5W 500 mL IV bag for chemo,Not Recorded,500.0 mL,483,mL,500,none,,,none,TRUE,FALSE,d5w
Dextrose 5% in Water intravenous solution,TRUE,Hypotonic Crystalloid,fluid_electrolyte,other,D5W 50mL (Polyolefin),Not Recorded,50.0 mL,7,mL,50,none,,,none,TRUE,FALSE,d5w (polyolefin)
Dextrose 70% in Water intravenous solution,TRUE,Hypertonic Crystalloid,fluid_electrolyte,other,D70W 1000mL IV bag,Not Recorded,1000.0 mL,264,mL,1000,none,,,none,TRUE,FALSE,d70w
Dextrose 70% in Water intravenous solution,TRUE,Hypertonic Crystalloid,fluid_electrolyte,other,D70W 2000 mL IV bag,Not Recorded,2000.0 mL,419,mL,2000,none,,,none,TRUE,FALSE,d70w
Dextrose 70% in Water intravenous solution,TRUE,Hypertonic Crystalloid,fluid_electrolyte,other,D70W 500 mL IV bag,Not Recorded,500.0 mL,118,mL,500,none,,,none,TRUE,FALSE,d70w
DACTINomycin,FALSE,Medication,other,other,DACTINOmycin 0.5 mg inj,Not Recorded,none,44,,,0.5 mg,mg,0.5,none,FALSE,FALSE,DACTINOmycin
DAPTOmycin,FALSE,Medication,anti-infective,lipopeptide,DAPTOmycin 350 mg inj,Not Recorded,none,16976,,,350.0 mg,mg,350,none,FALSE,FALSE,DAPTOmycin
DAPTOmycin,FALSE,Medication,anti-infective,lipopeptide,DAPTOmycin 50 mg/mL inj,Not Recorded,none,2526,,,50.0 mg,mg,50,none,FALSE,FALSE,DAPTOmycin
DAUNOrubicin,FALSE,Medication,other,other,DAUNOrubicin 20 mg inj,Not Recorded,none,240,,,20.0 mg,mg,20,none,FALSE,FALSE,DAUNOrubicin
DAUNOrubicin,FALSE,Medication,other,other,DAUNOrubicin 5 mg/ml injection,Not Recorded,none,94,,,5.0 mg,mg,5,none,FALSE,FALSE,DAUNOrubicin
DOBUTamine,FALSE,Medication,pressor,inotrope,DOBUTamine 250 mg/20 mL inj,Microgram/Kilogram/Minute,20.0 mL,27450,mL,20,250.0 mg,mg,250,250.0 mg/20.0 ML,FALSE,FALSE,DOBUTamine
DOBUTamine,FALSE,Medication,pressor,inotrope,DOBUTamine 250 mg/20 mL inj ADD,Not Recorded,20.0 mL,54,mL,20,250.0 mg,mg,250,250.0 mg/20.0 ML,FALSE,FALSE,DOBUTamine
DOCEtaxel,FALSE,Medication,other,other,DOCEtaxel 10 mg/mL inj,Not Recorded,none,8,,,10.0 mg,mg,10,none,FALSE,FALSE,DOCEtaxel
DOCEtaxel,FALSE,Medication,other,other,DOCEtaxel 20mg/1mL inj,Not Recorded,1.0 mL,36,mL,1,20.0 mg,mg,20,20.0 mg/1.0 ML,FALSE,FALSE,DOCEtaxel
DOCEtaxel,FALSE,Medication,other,other,DOCEtaxel 80mg/4mL inj,Not Recorded,4.0 mL,38,mL,4,80.0 mg,mg,80,80.0 mg/4.0 ML,FALSE,FALSE,DOCEtaxel
DOPamine,FALSE,Medication,pressor,inotrope,DOPamine 200 mg/5mL inj,Microgram/Kilogram/Minute,5.0 mL,996,mL,5,200.0 mg,mg,200,200.0 mg/5.0 ML,FALSE,FALSE,DOPamine
DOPamine,FALSE,Medication,pressor,inotrope,DOPamine 400 mg/5 mL inj,Microgram/Kilogram/Minute,5.0 mL,1740,mL,5,400.0 mg,mg,400,400.0 mg/5.0 ML,FALSE,FALSE,DOPamine
DOPamine,FALSE,Medication,pressor,inotrope,DOPamine 400mg/10mL inj,Microgram/Kilogram/Minute,10.0 mL,1526,mL,10,400.0 mg,mg,400,400.0 mg/10.0 ML,FALSE,FALSE,DOPamine
DOXOrubicin,FALSE,Medication,other,other,DOXOrubicin  LYOPH 50mg for orderset only,Not Recorded,none,2,,,50.0 mg,mg,50,none,TRUE,FALSE,DOXOrubicin LYOPH
DOXOrubicin,FALSE,Medication,other,other,DOXOrubicin  LYOPHILIZED 50mg inj,Not Recorded,none,22,,,50.0 mg,mg,50,none,FALSE,FALSE,DOXOrubicin LYOPH
DOXOrubicin,FALSE,Medication,other,other,DOXOrubicin 2 mg/mL PF 25mL for orderset only,Not Recorded,25.0 mL,112,mL,25,2.0 mg,mg,2,none,TRUE,FALSE,DOXOrubicin
DOXOrubicin,FALSE,Medication,other,other,DOXOrubicin 2 mg/mL PF soln. 25mL,Not Recorded,25.0 mL,7396,mL,25,2.0 mg,mg,2,none,TRUE,FALSE,DOXOrubicin
DOXOrubicin,FALSE,Medication,other,other,DOXOrubicin PFS 10 mg/5 mL inj,Not Recorded,5.0 mL,737,mL,5,10.0 mg,mg,10,10.0 mg/5.0 ML,FALSE,FALSE,DOXOrubicin
DOXOrubicin liposomal,FALSE,Medication,other,other,DOXOrubicin liposomal 2 mg/mL (Lipodox),Not Recorded,none,11,,,2.0 mg,mg,2,none,TRUE,FALSE,DOXOrubicin liposomal
DOXOrubicin liposomal,FALSE,Medication,other,other,DOXOrubicin liposomal 20mg/ 10 mL inj,Not Recorded,10.0 mL,78,mL,10,20.0 mg,mg,20,20.0 mg/10.0 ML,FALSE,FALSE,DOXOrubicin hcl liposome
dacarbazine,FALSE,Medication,other,other,Dacarbazine 200mg inj,Not Recorded,none,90,,,200.0 mg,mg,200,none,FALSE,FALSE,dacarbazine
dalbavancin,FALSE,Medication,anti-infective,glycopeptide,Dalbavancin 500 mg/25ml  inj,Not Recorded,25.0 mL,162,mL,25,500.0 mg,mg,500,500.0 mg/25.0 ML,FALSE,FALSE,dalbavancin
dalfopristin-quinupristin,FALSE,Medication,anti-infective,streptogramin,Dalfopristin-Quinupristin 500 mg inj,Not Recorded,none,20,,,500.0 mg,mg,500,none,FALSE,FALSE,dalfopristin-quinupristin
dantrolene,FALSE,Medication,other,other,Dantrolene 100 mg cap,Not Recorded,none,1,,,100.0 mg,mg,100,none,FALSE,FALSE,dantrolene
dantrolene,FALSE,Medication,other,other,Dantrolene 20 mg inj,Not Recorded,none,40,,,20.0 mg,mg,20,none,FALSE,FALSE,dantrolene
dantrolene,FALSE,Medication,other,other,Dantrolene 250 mg inj,Not Recorded,none,44,,,250.0 mg,mg,250,none,FALSE,FALSE,dantrolene
DAPTOmycin,FALSE,Medication,anti-infective,lipopeptide,Daptomycin 500mg for IVPB,Not Recorded,none,15274,,,500.0 mg,mg,500,none,TRUE,FALSE,daptomycin
DAPTOmycin,FALSE,Medication,anti-infective,lipopeptide,Daptomycin 5mg/ml /LR 2mL lock soln.,Not Recorded,2.0 mL,7,mL,2,5.0 mg,mg,5,none,TRUE,FALSE,daptomycin in LR lock soln.
daratumumab,FALSE,Medication,other,other,Daratumumab 400mg/20mL inj.,Not Recorded,20.0 mL,4,mL,20,400.0 mg,mg,400,400.0 mg/20.0 ML,FALSE,FALSE,daratumumab
darbepoetin alfa,FALSE,Medication,other,other,Darbepoetin Alfa 25 mcg/0.42 mL syr.,Not Recorded,0.42 mL,47,mL,0.42,25.0 mcg,mcg,25,25.0 mcg/0.42 ML,FALSE,FALSE,darbepoetin alfa
darbepoetin alfa,FALSE,Medication,other,other,Darbepoetin Alfa 40 mcg/0.4 mL syr.,Not Recorded,0.4 mL,219,mL,0.4,40.0 mcg,mcg,40,40.0 mcg/0.4 ML,FALSE,FALSE,darbepoetin alfa
,,,,,Darbepoetin Alfa 40 mcg/0.4 mL syringe,Not Recorded,0.4 mL,2,mL,0.4,40.0 mcg,mcg,40,40.0 mcg/0.4 ML,FALSE,FALSE,
darbepoetin alfa,FALSE,Medication,other,other,Darbepoetin alfa 100 mcg/0.5 mL syr. For Dialysis,Not Recorded,0.5 mL,106,mL,0.5,100.0 mcg,mcg,100,100.0 mcg/0.5 ML,FALSE,FALSE,darbepoetin alfa
darbepoetin alfa,FALSE,Medication,other,other,Darbepoetin alfa 100 mcg/0.5 mL syringe,Not Recorded,0.5 mL,145,mL,0.5,100.0 mcg,mcg,100,100.0 mcg/0.5 ML,FALSE,FALSE,darbepoetin alfa
darbepoetin alfa,FALSE,Medication,other,other,Darbepoetin alfa 100 mcg/0.5 mL syringe- APPRISE,Not Recorded,0.5 mL,3,mL,0.5,100.0 mcg,mcg,100,100.0 mcg/0.5 ML,FALSE,FALSE,darbepoetin alfa
darbepoetin alfa,FALSE,Medication,other,other,Darbepoetin alfa 150 mcg/0.3 mL syringe,Not Recorded,0.3 mL,11,mL,0.3,150.0 mcg,mcg,150,150.0 mcg/0.3 ML,FALSE,FALSE,darbepoetin alfa
darbepoetin alfa,FALSE,Medication,other,other,Darbepoetin alfa 200 mcg/0.4 mL syringe,Not Recorded,0.4 mL,13,mL,0.4,200.0 mcg,mcg,200,200.0 mcg/0.4 ML,FALSE,FALSE,darbepoetin alfa
darbepoetin alfa,FALSE,Medication,other,other,Darbepoetin alfa 60 mcg/0.3 mL syr.,Not Recorded,0.3 mL,1340,mL,0.3,60.0 mcg,mcg,60,60.0 mcg/0.3 ML,FALSE,FALSE,darbepoetin alfa
,,,,,Darbepoetin alfa 60 mcg/0.3 mL syringe,Not Recorded,0.3 mL,29,mL,0.3,60.0 mcg,mcg,60,60.0 mcg/0.3 ML,FALSE,FALSE,
decitabine,FALSE,Medication,other,other,Decitabine 50mg inj,Not Recorded,none,2107,,,50.0 mg,mg,50,none,FALSE,FALSE,decitabine
deferoxamine,FALSE,Medication,other,other,Deferoxamine 500 mg inj,Not Recorded,none,184,,,500.0 mg,mg,500,none,FALSE,FALSE,deferoxamine
Description Missing,FALSE,Medication,other,other,Description Missing,Not Recorded,none,1,,,none,,,none,FALSE,FALSE,Description Missing
desmopressin,FALSE,Medication,other,other,Desmopressin 0.1 mg tab,Not Recorded,none,4,,,0.1 mg,mg,0.1,none,FALSE,FALSE,desmopressin
desmopressin,FALSE,Medication,other,other,Desmopressin 0.4 mcg/mL SubQ syringe,Not Recorded,none,54,,,0.4 mcg,mcg,0.4,none,FALSE,FALSE,desmopress in syringe
desmopressin,FALSE,Medication,other,other,Desmopressin 10mcg/inh 5mL nasal,Not Recorded,5.0 mL,2,mL,5,10.0 mcg,mcg,10,none,TRUE,FALSE,desmopressin
desmopressin,FALSE,Medication,other,other,Desmopressin 4 mcg/mL IV in syringe,Not Recorded,none,449,,,4.0 mcg,mcg,4,none,FALSE,FALSE,desmopressin in syringe
desmopressin,FALSE,Medication,other,other,Desmopressin 4 mcg/mL SubQ syringe,Not Recorded,none,15,,,4.0 mcg,mcg,4,none,FALSE,FALSE,desmopressin in syringe
desmopressin,FALSE,Medication,other,other,Desmopressin 4 mcg/mL inj,Not Recorded,none,4858,,,4.0 mcg,mcg,4,none,FALSE,FALSE,desmopressin
desmopressin,FALSE,Medication,other,other,Desmopressin 4 mcg/mL inj.,Not Recorded,none,396,,,4.0 mcg,mcg,4,none,FALSE,FALSE,desmopressin
dexamethasone,FALSE,Medication,corticosteroids,other,Dexamethasone 0.2mg/mL neonate syringe,Not Recorded,none,5,,,0.2 mg,mg,0.2,none,FALSE,FALSE,Dexamethasone in syringe
,,,,,Dexamethasone 0.5 mg tab,Not Recorded,none,1,,,0.5 mg,mg,0.5,none,FALSE,FALSE,
dexamethasone,FALSE,Medication,corticosteroids,other,Dexamethasone 10mg/NS IVPB,Not Recorded,none,11,,,10.0 mg,mg,10,none,TRUE,FALSE,dexamethasone/ns
dexamethasone,FALSE,Medication,corticosteroids,other,Dexamethasone 12mg/NS IVPB,Not Recorded,none,23,,,12.0 mg,mg,12,none,TRUE,FALSE,dexamethasone/ns
dexamethasone,FALSE,Medication,corticosteroids,other,Dexamethasone 2 mg tab,Not Recorded,none,2,,,2.0 mg,mg,2,none,FALSE,FALSE,dexamethasone
dexamethasone,FALSE,Medication,corticosteroids,other,Dexamethasone 20 mg/5 mL inj,Not Recorded,5.0 mL,16655,mL,5,20.0 mg,mg,20,20.0 mg/5.0 ML,FALSE,FALSE,dexamethasone
dexamethasone,FALSE,Medication,corticosteroids,other,Dexamethasone 20mg/NS IVPB,Not Recorded,none,69,,,20.0 mg,mg,20,none,TRUE,FALSE,dexamethasone/ns
dexamethasone,FALSE,Medication,corticosteroids,other,Dexamethasone 4 mg tab,Not Recorded,none,24,,,4.0 mg,mg,4,none,FALSE,FALSE,dexamethasone
dexamethasone,FALSE,Medication,corticosteroids,other,Dexamethasone 4 mg/1 mL inj,Not Recorded,1.0 mL,314008,mL,1,4.0 mg,mg,4,4.0 mg/1.0 ML,FALSE,FALSE,dexamethasone
dexamethasone,FALSE,Medication,corticosteroids,other,Dexamethasone 6  mg tab,Not Recorded,none,4,,,6.0 mg,mg,6,none,FALSE,FALSE,dexamethasone
dexamethasone,FALSE,Medication,corticosteroids,other,Dexamethasone 8 mg/NS IVPB,Not Recorded,none,14,,,8.0 mg,mg,8,none,TRUE,FALSE,dexamethasone/ns
dexamethasone,FALSE,Medication,corticosteroids,other,Dexamethson 10 mg/mL  10 mL inj,Not Recorded,10.0 mL,177,mL,10,10.0 mg,mg,10,none,FALSE,FALSE,dexamethasone
dexmedetomidine,FALSE,Medication,sedative,anesthetic,Dexmedetomidine 200 mcg/2 mL inj,Microgram/Kilogram/Hour,2.0 mL,101592,mL,2,200.0 mcg,mcg,200,200.0 mcg/2.0 ML,FALSE,FALSE,dexmedetomidine
dexmedetomidine,FALSE,Medication,sedative,anesthetic,Dexmedetomidine 4 mcg/mL 20mL vial (for OR),Not Recorded,20.0 mL,840,mL,20,4.0 mcg,mcg,4,none,TRUE,FALSE,dexmedetomidine
dexrazoxane,FALSE,Medication,other,other,Dexrazoxane 250 mg inj cardio tox,Not Recorded,none,16,,,250.0 mg,mg,250,none,FALSE,FALSE,dexrazoxane
"dextran, low molecular weight",TRUE,Hypertonic Crystalloid,fluid_electrolyte,other,Dextran 40/ 500 mL IV bag,Not Recorded,500.0 mL,257,mL,500,none,,,none,TRUE,FALSE,dextran 40
"dextran, low molecular weight",TRUE,Hypertonic Crystalloid,fluid_electrolyte,other,Dextran 40/ 500 mL IV bag,Not Recorded,500.0 mL,173,mL,500,none,,,none,TRUE,FALSE,dextran 40
"dextran, low molecular weight",TRUE,Hypertonic Crystalloid,fluid_electrolyte,other,Dextran 40/D5W 500 mL IV bag,Not Recorded,500.0 mL,496,mL,500,none,,,none,TRUE,FALSE,dextran 40/d5w
"dextran, high molecular weight",TRUE,Hypertonic Crystalloid,fluid_electrolyte,other,Dextran-Dextrose 32% inj 100 mL inj,Not Recorded,100.0 mL,18,mL,100,none,,,none,FALSE,FALSE,dextran-dextrose 32%
Dextrose 10% in Water intravenous solution,TRUE,Hypertonic Crystalloid,fluid_electrolyte,other,Dextrose 10% 5 mL inj,Not Recorded,5.0 mL,13,mL,5,none,,,none,FALSE,FALSE,dextrose 10%
,,,,,Dextrose 10% in Water 250mL,Not Recorded,250.0 mL,191,mL,250,none,,,none,TRUE,FALSE,
Dextrose 10% in Water intravenous solution,TRUE,Hypertonic Crystalloid,fluid_electrolyte,other,Dextrose 10% in Water 250mL btl.,Not Recorded,250.0 mL,892,mL,250,none,,,none,TRUE,FALSE,D10W
Dextrose 30% in Water,TRUE,Hypertonic Crystalloid,other,other,Dextrose 30% in Water 500mL,Not Recorded,500.0 mL,1,mL,500,none,,,none,TRUE,FALSE,dextrose 30% water
Dextrose 50% in Water intravenous solution,TRUE,Hypertonic Crystalloid,endocrine,diabetes,Dextrose 50% 50 mL syringe,Not Recorded,50.0 mL,62572,mL,50,none,,,none,FALSE,FALSE,dextrose 50%
Dextrose 50% in Water intravenous solution,TRUE,Hypertonic Crystalloid,endocrine,diabetes,Dextrose 50% 50 mL vial,Not Recorded,50.0 mL,8170,mL,50,none,,,none,TRUE,FALSE,dextrose 50%
diazePAM,FALSE,Medication,sedative,benzodiazepine,Diazepam 10 mg/2 mL inj,Not Recorded,2.0 mL,13498,mL,2,10.0 mg,mg,10,10.0 mg/2.0 ML,FALSE,FALSE,diazepam
,,,,,Diazepam 2 mg tab,Not Recorded,none,1,,,2.0 mg,mg,2,none,FALSE,FALSE,
diazePAM,FALSE,Medication,sedative,benzodiazepine,Diazepam 5 mg tab,Not Recorded,none,9,,,5.0 mg,mg,5,none,FALSE,FALSE,diazepam
dicyclomine,FALSE,Medication,other,other,Dicyclomine 20 mg/2 mL inj,Not Recorded,2.0 mL,4,mL,2,20.0 mg,mg,20,20.0 mg/2.0 ML,FALSE,FALSE,dicyclomine
digoxin,FALSE,Medication,antiarrhythmics,other,Digoxin 0.05 mg/mL Elixir  60 mL,Not Recorded,60.0 mL,1,mL,60,0.05 mg,mg,0.05,none,TRUE,FALSE,digoxin
digoxin,FALSE,Medication,antiarrhythmics,other,Digoxin 0.5 mg/2 mL inj,Not Recorded,2.0 mL,10268,mL,2,0.5 mg,mg,0.5,0.5 mg/2.0 ML,FALSE,FALSE,digoxin
digoxin immune FAB,FALSE,Medication,other,other,Digoxin Immune Fab 40mg (Digifab),Not Recorded,none,49,,,40.0 mg,mg,40,none,TRUE,FALSE,digoxin immune fab
dihydroergotamine,FALSE,Medication,other,other,Dihydroergotamine 1 mg/1 mL inj,Not Recorded,1.0 mL,1950,mL,1,1.0 mg,mg,1,1.0 mg/1.0 ML,FALSE,FALSE,dihydroergotamine
diltiazem,FALSE,Medication,bp_lowering,other,Diltiazem 100 mg ADD-Vantage,Milligram/Hour,none,31,,,100.0 mg,mg,100,none,TRUE,FALSE,diltiazem
diltiazem,FALSE,Medication,bp_lowering,other,Diltiazem 125 mg vial,Milligram/Hour,none,40246,,,125.0 mg,mg,125,none,FALSE,FALSE,diltiazem
diltiazem,FALSE,Medication,bp_lowering,other,Diltiazem 25 mg/5 mL inj,Not Recorded,5.0 mL,13081,mL,5,25.0 mg,mg,25,25.0 mg/5.0 ML,FALSE,FALSE,diltiazem
diltiazem,FALSE,Medication,bp_lowering,other,Diltiazem 50 mg/10 mL inj,Not Recorded,10.0 mL,50,mL,10,50.0 mg,mg,50,50.0 mg/10.0 ML,FALSE,FALSE,diltiazem
diphenhydrAMINE,FALSE,Medication,antihistamine,other,DiphenhydrAMI 2.5 mg/mL liq 240 mL,Not Recorded,240.0 mL,4,mL,240,2.5 mg,mg,2.5,none,TRUE,FALSE,diphenhydrAMINE
,,,,,DiphenhydrAMINE 12.5mg/5mL Liq,Not Recorded,5.0 mL,1,mL,5,12.5 mg,mg,12.5,12.5 mg/5.0 ML,TRUE,FALSE,
diphenhydrAMINE,FALSE,Medication,antihistamine,other,DiphenhydrAMINE 25 mg cap,Not Recorded,none,66,,,25.0 mg,mg,25,none,FALSE,FALSE,diphenhydrAMINE
diphenhydrAMINE,FALSE,Medication,antihistamine,other,DiphenhydrAMINE 25 mg/10 mL liq,Not Recorded,10.0 mL,10,mL,10,25.0 mg,mg,25,25.0 mg/10.0 ML,TRUE,FALSE,diphenhydrAMINE
diphenhydrAMINE,FALSE,Medication,antihistamine,other,DiphenhydrAMINE 25mg/NS IVPB,Not Recorded,none,40,,,25.0 mg,mg,25,none,TRUE,FALSE,diphenhydrAMINE/ns
diphenhydrAMINE,FALSE,Medication,antihistamine,other,DiphenhydrAMINE 50 mg cap,Not Recorded,none,21,,,50.0 mg,mg,50,none,FALSE,FALSE,diphenhydrAMINE
diphenhydrAMINE,FALSE,Medication,antihistamine,other,DiphenhydrAMINE 50 mg/1 mL inj,Not Recorded,1.0 mL,284906,mL,1,50.0 mg,mg,50,50.0 mg/1.0 ML,FALSE,FALSE,diphenhydrAMINE
diphenhydrAMINE,FALSE,Medication,antihistamine,other,DiphenhydrAMINE 50mg/NS IVPB,Not Recorded,none,202,,,50.0 mg,mg,50,none,TRUE,FALSE,diphenhydrAMINE/ns
,,,,,Disposable elastomeric pump,Not Recorded,none,1,,,none,,,none,TRUE,FALSE,
docusate,FALSE,Medication,other,other,Docusate Sodium 100 mg cap,Not Recorded,none,1,,,100.0 mg,mg,100,none,FALSE,FALSE,docusate
dofetilide,FALSE,Medication,antiarrhythmics,other,Dofetilide 250 mcg cap,Not Recorded,none,1,,,250.0 mcg,mcg,250,none,FALSE,FALSE,dofetilide
doripenem,FALSE,Medication,anti-infective,carbapenems,Doripenem 250 mg inj,Not Recorded,none,62,,,250.0 mg,mg,250,none,FALSE,FALSE,doripenem
doripenem,FALSE,Medication,anti-infective,carbapenems,Doripenem 500 mg inj,Not Recorded,none,8405,,,500.0 mg,mg,500,none,FALSE,FALSE,doripenem
DOXOrubicin,FALSE,Medication,other,other,Doxorubicin 2  mg/ 1 mL inj,Not Recorded,1.0 mL,26,mL,1,2.0 mg,mg,2,2.0 mg/1.0 ML,FALSE,FALSE,doxorubicin
DOXOrubicin,FALSE,Medication,other,other,Doxorubicin PFS 10mg/5mL inj,Not Recorded,5.0 mL,38,mL,5,10.0 mg,mg,10,10.0 mg/5.0 ML,FALSE,FALSE,doxorubicin
,,,,,Doxycycline 100 mg cap,Not Recorded,none,3,,,100.0 mg,mg,100,none,FALSE,FALSE,
doxycycline,FALSE,Medication,anti-infective,tetracyclines,Doxycycline 100 mg inj,Not Recorded,none,6078,,,100.0 mg,mg,100,none,FALSE,FALSE,doxycycline
doxycycline,FALSE,Medication,anti-infective,tetracyclines,Doxycycline 100mg IVPB,Not Recorded,none,13361,,,100.0 mg,mg,100,none,TRUE,FALSE,doxycycline in ns
doxycycline,FALSE,Medication,anti-infective,tetracyclines,Doxycycline 1mg/mL NS peds syringe,Not Recorded,none,2,,,1.0 mg,mg,1,none,FALSE,FALSE,doxycycline/ns syringe
,,,,,Doxycycline 50mg cap,Not Recorded,none,1,,,50.0 mg,mg,50,none,FALSE,FALSE,
doxycycline,FALSE,Medication,anti-infective,tetracyclines,Doxycycline hyclate 100 mg tab,Not Recorded,none,7,,,100.0 mg,mg,100,none,FALSE,FALSE,doxycycline
,,,,,Droperidol 0.625mg/2mL ns for OR,Not Recorded,2.0 mL,88,mL,2,0.625 mg,mg,0.625,0.625 mg/2.0 ML,TRUE,FALSE,
,,,,,Droperidol 2.5mg/mL inj,Not Recorded,none,131,,,2.5 mg,mg,2.5,none,FALSE,FALSE,
calcium gluconate,TRUE,Electrolyte Solution (Calcium),fluid_electrolyte,other,ED-Calcium Gluconate 2gm IVPB for ED use only,Not Recorded,none,49,,,2.0 gm,gm,2,none,TRUE,FALSE,calcium gluconate/ns
ephedrine,FALSE,Medication,other,other,EPHEDrine 25mg/5ml (5mg/mL) syringe,Not Recorded,5.0 mL,8,mL,5,25.0 mg,mg,25,25.0 mg/5.0 ML,FALSE,FALSE,ePHEDrine
ephedrine,FALSE,Medication,other,other,EPHEDrine 50 mg/1 mL inj,Not Recorded,1.0 mL,25779,mL,1,50.0 mg,mg,50,50.0 mg/1.0 ML,FALSE,FALSE,ePHEDrine
ephedrine,FALSE,Medication,other,other,EPHEDrine 50 mg/10mL inj,Not Recorded,10.0 mL,16,mL,10,50.0 mg,mg,50,50.0 mg/10.0 ML,FALSE,FALSE,ePHEDrine
ephedrine,FALSE,Medication,other,other,EPHEDrine 5mg/mL OR syringe,Not Recorded,none,152790,,,5.0 mg,mg,5,none,FALSE,FALSE,ePHEDrine
epinephrine,FALSE,Medication,pressor,inotrope,EPInephrine 0.3mg Auto-injector,Not Recorded,none,4,,,0.3 mg,mg,0.3,none,FALSE,FALSE,EPInephrine hcl
epinephrine,FALSE,Medication,pressor,inotrope,EPInephrine 1 mg/ 1 mL inj,Microgram/Kilogram/Minute,1.0 mL,36048,mL,1,1.0 mg,mg,1,1.0 mg/1.0 ML,FALSE,FALSE,EPInephrine
epinephrine,FALSE,Medication,pressor,inotrope,EPInephrine 1 mg/10 mL inj,Not Recorded,10.0 mL,2843,mL,10,1.0 mg,mg,1,1.0 mg/10.0 ML,FALSE,FALSE,EPInephrine
epinephrine,FALSE,Medication,pressor,inotrope,EPInephrine 160mcg Syr OR,Not Recorded,none,1245,,,160.0 mcg,mcg,160,none,FALSE,FALSE,EPInephrine
epinephrine,FALSE,Medication,pressor,inotrope,EPInephrine 1mg/ml 30 mL inj,Not Recorded,30.0 mL,160479,mL,30,1.0 mg,mg,1,none,FALSE,FALSE,EPInephrine
,,,,,EPIrubicin 2 mg / 1 mL inj,Not Recorded,1.0 mL,1,mL,1,2.0 mg,mg,2,2.0 mg/1.0 ML,FALSE,FALSE,
eculizumab,FALSE,Medication,other,other,Eculizumab 300 mg/30mL inj.,Not Recorded,30.0 mL,65,mL,30,300.0 mg,mg,300,300.0 mg/30.0 ML,FALSE,FALSE,eculizumab
edrophonium,FALSE,Medication,other,other,Edrophonium 10 mg/mL 15 mL inj,Not Recorded,15.0 mL,1,mL,15,10.0 mg,mg,10,none,FALSE,FALSE,edrophonium
edrophonium,FALSE,Medication,other,other,Edrophonium 10 mg/mL per mL,Not Recorded,none,8,,,10.0 mg,mg,10,none,TRUE,FALSE,edrophonium
Empty Container,FALSE,Medication,other,other,Empty Container,Not Recorded,none,40939,,,none,,,none,FALSE,FALSE,Empty Container
Empty Container,FALSE,Medication,other,other,Empty Container Non-DEHP,Not Recorded,none,4,,,none,,,none,FALSE,FALSE,Empty Container Non-DEHP
enalapril,FALSE,Medication,bp_lowering,other,Enalaprilat 1.25 mg/1 mL inj,Not Recorded,1.0 mL,446,mL,1,1.25 mg,mg,1.25,1.25 mg/1.0 ML,FALSE,FALSE,enalapril
enalapril,FALSE,Medication,bp_lowering,other,Enalaprilat 2.5 mg/2 mL inj,Not Recorded,2.0 mL,3341,mL,2,2.5 mg,mg,2.5,2.5 mg/2.0 ML,FALSE,FALSE,enalaprilat
enoxaparin,FALSE,Medication,anticoagulant,other,Enoxaparin 100 mg/ 1 mL inj,Not Recorded,1.0 mL,270,mL,1,100.0 mg,mg,100,100.0 mg/1.0 ML,FALSE,FALSE,enoxaparin
enoxaparin,FALSE,Medication,anticoagulant,other,Enoxaparin 120 mg/ 0.8 mL  inj,Not Recorded,0.8 mL,2,mL,0.8,120.0 mg,mg,120,120.0 mg/0.8 ML,FALSE,FALSE,enoxaparin
,,,,,Enoxaparin 20 mg/ 0.2 mL syringe,Not Recorded,0.2 mL,3,mL,0.2,20.0 mg,mg,20,20.0 mg/0.2 ML,FALSE,FALSE,
enoxaparin,FALSE,Medication,anticoagulant,other,Enoxaparin 30 mg/0.3 mL inj,Not Recorded,0.3 mL,163,mL,0.3,30.0 mg,mg,30,30.0 mg/0.3 ML,FALSE,FALSE,enoxaparin
enoxaparin,FALSE,Medication,anticoagulant,other,Enoxaparin 40 mg/ 0.4 mL inj,Not Recorded,0.4 mL,4,mL,0.4,40.0 mg,mg,40,40.0 mg/0.4 ML,FALSE,FALSE,enoxaparin
enoxaparin,FALSE,Medication,anticoagulant,other,Enoxaparin 60 mg/ 0.6 mL inj,Not Recorded,0.6 mL,2,mL,0.6,60.0 mg,mg,60,60.0 mg/0.6 ML,FALSE,FALSE,enoxaparin
Epidural Infusion,FALSE,Medication,other,other,Epidural Infusion,Not Recorded,none,2,,,none,,,none,FALSE,FALSE,Epidural Infusion
epoetin alfa,FALSE,Medication,other,other,"Epoetin 10,000 units/ 1 mL inj",Not Recorded,1.0 mL,4614,mL,1,10000.0 unit,unit,10000,0.0 unit/1.0 ML,FALSE,FALSE,epoetin
epoetin alfa,FALSE,Medication,other,other,"Epoetin 2,000 units/ 1 mL inj",Not Recorded,1.0 mL,139,mL,1,2000.0 unit,unit,2000,0.0 unit/1.0 ML,FALSE,FALSE,epoetin alfa
epoetin alfa,FALSE,Medication,other,other,"Epoetin 20,000 units inj",Not Recorded,none,1277,,,20000.0 unit,unit,20000,none,FALSE,FALSE,epoetin
epoetin alfa,FALSE,Medication,other,other,"Epoetin 40,000 units/ 1 mL",Not Recorded,1.0 mL,71,mL,1,40000.0 unit,unit,40000,0.0 unit/1.0 ML,TRUE,FALSE,epoetin
epoetin alfa,FALSE,Medication,other,other,Epoetin 4000 units/1 mL inj,Not Recorded,1.0 mL,257,mL,1,4000.0 unit,unit,4000,4000.0 unit/1.0 ML,FALSE,FALSE,epoetin alfa
epoetin alfa,FALSE,Medication,other,other,"Epoetin alfa-epbx (Retacrit) 10,000 units/1 mL inj",Not Recorded,1.0 mL,1302,mL,1,10000.0 unit,unit,10000,0.0 unit/1.0 ML,FALSE,FALSE,epoetin alfa-epbx
epoetin alfa,FALSE,Medication,other,other,"Epoetin alfa-epbx (Retacrit) 2,000 units/1 mL inj",Not Recorded,1.0 mL,73,mL,1,2000.0 unit,unit,2000,0.0 unit/1.0 ML,FALSE,FALSE,epoetin alfa-epbx
epoetin alfa,FALSE,Medication,other,other,"Epoetin alfa-epbx (Retacrit) 20,000 units/1 mL inj",Not Recorded,1.0 mL,406,mL,1,20000.0 unit,unit,20000,0.0 unit/1.0 ML,FALSE,FALSE,epoetin alfa-epbx
epoetin alfa,FALSE,Medication,other,other,"Epoetin alfa-epbx (Retacrit) 40,000 units/1 mL inj",Not Recorded,1.0 mL,62,mL,1,40000.0 unit,unit,40000,0.0 unit/1.0 ML,FALSE,FALSE,epoetin alfa-epbx
sterile water,TRUE,Sterile Water,other,other,Epoprostenol  Diluent 50mL for ICU Drip,Not Recorded,50.0 mL,51,mL,50,none,,,none,TRUE,FALSE,epoprostenol/Flolan diluent
sterile water,TRUE,Sterile Water,other,other,Epoprostenol  Diluent 50mL for ICU Drip,Not Recorded,50.0 mL,51,mL,50,none,,,none,TRUE,FALSE,epoprostenol diluent
sterile water,TRUE,Sterile Water,other,other,Epoprostenol  Diluent 50mL for ICU Drip,Not Recorded,50.0 mL,4417,mL,50,none,,,none,TRUE,FALSE,epoprostenol/Flolan diluent
sterile water,TRUE,Sterile Water,other,other,Epoprostenol  Diluent 50mL for ICU Drip,Not Recorded,50.0 mL,4417,mL,50,none,,,none,TRUE,FALSE,epoprostenol diluent
sterile water,TRUE,Sterile Water,other,other,Epoprostenol  Diluent 50mL vial,Not Recorded,50.0 mL,13,mL,50,none,,,none,TRUE,FALSE,epoprostenol/Flolan diluent
epoprostenol diluent,FALSE,Medication,other,other,Epoprostenol  Diluent 50mL vial,Not Recorded,50.0 mL,13,mL,50,none,,,none,TRUE,FALSE,epoprostenol/Flolan diluent
epoprostenol diluent,FALSE,Medication,other,other,Epoprostenol  Diluent 50mL vial,Not Recorded,50.0 mL,13,mL,50,none,,,none,TRUE,FALSE,epoprostenol diluent
sterile water,TRUE,Sterile Water,other,other,Epoprostenol  Diluent 50mL vial,Not Recorded,50.0 mL,924,mL,50,none,,,none,TRUE,FALSE,epoprostenol/Flolan diluent
epoprostenol diluent,FALSE,Medication,other,other,Epoprostenol  Diluent 50mL vial,Not Recorded,50.0 mL,924,mL,50,none,,,none,TRUE,FALSE,epoprostenol/Flolan diluent
epoprostenol diluent,FALSE,Medication,other,other,Epoprostenol  Diluent 50mL vial,Not Recorded,50.0 mL,924,mL,50,none,,,none,TRUE,FALSE,epoprostenol diluent
epoprostenol,FALSE,Medication,bp_lowering,other,Epoprostenol 0.5 mg inj,Not Recorded,none,18956,,,0.5 mg,mg,0.5,none,FALSE,FALSE,epoprostenol
epoprostenol,FALSE,Medication,bp_lowering,other,"Epoprostenol 1,000,000 ng (1mg) inhale (Veletri)",Not Recorded,none,39,,,1.0 mg,mg,1,none,FALSE,FALSE,epoprostenol inhale
epoprostenol,FALSE,Medication,bp_lowering,other,Epoprostenol 1.5 mg inj.,Not Recorded,none,2404,,,1.5 mg,mg,1.5,none,FALSE,FALSE,epoprostenol
epoprostenol,FALSE,Medication,bp_lowering,other,"Epoprostenol 500,000 ng (0.5mg) inhale (Veletri)",Not Recorded,none,9,,,0.5 mg,mg,0.5,none,FALSE,FALSE,epoprostenol inhale
Epoprostenol CADD Conc-Dose-Rate Confirm,FALSE,Medication,other,other,Epoprostenol CADD Conc-Dose-Rate Confirm,Not Recorded,none,5,,,none,,,none,FALSE,FALSE,Epoprostenol CADD Conc-Dose-Rate Confirm
Flolan Cassette,FALSE,Medication,other,other,Epoprostenol Cassette,Not Recorded,none,18,,,none,,,none,FALSE,FALSE,flolan casstte
Flolan Cassette,FALSE,Medication,other,other,Epoprostenol Cassette,Not Recorded,none,18,,,none,,,none,FALSE,FALSE,Epoprostenol cassette
Flolan Cassette,FALSE,Medication,other,other,Epoprostenol Cassette,Not Recorded,none,6,,,none,,,none,FALSE,FALSE,flolan casstte
Flolan Cassette,FALSE,Medication,other,other,Epoprostenol Cassette,Not Recorded,none,6,,,none,,,none,FALSE,FALSE,Epoprostenol cassette
,,,,,Eptifibatide 2 mg/mL 10 mL bolus inj,Not Recorded,10.0 mL,40,mL,10,2.0 mg,mg,2,none,FALSE,FALSE,
eribulin,FALSE,Medication,other,other,Eribulin 1mg/2mL inj,Not Recorded,2.0 mL,2,mL,2,1.0 mg,mg,1,1.0 mg/2.0 ML,FALSE,FALSE,eribulin
ertapenem,FALSE,Medication,anti-infective,carbapenems,Ertapenem 1000 mg inj,Not Recorded,none,24830,,,1000.0 mg,mg,1000,none,FALSE,FALSE,ertapenem
erythromycin,FALSE,Medication,anti-infective,macrolide antibiotics,Erythromycin 500 mg inj,Not Recorded,none,11899,,,500.0 mg,mg,500,none,FALSE,FALSE,erythromycin
esmolol,FALSE,Medication,bp_lowering,beta_blocker,Esmolol 100 mg/10 mL inj,Not Recorded,10.0 mL,854,mL,10,100.0 mg,mg,100,100.0 mg/10.0 ML,FALSE,FALSE,esmolol
esmolol,FALSE,Medication,bp_lowering,beta_blocker,Esmolol 10mg/mL OR syringe,Not Recorded,none,2216,,,10.0 mg,mg,10,none,FALSE,FALSE,esmolol
esmolol,FALSE,Medication,bp_lowering,beta_blocker,Esmolol 2.5 gm/10 mL inj,Not Recorded,10.0 mL,21,mL,10,2.5 gm,gm,2.5,none,FALSE,FALSE,esmolol
estradiol,FALSE,Medication,other,other,Estradiol 1 mg tab,Not Recorded,none,1,,,1.0 mg,mg,1,none,FALSE,FALSE,estradiol
conjugated estrogens,FALSE,Medication,other,other,Estrogens 25 mg/5 mL inj.,Not Recorded,5.0 mL,398,mL,5,25.0 mg,mg,25,25.0 mg/5.0 ML,FALSE,FALSE,"estrogens, conjugated"
ethacrynic acid,FALSE,Medication,diuretic,other,Ethacrynate 50 mg/50 mL inj,Not Recorded,50.0 mL,249,mL,50,50.0 mg,mg,50,50.0 mg/50.0 ML,FALSE,FALSE,ethacrynate
ethanol,FALSE,Medication,other,other,Ethanol Lock soln 70% 3mL,Not Recorded,3.0 mL,6,mL,3,none,,,none,TRUE,FALSE,ethanol 70% lock soln.
,,,,,Ethiodized Oil (37% iodine) 10 mL inj,Not Recorded,10.0 mL,1,mL,10,none,,,none,FALSE,FALSE,
ethiodized oil,FALSE,Medication,other,other,Ethiodized Oil 480mg/mL,Not Recorded,none,1,,,480.0 mg,mg,480,none,TRUE,FALSE,ethiodized oil
etomidate,FALSE,Medication,sedative,anesthetic,Etomidate 10mg/5mL syringe,Not Recorded,5.0 mL,7,mL,5,10.0 mg,mg,10,10.0 mg/5.0 ML,FALSE,FALSE,etomidate
etomidate,FALSE,Medication,sedative,anesthetic,Etomidate 2 mg/mL  20 mL inj,Not Recorded,20.0 mL,1001,mL,20,2.0 mg,mg,2,none,FALSE,FALSE,etomidate
etomidate,FALSE,Medication,sedative,anesthetic,Etomidate 2 mg/mL inj 10mL,Not Recorded,10.0 mL,5292,mL,10,2.0 mg,mg,2,none,FALSE,FALSE,etomidate
etoposide,FALSE,Medication,other,other,Etoposide 100 mg / 5 mL,Not Recorded,5.0 mL,11606,mL,5,100.0 mg,mg,100,100.0 mg/5.0 ML,TRUE,FALSE,etoposide
etoposide,FALSE,Medication,other,other,Etoposide 500 mg/25 mL inj,Not Recorded,25.0 mL,4403,mL,25,500.0 mg,mg,500,500.0 mg/25.0 ML,FALSE,FALSE,etoposide
coagulation factor VIIa,FALSE,Medication,other,other,Factor 7a (VIIa),Not Recorded,none,952,,,none,,,none,TRUE,FALSE,coagulation factor 7a (VIIa)
Factor VIII injection,FALSE,Medication,other,other,Factor 8 (VIII) bolus,Not Recorded,none,205,,,none,,,none,TRUE,FALSE,Factor 8 (VIII) in syringe
Factor VIII injection,FALSE,Medication,other,other,Factor 8 (VIII) injection,Not Recorded,none,1272,,,none,,,none,FALSE,FALSE,Factor 8 (VIII) inj
coagulation factor IX,FALSE,Medication,other,other,Factor 9 (IX) inj,Not Recorded,none,197,,,none,,,none,FALSE,FALSE,factor 9 (IX)
coagulation factor IX,FALSE,Medication,other,other,Factor 9 (IX) inj Bolus,Not Recorded,none,49,,,none,,,none,FALSE,FALSE,factor 9 (IX) in syringe
antihemophilic factor,FALSE,Medication,other,other,"Factor VIII (Antihemophilic Factor, Recomb Porcine Seq) (Obizur)",Not Recorded,none,42,,,none,,,none,TRUE,FALSE,factor 8 porcine
antihemophilic factor,FALSE,Medication,other,other,"Factor VIII (Antihemophilic Factor, Recomb Porcine Seq) (Obizur)",Not Recorded,none,1,,,none,,,none,TRUE,FALSE,factor 8 porcine
Factor VIII injection,FALSE,Medication,other,other,"Factor VIII (Antihemophilic Factor, Recomb Porcine) (Obizur)",Not Recorded,none,24,,,none,,,none,TRUE,FALSE,factor 8 porcine
coagulation factor VIIa,FALSE,Medication,other,other,Factor7a (VIIa) 2000 mcg (OR CHARGE),Not Recorded,none,3,,,2000.0 mcg,mcg,2000,none,TRUE,FALSE,coagulation factor VIIa
famotidine,FALSE,Medication,antihistamine,acid_suppressant,Famotidine 20 mg for Hyperal only,Not Recorded,none,486069,,,20.0 mg,mg,20,none,TRUE,FALSE,famotidine
famotidine,FALSE,Medication,antihistamine,acid_suppressant,Famotidine 20 mg tab,Not Recorded,none,42,,,20.0 mg,mg,20,none,FALSE,FALSE,fAMOTIDine
famotidine,FALSE,Medication,antihistamine,acid_suppressant,Famotidine 20 mg/2 mL inj,Not Recorded,2.0 mL,322358,mL,2,20.0 mg,mg,20,20.0 mg/2.0 ML,FALSE,FALSE,fAMOTIDine
famotidine,FALSE,Medication,antihistamine,acid_suppressant,Famotidine 20mg/NS IV syringe,Not Recorded,none,12,,,20.0 mg,mg,20,none,FALSE,FALSE,famotidine/ns in syringe
,,,,,Famotidine 2mg/mL/NS neonate syringe,Not Recorded,none,4,,,2.0 mg,mg,2,none,FALSE,FALSE,
famotidine,FALSE,Medication,antihistamine,acid_suppressant,Famotidine 40 mg tab,Not Recorded,none,4,,,40.0 mg,mg,40,none,FALSE,FALSE,fAMOTIDine
famotidine,FALSE,Medication,antihistamine,acid_suppressant,Famotidine 40 mg/4 mL inj,Not Recorded,4.0 mL,66,mL,4,40.0 mg,mg,40,40.0 mg/4.0 ML,FALSE,FALSE,fAMOTIDine
"fat emulsion, intravenous",TRUE,Parenteral Nutrition,other,other,Fat Emulsion 20% 250 mL (Intralipid),Not Recorded,250.0 mL,15416,mL,250,none,,,none,TRUE,FALSE,fat emulsion 20%
"fat emulsion, intravenous",TRUE,Parenteral Nutrition,other,other,Fat Emulsion 20% 250 mL (Intralipid),Not Recorded,250.0 mL,15416,mL,250,none,,,none,TRUE,FALSE,fat emulsion 20% (Intralipid)
"fat emulsion, intravenous",TRUE,Parenteral Nutrition,other,other,Fat Emulsion 20% 250 mL (Intralipid),Not Recorded,250.0 mL,5486,mL,250,none,,,none,TRUE,FALSE,fat emulsion 20%
"fat emulsion, intravenous",TRUE,Parenteral Nutrition,other,other,Fat Emulsion 20% 250 mL (Intralipid),Not Recorded,250.0 mL,5486,mL,250,none,,,none,TRUE,FALSE,fat emulsion 20% (Intralipid)
"fat emulsion, intravenous",TRUE,Parenteral Nutrition,other,other,Fat Emulsion 20% 500mL,Not Recorded,500.0 mL,3,mL,500,none,,,none,TRUE,FALSE,fat emulsion 20%
"fat emulsion, intravenous",TRUE,Parenteral Nutrition,other,other,Fat Emulsion 20% NEONATE syringe,Not Recorded,none,5,,,none,,,none,FALSE,FALSE,fat emulsion 20% in syringe
"fat emulsion, intravenous",TRUE,Parenteral Nutrition,other,other,Fat Emulsion 20% NEONATE syringe,Not Recorded,none,5,,,none,,,none,FALSE,FALSE,fat emulsion 20% in syr (Intralipid)
"fat emulsion, intravenous",TRUE,Parenteral Nutrition,other,other,Fat Emulsion 20% NEONATE syringe,Not Recorded,none,66,,,none,,,none,FALSE,FALSE,fat emulsion 20% in syringe
"fat emulsion, intravenous",TRUE,Parenteral Nutrition,other,other,Fat Emulsion 20% NEONATE syringe,Not Recorded,none,66,,,none,,,none,FALSE,FALSE,fat emulsion 20% in syr (Intralipid)
"fat emulsion, intravenous",TRUE,Parenteral Nutrition,other,other,"Fat emulsion, 20% 100mL (Neonate)",Not Recorded,100.0 mL,138,mL,100,none,,,none,TRUE,FALSE,"fat emulsion 20%, intravenous"
"fat emulsion, intravenous",TRUE,Parenteral Nutrition,other,other,"Fat emulsion, 20% 100mL (Neonate)",Not Recorded,100.0 mL,138,mL,100,none,,,none,TRUE,FALSE,fat emulsion 20% (Intralipid)
"fat emulsion, intravenous",TRUE,Parenteral Nutrition,other,other,"Fat emulsion, 20% 100mL (Neonate)",Not Recorded,100.0 mL,436,mL,100,none,,,none,TRUE,FALSE,"fat emulsion 20%, intravenous"
"fat emulsion, intravenous",TRUE,Parenteral Nutrition,other,other,"Fat emulsion, 20% 100mL (Neonate)",Not Recorded,100.0 mL,436,mL,100,none,,,none,TRUE,FALSE,fat emulsion 20% (Intralipid)
"fat emulsion, intravenous",TRUE,Parenteral Nutrition,other,other,"Fat emulsion, intravenous (fish oil) 20% 250mL (Smoflipid)",Not Recorded,250.0 mL,5112,mL,250,none,,,none,TRUE,FALSE,"fat emulsion, intravenous 20%"
"fat emulsion, intravenous",TRUE,Parenteral Nutrition,other,other,"Fat emulsion, intravenous (fish oil) 20% 250mL (Smoflipid)",Not Recorded,250.0 mL,5112,mL,250,none,,,none,TRUE,FALSE,fat emulsion 20%(Smoflipid)
"fat emulsion, intravenous",TRUE,Parenteral Nutrition,other,other,"Fat emulsion, intravenous (fish oil) 20% 250mL (Smoflipid)",Not Recorded,250.0 mL,2174,mL,250,none,,,none,TRUE,FALSE,"fat emulsion, intravenous 20%"
"fat emulsion, intravenous",TRUE,Parenteral Nutrition,other,other,"Fat emulsion, intravenous (fish oil) 20% 250mL (Smoflipid)",Not Recorded,250.0 mL,2174,mL,250,none,,,none,TRUE,FALSE,fat emulsion 20%(Smoflipid)
"fat emulsion, intravenous",TRUE,Parenteral Nutrition,other,other,"Fat emulsion, intravenous (fish oil) 20% 500mL (for TPN) (Smoflipid)",Not Recorded,500.0 mL,359,mL,500,none,,,none,TRUE,FALSE,"fat emulsion, intravenous 20%"
"fat emulsion, intravenous",TRUE,Parenteral Nutrition,other,other,"Fat emulsion, intravenous (fish oil) 20% 500mL (for TPN) (Smoflipid)",Not Recorded,500.0 mL,359,mL,500,none,,,none,TRUE,FALSE,fat emulsion 20%(Smoflipid)
"fat emulsion, intravenous",TRUE,Parenteral Nutrition,other,other,"Fat emulsion, intravenous (fish oil) 20% 500mL (for TPN) (Smoflipid)",Not Recorded,500.0 mL,49,mL,500,none,,,none,TRUE,FALSE,"fat emulsion, intravenous 20%"
"fat emulsion, intravenous",TRUE,Parenteral Nutrition,other,other,"Fat emulsion, intravenous (fish oil) 20% 500mL (for TPN) (Smoflipid)",Not Recorded,500.0 mL,49,mL,500,none,,,none,TRUE,FALSE,fat emulsion 20%(Smoflipid)
"fat emulsion, intravenous",TRUE,Parenteral Nutrition,other,other,"Fat emulsion,intravenous (fish oil) 20% 1000mL (for TPN) (Smoflipid)",Not Recorded,1000.0 mL,1806,mL,1000,none,,,none,TRUE,FALSE,fat emulsion 20%(Smoflipid)
fentaNYL,FALSE,Medication,analgesic,opioids,FentaNYL 50 mcg/mL 10mL inj,Not Recorded,10.0 mL,33,mL,10,50.0 mcg,mcg,50,none,FALSE,FALSE,fentaNYL
fentaNYL,FALSE,Medication,analgesic,opioids,FentaNYL PCA/NCA 10mcg/mL 50mL syringe,Not Recorded,50.0 mL,1669,mL,50,10.0 mcg,mcg,10,none,FALSE,FALSE,fentaNYL pca/nca
fentaNYL,FALSE,Medication,analgesic,opioids,Fentanyl  2.5 mg / 50 mL Drip,Not Recorded,50.0 mL,4,mL,50,2.5 mg,mg,2.5,2.5 mg/50.0 ML,TRUE,FALSE,fentanyl citrate
,,,,,Fentanyl 100 mcg buccal tab,Not Recorded,none,1,,,100.0 mcg,mcg,100,none,FALSE,FALSE,
fentaNYL,FALSE,Medication,analgesic,opioids,Fentanyl 100 mcg/hr patch,Not Recorded,none,3,,,100.0 mcg,mcg,100,none,FALSE,FALSE,fentanyl
fentaNYL,FALSE,Medication,analgesic,opioids,Fentanyl 1000 mcg/20 mL inj,Not Recorded,20.0 mL,3731,mL,20,1000.0 mcg,mcg,1000,1000.0 mcg/20.0 ML,FALSE,FALSE,fentanyl
fentaNYL,FALSE,Medication,analgesic,opioids,Fentanyl 100mcg/2 mL inj,Not Recorded,2.0 mL,493768,mL,2,100.0 mcg,mcg,100,100.0 mcg/2.0 ML,FALSE,FALSE,fentanyl
fentaNYL,FALSE,Medication,analgesic,opioids,Fentanyl 10mcg/ml 60mL Syringe,Micrograms/Hour,60.0 mL,46654,mL,60,10.0 mcg,mcg,10,none,FALSE,FALSE,fentanyl syringe
fentaNYL,FALSE,Medication,analgesic,opioids,Fentanyl 12 mcg/hr patch,Not Recorded,none,2,,,12.0 mcg,mcg,12,none,FALSE,FALSE,fentanyl
,,,,,Fentanyl 200 mcg lozenge,Not Recorded,none,2,,,200.0 mcg,mcg,200,none,FALSE,FALSE,
fentaNYL,FALSE,Medication,analgesic,opioids,Fentanyl 25 mcg/hr patch,Not Recorded,none,4,,,25.0 mcg,mcg,25,none,FALSE,FALSE,fentanyl
fentaNYL,FALSE,Medication,analgesic,opioids,Fentanyl 250 mcg/5 mL inj,Not Recorded,5.0 mL,3700,mL,5,250.0 mcg,mcg,250,250.0 mcg/5.0 ML,FALSE,FALSE,fentanyl
fentaNYL,FALSE,Medication,analgesic,opioids,Fentanyl 50 mcg/hr patch,Not Recorded,none,2,,,50.0 mcg,mcg,50,none,FALSE,FALSE,fentanyl
fentaNYL,FALSE,Medication,analgesic,opioids,Fentanyl 75 mcg/hr patch,Not Recorded,none,4,,,75.0 mcg,mcg,75,none,FALSE,FALSE,fentanyl
Fentanyl Patch Removal,FALSE,Medication,removal,other,Fentanyl Patch Removal,Not Recorded,none,2,,,none,,,none,FALSE,FALSE,fentanyl patch removal
sodium ferric gluconate complex,FALSE,Medication,other,other,Ferrlecit 62.5 mg/5 mL inj,Not Recorded,5.0 mL,31,mL,5,62.5 mg,mg,62.5,62.5 mg/5.0 ML,FALSE,FALSE,ferric gluconate sodium complex
ferumoxytol,FALSE,Medication,other,other,Ferumoxytol 510mg/17mL inj,Not Recorded,17.0 mL,915,mL,17,510.0 mg,mg,510,510.0 mg/17.0 ML,FALSE,FALSE,ferumoxytol
fibrinogen,FALSE,Medication,other,other,Fibrinogen concentrate (Human),Not Recorded,none,8,,,none,,,none,TRUE,FALSE,fibrinogen
filgrastim,FALSE,Medication,other,other,Filgrastim 480 mcg/0.8 mL syr,Not Recorded,0.8 mL,3,mL,0.8,480.0 mcg,mcg,480,480.0 mcg/0.8 ML,FALSE,FALSE,filgrastim
,,,,,Fluconazole 100 mg tab,Not Recorded,none,1,,,100.0 mg,mg,100,none,FALSE,FALSE,
fluconazole,FALSE,Medication,anti-infective,antifungals,Fluconazole 100mg/50mL NS,Not Recorded,50.0 mL,3441,mL,50,100.0 mg,mg,100,100.0 mg/50.0 ML,TRUE,FALSE,fluconazole in ns
fluconazole,FALSE,Medication,anti-infective,antifungals,Fluconazole 200 mg tab,Not Recorded,none,7,,,200.0 mg,mg,200,none,FALSE,FALSE,fluconazole
fluconazole,FALSE,Medication,anti-infective,antifungals,Fluconazole 200 mg/5 mL liq 35 mL,Not Recorded,5.0 mL,78,mL,5,200.0 mg,mg,200,200.0 mg/5.0 ML,TRUE,FALSE,fluconazole
fluconazole,FALSE,Medication,anti-infective,antifungals,Fluconazole 200mg/100mL NS premix,Not Recorded,100.0 mL,17825,mL,100,200.0 mg,mg,200,200.0 mg/100.0 ML,TRUE,FALSE,fluconazole in ns
,,,,,Fluconazole 400mg/200mL D5W ivpb,Not Recorded,200.0 mL,306,mL,200,400.0 mg,mg,400,400.0 mg/200.0 ML,TRUE,FALSE,
,,,,,Fluconazole 400mg/200mL D5W ivpb,Not Recorded,200.0 mL,21,mL,200,400.0 mg,mg,400,400.0 mg/200.0 ML,TRUE,FALSE,
fluconazole,FALSE,Medication,anti-infective,antifungals,Fluconazole 400mg/200mL NS premix,Not Recorded,200.0 mL,19250,mL,200,400.0 mg,mg,400,400.0 mg/200.0 ML,TRUE,FALSE,fluconazole in ns
fluconazole,FALSE,Medication,anti-infective,antifungals,Fluconzole 2mg/mL/NS neonate syringe,Not Recorded,none,65,,,2.0 mg,mg,2,none,FALSE,FALSE,fluconazole in NS syringe
fludarabine,FALSE,Medication,other,other,Fludarabine 50  mg inj,Not Recorded,none,4111,,,50.0 mg,mg,50,none,FALSE,FALSE,fludarabine
flumazenil,FALSE,Medication,benzodiazepine antagonist,other,Flumazenil 0.5 mg/5 mL inj,Not Recorded,5.0 mL,1368,mL,5,0.5 mg,mg,0.5,0.5 mg/5.0 ML,FALSE,FALSE,flumazenil
flumazenil,FALSE,Medication,benzodiazepine antagonist,other,Flumazenil 0.5 mg/5 mL syringe,Not Recorded,5.0 mL,7,mL,5,0.5 mg,mg,0.5,0.5 mg/5.0 ML,FALSE,FALSE,flumazenil
fluorescein ophthalmic,FALSE,Medication,other,other,Fluorescein 10% 5mL inj,Not Recorded,5.0 mL,500,mL,5,none,,,none,FALSE,FALSE,fluorescein 10%
fluorescein ophthalmic,FALSE,Medication,other,other,Fluorescein 1mg ophth strip,Not Recorded,none,2,,,1.0 mg,mg,1,none,TRUE,FALSE,fluorescein
fluorouracil,FALSE,Medication,other,other,Fluorouracil 50 mg/mL inj,Not Recorded,none,602,,,50.0 mg,mg,50,none,FALSE,FALSE,fluorouracil
folic acid,FALSE,Medication,vitamin_supplement,other,Folic Acid 1mg/mL Ped oral syringe,Not Recorded,none,1,,,1.0 mg,mg,1,none,FALSE,FALSE,folic acid ped liq
folic acid,FALSE,Medication,vitamin_supplement,other,Folic Acid 50 mg/10 mL inj,Not Recorded,10.0 mL,141441,mL,10,50.0 mg,mg,50,50.0 mg/10.0 ML,FALSE,FALSE,folic acid
fomepizole,FALSE,Medication,other,other,Fomepizole 1500mg/1.5mL,Not Recorded,1.5 mL,131,mL,1.5,1500.0 mg,mg,1500,1500.0 mg/1.5 ML,TRUE,FALSE,fomepizole
fosaprepitant,FALSE,Medication,other,other,Fosaprepitant 150 mg inj.,Not Recorded,none,2680,,,150.0 mg,mg,150,none,FALSE,FALSE,fosaprepitant
foscarnet,FALSE,Medication,anti-infective,antiviral,Foscarnet 6 gm/250 mL IVPB (Central Line),Not Recorded,250.0 mL,3252,mL,250,6.0 gm,gm,6,none,TRUE,FALSE,foscarnet
fosphenytoin,FALSE,Medication,anticonvulsant,other,Fosphenytoin 100 mgpe/2 mL inj,Not Recorded,2.0 mL,20113,mL,2,none,,,none,FALSE,FALSE,fosphenytoin
fosphenytoin,FALSE,Medication,anticonvulsant,other,Fosphenytoin 10mgPE/mL/NS neonate syringe,Not Recorded,none,33,,,none,,,none,FALSE,FALSE,fosphenytoin in NS syringe
fosphenytoin,FALSE,Medication,anticonvulsant,other,Fosphenytoin 500 mgpe/10 mL inj,Not Recorded,10.0 mL,4159,mL,10,none,,,none,FALSE,FALSE,fosphenytoin
furosemide,FALSE,Medication,diuretic,other,Furosemide 100 mg/10 mL inj,Not Recorded,10.0 mL,236562,mL,10,100.0 mg,mg,100,100.0 mg/10.0 ML,FALSE,FALSE,fUROSEMide
furosemide,FALSE,Medication,diuretic,other,Furosemide 100 mg/10 mL inj ADD,Grams/Hour,10.0 mL,257943,mL,10,100.0 mg,mg,100,100.0 mg/10.0 ML,FALSE,FALSE,fUROSEMide add
furosemide,FALSE,Medication,diuretic,other,Furosemide 10mg/mL Ped oral syringe,Not Recorded,none,9,,,10.0 mg,mg,10,none,FALSE,FALSE,fUROSEMide ped liq
furosemide,FALSE,Medication,diuretic,other,Furosemide 20 mg tab,Not Recorded,none,3,,,20.0 mg,mg,20,none,FALSE,FALSE,fUROSEMide
furosemide,FALSE,Medication,diuretic,other,Furosemide 20 mg/2 mL inj,Not Recorded,2.0 mL,73166,mL,2,20.0 mg,mg,20,20.0 mg/2.0 ML,FALSE,FALSE,fUROSEMide
furosemide,FALSE,Medication,diuretic,other,Furosemide 2mg/mL/NS neonate syringe,Not Recorded,none,171,,,2.0 mg,mg,2,none,FALSE,FALSE,furosemide in NS syringe
furosemide,FALSE,Medication,diuretic,other,Furosemide 40 mg/4 mL inj,Not Recorded,4.0 mL,359402,mL,4,40.0 mg,mg,40,40.0 mg/4.0 ML,FALSE,FALSE,fUROSEMide
furosemide,FALSE,Medication,diuretic,other,Furosemide 40 mg/5 mL liq,Not Recorded,5.0 mL,4,mL,5,40.0 mg,mg,40,40.0 mg/5.0 ML,TRUE,FALSE,fUROSEMide
furosemide,FALSE,Medication,diuretic,other,Furosemide 80 mg tablet,Not Recorded,none,18,,,80.0 mg,mg,80,none,FALSE,FALSE,fUROSEMide
gabapentin,FALSE,Medication,gabapentinoid,other,Gabapentin 100 mg cap,Not Recorded,none,17,,,100.0 mg,mg,100,none,FALSE,FALSE,gabapentin
gabapentin,FALSE,Medication,gabapentinoid,other,Gabapentin 300 mg cap,Not Recorded,none,444,,,300.0 mg,mg,300,none,FALSE,FALSE,gabapentin
gabapentin,FALSE,Medication,gabapentinoid,other,Gabapentin 300 mg/6 mL liq (60 mL),Not Recorded,6.0 mL,1,mL,6,300.0 mg,mg,300,300.0 mg/6.0 ML,TRUE,FALSE,gabapentin
gabapentin,FALSE,Medication,gabapentinoid,other,Gabapentin 400 mg cap,Not Recorded,none,13,,,400.0 mg,mg,400,none,FALSE,FALSE,gabapentin
ganciclovir,FALSE,Medication,anti-infective,antiviral,Ganciclovir 500 mg inj,Not Recorded,none,12218,,,500.0 mg,mg,500,none,FALSE,FALSE,ganciclovir sodium
ganciclovir,FALSE,Medication,anti-infective,antiviral,Ganciclovir 5mg/mL/NS neonate syringe,Not Recorded,none,33,,,5.0 mg,mg,5,none,FALSE,FALSE,ganciclovir in NS syringe
gemcitabine,FALSE,Medication,other,other,Gemcitabine 200 mg inj,Not Recorded,none,56,,,200.0 mg,mg,200,none,FALSE,FALSE,gemcitabine
gemcitabine,FALSE,Medication,other,other,Gemcitabine 38 mg/mL inj,Not Recorded,none,263,,,38.0 mg,mg,38,none,FALSE,FALSE,gemcitabine
gentamicin,FALSE,Medication,anti-infective,aminoglycosides,Gentamcin 120 mg/100mL NS premix,Not Recorded,100.0 mL,1066,mL,100,120.0 mg,mg,120,120.0 mg/100.0 ML,TRUE,FALSE,gentamicin in ns
gentamicin,FALSE,Medication,anti-infective,aminoglycosides,Gentamicin 100 mg/100 mL NS premix,Not Recorded,100.0 mL,326,mL,100,100.0 mg,mg,100,100.0 mg/100.0 ML,TRUE,FALSE,gentamicin in ns
gentamicin,FALSE,Medication,anti-infective,aminoglycosides,Gentamicin 100 mg/50 mL NS premix,Not Recorded,50.0 mL,1293,mL,50,100.0 mg,mg,100,100.0 mg/50.0 ML,TRUE,FALSE,gentamicin in ns
gentamicin,FALSE,Medication,anti-infective,aminoglycosides,Gentamicin 2mg/mL/NS neonate syringe,Not Recorded,none,408,,,2.0 mg,mg,2,none,FALSE,FALSE,gentamicin in NS syringe
gentamicin,FALSE,Medication,anti-infective,aminoglycosides,Gentamicin 4mg/mL/NS neonate syringe,Not Recorded,none,90,,,4.0 mg,mg,4,none,FALSE,FALSE,gentamicin in NS syringe
gentamicin,FALSE,Medication,anti-infective,aminoglycosides,Gentamicin 60 mg/50 mL NS premix,Not Recorded,50.0 mL,2045,mL,50,60.0 mg,mg,60,60.0 mg/50.0 ML,TRUE,FALSE,gentamicin in ns
gentamicin,FALSE,Medication,anti-infective,aminoglycosides,Gentamicin 80 mg/100mL NS premix,Not Recorded,100.0 mL,928,mL,100,80.0 mg,mg,80,80.0 mg/100.0 ML,TRUE,FALSE,gentamicin in ns
gentamicin,FALSE,Medication,anti-infective,aminoglycosides,Gentamicin 80 mg/2 mL inj,Not Recorded,2.0 mL,1717,mL,2,80.0 mg,mg,80,80.0 mg/2.0 ML,FALSE,FALSE,gentamicin
gentamicin,FALSE,Medication,anti-infective,aminoglycosides,Gentamicin 80 mg/50 mL NS premix,Not Recorded,50.0 mL,8514,mL,50,80.0 mg,mg,80,80.0 mg/50.0 ML,TRUE,FALSE,gentamicin in ns
gentamicin,FALSE,Medication,anti-infective,aminoglycosides,Gentamicin 800 mg/20 mL inj,Not Recorded,20.0 mL,6052,mL,20,800.0 mg,mg,800,800.0 mg/20.0 ML,FALSE,FALSE,gentamicin
gentamicin,FALSE,Medication,anti-infective,aminoglycosides,Gentamicin 8mg Intrathecal syringe,Not Recorded,none,1,,,8.0 mg,mg,8,none,FALSE,FALSE,gentamicin intrathecal syringe
glucagon,FALSE,Medication,hypoglycemia,other,Glucagon 1 mg w/diluent inj,Not Recorded,none,4174,,,1.0 mg,mg,1,none,FALSE,FALSE,glucagon
glucose,FALSE,Medication,other,other,Glucose 25% 10mL inj,Not Recorded,10.0 mL,1,mL,10,none,,,none,FALSE,FALSE,glucose
glycopyrrolate,FALSE,Medication,reversal_agent,other,Glycopyrolate Inj for PO (Peds),Not Recorded,none,11,,,none,,,none,FALSE,FALSE,glycopyrolate
glycopyrrolate,FALSE,Medication,reversal_agent,other,Glycopyrrolate 0.2 mg/1 mL 5mL OR syringe,Not Recorded,1.0 mL,27,mL,1,0.2 mg,mg,0.2,0.2 mg/1.0 ML,FALSE,FALSE,glycopyrrolate
glycopyrrolate,FALSE,Medication,reversal_agent,other,Glycopyrrolate 0.2 mg/1 mL inj,Not Recorded,1.0 mL,84111,mL,1,0.2 mg,mg,0.2,0.2 mg/1.0 ML,FALSE,FALSE,glycopyrrolate
glycopyrrolate,FALSE,Medication,reversal_agent,other,Glycopyrrolate 0.2 mg/mL 20 mL inj,Not Recorded,20.0 mL,30,mL,20,0.2 mg,mg,0.2,none,FALSE,FALSE,glycopyrrolate
glycopyrrolate,FALSE,Medication,reversal_agent,other,Glycopyrrolate 0.2 mg/mL 5mL inj,Not Recorded,5.0 mL,160,mL,5,0.2 mg,mg,0.2,none,FALSE,FALSE,glycopyrrolate
glycopyrrolate,FALSE,Medication,reversal_agent,other,Glycopyrrolate 0.2 mg/mL syringe,Not Recorded,none,153,,,0.2 mg,mg,0.2,none,FALSE,FALSE,glycopyrrolate
glycopyrrolate,FALSE,Medication,reversal_agent,other,Glycopyrrolate 1 mg tab,Not Recorded,none,8,,,1.0 mg,mg,1,none,FALSE,FALSE,glycopyrrolate
glycopyrrolate,FALSE,Medication,reversal_agent,other,Glycopyrrolate 10 mcg/mL neonate syringe,Not Recorded,none,1,,,10.0 mcg,mcg,10,none,FALSE,FALSE,glycopyrrolate
glycopyrrolate,FALSE,Medication,reversal_agent,other,Glycopyrrolate 200mcg/mL oral neonate,Not Recorded,none,9,,,200.0 mcg,mcg,200,none,FALSE,FALSE,glycopyrrolate
granisetron,FALSE,Medication,antiemetic,other,Granisetron 1 mg/1 mL inj,Not Recorded,1.0 mL,6827,mL,1,1.0 mg,mg,1,1.0 mg/1.0 ML,FALSE,FALSE,granisetron
HYDROmorphone,FALSE,Medication,analgesic,opioids,HYDROmorphone 0.5 mg/ 0.5mL,Not Recorded,0.5 mL,267367,mL,0.5,0.5 mg,mg,0.5,0.5 mg/0.5 ML,TRUE,FALSE,HYDROmorphone
HYDROmorphone,FALSE,Medication,analgesic,opioids,HYDROmorphone 0.5 mg/1ml,Not Recorded,1.0 mL,141,mL,1,0.5 mg,mg,0.5,0.5 mg/1.0 ML,TRUE,FALSE,HYDROmorphone
HYDROmorphone,FALSE,Medication,analgesic,opioids,HYDROmorphone 10mg/mL 50 mL inj for PCA,Not Recorded,50.0 mL,2104,mL,50,10.0 mg,mg,10,none,FALSE,FALSE,HYDROmorphone
HYDROmorphone,FALSE,Medication,analgesic,opioids,HYDROmorphone 2 mg/mL INJ,Not Recorded,none,39635,,,2.0 mg,mg,2,none,FALSE,FALSE,HYDROmorphone
HYDROmorphone,FALSE,Medication,analgesic,opioids,HYDROmorphone 4 mg/mL inj,Not Recorded,none,13995,,,4.0 mg,mg,4,none,FALSE,FALSE,HYDROmorphone
HYDROmorphone,FALSE,Medication,analgesic,opioids,HYDROmorphone PCA/NCA 1 mg/mL /NS syr,Not Recorded,none,513,,,1.0 mg,mg,1,none,FALSE,FALSE,HYDROmorphone PCA/NCA 1 mg/ml NS syr
HYDROmorphone,FALSE,Medication,analgesic,opioids,HYDROmorphone PF 10 mg/mL inj,Not Recorded,none,4782,,,10.0 mg,mg,10,none,FALSE,FALSE,HYDROmorphone PF
HYDROmorphone,FALSE,Medication,analgesic,opioids,HYDROmorphone PF 10 mg/mL inj ADD,Milligram/Hour,none,24953,,,10.0 mg,mg,10,none,FALSE,FALSE,HYDROmorphone
haloperidol,FALSE,Medication,other,other,Haloperidol 0.5 mg tab,Not Recorded,none,5,,,0.5 mg,mg,0.5,none,FALSE,FALSE,haloperidol
haloperidol,FALSE,Medication,other,other,Haloperidol 5 mg/1 mL inj,Not Recorded,1.0 mL,63653,mL,1,5.0 mg,mg,5,5.0 mg/1.0 ML,FALSE,FALSE,haloperidol
haloperidol,FALSE,Medication,other,other,Haloperidol decanoate 50 mg/ 1 mL inj,Not Recorded,1.0 mL,3,mL,1,50.0 mg,mg,50,50.0 mg/1.0 ML,FALSE,FALSE,haloperidol
heparin,FALSE,Medication,anticoagulant,other,"HePARIN (1000unit/mL)10,000 units/10 mL inj",Not Recorded,10.0 mL,71072,mL,10,1000.0 unit,unit,1000,0.0 unit/10.0 ML,FALSE,FALSE,hePARIN
heparin flush,FALSE,Medication,flush,other,"HePARIN 1,000 units/500 mL NS bag",Not Recorded,500.0 mL,78,mL,500,1000.0 unit,unit,1000,0.0 unit/500.0 ML,FALSE,FALSE,hePARIN/ns
heparin,FALSE,Medication,anticoagulant,other,"HePARIN 1,000 units/mL 30 mL inj",Not Recorded,30.0 mL,213,mL,30,1000.0 unit,unit,1000,none,FALSE,FALSE,hePARIN
heparin,FALSE,Medication,anticoagulant,other,"HePARIN 10,000 units/1 mL inj",Not Recorded,1.0 mL,1332,mL,1,10000.0 unit,unit,10000,0.0 unit/1.0 ML,FALSE,FALSE,hePARIN
heparin,FALSE,Medication,anticoagulant,other,HePARIN 100 units /1 mL Flush PF,Not Recorded,1.0 mL,1241,mL,1,100.0 unit,unit,100,100.0 unit/1.0 ML,TRUE,FALSE,hePARIN flush pf
heparin flush,FALSE,Medication,flush,other,HePARIN 100 units /1 mL Flush PF,Not Recorded,1.0 mL,1241,mL,1,100.0 unit,unit,100,100.0 unit/1.0 ML,FALSE,FALSE,hePARIN flush pf
heparin flush,FALSE,Medication,flush,other,HePARIN 100 units/mL 10mL syr.,Not Recorded,10.0 mL,17,mL,10,100.0 unit,unit,100,none,FALSE,FALSE,hePARIN flush
heparin,FALSE,Medication,anticoagulant,other,HePARIN 1000 units/1 mL inj,Not Recorded,1.0 mL,11435,mL,1,1000.0 unit,unit,1000,1000.0 unit/1.0 ML,FALSE,FALSE,hePARIN
heparin,FALSE,Medication,anticoagulant,other,HePARIN 10000 units/1mL injection,Not Recorded,1.0 mL,90,mL,1,10000.0 unit,unit,10000,10000.0 unit/1.0 ML,FALSE,FALSE,hePARIN
heparin flush,FALSE,Medication,flush,other,"HePARIN 2,000 units/1,000 mL NS bag",Not Recorded,1000.0 mL,469,mL,1000,2000.0 unit,unit,2000,none,FALSE,FALSE,hePARIN/ns
heparin,FALSE,Medication,anticoagulant,other,"HePARIN 30,000 unit(s)/NS 1000mL (EUOSH)",Not Recorded,1000.0 mL,1,mL,1000,30000.0 unit,unit,30000,none,TRUE,FALSE,hePARIN in NS
,,,,,"HePARIN 40,000 units/4 mL inj",Not Recorded,4.0 mL,1,mL,4,40000.0 unit,unit,40000,0.0 unit/4.0 ML,FALSE,FALSE,
heparin,FALSE,Medication,anticoagulant,other,"HePARIN 5,000 unit inj",Not Recorded,none,20313,,,5000.0 unit,unit,5000,none,FALSE,FALSE,hePARIN
heparin,FALSE,Medication,anticoagulant,other,"HePARIN 5,000 units/ mL 10 mL inj",Not Recorded,10.0 mL,9,mL,10,5000.0 unit,unit,5000,none,FALSE,FALSE,hePARIN
heparin flush,FALSE,Medication,flush,other,HePARIN 500 unit/5 mL Flush inj,Not Recorded,5.0 mL,4599,mL,5,500.0 unit,unit,500,500.0 unit/5.0 ML,FALSE,FALSE,hePARIN sodium-sodium chloride
heparin,FALSE,Medication,anticoagulant,other,HePARIN Beef 10000 units/10mL inj,Not Recorded,10.0 mL,6,mL,10,10000.0 unit,unit,10000,10000.0 unit/10.0 ML,FALSE,FALSE,hePARIN beef
heparin flush,FALSE,Medication,flush,other,HePARIN Flush 100 Units/ mL 3 mL,Not Recorded,3.0 mL,12,mL,3,100.0 unit,unit,100,none,FALSE,FALSE,hePARIN
heparin flush,FALSE,Medication,flush,other,HePARIN Flush neonate 1unit/mL in 1/2NS (Art-line),Not Recorded,none,172,,,1.0 unit,unit,1,none,FALSE,FALSE,hePARIN flush in 1/2 NS neonate
heparin,FALSE,Medication,anticoagulant,other,HePARIN IR 1000 unit/mL/4 mL ADD,Not Recorded,4.0 mL,5928,mL,4,1000.0 unit,unit,1000,none,TRUE,FALSE,heparin
hemin,FALSE,Medication,other,other,Hemin 313 mg inj,Not Recorded,none,90,,,313.0 mg,mg,313,none,FALSE,FALSE,hemin
heparin,FALSE,Medication,anticoagulant,other,Heparin 2000 unit/2mL inj,Not Recorded,2.0 mL,4,mL,2,2000.0 unit,unit,2000,2000.0 unit/2.0 ML,FALSE,FALSE,heparin
heparin flush,FALSE,Medication,flush,other,Heparin 4units/mL 1000mL (Neuro-Intervent Radiology),Not Recorded,1000.0 mL,11,mL,1000,4.0 unit,unit,4,none,FALSE,FALSE,heparin in ns
hepatitis B immune globulin,FALSE,Medication,other,other,Hepatitis B Immune Glob 5 mL inj (Hepagam B),Not Recorded,5.0 mL,49,mL,5,none,,,none,FALSE,FALSE,hepatitis b im.glob
,,,,,Hepatitis B immune globulin 1mL inj,Not Recorded,1.0 mL,1,mL,1,none,,,none,FALSE,FALSE,
hetastarch,TRUE,Synthetic Colloid,fluid_electrolyte,other,Hetastarch 6%/ LR 500 mL bag,Hour,500.0 mL,1519,mL,500,none,,,none,TRUE,FALSE,hetastarch 6% / lr
hetastarch,TRUE,Synthetic Colloid,fluid_electrolyte,other,Hetastarch 6%/ NaCl 0.9% 500 mL bag,Not Recorded,500.0 mL,88,mL,500,none,,,none,TRUE,FALSE,hetastarch 6% / ns
Hexaminolevulinate 100mg kit inj,FALSE,Medication,other,other,Hexaminolevulinate 100mg kit inj,Not Recorded,none,1,,,100.0 mg,mg,100,none,FALSE,FALSE,hexaminolevulinate
hyaluronidase,FALSE,Medication,other,other,Hyaluronidase 15 units/mL/NS neonate syringe,Not Recorded,none,2,,,15.0 unit,unit,15,none,FALSE,FALSE,hyaluronidase in NS syringe
hyaluronidase,FALSE,Medication,other,other,Hyaluronidase 150 units/mL inj,Not Recorded,none,1,,,150.0 unit,unit,150,none,FALSE,FALSE,hyaluronidase
hydrALAZINE,FALSE,Medication,bp_lowering,other,HydrALAZINE 10 mg tab,Not Recorded,none,14,,,10.0 mg,mg,10,none,FALSE,FALSE,hydrALAZINE
hydrALAZINE,FALSE,Medication,bp_lowering,other,HydrALAZINE 1mg/mL/NS neonate syringe,Not Recorded,none,4,,,1.0 mg,mg,1,none,FALSE,FALSE,hydrALAZINE in NS syringe
hydrALAZINE,FALSE,Medication,bp_lowering,other,HydrALAZINE 20 mg/1 mL inj,Not Recorded,1.0 mL,285599,mL,1,20.0 mg,mg,20,20.0 mg/1.0 ML,FALSE,FALSE,hydrALAZINE
hydrALAZINE,FALSE,Medication,bp_lowering,other,HydrALAZINE 25 mg tab,Not Recorded,none,1,,,25.0 mg,mg,25,none,FALSE,FALSE,hydrALAZINE
hydrALAZINE,FALSE,Medication,bp_lowering,other,HydrALAZINE 4 mg/mL Ped oral syringe,Not Recorded,none,25,,,4.0 mg,mg,4,none,FALSE,FALSE,hydrALAZINE ped liq
hydrALAZINE,FALSE,Medication,bp_lowering,other,HydrALAZINE 50 mg tab,Not Recorded,none,20,,,50.0 mg,mg,50,none,FALSE,FALSE,hydrALAZINE
hydrOXYzine,FALSE,Medication,antihistamine,other,HydrOXYzine HCL 10 mg tab,Not Recorded,none,1,,,10.0 mg,mg,10,none,FALSE,FALSE,hydrOXYzine
hydrOXYzine,FALSE,Medication,antihistamine,other,HydrOXYzine HCl 25 mg/mL inj,Not Recorded,none,43,,,25.0 mg,mg,25,none,FALSE,FALSE,hydrOXYzine
hydrocortisone,FALSE,Medication,corticosteroids,other,Hydrocortisone  250 mg inj,Not Recorded,none,27,,,250.0 mg,mg,250,none,FALSE,FALSE,hydrocortisone ss
hydrocortisone,FALSE,Medication,corticosteroids,other,Hydrocortisone  250 mg inj,Not Recorded,none,27,,,250.0 mg,mg,250,none,FALSE,FALSE,hydrocortisone
hydrocortisone,FALSE,Medication,corticosteroids,other,Hydrocortisone  250 mg inj,Not Recorded,none,7,,,250.0 mg,mg,250,none,FALSE,FALSE,hydrocortisone ss
hydrocortisone,FALSE,Medication,corticosteroids,other,Hydrocortisone  250 mg inj,Not Recorded,none,7,,,250.0 mg,mg,250,none,FALSE,FALSE,hydrocortisone
hydrocortisone,FALSE,Medication,corticosteroids,other,Hydrocortisone 10 mg tab,Not Recorded,none,2,,,10.0 mg,mg,10,none,FALSE,FALSE,hydrocortisone
hydrocortisone,FALSE,Medication,corticosteroids,other,Hydrocortisone 100 mg/2 mL for study,Not Recorded,2.0 mL,21,mL,2,100.0 mg,mg,100,100.0 mg/2.0 ML,TRUE,FALSE,hydrocortisone/PBO
hydrocortisone,FALSE,Medication,corticosteroids,other,Hydrocortisone 100 mg/2 mL inj,Not Recorded,2.0 mL,190042,mL,2,100.0 mg,mg,100,100.0 mg/2.0 ML,FALSE,FALSE,hydrocortisone
hydrocortisone,FALSE,Medication,corticosteroids,other,Hydrocortisone 100mg/60mL enema,Not Recorded,60.0 mL,1,mL,60,100.0 mg,mg,100,100.0 mg/60.0 ML,TRUE,FALSE,hydrocortisone
hydrocortisone,FALSE,Medication,corticosteroids,other,Hydrocortisone 5 mg tab,Not Recorded,none,2,,,5.0 mg,mg,5,none,FALSE,FALSE,hydrocortisone
hydrocortisone,FALSE,Medication,corticosteroids,other,Hydrocortisone 500 mg inj,Not Recorded,none,233,,,500.0 mg,mg,500,none,FALSE,FALSE,hydrocortisone
hydrocortisone,FALSE,Medication,corticosteroids,other,Hydrocortisone PF 100mg/2mL inj,Not Recorded,2.0 mL,280,mL,2,100.0 mg,mg,100,100.0 mg/2.0 ML,FALSE,FALSE,hydrocortisone
hydrocortisone,FALSE,Medication,corticosteroids,other,Hydrocortisone pf 1mg/mL/NS neonate syringe,Not Recorded,none,542,,,1.0 mg,mg,1,none,FALSE,FALSE,hydrocortisone in NS syringe
hydrocortisone,FALSE,Medication,corticosteroids,other,Hydrocortisone pf 2mg/mL/NS neonate subq syr.,Not Recorded,none,23,,,2.0 mg,mg,2,none,FALSE,FALSE,hydrocortisone in NS syringe
,,,,,Hydrocortisone pf 2mg/mL/NS neonate syringe,Not Recorded,none,1,,,2.0 mg,mg,2,none,FALSE,FALSE,
HYDROmorphone,FALSE,Medication,analgesic,opioids,Hydromorphone 0.4mg/mL+Ketamine 1mg/mL PCA (ortho OR),Not Recorded,none,49,,,0.4 mg,mg,0.4,none,TRUE,FALSE,hydromorphone  0.4mg+ ketamine 1mg pca
HYDROmorphone,FALSE,Medication,analgesic,opioids,Hydromorphone 1 mg/mL inj,Not Recorded,none,928746,,,1.0 mg,mg,1,none,FALSE,FALSE,hydromorphone
HYDROmorphone,FALSE,Medication,analgesic,opioids,Hydromorphone 10 mg/mL 5 mL inj,Milligram/Hour,5.0 mL,1809,mL,5,10.0 mg,mg,10,none,FALSE,FALSE,hydromorphone-HP
HYDROmorphone,FALSE,Medication,analgesic,opioids,Hydromorphone 10 mg/mL 5 mL inj,Milligram/Hour,5.0 mL,1809,mL,5,10.0 mg,mg,10,none,FALSE,FALSE,hydromorphone
HYDROmorphone,FALSE,Medication,analgesic,opioids,Hydromorphone 10 mg/mL 5 mL inj,Not Recorded,5.0 mL,482,mL,5,10.0 mg,mg,10,none,FALSE,FALSE,hydromorphone-HP
HYDROmorphone,FALSE,Medication,analgesic,opioids,Hydromorphone 10 mg/mL 5 mL inj,Not Recorded,5.0 mL,482,mL,5,10.0 mg,mg,10,none,FALSE,FALSE,hydromorphone
HYDROmorphone,FALSE,Medication,analgesic,opioids,Hydromorphone 2 mg tab,Not Recorded,none,11,,,2.0 mg,mg,2,none,FALSE,FALSE,hydromorphone
HYDROmorphone,FALSE,Medication,analgesic,opioids,Hydromorphone 2 mg/1 mL inj,Not Recorded,1.0 mL,262327,mL,1,2.0 mg,mg,2,2.0 mg/1.0 ML,FALSE,FALSE,hydromorphone
HYDROmorphone,FALSE,Medication,analgesic,opioids,Hydromorphone 2 mg/mL inj.,Not Recorded,none,131529,,,2.0 mg,mg,2,none,FALSE,FALSE,hydromorphone
HYDROmorphone,FALSE,Medication,analgesic,opioids,Hydromorphone 4 mg tab,Not Recorded,none,3,,,4.0 mg,mg,4,none,FALSE,FALSE,hydromorphone
HYDROmorphone,FALSE,Medication,analgesic,opioids,Hydromorphone 40 mg/20 mL inj,Not Recorded,20.0 mL,11927,mL,20,40.0 mg,mg,40,40.0 mg/20.0 ML,FALSE,FALSE,hydromorphone
HYDROmorphone,FALSE,Medication,analgesic,opioids,Hydromorphone PCA 0.2mg/ml Syr.,Not Recorded,none,20544,,,0.2 mg,mg,0.2,none,FALSE,FALSE,hydromorphone PCA 0.2mg Syr.
HYDROmorphone,FALSE,Medication,analgesic,opioids,Hydromorphone PCA 0.2mg/ml syringe,Not Recorded,none,15434,,,0.2 mg,mg,0.2,none,FALSE,FALSE,hydromorphone PCA 0.2mg/ml/ NS syr
HYDROmorphone,FALSE,Medication,analgesic,opioids,Hydromorphone PCA/NCA 0.2mg/ml syringe,Not Recorded,none,8218,,,0.2 mg,mg,0.2,none,FALSE,FALSE,hydromorphone PCA 0.2mg/ml/ NS syr.
HYDROmorphone,FALSE,Medication,analgesic,opioids,Hydromorphone PCA/NCA 0.2mg/ml syringe,Not Recorded,none,8218,,,0.2 mg,mg,0.2,none,FALSE,FALSE,hydromorphone PCA 0.2mg/ml/ NS syr
HYDROmorphone,FALSE,Medication,analgesic,opioids,Hydromorphone PCA/NCA 0.2mg/ml syringe,Not Recorded,none,8218,,,0.2 mg,mg,0.2,none,FALSE,FALSE,hydromorphone PCA/NCA 0.2mg/ml/ NS syr
HYDROmorphone,FALSE,Medication,analgesic,opioids,Hydromorphone PCA/NCA 0.2mg/ml syringe,Not Recorded,none,53939,,,0.2 mg,mg,0.2,none,FALSE,FALSE,hydromorphone PCA 0.2mg/ml/ NS syr.
HYDROmorphone,FALSE,Medication,analgesic,opioids,Hydromorphone PCA/NCA 0.2mg/ml syringe,Not Recorded,none,53939,,,0.2 mg,mg,0.2,none,FALSE,FALSE,hydromorphone PCA 0.2mg/ml/ NS syr
HYDROmorphone,FALSE,Medication,analgesic,opioids,Hydromorphone PCA/NCA 0.2mg/ml syringe,Not Recorded,none,53939,,,0.2 mg,mg,0.2,none,FALSE,FALSE,hydromorphone PCA/NCA 0.2mg/ml/ NS syr
HYDROmorphone,FALSE,Medication,analgesic,opioids,Hydromorphone PCA/NCA 0.2mg/ml syringe,Not Recorded,none,21378,,,0.2 mg,mg,0.2,none,FALSE,FALSE,hydromorphone PCA 0.2mg/ml/ NS syr.
HYDROmorphone,FALSE,Medication,analgesic,opioids,Hydromorphone PCA/NCA 0.2mg/ml syringe,Not Recorded,none,21378,,,0.2 mg,mg,0.2,none,FALSE,FALSE,hydromorphone PCA 0.2mg/ml/ NS syr
HYDROmorphone,FALSE,Medication,analgesic,opioids,Hydromorphone PCA/NCA 0.2mg/ml syringe,Not Recorded,none,21378,,,0.2 mg,mg,0.2,none,FALSE,FALSE,hydromorphone PCA/NCA 0.2mg/ml/ NS syr
HYDROmorphone,FALSE,Medication,analgesic,opioids,Hydromorphone PCA/NCA 0.2mg/ml syringe,Not Recorded,none,166499,,,0.2 mg,mg,0.2,none,FALSE,FALSE,hydromorphone PCA 0.2mg/ml/ NS syr.
HYDROmorphone,FALSE,Medication,analgesic,opioids,Hydromorphone PCA/NCA 0.2mg/ml syringe,Not Recorded,none,166499,,,0.2 mg,mg,0.2,none,FALSE,FALSE,hydromorphone PCA 0.2mg/ml/ NS syr
HYDROmorphone,FALSE,Medication,analgesic,opioids,Hydromorphone PCA/NCA 0.2mg/ml syringe,Not Recorded,none,166499,,,0.2 mg,mg,0.2,none,FALSE,FALSE,hydromorphone PCA/NCA 0.2mg/ml/ NS syr
HYDROmorphone,FALSE,Medication,analgesic,opioids,Hydromorphone PCA/NCA 1mg/1 mL High Dose Syr.,Not Recorded,1.0 mL,22996,mL,1,1.0 mg,mg,1,1.0 mg/1.0 ML,FALSE,FALSE,hydromorphone PCA in NS syringe
HYDROmorphone,FALSE,Medication,analgesic,opioids,Hydromorphone PCA/NCA 1mg/1 mL High Dose Syr.,Not Recorded,1.0 mL,22996,mL,1,1.0 mg,mg,1,1.0 mg/1.0 ML,FALSE,FALSE,hydromorphone PCA/NCA in NS syringe
HYDROmorphone,FALSE,Medication,analgesic,opioids,Hydromorphone PCA/NCA 1mg/1 mL High Dose Syr.,Not Recorded,1.0 mL,7508,mL,1,1.0 mg,mg,1,1.0 mg/1.0 ML,FALSE,FALSE,hydromorphone PCA in NS syringe
HYDROmorphone,FALSE,Medication,analgesic,opioids,Hydromorphone PCA/NCA 1mg/1 mL High Dose Syr.,Not Recorded,1.0 mL,7508,mL,1,1.0 mg,mg,1,1.0 mg/1.0 ML,FALSE,FALSE,hydromorphone PCA/NCA in NS syringe
HYDROmorphone,FALSE,Medication,analgesic,opioids,Hydromorphone-PF 2 mg/1 mL,Not Recorded,1.0 mL,5778,mL,1,2.0 mg,mg,2,2.0 mg/1.0 ML,TRUE,FALSE,hydromorphone-pf
hydroxocobalamin,FALSE,Medication,other,other,Hydroxocobalamin 5 gm Kit,Not Recorded,none,368,,,5.0 gm,gm,5,none,TRUE,FALSE,hydroxocobalamin
,,,,,"Hydroxyethyl Starch 6%/ NaCl 0.9% 500 mL bag
",Not Recorded,500.0 mL,5,mL,500,none,,,none,TRUE,FALSE,
Hyperalimentation for charging,TRUE,Parenteral Nutrition,other,other,Hyperalimentation for charging,Not Recorded,none,6,,,none,,,none,TRUE,FALSE,hyperalimentation
sodium chloride,FALSE,Medication,other,other,Hypertonic NACL 16.4% 50mL (NaCl/NaAcetate),Not Recorded,50.0 mL,9132,mL,50,none,,,none,TRUE,FALSE,hypertonic saline 16.4%
Sodium Chloride 3%,TRUE,Hypertonic Crystalloid,other,other,Hypertonic NACL 3% 500 mL IV bag,Not Recorded,500.0 mL,105507,mL,500,none,,,none,TRUE,FALSE,nacl 3%
sodium chloride,FALSE,Medication,other,other,Hypertonic NaCl 23.4% 120meq IVPB for Neuro (30mL),Not Recorded,30.0 mL,11503,mL,30,120.0 mEq,mEq,120,none,TRUE,FALSE,"na chloride 23.4% in Bag, sterile"
sodium chloride,FALSE,Medication,other,other,Hypertonic NaCl 23.4% 240meq IVPB for Neuro,Not Recorded,none,1506,,,240.0 mEq,mEq,240,none,TRUE,FALSE,"na chloride 23.4% in Bag, sterile"
sodium chloride,FALSE,Medication,other,other,Hypertonic Saline 7.5% 100mL (NaCl/NaAcetate),Not Recorded,100.0 mL,299,mL,100,none,,,none,TRUE,FALSE,hypertonic saline 7.5%
IDArubicin,FALSE,Medication,other,other,IDArubicin 10 mg Inj,Not Recorded,none,19,,,10.0 mg,mg,10,none,FALSE,FALSE,IDArubicin hcl
IDArubicin,FALSE,Medication,other,other,IDArubicin 5 mg inj,Not Recorded,none,1409,,,5.0 mg,mg,5,none,FALSE,FALSE,IDArubicin
irinotecan,FALSE,Medication,other,other,IRINOtecan 20 mg/mL inj,Not Recorded,none,138,,,20.0 mg,mg,20,none,FALSE,FALSE,IRINOtecan
IV Stabilizer Solution inj,TRUE,IV Line Fluid,other,other,IV Stabilizer Solution inj,Not Recorded,none,319,,,none,,,none,FALSE,FALSE,IV stabilizer solution
ibutilide,FALSE,Medication,antiarrhythmics,other,Ibutilide 1 mg/10 mL inj,Not Recorded,10.0 mL,365,mL,10,1.0 mg,mg,1,1.0 mg/10.0 ML,FALSE,FALSE,ibutilide
idaruCIZUmab,FALSE,Medication,other,other,Idarucizumab 2.5gm/50ml inj,Not Recorded,50.0 mL,87,mL,50,2.5 gm,gm,2.5,none,FALSE,FALSE,idarucizumab
ifosfamide,FALSE,Medication,other,other,Ifosfamide 1gm inj,Not Recorded,none,5276,,,1.0 gm,gm,1,none,FALSE,FALSE,ifosfamide
ifosfamide,FALSE,Medication,other,other,Ifosfamide 3 gm,Not Recorded,none,196,,,3.0 gm,gm,3,none,TRUE,FALSE,ifosfamide
imipenem-cilastatin,FALSE,Medication,anti-infective,carbapenems,Imipenem-Cilastatin  500 mg inj,Not Recorded,none,628,,,500.0 mg,mg,500,none,FALSE,FALSE,imipenem-cilastatin
immune globulin intravenous,FALSE,Medication,other,other,Immune Glob 6gm (Carimune) sucr.contng.,Not Recorded,none,40,,,6.0 gm,gm,6,none,TRUE,FALSE,immune globulin human (sucrose contng.)
"lymphocyte immune globulin, anti-thy (equine)",FALSE,Medication,other,other,Immune Glob. Lymphocyte (Atgam),Not Recorded,none,367,,,none,,,none,TRUE,FALSE,"lymphocyte, immune globulin"
immune globulin intravenous,FALSE,Medication,other,other,Immune Glob.12gm (Carimune) sucrose contng.,Not Recorded,none,282,,,12.0 gm,gm,12,none,TRUE,FALSE,immune glob. (hum) sucrose contng.
immune globulin intravenous,FALSE,Medication,other,other,Immune Globulin 10gm/100mL (Privigen),Not Recorded,100.0 mL,3748,mL,100,10.0 gm,gm,10,none,TRUE,FALSE,immune globulin intraven. SF
immune globulin intravenous,FALSE,Medication,other,other,Immune Globulin 10gm/100mL (Privigen),Not Recorded,100.0 mL,125,mL,100,10.0 gm,gm,10,none,TRUE,FALSE,immune globulin intraven. SF
immune globulin intravenous,FALSE,Medication,other,other,Immune Globulin 20gm/200mL (Gammagard),Not Recorded,200.0 mL,334,mL,200,20.0 gm,gm,20,none,TRUE,FALSE,immune globulin (hum) sf
immune globulin intravenous,FALSE,Medication,other,other,Immune Globulin sf 10gm/100mL (Gammagard),Not Recorded,100.0 mL,1071,mL,100,10.0 gm,gm,10,none,TRUE,FALSE,immune globulin human SF
immune globulin intravenous and subcutaneous,FALSE,Medication,other,other,Immune Globulin sf 30gm/300mL (Gammagard),Not Recorded,300.0 mL,3,mL,300,30.0 gm,gm,30,none,TRUE,FALSE,immune globulin human SF
immune globulin intravenous,FALSE,Medication,other,other,Immune Globuln 20gm/200mL SF (Privigen),Not Recorded,200.0 mL,1030,mL,200,20.0 gm,gm,20,none,TRUE,FALSE,immune globulin intravenous
immune globulin intravenous,FALSE,Medication,other,other,Immune globulin 1gm neonate syringe.,Not Recorded,none,2,,,1.0 gm,gm,1,none,FALSE,FALSE,immune globulin human SF syringe
immune globulin intravenous,FALSE,Medication,other,other,Immune globulin 5 gm inj (Gammagard),Not Recorded,none,368,,,5.0 gm,gm,5,none,FALSE,FALSE,immune globulin human SF
immune globulin intravenous,FALSE,Medication,other,other,Immune globulin 5 gm inj (Privigen) 10%,Not Recorded,none,1279,,,5.0 gm,gm,5,none,FALSE,FALSE,immune globulin human SF
inFLIXimab,FALSE,Medication,other,other,InFLIXimab (Remicade) 100 mg inj,Not Recorded,none,422,,,100.0 mg,mg,100,none,FALSE,FALSE,inFLIXimab
inFLIXimab,FALSE,Medication,other,other,InFLIXimab (Remicade) 100 mg inj,Not Recorded,none,422,,,100.0 mg,mg,100,none,FALSE,FALSE,inFLIXimab (Remicade)
inFLIXimab,FALSE,Medication,other,other,InFLIXimab (Remicade) 100 mg inj,Not Recorded,none,29,,,100.0 mg,mg,100,none,FALSE,FALSE,inFLIXimab
inFLIXimab,FALSE,Medication,other,other,InFLIXimab (Remicade) 100 mg inj,Not Recorded,none,29,,,100.0 mg,mg,100,none,FALSE,FALSE,inFLIXimab (Remicade)
indigo carmine,FALSE,Medication,other,other,Indigo 0.8% 5 mL inj,Not Recorded,5.0 mL,1117,mL,5,none,,,none,FALSE,FALSE,indigo carmine 0.8%
indomethacin,FALSE,Medication,analgesic,nsaid,Indomethacin 1 mg ped inj,Not Recorded,none,28,,,1.0 mg,mg,1,none,FALSE,FALSE,indomethacin
insulin regular,FALSE,Medication,insulin,other,Insulin Bolus Neonate 0.1 unit(s)/mL/NS syringe,Not Recorded,none,2,,,0.1 unit,unit,0.1,none,FALSE,FALSE,insulin regular in NS syringe
insulin regular,FALSE,Medication,insulin,other,Insulin Bolus Neonate 1 unit(s)/mL/NS syringe,Not Recorded,none,8,,,1.0 unit,unit,1,none,FALSE,FALSE,insulin regular in NS syringe
insulin detemir,FALSE,Medication,insulin,other,Insulin Detemir 100 units/mL inj for pregnancy,Not Recorded,none,1,,,100.0 unit,unit,100,none,FALSE,FALSE,insulin detemir
insulin glargine,FALSE,Medication,insulin,other,Insulin Glargine (Human),Not Recorded,none,5,,,none,,,none,TRUE,FALSE,"insulin, glargine"
insulin glargine,FALSE,Medication,insulin,other,Insulin Glargine 100 units/mL inj,Not Recorded,none,3,,,100.0 unit,unit,100,none,FALSE,FALSE,insulin glargine
insulin isophane (NPH),FALSE,Medication,insulin,other,Insulin Isophane Human recomb. 100 units/mL inj,Not Recorded,none,5,,,100.0 unit,unit,100,none,FALSE,FALSE,insulin isophane (NPH)
insulin isophane (NPH),FALSE,Medication,insulin,other,Insulin NPH (Human),Not Recorded,none,3,,,none,,,none,TRUE,FALSE,"insulin, nph human"
,,,,,Insulin Reg Hum.,Not Recorded,none,62,,,none,,,none,TRUE,FALSE,
insulin regular,FALSE,Medication,insulin,other,Insulin Reg Hum. (WW),Not Recorded,none,6,,,none,,,none,TRUE,FALSE,insulin reg human
,,,,,Insulin Reg Hum.-BG-formula,Not Recorded,none,18,,,none,,,none,TRUE,FALSE,
,,,,,Insulin Regular Human recomb. 100 units/mL inj,U/Hr,none,2432,,,100.0 unit,unit,100,none,FALSE,FALSE,
insulin aspart,FALSE,Medication,insulin,other,Insulin aspart  (NovoLOG),Not Recorded,none,46,,,none,,,none,TRUE,FALSE,insulin aspart
insulin aspart,FALSE,Medication,insulin,other,Insulin aspart (NovoLOG).,Not Recorded,none,87,,,none,,,none,TRUE,FALSE,insulin aspart
insulin regular,FALSE,Medication,insulin,other,Insulin regular COMPOUNDING USE,Not Recorded,none,203074,,,none,,,none,TRUE,FALSE,insulin reg human
insulin regular,FALSE,Medication,insulin,other,Insulin regular COMPOUNDING USE,Not Recorded,none,203074,,,none,,,none,TRUE,FALSE,insulin regular COMPOUNDING
insulin regular,FALSE,Medication,insulin,other,Insulin regular COMPOUNDING USE,Not Recorded,none,203074,,,none,,,none,TRUE,FALSE,insulin regular CMPD
insulin regular,FALSE,Medication,insulin,other,Insulin regular COMPOUNDING USE,Not Recorded,none,51140,,,none,,,none,TRUE,FALSE,insulin reg human
insulin regular,FALSE,Medication,insulin,other,Insulin regular COMPOUNDING USE,Not Recorded,none,51140,,,none,,,none,TRUE,FALSE,insulin regular COMPOUNDING
insulin regular,FALSE,Medication,insulin,other,Insulin regular COMPOUNDING USE,Not Recorded,none,51140,,,none,,,none,TRUE,FALSE,insulin regular CMPD
insulin regular,FALSE,Medication,insulin,other,Insulin regular COMPOUNDING USE,Not Recorded,none,1681,,,none,,,none,TRUE,FALSE,insulin reg human
insulin regular,FALSE,Medication,insulin,other,Insulin regular COMPOUNDING USE,Not Recorded,none,1681,,,none,,,none,TRUE,FALSE,insulin regular COMPOUNDING
insulin regular,FALSE,Medication,insulin,other,Insulin regular COMPOUNDING USE,Not Recorded,none,1681,,,none,,,none,TRUE,FALSE,insulin regular CMPD
Insulin/PBO for Shine Study,FALSE,Medication,insulin,other,Insulin/PBO for Shine Study,U/Hr,none,451,,,none,,,none,TRUE,FALSE,insulin/PBO-P# Shine study
Sodium Chloride 0.9% intravenous solution,TRUE,Isotonic Crystalloid,fluid_electrolyte,other,Invest NS 500mL bag for study,Not Recorded,500.0 mL,606,mL,500,none,,,none,TRUE,FALSE,invest NS bag
ganciclovir,FALSE,Medication,anti-infective,antiviral,Invest ganciclovir 500 mg for study,Not Recorded,none,1,,,500.0 mg,mg,500,none,TRUE,FALSE,ganciclovir p#val038
iodixanol,FALSE,Medication,other,other,Iodixanol 270 mg 100 mL btl,Not Recorded,100.0 mL,1,mL,100,270.0 mg,mg,270,none,TRUE,FALSE,iodixanol
iodixanol,FALSE,Medication,other,other,Iodixanol 320 mg/ mL 50 mL,Not Recorded,50.0 mL,1,mL,50,320.0 mg,mg,320,none,TRUE,FALSE,iodixanol
iohexol,FALSE,Medication,other,other,Iohexol 180 mg 20mL,Not Recorded,20.0 mL,1,mL,20,180.0 mg,mg,180,none,TRUE,FALSE,iohexol
,,,,,Iohexol 300 100 mL btl,Not Recorded,100.0 mL,5,mL,100,none,,,none,TRUE,FALSE,
iohexol,FALSE,Medication,other,other,Iohexol 300 10mL,Not Recorded,10.0 mL,1,mL,10,none,,,none,TRUE,FALSE,iohexol
,,,,,Iohexol 300 150 mL,Not Recorded,150.0 mL,2,mL,150,none,,,none,TRUE,FALSE,
iohexol,FALSE,Medication,other,other,Iohexol 300 50mL inj,Not Recorded,50.0 mL,6,mL,50,none,,,none,FALSE,FALSE,iohexol
iohexol,FALSE,Medication,other,other,Iohexol 350 100 mL,Not Recorded,100.0 mL,1,mL,100,none,,,none,TRUE,FALSE,iohexol
iohexol,FALSE,Medication,other,other,Iohexol 350 150 mL,Not Recorded,150.0 mL,2,mL,150,none,,,none,TRUE,FALSE,iohexol
iohexol,FALSE,Medication,other,other,Iohexol 350 50 mL inj,Not Recorded,50.0 mL,51,mL,50,none,,,none,FALSE,FALSE,iohexol
iohexol,FALSE,Medication,other,other,Iohexol-350 100 mL,Not Recorded,100.0 mL,3,mL,100,none,,,none,TRUE,FALSE,iohexol
,,,,,Iopamidol 61% (Isovue 300) 50mL inj,Not Recorded,50.0 mL,2,mL,50,none,,,none,FALSE,FALSE,
,,,,,Iopamidol 76% (Isovue 370) 50mL inj,Not Recorded,50.0 mL,1,mL,50,none,,,none,FALSE,FALSE,
,,,,,Ipratropium 0.02% Inh Sol 2.5mL.,Not Recorded,2.5 mL,1,mL,2.5,none,,,none,TRUE,FALSE,
iron dextran,FALSE,Medication,nutritional_supplement,mineral,Iron Dextran 100 mg/2 mL inj,Not Recorded,2.0 mL,1137,mL,2,100.0 mg,mg,100,100.0 mg/2.0 ML,FALSE,FALSE,iron dextran
iron sucrose,FALSE,Medication,other,other,Iron Sucrose 100 mg/5mL inj,Not Recorded,5.0 mL,35608,mL,5,100.0 mg,mg,100,100.0 mg/5.0 ML,FALSE,FALSE,iron sucrose
isavuconazonium,FALSE,Medication,anti-infective,antifungals,Isavuconazonium 372 mg inj,Not Recorded,none,5883,,,372.0 mg,mg,372,none,FALSE,FALSE,isavuconazonium
isoproterenol,FALSE,Medication,pressor,vasopressor,Isoproterenol 0.2 mg/ 1 mL inj,Not Recorded,1.0 mL,7,mL,1,0.2 mg,mg,0.2,0.2 mg/1.0 ML,FALSE,FALSE,isoproterenol
isoproterenol,FALSE,Medication,pressor,vasopressor,Isoproterenol 1 mg/5 mL inj,Not Recorded,5.0 mL,11656,mL,5,1.0 mg,mg,1,1.0 mg/5.0 ML,FALSE,FALSE,isoproterenol
isosulfan blue,FALSE,Medication,other,other,Isosulfan Blue 1% 5 mL inj,Not Recorded,5.0 mL,2,mL,5,none,,,none,FALSE,FALSE,isosulfan blue 1%
potassium chloride,TRUE,Electrolyte Solution (Potassium),fluid_electrolyte,other,KCl 10mEq/100 mL St. Water  premix,Not Recorded,100.0 mL,108756,mL,100,10.0 mEq,mEq,10,10.0 mEq/100.0 ML,TRUE,FALSE,potassium chloride in sterile water
potassium chloride,TRUE,Electrolyte Solution (Potassium),fluid_electrolyte,other,KCl 2 mEq/ml  20 mL inj.,Not Recorded,20.0 mL,101034,mL,20,2.0 mEq,mEq,2,none,FALSE,FALSE,potassium chloride
potassium chloride,TRUE,Electrolyte Solution (Potassium),fluid_electrolyte,other,KCl 20 mEq SA tab,Not Recorded,none,31,,,20.0 mEq,mEq,20,none,FALSE,FALSE,potassium chloride tab SA
potassium chloride,TRUE,Electrolyte Solution (Potassium),fluid_electrolyte,other,KCl 20 mEq packet,Not Recorded,none,23,,,20.0 mEq,mEq,20,none,TRUE,FALSE,potassium chloride
potassium chloride,TRUE,Electrolyte Solution (Potassium),fluid_electrolyte,other,KCl 20 mEq/15 mL oral liq,Not Recorded,15.0 mL,15,mL,15,20.0 mEq,mEq,20,20.0 mEq/15.0 ML,FALSE,FALSE,potassium chloride
potassium chloride,TRUE,Electrolyte Solution (Potassium),fluid_electrolyte,other,KCl 20 mEq/50 mL St. Water premix,Not Recorded,50.0 mL,120958,mL,50,20.0 mEq,mEq,20,20.0 mEq/50.0 ML,TRUE,FALSE,potassium chloride in sterile water
potassium chloride,TRUE,Electrolyte Solution (Potassium),fluid_electrolyte,other,KCl 40 mEq/ 100 mL St.Water premix,Not Recorded,100.0 mL,89939,mL,100,40.0 mEq,mEq,40,40.0 mEq/100.0 ML,TRUE,FALSE,potassium chloride in sterile water
potassium chloride,TRUE,Electrolyte Solution (Potassium),fluid_electrolyte,other,KCl 40 mEq/ NS 100 mL,Not Recorded,100.0 mL,104,mL,100,40.0 mEq,mEq,40,none,TRUE,FALSE,potassium chloride in NS
potassium chloride,TRUE,Electrolyte Solution (Potassium),fluid_electrolyte,other,KCl 40 mEq/30 mL oral liq,Not Recorded,30.0 mL,28,mL,30,40.0 mEq,mEq,40,40.0 mEq/30.0 ML,FALSE,FALSE,potassium chloride liquid
potassium chloride,TRUE,Electrolyte Solution (Potassium),fluid_electrolyte,other,KCl 40 mEq/30 mL oral liq,Not Recorded,30.0 mL,746,mL,30,40.0 mEq,mEq,40,40.0 mEq/30.0 ML,FALSE,FALSE,potassium chloride liquid
ketamine,FALSE,Medication,analgesic,other,Ketamine 200 mg/20mL inj ADD,Not Recorded,20.0 mL,178570,mL,20,200.0 mg,mg,200,200.0 mg/20.0 ML,FALSE,FALSE,ketamine
ketamine,FALSE,Medication,analgesic,other,Ketamine 50 mg/5mL syringe,Not Recorded,5.0 mL,31110,mL,5,50.0 mg,mg,50,50.0 mg/5.0 ML,FALSE,FALSE,ketamine
ketamine,FALSE,Medication,analgesic,other,Ketamine 500 mg/10 mL inj ADD,Milligram/Hour,10.0 mL,30917,mL,10,500.0 mg,mg,500,500.0 mg/10.0 ML,FALSE,FALSE,ketamine
ketamine,FALSE,Medication,analgesic,other,Ketamine 500 mg/10 mL inj CMPD,Not Recorded,10.0 mL,2201,mL,10,500.0 mg,mg,500,500.0 mg/10.0 ML,FALSE,FALSE,ketamine
ketamine,FALSE,Medication,analgesic,other,Ketamine 500 mg/5 mL inj,Not Recorded,5.0 mL,7399,mL,5,500.0 mg,mg,500,500.0 mg/5.0 ML,FALSE,FALSE,ketamine
ketamine,FALSE,Medication,analgesic,other,Ketamine 500 mg/5mL inj ADD,Not Recorded,5.0 mL,20957,mL,5,500.0 mg,mg,500,500.0 mg/5.0 ML,FALSE,FALSE,ketamine
ketamine,FALSE,Medication,analgesic,other,Ketamine HCl 10 mg/ mL inj (WW),Not Recorded,none,21,,,10.0 mg,mg,10,none,FALSE,FALSE,ketamine
ketamine,FALSE,Medication,analgesic,other,Ketamine HCl 200 mg/20 mL inj,Milligram/Hour,20.0 mL,40917,mL,20,200.0 mg,mg,200,200.0 mg/20.0 ML,FALSE,FALSE,ketamine
ketorolac,FALSE,Medication,analgesic,nsaid,Ketorolac 15 mg inj,Not Recorded,none,216406,,,15.0 mg,mg,15,none,FALSE,FALSE,ketorolac
ketorolac,FALSE,Medication,analgesic,nsaid,Ketorolac 30 mg inj,Not Recorded,none,307294,,,30.0 mg,mg,30,none,FALSE,FALSE,ketorolac
ketorolac,FALSE,Medication,analgesic,nsaid,Ketorolac 60 mg/2 mL inj,Not Recorded,2.0 mL,40,mL,2,60.0 mg,mg,60,60.0 mg/2.0 ML,FALSE,FALSE,ketorolac
magnesium sulfate,TRUE,Electrolyte Solution (Magnesium),fluid_electrolyte,other,L&D-Mag Sulf 4gm/100mL St.Water premix,Not Recorded,100.0 mL,1576,mL,100,4.0 gm,gm,4,none,TRUE,FALSE,magnesium sulfate in sterile water
magnesium sulfate,TRUE,Electrolyte Solution (Magnesium),fluid_electrolyte,other,L&D-Mag Sulf 6gm/NS 100mL ivpb,Not Recorded,100.0 mL,300,mL,100,6.0 gm,gm,6,none,TRUE,FALSE,magnesium sulfate in ns
lacosamide,FALSE,Medication,other,other,LACOSamide 100 mg tab,Not Recorded,none,1,,,100.0 mg,mg,100,none,FALSE,FALSE,LACOSamide
lacosamide,FALSE,Medication,other,other,LACOSamide 100 mg/10 mL liquid UD,Not Recorded,10.0 mL,2,mL,10,100.0 mg,mg,100,100.0 mg/10.0 ML,TRUE,FALSE,LACOSamide
lacosamide,FALSE,Medication,other,other,LACOSamide 200 mg/20 mL inj,Not Recorded,20.0 mL,26448,mL,20,200.0 mg,mg,200,200.0 mg/20.0 ML,FALSE,FALSE,LACOSamide
lacosamide,FALSE,Medication,other,other,LACOSamide 50 mg tab,Not Recorded,none,4,,,50.0 mg,mg,50,none,FALSE,FALSE,LACOSamide
,,,,,LEVOleucovorin 50 mg,Not Recorded,none,3,,,50.0 mg,mg,50,none,TRUE,FALSE,
Lactated Ringers Injection intravenous solution,TRUE,Isotonic Crystalloid,fluid_electrolyte,other,LR 1000 mL IV bag,Not Recorded,1000.0 mL,3452776,mL,1000,none,,,none,TRUE,FALSE,lactated ringers
Lactated Ringers Injection intravenous solution,TRUE,Isotonic Crystalloid,fluid_electrolyte,other,LR 250 mL IV bag,Not Recorded,250.0 mL,70,mL,250,none,,,none,TRUE,FALSE,lactated ringers
Lactated Ringers Injection intravenous solution,TRUE,Isotonic Crystalloid,fluid_electrolyte,other,LR 500 mL IV bag,Not Recorded,500.0 mL,31691,mL,500,none,,,none,TRUE,FALSE,lactated ringers
Lactated Ringers Injection intravenous solution,TRUE,Isotonic Crystalloid,fluid_electrolyte,other,LR 500 mL IV bag for study,Not Recorded,500.0 mL,9,mL,500,none,,,none,TRUE,FALSE,lactated ringers
labetalol,FALSE,Medication,bp_lowering,beta_blocker,Labetalol 10 mg/2 mL syringe,Not Recorded,2.0 mL,15,mL,2,10.0 mg,mg,10,10.0 mg/2.0 ML,FALSE,FALSE,labetalol
labetalol,FALSE,Medication,bp_lowering,beta_blocker,Labetalol 100 mg/20 mL inj,Not Recorded,20.0 mL,60396,mL,20,100.0 mg,mg,100,100.0 mg/20.0 ML,FALSE,FALSE,labetalol
labetalol,FALSE,Medication,bp_lowering,beta_blocker,Labetalol 100 mg/20 mL inj ADD,Milligrams/Minute,20.0 mL,38942,mL,20,100.0 mg,mg,100,100.0 mg/20.0 ML,FALSE,FALSE,labetalol
labetalol,FALSE,Medication,bp_lowering,beta_blocker,Labetalol 20 mg/4 mL inj,Not Recorded,4.0 mL,79375,mL,4,20.0 mg,mg,20,20.0 mg/4.0 ML,FALSE,FALSE,labetalol
,,,,,Labetalol 20 mg/4 mL syringe,Not Recorded,4.0 mL,6,mL,4,20.0 mg,mg,20,20.0 mg/4.0 ML,FALSE,FALSE,
,,,,,Labetalol 200 mg tab,Not Recorded,none,1,,,200.0 mg,mg,200,none,FALSE,FALSE,
labetalol,FALSE,Medication,bp_lowering,beta_blocker,Labetalol 300 mg tab,Not Recorded,none,3,,,300.0 mg,mg,300,none,FALSE,FALSE,labetalol
leucovorin,FALSE,Medication,other,other,Leucovorin 100 mg inj,Not Recorded,none,15241,,,100.0 mg,mg,100,none,FALSE,FALSE,leucovorin
leucovorin,FALSE,Medication,other,other,Leucovorin 200  mg/10  mL inj,Not Recorded,10.0 mL,22,mL,10,200.0 mg,mg,200,200.0 mg/10.0 ML,FALSE,FALSE,leucovorin
leucovorin,FALSE,Medication,other,other,Leucovorin 350 mg/17.5mL inj,Not Recorded,17.5 mL,34,mL,17.5,350.0 mg,mg,350,350.0 mg/17.5 ML,FALSE,FALSE,leucovorin
leucovorin,FALSE,Medication,other,other,Leucovorin 5 mg tablet,Not Recorded,none,5,,,5.0 mg,mg,5,none,FALSE,FALSE,leucovorin
leucovorin,FALSE,Medication,other,other,Leucovorin 50  mg inj,Not Recorded,none,4,,,50.0 mg,mg,50,none,FALSE,FALSE,leucovorin
levETIRAcetam,FALSE,Medication,anticonvulsant,other,LevETIRAcetam 1000 mg/100 mL NACL IVPB,Not Recorded,100.0 mL,26101,mL,100,1000.0 mg,mg,1000,1000.0 mg/100.0 ML,TRUE,FALSE,levETIRAcetam in NACL
levETIRAcetam,FALSE,Medication,anticonvulsant,other,LevETIRAcetam 1500 mg/100 mL NACL IVPB,Not Recorded,100.0 mL,12478,mL,100,1500.0 mg,mg,1500,1500.0 mg/100.0 ML,TRUE,FALSE,levETIRAcetam in NACL
levETIRAcetam,FALSE,Medication,anticonvulsant,other,LevETIRAcetam 500 mg/100 mL NACL IVPB,Not Recorded,100.0 mL,29611,mL,100,500.0 mg,mg,500,500.0 mg/100.0 ML,TRUE,FALSE,levETIRAcetam in NACL
levalbuterol,FALSE,Medication,other,other,Levalbuterol 1.25 mg/0.5 mL solu UD,Not Recorded,0.5 mL,1,mL,0.5,1.25 mg,mg,1.25,1.25 mg/0.5 ML,TRUE,FALSE,levalbuterol
levETIRAcetam,FALSE,Medication,anticonvulsant,other,LeveTIRACETAM 1000mg tab,Not Recorded,none,4,,,1000.0 mg,mg,1000,none,FALSE,FALSE,leveTIRACETAM
levETIRAcetam,FALSE,Medication,anticonvulsant,other,LeveTIRACETAM 500mg inj.,Not Recorded,none,60800,,,500.0 mg,mg,500,none,FALSE,FALSE,leveTIRACETAM
levETIRAcetam,FALSE,Medication,anticonvulsant,other,LeveTIRACETAM 500mg/5mL soln.,Not Recorded,5.0 mL,132,mL,5,500.0 mg,mg,500,500.0 mg/5.0 ML,TRUE,FALSE,leveTIRACETAM
levETIRAcetam,FALSE,Medication,anticonvulsant,other,LeveTIRACETAM XR 500mg tablet,Not Recorded,none,1,,,500.0 mg,mg,500,none,FALSE,FALSE,levETIRAcetam XR
,,,,,LevoFLOXACIN 250 mg tab,Not Recorded,none,1,,,250.0 mg,mg,250,none,FALSE,FALSE,
levoFLOXacin,FALSE,Medication,anti-infective,fluoroquinolones,LevoFLOXACIN 250 mg/50 mL D5W,Not Recorded,50.0 mL,4113,mL,50,250.0 mg,mg,250,250.0 mg/50.0 ML,TRUE,FALSE,LevoFLOXACIN in d5w
levoFLOXacin,FALSE,Medication,anti-infective,fluoroquinolones,LevoFLOXACIN 500 mg tab,Not Recorded,none,11,,,500.0 mg,mg,500,none,FALSE,FALSE,levoFLOXACIN
levoFLOXacin,FALSE,Medication,anti-infective,fluoroquinolones,LevoFLOXACIN 500 mg/100 mL D5W,Not Recorded,100.0 mL,30625,mL,100,500.0 mg,mg,500,500.0 mg/100.0 ML,TRUE,FALSE,LevoFLOXACIN in d5w
levoFLOXacin,FALSE,Medication,anti-infective,fluoroquinolones,LevoFLOXACIN 500mg inj,Not Recorded,none,96,,,500.0 mg,mg,500,none,FALSE,FALSE,LevoFLOXACIN
levoFLOXacin,FALSE,Medication,anti-infective,fluoroquinolones,LevoFLOXACIN 750 mg tab,Not Recorded,none,1,,,750.0 mg,mg,750,none,FALSE,FALSE,LevoFLOXACIN
levoFLOXacin,FALSE,Medication,anti-infective,fluoroquinolones,LevoFLOXACIN 750 mg/D5W 150 mL,Not Recorded,150.0 mL,38533,mL,150,750.0 mg,mg,750,none,TRUE,FALSE,LevoFLOXACIN in d5w
levOCARNitine,FALSE,Medication,other,other,Levocarnitine 1000mg/5mL inj.,Not Recorded,5.0 mL,16471,mL,5,1000.0 mg,mg,1000,1000.0 mg/5.0 ML,FALSE,FALSE,levocarnitine
levOCARNitine,FALSE,Medication,other,other,Levocarnitine 1gm inj  TPN Charging,Not Recorded,none,169,,,1.0 gm,gm,1,none,FALSE,FALSE,levocarnitine
,,,,,Levofloxacin 500mg/20mL oral soln,Not Recorded,20.0 mL,1,mL,20,500.0 mg,mg,500,500.0 mg/20.0 ML,FALSE,FALSE,
levothyroxine,FALSE,Medication,other,other,Levothyroxine 100 mcg tab,Not Recorded,none,2,,,100.0 mcg,mcg,100,none,FALSE,FALSE,levothyroxine
levothyroxine,FALSE,Medication,other,other,Levothyroxine 25 mcg tab,Not Recorded,none,1,,,25.0 mcg,mcg,25,none,FALSE,FALSE,levothyroxine
,,,,,Levothyroxine 25mcg/mL 100 mL liq BULK,Not Recorded,100.0 mL,2,mL,100,25.0 mcg,mcg,25,none,TRUE,FALSE,
levothyroxine,FALSE,Medication,other,other,Levothyroxine 300 mcg tab,Not Recorded,none,1,,,300.0 mcg,mcg,300,none,FALSE,FALSE,levothyroxine
levothyroxine,FALSE,Medication,other,other,Levothyroxine 50 mcg tab,Not Recorded,none,1,,,50.0 mcg,mcg,50,none,FALSE,FALSE,levothyroxine
levothyroxine,FALSE,Medication,other,other,Levothyroxine 88 mcg tab,Not Recorded,none,8,,,88.0 mcg,mcg,88,none,FALSE,FALSE,levothyroxine
lidocaine,FALSE,Medication,antiarrhythmics,other,Lidocaine 0.5% PF 50 mL MDV inj,Not Recorded,50.0 mL,3,mL,50,none,,,none,FALSE,FALSE,lidocaine 0.5%
epinephrine-lidocaine,FALSE,Medication,antiarrhythmics,other,Lidocaine 0.5%/Epi inj 50 mL,Not Recorded,50.0 mL,2,mL,50,none,,,none,FALSE,FALSE,lidocaine 0.5%/epi
,,,,,Lidocaine 1% 10 mL inj,Not Recorded,10.0 mL,2,mL,10,none,,,none,FALSE,FALSE,
lidocaine,FALSE,Medication,antiarrhythmics,other,Lidocaine 1% 20 mL inj.,Not Recorded,20.0 mL,46,mL,20,none,,,none,FALSE,FALSE,lidocaine 1%
lidocaine,FALSE,Medication,antiarrhythmics,other,Lidocaine 1% 50 mg/5 mL syringe (cardiac),Not Recorded,5.0 mL,15,mL,5,50.0 mg,mg,50,50.0 mg/5.0 ML,FALSE,FALSE,lidocaine 1%
lidocaine,FALSE,Medication,antiarrhythmics,other,Lidocaine 1% 5mL inj,Not Recorded,5.0 mL,44,mL,5,none,,,none,FALSE,FALSE,lidocaine 1%
lidocaine,FALSE,Medication,antiarrhythmics,other,Lidocaine 1% PF 30 mL,Not Recorded,30.0 mL,62,mL,30,none,,,none,TRUE,FALSE,lidocaine 1% PF
lidocaine,FALSE,Medication,antiarrhythmics,other,Lidocaine 1% PF 5 mL inj,Not Recorded,5.0 mL,35,mL,5,none,,,none,FALSE,FALSE,lidocaine 1% PF
,,,,,"Lidocaine 1% w/Epi 1:100,000 50mL inj",Not Recorded,50.0 mL,1,mL,50,none,,,none,FALSE,FALSE,
epinephrine-lidocaine,FALSE,Medication,antiarrhythmics,other,"Lidocaine 1% w/Epi 1:100,000 inj 20 mL",Not Recorded,20.0 mL,20,mL,20,none,,,none,FALSE,FALSE,lidocaine 1% w/ epi
epinephrine-lidocaine,FALSE,Medication,antiarrhythmics,other,"Lidocaine 1% w/Epi 1:200,000 inj 30mL PF inj",Not Recorded,30.0 mL,3,mL,30,none,,,none,FALSE,FALSE,lidocaine 1% w/epi
epinephrine-lidocaine,FALSE,Medication,antiarrhythmics,other,Lidocaine 1% w/Epi for local anesthesia,Not Recorded,none,1,,,none,,,none,FALSE,FALSE,lidocaine 1% w/epi
lidocaine,FALSE,Medication,antiarrhythmics,other,Lidocaine 1.5% 20mL inj,Not Recorded,20.0 mL,6,mL,20,none,,,none,FALSE,FALSE,lidocaine 1.5%
epinephrine-lidocaine,FALSE,Medication,antiarrhythmics,other,Lidocaine 1.5% w/epi 30 mL,Not Recorded,30.0 mL,35,mL,30,none,,,none,TRUE,FALSE,lidocaine 1.5%/epi
lidocaine,FALSE,Medication,antiarrhythmics,other,Lidocaine 100mg/5mL syringe (cardiac),Not Recorded,5.0 mL,2179,mL,5,100.0 mg,mg,100,100.0 mg/5.0 ML,FALSE,FALSE,lidocaine
lidocaine,FALSE,Medication,antiarrhythmics,other,Lidocaine 2% 10 mL inj,Not Recorded,10.0 mL,212317,mL,10,none,,,none,FALSE,FALSE,lidocaine 2%
epinephrine-lidocaine,FALSE,Medication,antiarrhythmics,other,Lidocaine 2% Epi 1.8mL Cart,Not Recorded,1.8 mL,6,mL,1.8,none,,,none,TRUE,FALSE,lidocaine 2% w/-epi
lidocaine topical,FALSE,Medication,analgesic,other,Lidocaine 2% Jelly  30 mL,Not Recorded,30.0 mL,30,mL,30,none,,,none,TRUE,FALSE,lidocaine 2%
lidocaine,FALSE,Medication,antiarrhythmics,other,Lidocaine 2% Nebulized soln,Not Recorded,none,1,,,none,,,none,FALSE,FALSE,lidocaine 2%
lidocaine,FALSE,Medication,antiarrhythmics,other,Lidocaine 2% PF 10 mL inj,Not Recorded,10.0 mL,1,mL,10,none,,,none,FALSE,FALSE,lidocaine 2%
lidocaine,FALSE,Medication,antiarrhythmics,other,Lidocaine 2% PF 2 mL inj,Not Recorded,2.0 mL,4,mL,2,none,,,none,FALSE,FALSE,lidocaine 2%
lidocaine,FALSE,Medication,antiarrhythmics,other,Lidocaine 2% PF 5 mL inj,Not Recorded,5.0 mL,589,mL,5,none,,,none,FALSE,FALSE,lidocaine 2%
lidocaine topical,FALSE,Medication,analgesic,other,Lidocaine 2% Visc 100 mL btl,Not Recorded,100.0 mL,7,mL,100,none,,,none,TRUE,FALSE,lidocaine 2%
lidocaine,FALSE,Medication,antiarrhythmics,other,Lidocaine 2% inj 20mL,Not Recorded,20.0 mL,160,mL,20,none,,,none,FALSE,FALSE,lidocaine 2%
lidocaine,FALSE,Medication,antiarrhythmics,other,Lidocaine 2% inj. 50mL inj,Not Recorded,50.0 mL,19,mL,50,none,,,none,FALSE,FALSE,lidocaine
lidocaine topical,FALSE,Medication,analgesic,other,Lidocaine 2% topical Gel 5 mL,Not Recorded,5.0 mL,4,mL,5,none,,,none,FALSE,FALSE,lidocaine 2%
lidocaine topical,FALSE,Medication,analgesic,other,Lidocaine 2% topical soln,Not Recorded,none,4,,,none,,,none,FALSE,FALSE,lidocaine 2%
lidocaine topical,FALSE,Medication,analgesic,other,Lidocaine 2% viscous liq 20 mL,Not Recorded,20.0 mL,15,mL,20,none,,,none,TRUE,FALSE,lidocaine viscous 2%
epinephrine-lidocaine,FALSE,Medication,antiarrhythmics,other,"Lidocaine 2% w/Epi 1:100,000 20mL inj",Not Recorded,20.0 mL,7,mL,20,none,,,none,FALSE,FALSE,lidocaine 2% w/epi
lidocaine,FALSE,Medication,antiarrhythmics,other,Lidocaine 20mg/mL OR syringe,Not Recorded,none,5,,,20.0 mg,mg,20,none,FALSE,FALSE,lidocaine 2%
lidocaine,FALSE,Medication,antiarrhythmics,other,Lidocaine 4% 5 mL inj,Not Recorded,5.0 mL,96,mL,5,none,,,none,FALSE,FALSE,lidocaine 4%
lidocaine,FALSE,Medication,antiarrhythmics,other,Lidocaine 4% Nebulized soln,Not Recorded,none,16,,,none,,,none,FALSE,FALSE,lidocaine 4%
lidocaine topical,FALSE,Medication,analgesic,other,Lidocaine 4% cream,Not Recorded,none,1,,,none,,,none,FALSE,FALSE,lidocaine 4% cream
lidocaine topical,FALSE,Medication,analgesic,other,Lidocaine 4% topical sol 50 mL,Not Recorded,50.0 mL,14,mL,50,none,,,none,TRUE,FALSE,lidocaine 4%
lidocaine topical,FALSE,Medication,analgesic,other,Lidocaine 5% oint 35 gm,Not Recorded,none,1,,,35.0 gm,gm,35,none,FALSE,FALSE,lidocaine 5%
lidocaine,FALSE,Medication,antiarrhythmics,other,Lidocaine 5%-Gluc 7.5% 2 mL inj,Not Recorded,2.0 mL,2,mL,2,none,,,none,FALSE,FALSE,lidocaine 5% glucose 7.5%
lidocaine,FALSE,Medication,antiarrhythmics,other,Lidocaine 8mg/ml Drip NEONATE,Not Recorded,none,16,,,8.0 mg,mg,8,none,FALSE,FALSE,lidocaine in syringe
lidocaine topical,FALSE,Medication,analgesic,other,Lidocaine Gel 2% 20mL (Uro-Jet Gel),Not Recorded,20.0 mL,1,mL,20,none,,,none,FALSE,FALSE,lidocaine gel 2%
lidocaine topical,FALSE,Medication,analgesic,other,Lidocaine Viscous 2%  UD,Not Recorded,none,101,,,none,,,none,FALSE,FALSE,lidocaine viscous 2%
lidocaine topical,FALSE,Medication,analgesic,other,Lidocaine topical 4% kit,Not Recorded,none,46,,,none,,,none,FALSE,FALSE,lidocaine topical 4%
epinephrine-lidocaine,FALSE,Medication,antiarrhythmics,other,Lidocaine w/ Epi 1.5% 10 mL inj,Not Recorded,10.0 mL,3,mL,10,none,,,none,FALSE,FALSE,lidocaiine1.5%w/epi
epinephrine-lidocaine,FALSE,Medication,antiarrhythmics,other,"Lidocaine w/Epi 2% 1:200,000 20 mL inj",Not Recorded,20.0 mL,4,mL,20,none,,,none,FALSE,FALSE,lidocaine 2% w/ epi
linezolid,FALSE,Medication,anti-infective,oxazolidinones,Linezolid 200 mg/100 mL premix,Not Recorded,100.0 mL,18,mL,100,200.0 mg,mg,200,200.0 mg/100.0 ML,TRUE,FALSE,linezolid premix
linezolid,FALSE,Medication,anti-infective,oxazolidinones,Linezolid 600 mg tab,Not Recorded,none,2,,,600.0 mg,mg,600,none,FALSE,FALSE,linezolid
linezolid,FALSE,Medication,anti-infective,oxazolidinones,Linezolid 600 mg/300 mL premix,Not Recorded,300.0 mL,13164,mL,300,600.0 mg,mg,600,600.0 mg/300.0 ML,TRUE,FALSE,linezolid premix
linezolid,FALSE,Medication,anti-infective,oxazolidinones,Linezolid 600 mg/300 mL premix.,Not Recorded,300.0 mL,825,mL,300,600.0 mg,mg,600,600.0 mg/300.0 ML,TRUE,FALSE,linezolid premix
loratadine,FALSE,Medication,antihistamine,other,Loratadine 10 mg tab,Not Recorded,none,1,,,10.0 mg,mg,10,none,FALSE,FALSE,loratadine
LORazepam,FALSE,Medication,sedative,benzodiazepine,Lorazepam 0.5 mg tab,Not Recorded,none,2,,,0.5 mg,mg,0.5,none,FALSE,FALSE,lorazepam
LORazepam,FALSE,Medication,sedative,benzodiazepine,Lorazepam 1 mg tab,Not Recorded,none,33,,,1.0 mg,mg,1,none,FALSE,FALSE,lorazepam
LORazepam,FALSE,Medication,sedative,benzodiazepine,Lorazepam 2 mg/1 mL inj,Not Recorded,1.0 mL,241692,mL,1,2.0 mg,mg,2,2.0 mg/1.0 ML,FALSE,FALSE,lorazepam
,,,,,Lorazepam 2 mg/mL 10 mL Extemp,Not Recorded,10.0 mL,1673,mL,10,2.0 mg,mg,2,none,TRUE,FALSE,
LORazepam,FALSE,Medication,sedative,benzodiazepine,Lorazepam 2 mg/mL 10 mL inj,Milligram/Hour,10.0 mL,64203,mL,10,2.0 mg,mg,2,none,FALSE,FALSE,lorazepam
LORazepam,FALSE,Medication,sedative,benzodiazepine,Lorazepam 2 mg/mL conc. liq. (Palliative Care)BULK,Not Recorded,none,9,,,2.0 mg,mg,2,none,FALSE,FALSE,lorazepam
,,,,,Lorazepam 4 mg/mL 10 mL inj,Not Recorded,10.0 mL,1,mL,10,4.0 mg,mg,4,none,FALSE,FALSE,
Lorazepam IV Therapy,FALSE,Medication,sedative,benzodiazepine,Lorazepam IV Therapy,Not Recorded,none,2,,,none,,,none,FALSE,FALSE,Lorazepam IV Therapy
morphine,FALSE,Medication,analgesic,opioids,MORPHINE PF 0.5mg/ml in NS 2ml inj syr,Not Recorded,2.0 mL,6,mL,2,0.5 mg,mg,0.5,none,FALSE,FALSE,morphine
multivitamin,FALSE,Medication,vitamin_supplement,other,MVI Pediatric 10mL inj,Not Recorded,10.0 mL,92,mL,10,none,,,none,FALSE,FALSE,multivit ped inj
multivitamin,FALSE,Medication,vitamin_supplement,other,MVI-12   2X5 mL inj,Not Recorded,5.0 mL,56027,mL,5,none,,,none,FALSE,FALSE,multiple vitamins
multivitamin,FALSE,Medication,vitamin_supplement,other,MVI-12 (2X5mL) inj,Not Recorded,5.0 mL,62323,mL,5,none,,,none,FALSE,FALSE,multiple vitamins
magnesium sulfate,TRUE,Electrolyte Solution (Magnesium),fluid_electrolyte,other,Mag Sulf 1gm/100 mL D5W premix,Not Recorded,100.0 mL,329,mL,100,1.0 gm,gm,1,none,TRUE,FALSE,magnesium sulfate in d5w
magnesium sulfate,TRUE,Electrolyte Solution (Magnesium),fluid_electrolyte,other,Mag Sulf 6gm/NS 100mL ivpb,Not Recorded,100.0 mL,38,mL,100,6.0 gm,gm,6,none,TRUE,FALSE,magnesium sulfate in ns
magnesium sulfate,TRUE,Electrolyte Solution (Magnesium),fluid_electrolyte,other,Mag Sulfate 20gm/ 500ml Water inj,Not Recorded,500.0 mL,111679,mL,500,20.0 gm,gm,20,none,FALSE,FALSE,magnesium sulfate/water
magnesium sulfate,TRUE,Electrolyte Solution (Magnesium),fluid_electrolyte,other,Mag Sulfate 20mg/mL/NS neonate syringe,Not Recorded,none,502,,,20.0 mg,mg,20,none,FALSE,FALSE,magnesium sulf. in NS syringe
magnesium sulfate,TRUE,Electrolyte Solution (Magnesium),fluid_electrolyte,other,Mag Sulfate 40gm/ 1000ml Water inj,Not Recorded,1000.0 mL,5743,mL,1000,40.0 gm,gm,40,none,FALSE,FALSE,magnesium sulfate/water
magnesium sulfate,TRUE,Electrolyte Solution (Magnesium),fluid_electrolyte,other,Mag Sulfate 50%  5 gm/10mL inj ***,Not Recorded,10.0 mL,57261,mL,10,5.0 gm,gm,5,none,FALSE,FALSE,magnesium sulfate 50%
magnesium sulfate,TRUE,Electrolyte Solution (Magnesium),fluid_electrolyte,other,Mag Sulfate 50%(4 mEq/mL)2 mL inj,Not Recorded,2.0 mL,6673,mL,2,4.0 mEq,mEq,4,none,FALSE,FALSE,magnesium sulfate 50%
magnesium citrate,TRUE,Electrolyte Solution (Other),other,other,Magnesium Citrate oral soln Bulk,Not Recorded,none,1,,,none,,,none,FALSE,FALSE,magnesium citrate
magnesium sulfate,TRUE,Electrolyte Solution (Magnesium),fluid_electrolyte,other,Magnesium Sulf 2gm/50mL IVPB,Not Recorded,50.0 mL,608868,mL,50,2.0 gm,gm,2,none,TRUE,FALSE,magnesium sulfate
magnesium sulfate,TRUE,Electrolyte Solution (Magnesium),fluid_electrolyte,other,Magnesium Sulf 4gm/100mL IVPB,Not Recorded,100.0 mL,119486,mL,100,4.0 gm,gm,4,none,TRUE,FALSE,magnesium sulfate
magnesium sulfate,TRUE,Electrolyte Solution (Magnesium),fluid_electrolyte,other,Magnesium Sulf 5 gm/10mL OR syringe,Not Recorded,10.0 mL,139,mL,10,5.0 gm,gm,5,none,FALSE,FALSE,magnesium sulfate
magnesium sulfate,TRUE,Electrolyte Solution (Magnesium),fluid_electrolyte,other,Magnesium Sulf 5 gm/10mL inj ..,Not Recorded,10.0 mL,4033,mL,10,5.0 gm,gm,5,none,FALSE,FALSE,magnesium sulfate
mannitol,TRUE,Hypertonic Crystalloid,diuretic,other,Mannitol 20% 250 mL IV bag,Hour,250.0 mL,6165,mL,250,none,,,none,TRUE,FALSE,mannitol 20%
mannitol,TRUE,Hypertonic Crystalloid,diuretic,other,Mannitol 20% 500mL bag,Hour,500.0 mL,712,mL,500,none,,,none,TRUE,FALSE,mannitol 20%
mannitol,TRUE,Hypertonic Crystalloid,diuretic,other,Mannitol 25% 12.5gm/50 mL inj,Not Recorded,50.0 mL,648,mL,50,12.5 gm,gm,12.5,none,FALSE,FALSE,mannitol 25%
melphalan,FALSE,Medication,other,other,Melphalan 50 mg inj,Not Recorded,none,2606,,,50.0 mg,mg,50,none,FALSE,FALSE,melphalan
meperidine,FALSE,Medication,other,other,Meperidine 100 mg/1 mL inj.,Not Recorded,1.0 mL,1922,mL,1,100.0 mg,mg,100,100.0 mg/1.0 ML,FALSE,FALSE,meperidine
meperidine,FALSE,Medication,other,other,Meperidine 25 mg/1 mL inj,Not Recorded,1.0 mL,3291,mL,1,25.0 mg,mg,25,25.0 mg/1.0 ML,FALSE,FALSE,meperidine
meperidine,FALSE,Medication,other,other,Meperidine 25mg/0.5mL inj,Not Recorded,0.5 mL,301,mL,0.5,25.0 mg,mg,25,25.0 mg/0.5 ML,FALSE,FALSE,meperidine
meperidine,FALSE,Medication,other,other,Meperidine 50 mg/1 mL inj,Not Recorded,1.0 mL,2032,mL,1,50.0 mg,mg,50,50.0 mg/1.0 ML,FALSE,FALSE,meperidine
mepivacaine,FALSE,Medication,other,other,Mepivacaine 1% 30 mL inj,Not Recorded,30.0 mL,10,mL,30,none,,,none,FALSE,FALSE,mepivacaine 1%
mepivacaine,FALSE,Medication,other,other,Mepivacaine 2% 20 mL inj,Not Recorded,20.0 mL,11,mL,20,none,,,none,FALSE,FALSE,mepivacaine 2%
meropenem,FALSE,Medication,anti-infective,carbapenems,Meropenem 0.04mg/mL for Desensitization,Not Recorded,none,3,,,0.04 mg,mg,0.04,none,TRUE,FALSE,meropenem/ns
meropenem,FALSE,Medication,anti-infective,carbapenems,Meropenem 1000 mg inj,Not Recorded,none,147597,,,1000.0 mg,mg,1000,none,FALSE,FALSE,meropenem
meropenem,FALSE,Medication,anti-infective,carbapenems,Meropenem 1000mg/NS IVPB,Not Recorded,none,71792,,,1000.0 mg,mg,1000,none,TRUE,FALSE,meropenem in NS
meropenem,FALSE,Medication,anti-infective,carbapenems,Meropenem 10mg/mL for Desensitization,Not Recorded,none,4,,,10.0 mg,mg,10,none,TRUE,FALSE,meropenem/ns
meropenem,FALSE,Medication,anti-infective,carbapenems,Meropenem 1mg/mL for Desensitization,Not Recorded,none,1199,,,1.0 mg,mg,1,none,TRUE,FALSE,meropenem/ns
meropenem,FALSE,Medication,anti-infective,carbapenems,Meropenem 20mg/mL for Desensitization,Not Recorded,none,9,,,20.0 mg,mg,20,none,TRUE,FALSE,meropenem/ns
Meropenem 2gm Desensitization Rx Protocol- initiate,FALSE,Medication,anti-infective,carbapenems,Meropenem 2gm Desensitization Rx Protocol- initiate,Not Recorded,none,29,,,2.0 gm,gm,2,none,TRUE,FALSE,Meropenem 2gm Desensitization Rx Protocol- initiate
meropenem,FALSE,Medication,anti-infective,carbapenems,Meropenem 500 mg inj,Not Recorded,none,17599,,,500.0 mg,mg,500,none,FALSE,FALSE,meropenem
meropenem,FALSE,Medication,anti-infective,carbapenems,Meropenem 500 mg/100 mL NS IVPB,Not Recorded,100.0 mL,44413,mL,100,500.0 mg,mg,500,500.0 mg/100.0 ML,TRUE,FALSE,meropenem in NS
meropenem,FALSE,Medication,anti-infective,carbapenems,Meropenem 500mg/NS 50mL IVPB,Not Recorded,50.0 mL,48829,mL,50,500.0 mg,mg,500,none,TRUE,FALSE,meropenem in ns
mesna,FALSE,Medication,other,other,Mesna 1000 mg/10 mL inj,Not Recorded,10.0 mL,15427,mL,10,1000.0 mg,mg,1000,1000.0 mg/10.0 ML,FALSE,FALSE,mesna
methadone,FALSE,Medication,analgesic,opioids,MethaDONE 1 mg/ 1 mL oral Liq,Not Recorded,1.0 mL,8,mL,1,1.0 mg,mg,1,1.0 mg/1.0 ML,FALSE,FALSE,methaDONE
methadone,FALSE,Medication,analgesic,opioids,MethaDONE 10 mg tab,Not Recorded,none,8,,,10.0 mg,mg,10,none,FALSE,FALSE,methaDONE
methadone,FALSE,Medication,analgesic,opioids,MethaDONE 10 mg/mL 20 mL inj,Not Recorded,20.0 mL,146,mL,20,10.0 mg,mg,10,none,FALSE,FALSE,methaDONE
methadone,FALSE,Medication,analgesic,opioids,MethaDONE 10 mg/ml 1mL IV syringe,Not Recorded,1.0 mL,12357,mL,1,10.0 mg,mg,10,none,FALSE,FALSE,methaDONE
methadone,FALSE,Medication,analgesic,opioids,MethaDONE 10 mg/ml neonate IV syringe,Not Recorded,none,21,,,10.0 mg,mg,10,none,FALSE,FALSE,methaDONE
methadone,FALSE,Medication,analgesic,opioids,MethaDONE 5 mg tab,Not Recorded,none,6,,,5.0 mg,mg,5,none,FALSE,FALSE,methaDONE
methadone,FALSE,Medication,analgesic,opioids,MethaDONE 5 mg/ 5 mL oral Liq,Not Recorded,5.0 mL,78,mL,5,5.0 mg,mg,5,5.0 mg/5.0 ML,FALSE,FALSE,methaDONE
methocarbamol,FALSE,Medication,other,other,Methocarbamol 1gm inj,Not Recorded,none,33679,,,1.0 gm,gm,1,none,FALSE,FALSE,methocarbamol
methocarbamol,FALSE,Medication,other,other,Methocarbamol 500 mg tab,Not Recorded,none,8,,,500.0 mg,mg,500,none,FALSE,FALSE,methocarbamol
methocarbamol,FALSE,Medication,other,other,Methocarbamol 750 mg tab,Not Recorded,none,4,,,750.0 mg,mg,750,none,FALSE,FALSE,methocarbamol
methohexital,FALSE,Medication,other,other,Methohexital 500 mg inj,Not Recorded,none,4,,,500.0 mg,mg,500,none,FALSE,FALSE,methohexital
methotrexate,FALSE,Medication,other,other,Methotrexate 1gm inj,Not Recorded,none,1334,,,1.0 gm,gm,1,none,FALSE,FALSE,methotrexate
methotrexate,FALSE,Medication,other,other,Methotrexate 50 mg/2 mL inj,Not Recorded,2.0 mL,5,mL,2,50.0 mg,mg,50,50.0 mg/2.0 ML,FALSE,FALSE,methotrexate
methotrexate,FALSE,Medication,other,other,Methotrexate 50 mg/2 mL inj PF,Not Recorded,2.0 mL,3665,mL,2,50.0 mg,mg,50,50.0 mg/2.0 ML,FALSE,FALSE,methotrexate PF
methotrexate,FALSE,Medication,other,other,Methotrexate Int Dose,Not Recorded,none,4,,,none,,,none,TRUE,FALSE,methotrexate sodium
methylPREDNISolone,FALSE,Medication,corticosteroids,other,MethylPREDNISolone  40 mg DEPO inj,Not Recorded,none,154,,,40.0 mg,mg,40,none,FALSE,FALSE,methylPREDNISolone acetate (depo)
methylPREDNISolone,FALSE,Medication,corticosteroids,other,MethylPREDNISolone 1000mg inj,Not Recorded,none,21950,,,1000.0 mg,mg,1000,none,FALSE,FALSE,methylPREDNISolone
methylPREDNISolone,FALSE,Medication,corticosteroids,other,MethylPREDNISolone 125 mg/2 mL  inj,Not Recorded,2.0 mL,82174,mL,2,125.0 mg,mg,125,125.0 mg/2.0 ML,FALSE,FALSE,methylPREDNISolone
methylPREDNISolone,FALSE,Medication,corticosteroids,other,MethylPREDNISolone 2.5mg/mL/NS neonate syringe,Not Recorded,none,1,,,2.5 mg,mg,2.5,none,FALSE,FALSE,methylPREDNISolone in NS syringe
methylPREDNISolone,FALSE,Medication,corticosteroids,other,MethylPREDNISolone 2000mg inj,Not Recorded,none,5,,,2000.0 mg,mg,2000,none,FALSE,FALSE,methylPREDNISolone
methylPREDNISolone,FALSE,Medication,corticosteroids,other,MethylPREDNISolone 4 mg tab,Not Recorded,none,2,,,4.0 mg,mg,4,none,FALSE,FALSE,methylPREDNISolone
methylPREDNISolone,FALSE,Medication,corticosteroids,other,MethylPREDNISolone 40 mg inj,Not Recorded,none,161910,,,40.0 mg,mg,40,none,FALSE,FALSE,methylPREDNISolone
methylPREDNISolone,FALSE,Medication,corticosteroids,other,MethylPREDNISolone 40 mg/mL susp inj 5mL,Not Recorded,5.0 mL,1,mL,5,40.0 mg,mg,40,none,FALSE,FALSE,methylPREDNISolone
methylPREDNISolone,FALSE,Medication,corticosteroids,other,MethylPREDNISolone 500mg inj,Not Recorded,none,2788,,,500.0 mg,mg,500,none,FALSE,FALSE,methylPREDNISolone
methylene blue,FALSE,Medication,other,other,Methylene Blue 1% 10mg/mL inj,Not Recorded,none,443,,,10.0 mg,mg,10,none,FALSE,FALSE,methylene blue 1%
methylene blue,FALSE,Medication,other,other,Methylene Blue 100 mg / 10mL inj,Not Recorded,10.0 mL,531,mL,10,100.0 mg,mg,100,100.0 mg/10.0 ML,FALSE,FALSE,methylene blue
methylene blue,FALSE,Medication,other,other,Methylene Blue 5mg/mL 10mL inj,Not Recorded,10.0 mL,929,mL,10,5.0 mg,mg,5,none,FALSE,FALSE,methylene blue
methylergonovine,FALSE,Medication,other,other,Methylergonovine 0.2 mg/1 mL inj,Not Recorded,1.0 mL,81,mL,1,0.2 mg,mg,0.2,0.2 mg/1.0 ML,FALSE,FALSE,methylergonovine
Methylnaltrexone 12mg inj.,FALSE,Medication,other,other,Methylnaltrexone 12mg inj.,Not Recorded,none,6,,,12.0 mg,mg,12,none,FALSE,FALSE,methylnaltrexone
Methylnaltrexone 12mg inj.,FALSE,Medication,other,other,Methylnaltrexone 8 mg inj,Not Recorded,none,1,,,8.0 mg,mg,8,none,FALSE,FALSE,methylnaltrexone
metoclopramide,FALSE,Medication,antiemetic,other,MetoCLOPRAMIDE 1 mg/1 mL Ped oral syringe,Not Recorded,1.0 mL,2,mL,1,1.0 mg,mg,1,1.0 mg/1.0 ML,FALSE,FALSE,metoCLOPRAMIDE ped liq
metoclopramide,FALSE,Medication,antiemetic,other,MetoCLOPRAMIDE 10 mg tab,Not Recorded,none,10,,,10.0 mg,mg,10,none,FALSE,FALSE,metoCLOPRAMIDE
,,,,,MetoCLOPRAMIDE 10 mg/10 mL liq,Not Recorded,10.0 mL,1,mL,10,10.0 mg,mg,10,10.0 mg/10.0 ML,TRUE,FALSE,
metoclopramide,FALSE,Medication,antiemetic,other,MetoCLOPRAMIDE 10 mg/2 mL inj,Not Recorded,2.0 mL,263442,mL,2,10.0 mg,mg,10,10.0 mg/2.0 ML,FALSE,FALSE,metoCLOPRAMIDE
metoclopramide,FALSE,Medication,antiemetic,other,MetoCLOPRAMIDE 5 mg tab,Not Recorded,none,1,,,5.0 mg,mg,5,none,FALSE,FALSE,metoCLOPRAMIDE
metoclopramide,FALSE,Medication,antiemetic,other,MetoCLOPRAMIDE 5 mg/mL 10 mL inj,Not Recorded,10.0 mL,21,mL,10,5.0 mg,mg,5,none,FALSE,FALSE,metoCLOPRAMIDE
metoprolol,FALSE,Medication,bp_lowering,beta_blocker,MetoPROLOL 5 mg/5 mL inj,Not Recorded,5.0 mL,162845,mL,5,5.0 mg,mg,5,5.0 mg/5.0 ML,FALSE,FALSE,metoPROLOL
metoprolol,FALSE,Medication,bp_lowering,beta_blocker,MetoPROLOL Succinate XL 50 mg tab,Not Recorded,none,1,,,50.0 mg,mg,50,none,FALSE,FALSE,metoPROLOL XL
metoprolol,FALSE,Medication,bp_lowering,beta_blocker,MetoPROLOL Succinate XL 50 mg tab,Not Recorded,none,1,,,50.0 mg,mg,50,none,FALSE,FALSE,metoPROLOL Succinate  XL
metoprolol,FALSE,Medication,bp_lowering,beta_blocker,MetoPROLOL Succinate XL 50 mg tab,Not Recorded,none,3,,,50.0 mg,mg,50,none,FALSE,FALSE,metoPROLOL XL
metoprolol,FALSE,Medication,bp_lowering,beta_blocker,MetoPROLOL Succinate XL 50 mg tab,Not Recorded,none,3,,,50.0 mg,mg,50,none,FALSE,FALSE,metoPROLOL Succinate  XL
,,,,,MetoPROLOL Tartrate 50 mg tab,Not Recorded,none,2,,,50.0 mg,mg,50,none,FALSE,FALSE,
metoprolol,FALSE,Medication,bp_lowering,beta_blocker,MetoPROLOL tartrate 25 mg tab,Not Recorded,none,1,,,25.0 mg,mg,25,none,FALSE,FALSE,metoPROLOL Tartrate
metroNIDAZOLE,FALSE,Medication,anti-infective,metronidazole,MetroNIDAZOLE tab(s) for wound care,Not Recorded,none,1,,,none,,,none,FALSE,FALSE,metroNIDAZOLE
metroNIDAZOLE,FALSE,Medication,anti-infective,metronidazole,Metronidazole 500 mg tab,Not Recorded,none,4,,,500.0 mg,mg,500,none,FALSE,FALSE,metronidazole
metroNIDAZOLE,FALSE,Medication,anti-infective,metronidazole,Metronidazole 500 mg/NS 100 mL,Not Recorded,100.0 mL,334932,mL,100,500.0 mg,mg,500,none,TRUE,FALSE,metronidazole / NS
metroNIDAZOLE,FALSE,Medication,anti-infective,metronidazole,Metronidazole 5mg/mL/NS neonate syringe,Not Recorded,none,102,,,5.0 mg,mg,5,none,FALSE,FALSE,metronidazole in NS syringe
micafungin,FALSE,Medication,anti-infective,antifungals,Micafungin 100 mg inj,Not Recorded,none,43380,,,100.0 mg,mg,100,none,FALSE,FALSE,micafungin
micafungin,FALSE,Medication,anti-infective,antifungals,Micafungin 50 mg inj,Not Recorded,none,25813,,,50.0 mg,mg,50,none,FALSE,FALSE,micafungin
micafungin,FALSE,Medication,anti-infective,antifungals,Micafungin 5mg/mL 2mL lock soln.,Not Recorded,2.0 mL,9,mL,2,5.0 mg,mg,5,none,TRUE,FALSE,micafungin lock soln.
,,,,,Midazolam 10 mg/5mL syrup,Not Recorded,5.0 mL,1,mL,5,10.0 mg,mg,10,10.0 mg/5.0 ML,FALSE,FALSE,
midazolam,FALSE,Medication,sedative,benzodiazepine,Midazolam 1mg/mL inj 5 mL,Not Recorded,5.0 mL,5006,mL,5,1.0 mg,mg,1,none,FALSE,FALSE,midazolam
midazolam,FALSE,Medication,sedative,benzodiazepine,Midazolam 2mg/2mL inj,Not Recorded,2.0 mL,241946,mL,2,2.0 mg,mg,2,2.0 mg/2.0 ML,FALSE,FALSE,midazolam
midazolam,FALSE,Medication,sedative,benzodiazepine,Midazolam 5 mg/mL inj 10 mL,Not Recorded,10.0 mL,108520,mL,10,5.0 mg,mg,5,none,FALSE,FALSE,midazolam
milrinone,FALSE,Medication,bp_lowering,other,Milrinone 10 mg/10 mL inj,Not Recorded,10.0 mL,8,mL,10,10.0 mg,mg,10,10.0 mg/10.0 ML,FALSE,FALSE,milrinone
milrinone,FALSE,Medication,bp_lowering,other,Milrinone 20 mg/20 mL inj,Microgram/Kilogram/Minute,20.0 mL,27327,mL,20,20.0 mg,mg,20,20.0 mg/20.0 ML,FALSE,FALSE,milrinone
minocycline,FALSE,Medication,anti-infective,tetracyclines,Minocycline 100 mg inj,Not Recorded,none,849,,,100.0 mg,mg,100,none,FALSE,FALSE,minocycline
miSOPROStol,FALSE,Medication,other,other,Misoprostol 100 mcg tab,Not Recorded,none,1,,,100.0 mcg,mcg,100,none,FALSE,FALSE,misoprostol
miSOPROStol,FALSE,Medication,other,other,Misoprostol 200 mcg tab,Not Recorded,none,2,,,200.0 mcg,mcg,200,none,FALSE,FALSE,misoprostol
miSOPROStol,FALSE,Medication,other,other,Misoprostol 25 mcg tab,Not Recorded,none,1,,,25.0 mcg,mcg,25,none,FALSE,FALSE,misoprostol
mitoMYcin,FALSE,Medication,other,other,MitoMYCIN 20 mg inj,Not Recorded,none,6,,,20.0 mg,mg,20,none,FALSE,FALSE,mitoMYCIN
mitoXANTRONE,FALSE,Medication,other,other,MitoXANTRONE 20mg/10 mL inj,Not Recorded,10.0 mL,168,mL,10,20.0 mg,mg,20,20.0 mg/10.0 ML,FALSE,FALSE,mitoXANTRONE
mitoXANTRONE,FALSE,Medication,other,other,MitoXANTRONE 25mg/12.5mL inj,Not Recorded,12.5 mL,78,mL,12.5,25.0 mg,mg,25,25.0 mg/12.5 ML,FALSE,FALSE,mitoXANTRONE
morphine,FALSE,Medication,analgesic,opioids,Morphine 1 mg/mL neonate syringe,Not Recorded,none,15,,,1.0 mg,mg,1,none,FALSE,FALSE,morphine in syringe
morphine,FALSE,Medication,analgesic,opioids,Morphine 10 mg/ 1 mL PF inj,Not Recorded,1.0 mL,12901,mL,1,10.0 mg,mg,10,10.0 mg/1.0 ML,FALSE,FALSE,morphine
morphine,FALSE,Medication,analgesic,opioids,Morphine 10 mg/1 mL inj vial,Not Recorded,1.0 mL,10282,mL,1,10.0 mg,mg,10,10.0 mg/1.0 ML,FALSE,FALSE,morphine
morphine,FALSE,Medication,analgesic,opioids,Morphine 10 mg/5 mL liq,Not Recorded,5.0 mL,12,mL,5,10.0 mg,mg,10,10.0 mg/5.0 ML,TRUE,FALSE,morphine
morphine,FALSE,Medication,analgesic,opioids,Morphine 10 mg/mL inj 10 mL vial,Not Recorded,10.0 mL,1180,mL,10,10.0 mg,mg,10,none,FALSE,FALSE,morphine
morphine,FALSE,Medication,analgesic,opioids,Morphine 15 mg/ 1 ml inj,Milligram/Hour,1.0 mL,6615,mL,1,15.0 mg,mg,15,15.0 mg/1.0 ML,FALSE,FALSE,morphine
morphine,FALSE,Medication,analgesic,opioids,Morphine 15mg/mL 20 mL inj,Not Recorded,20.0 mL,4873,mL,20,15.0 mg,mg,15,none,FALSE,FALSE,morphine
morphine,FALSE,Medication,analgesic,opioids,Morphine 2 mg/ 1 mL inj,Not Recorded,1.0 mL,628429,mL,1,2.0 mg,mg,2,2.0 mg/1.0 ML,FALSE,FALSE,morphine
morphine,FALSE,Medication,analgesic,opioids,Morphine 2 mg/mL inj for Neonate study only,Not Recorded,none,32,,,2.0 mg,mg,2,none,FALSE,FALSE,morphine
,,,,,Morphine 2mg/mL oral liq,Not Recorded,none,2,,,2.0 mg,mg,2,none,FALSE,FALSE,
morphine,FALSE,Medication,analgesic,opioids,Morphine 4 mg/ 1 mL inj,Not Recorded,1.0 mL,276887,mL,1,4.0 mg,mg,4,4.0 mg/1.0 ML,FALSE,FALSE,morphine
morphine,FALSE,Medication,analgesic,opioids,Morphine 5 mg/1 mL inj,Not Recorded,1.0 mL,26111,mL,1,5.0 mg,mg,5,5.0 mg/1.0 ML,FALSE,FALSE,morphine
morphine,FALSE,Medication,analgesic,opioids,Morphine 8 mg/1 mL inj,Not Recorded,1.0 mL,8337,mL,1,8.0 mg,mg,8,8.0 mg/1.0 ML,FALSE,FALSE,morphine sulfate
morphine,FALSE,Medication,analgesic,opioids,Morphine PCA 1mg/ml 50 mLSyr.,Not Recorded,none,4293,,,1.0 mg,mg,1,none,FALSE,FALSE,morphine PCA 1mg/ml 50mL Syr.
morphine,FALSE,Medication,analgesic,opioids,Morphine PCA 50 mg/50 mL,Not Recorded,50.0 mL,3316,mL,50,50.0 mg,mg,50,50.0 mg/50.0 ML,TRUE,FALSE,morphine PCA
morphine,FALSE,Medication,analgesic,opioids,Morphine PCA/NCA 50 mg/50 mL,Not Recorded,50.0 mL,24842,mL,50,50.0 mg,mg,50,50.0 mg/50.0 ML,TRUE,FALSE,morphine PCA
morphine,FALSE,Medication,analgesic,opioids,Morphine PCA/NCA 50 mg/50 mL,Not Recorded,50.0 mL,24842,mL,50,50.0 mg,mg,50,50.0 mg/50.0 ML,TRUE,FALSE,morphine PCA/NCA
morphine,FALSE,Medication,analgesic,opioids,Morphine PCA/NCA 50 mg/50 mL,Not Recorded,50.0 mL,13966,mL,50,50.0 mg,mg,50,50.0 mg/50.0 ML,TRUE,FALSE,morphine PCA
morphine,FALSE,Medication,analgesic,opioids,Morphine PCA/NCA 50 mg/50 mL,Not Recorded,50.0 mL,13966,mL,50,50.0 mg,mg,50,50.0 mg/50.0 ML,TRUE,FALSE,morphine PCA/NCA
morphine,FALSE,Medication,analgesic,opioids,Morphine-PF 10 mg/10 mL inj,Not Recorded,10.0 mL,185,mL,10,10.0 mg,mg,10,10.0 mg/10.0 ML,FALSE,FALSE,morphine pf
morphine,FALSE,Medication,analgesic,opioids,Morphine-PF 200 mg/20 mL inj,Not Recorded,20.0 mL,1,mL,20,200.0 mg,mg,200,200.0 mg/20.0 ML,FALSE,FALSE,morphine
morphine,FALSE,Medication,analgesic,opioids,Morphine-PF 5 mg/10 mL inj,Not Recorded,10.0 mL,8,mL,10,5.0 mg,mg,5,5.0 mg/10.0 ML,FALSE,FALSE,morphine
moxifloxacin,FALSE,Medication,anti-infective,fluoroquinolones,Moxifloxacin 400 mg/250 mL NS IVPB,Not Recorded,250.0 mL,1016,mL,250,400.0 mg,mg,400,400.0 mg/250.0 ML,TRUE,FALSE,moxifloxacin in ns
multivitamin,FALSE,Medication,vitamin_supplement,other,Multivitamin Pediatric 5 mL inj,Not Recorded,5.0 mL,126,mL,5,none,,,none,FALSE,FALSE,multiple vitamins
mycophenolate mofetil,FALSE,Medication,other,other,Mycophenolate 250 mg cap,Not Recorded,none,1,,,250.0 mg,mg,250,none,FALSE,FALSE,mycophenolate
mycophenolate mofetil,FALSE,Medication,other,other,Mycophenolate 500 mg inj,Not Recorded,none,28188,,,500.0 mg,mg,500,none,FALSE,FALSE,mycophenolate
mycophenolate mofetil,FALSE,Medication,other,other,Mycophenolate 500 mg tab,Not Recorded,none,6,,,500.0 mg,mg,500,none,FALSE,FALSE,mycophenolate
mycophenolate mofetil,FALSE,Medication,other,other,Mycophenolate 500 mg/2.5mL oral susp (UD cup),Not Recorded,2.5 mL,11,mL,2.5,500.0 mg,mg,500,500.0 mg/2.5 ML,FALSE,FALSE,mycophenolate
Sodium Chloride 0.45% intravenous solution,TRUE,Hypotonic Crystalloid,fluid_electrolyte,other,NACL  0.45% 100 ml bag,Not Recorded,100.0 mL,591,mL,100,none,,,none,TRUE,FALSE,nacl 0.45%
Sodium Chloride 0.45% intravenous solution,TRUE,Hypotonic Crystalloid,fluid_electrolyte,other,NACL  0.45% 50 mL IV bag,Not Recorded,50.0 mL,18,mL,50,none,,,none,TRUE,FALSE,nacl 0.45%
potassium chloride-sodium chloride,TRUE,Electrolyte Solution (Potassium),fluid_electrolyte,other,NACL 0.45% +20 mEq KCl 1000 mL,Not Recorded,1000.0 mL,38575,mL,1000,20.0 mEq,mEq,20,none,TRUE,FALSE,nacl 0.45% + kcl
Sodium Chloride 0.45% intravenous solution,TRUE,Hypotonic Crystalloid,fluid_electrolyte,other,NACL 0.45% 1000 mL IV bag,Not Recorded,1000.0 mL,706959,mL,1000,none,,,none,TRUE,FALSE,nacl 0.45%
Sodium Chloride 0.45% intravenous solution,TRUE,Hypotonic Crystalloid,fluid_electrolyte,other,NACL 0.45% 250 mL IV bag,Not Recorded,250.0 mL,1542,mL,250,none,,,none,TRUE,FALSE,nacl 0.45%
Sodium Chloride 0.45% intravenous solution,TRUE,Hypotonic Crystalloid,fluid_electrolyte,other,NACL 0.45% 500 mL IV bag,Not Recorded,500.0 mL,21316,mL,500,none,,,none,TRUE,FALSE,nacl 0.45%
sodium chloride,FALSE,Medication,other,other,NACL 2.5 mEq/ mL 40mL inj,Not Recorded,40.0 mL,220,mL,40,2.5 mEq,mEq,2.5,none,FALSE,FALSE,NACL 2.5 mEq/mL
,,,,,NACL 800mEq/200mL 23.4% inj,Not Recorded,200.0 mL,1,mL,200,800.0 mEq,mEq,800,800.0 mEq/200.0 ML,FALSE,FALSE,
,,,,,NICU 10% Starter TPN,Not Recorded,none,13,,,none,,,none,TRUE,FALSE,
hyperal neonate,TRUE,Parenteral Nutrition,other,other,NICU Starter TPN,Not Recorded,none,78,,,none,,,none,TRUE,FALSE,NICU Starter TPN
norepinephrine,FALSE,Medication,pressor,vasopressor,NOREPInephrine 16mcg/mL OR syringe,Not Recorded,none,45955,,,16.0 mcg,mcg,16,none,FALSE,FALSE,NOREPInephrine
norepinephrine,FALSE,Medication,pressor,vasopressor,NOREPInephrine 4mcg/mL OR syringe (40mcg),Not Recorded,none,18,,,4.0 mcg,mcg,4,none,FALSE,FALSE,NOREPInephrine
norepinephrine,FALSE,Medication,pressor,vasopressor,NOREPInephrine 4mg/4mL inj,Microgram/Kilogram/Minute,4.0 mL,882302,mL,4,4.0 mg,mg,4,4.0 mg/4.0 ML,FALSE,FALSE,NOREPInephrine
Sodium Chloride 0.9% intravenous solution,TRUE,Isotonic Crystalloid,fluid_electrolyte,other,NS 100 mL IV bag,Not Recorded,100.0 mL,2011148,mL,100,none,,,none,TRUE,FALSE,nacl 0.9%
Sodium Chloride 0.9% intravenous solution,TRUE,Isotonic Crystalloid,fluid_electrolyte,other,NS 100 mL IV bag for chemo,Not Recorded,100.0 mL,16226,mL,100,none,,,none,TRUE,FALSE,nacl 0.9%
Sodium Chloride 0.9% intravenous solution,TRUE,Isotonic Crystalloid,fluid_electrolyte,other,NS 1000 mL (Polyolefin) for chemo,Not Recorded,1000.0 mL,5181,mL,1000,none,,,none,TRUE,FALSE,ns (polyolefin)
Sodium Chloride 0.9% intravenous solution,TRUE,Isotonic Crystalloid,fluid_electrolyte,other,NS 1000 mL IV bag,Not Recorded,1000.0 mL,7255566,mL,1000,none,,,none,TRUE,FALSE,NS
Sodium Chloride 0.9% intravenous solution,TRUE,Isotonic Crystalloid,fluid_electrolyte,other,NS 1000 mL IV bag for chemo,Not Recorded,1000.0 mL,6608,mL,1000,none,,,none,TRUE,FALSE,ns
,,,,,NS 1000 mL btl for manufacturing,Not Recorded,1000.0 mL,4,mL,1000,none,,,none,TRUE,FALSE,
sodium chloride,FALSE,Medication,other,other,NS 1000 mL irrigation  btl,Not Recorded,1000.0 mL,12,mL,1000,none,,,none,FALSE,FALSE,ns irrigation btl
Sodium Chloride 0.9% intravenous solution,TRUE,Isotonic Crystalloid,fluid_electrolyte,other,NS 100mL (polyolefin),Not Recorded,100.0 mL,19458,mL,100,none,,,none,TRUE,FALSE,nacl 0.9% (polyolefin)
sodium chloride,FALSE,Medication,other,other,NS 10mL flush syr,Not Recorded,10.0 mL,1349,mL,10,none,,,none,FALSE,FALSE,saline flush
sodium chloride,FALSE,Medication,other,other,NS 10ml PF vial,Not Recorded,10.0 mL,184,mL,10,none,,,none,FALSE,FALSE,ns pf
Sodium Chloride 0.9% intravenous solution,TRUE,Isotonic Crystalloid,fluid_electrolyte,other,NS 150 mL IV bag,Not Recorded,150.0 mL,1929,mL,150,none,,,none,TRUE,FALSE,nacl 0.9%
Sodium Chloride 0.9% intravenous solution,TRUE,Isotonic Crystalloid,fluid_electrolyte,other,NS 150 mL IV bag for chemo,Not Recorded,150.0 mL,585,mL,150,none,,,none,TRUE,FALSE,nacl 0.9%
sodium chloride,FALSE,Medication,other,other,NS 2000 mL Irrigation bag,Not Recorded,2000.0 mL,2,mL,2000,none,,,none,FALSE,FALSE,nacl 0.9%
Sodium Chloride 0.9% intravenous solution,TRUE,Isotonic Crystalloid,fluid_electrolyte,other,NS 250 mL IV bag,Not Recorded,250.0 mL,779191,mL,250,none,,,none,TRUE,FALSE,nacl 0.9%
Sodium Chloride 0.9% intravenous solution,TRUE,Isotonic Crystalloid,fluid_electrolyte,other,NS 250 mL IV bag for IV Set,Not Recorded,250.0 mL,14611,mL,250,none,,,none,TRUE,FALSE,nacl 0.9%
Sodium Chloride 0.9% intravenous solution,TRUE,Isotonic Crystalloid,fluid_electrolyte,other,NS 250 mL IV bag for chemo,Not Recorded,250.0 mL,18498,mL,250,none,,,none,TRUE,FALSE,nacl 0.9%
Sodium Chloride 0.9% intravenous solution,TRUE,Isotonic Crystalloid,fluid_electrolyte,other,NS 250 mL IV btl,Not Recorded,250.0 mL,5463,mL,250,none,,,none,TRUE,FALSE,nacl 0.9% bottle
Sodium Chloride 0.9% intravenous solution,TRUE,Isotonic Crystalloid,fluid_electrolyte,other,NS 250 mL IV btl for chemo,Not Recorded,250.0 mL,59,mL,250,none,,,none,TRUE,FALSE,nacl 0.9%
,,,,,NS 250 mL Prime bag for Chemo,Not Recorded,250.0 mL,15,mL,250,none,,,none,TRUE,FALSE,
Sodium Chloride 0.9% intravenous solution,TRUE,Isotonic Crystalloid,fluid_electrolyte,other,NS 250mL (Polyolefin),Not Recorded,250.0 mL,461957,mL,250,none,,,none,TRUE,FALSE,nacl 0.9% (polyolefin)
Sodium Chloride 0.9% intravenous solution,TRUE,Isotonic Crystalloid,fluid_electrolyte,other,NS 250mL (Polyolefin) for chemo,Not Recorded,250.0 mL,495,mL,250,none,,,none,TRUE,FALSE,nacl 0.9% (polyolefin)
Sodium Chloride 0.9% intravenous solution,TRUE,Isotonic Crystalloid,fluid_electrolyte,other,NS 250mL bag for narc drip,Not Recorded,250.0 mL,83347,mL,250,none,,,none,TRUE,FALSE,nacl 0.9%
,,,,,NS 30 mL Bacteriostatic inj,Not Recorded,30.0 mL,1,mL,30,none,,,none,FALSE,FALSE,
sodium chloride,FALSE,Medication,other,other,NS 3000 mL Irrigation bag,Not Recorded,3000.0 mL,12,mL,3000,none,,,none,FALSE,FALSE,ns irrigation
sodium chloride,FALSE,Medication,other,other,NS 3mL flush,Not Recorded,3.0 mL,6,mL,3,none,,,none,FALSE,FALSE,saline flush
Sodium Chloride 0.9% intravenous solution,TRUE,Isotonic Crystalloid,fluid_electrolyte,other,NS 50 mL IV bag,Not Recorded,50.0 mL,1555074,mL,50,none,,,none,TRUE,FALSE,nacl 0.9%
Sodium Chloride 0.9% intravenous solution,TRUE,Isotonic Crystalloid,fluid_electrolyte,other,NS 50 mL IV bag for chemo,Not Recorded,50.0 mL,11616,mL,50,none,,,none,TRUE,FALSE,nacl 0.9%
Sodium Chloride 0.9% intravenous solution,TRUE,Isotonic Crystalloid,fluid_electrolyte,other,NS 500 mL IV bag,Not Recorded,500.0 mL,395487,mL,500,none,,,none,TRUE,FALSE,nacl 0.9%
,,,,,NS 500 mL IVPB,Not Recorded,500.0 mL,187,mL,500,none,,,none,TRUE,FALSE,
sodium chloride,FALSE,Medication,other,other,NS 500 mL irrigation btl,Not Recorded,500.0 mL,3,mL,500,none,,,none,FALSE,FALSE,nacl 0.9%
Sodium Chloride 0.9% intravenous solution,TRUE,Isotonic Crystalloid,fluid_electrolyte,other,NS 500mL (Polyolefin),Not Recorded,500.0 mL,7316,mL,500,none,,,none,TRUE,FALSE,nacl 0.9% (polyolefin)
Sodium Chloride 0.9% intravenous solution,TRUE,Isotonic Crystalloid,fluid_electrolyte,other,NS 500mL (Polyolefin) for chemo,Not Recorded,500.0 mL,9861,mL,500,none,,,none,TRUE,FALSE,nacl 0.9% (polyolefin)
Sodium Chloride 0.9% intravenous solution,TRUE,Isotonic Crystalloid,fluid_electrolyte,other,NS 500mL IV bag for chemo,Not Recorded,500.0 mL,10335,mL,500,none,,,none,TRUE,FALSE,nacl 0.9%
NS Continuous Bladder Irrigation 3000mL,FALSE,Not intake,other,other,NS Continuous Bladder Irrigation 3000mL,Not Recorded,3000.0 mL,1,mL,3000,none,,,none,TRUE,FALSE,NS Bladder Irrigation
Sodium Chloride 0.9% intravenous solution,TRUE,Isotonic Crystalloid,fluid_electrolyte,other,NS PCA,Not Recorded,none,59082,,,none,,,none,TRUE,FALSE,nacl 0.9%
sodium chloride,FALSE,Medication,other,other,NS inj (Preservative Free),Not Recorded,none,147,,,none,,,none,FALSE,FALSE,ns pf
Sodium Chloride 0.9% intravenous solution,TRUE,Isotonic Crystalloid,fluid_electrolyte,other,NS inj (Preservative Free),Not Recorded,none,147,,,none,,,none,FALSE,FALSE,ns pf
Sodium Chloride 0.9% intravenous solution,TRUE,Isotonic Crystalloid,fluid_electrolyte,other,NS inj (Preservative Free),Not Recorded,none,147,,,none,,,none,FALSE,FALSE,ns pf.
sodium chloride,FALSE,Medication,other,other,NS inj (Preservative Free),Not Recorded,none,56,,,none,,,none,FALSE,FALSE,ns pf
Sodium Chloride 0.9% intravenous solution,TRUE,Isotonic Crystalloid,fluid_electrolyte,other,NS inj (Preservative Free),Not Recorded,none,56,,,none,,,none,FALSE,FALSE,ns pf
Sodium Chloride 0.9% intravenous solution,TRUE,Isotonic Crystalloid,fluid_electrolyte,other,NS inj (Preservative Free),Not Recorded,none,56,,,none,,,none,FALSE,FALSE,ns pf.
potassium chloride-sodium chloride,TRUE,Electrolyte Solution (Potassium),fluid_electrolyte,other,NS+20 mEq KCl 1000 mL IV bag,Not Recorded,1000.0 mL,77705,mL,1000,20.0 mEq,mEq,20,none,TRUE,FALSE,ns + kcl
potassium chloride-sodium chloride,TRUE,Electrolyte Solution (Potassium),fluid_electrolyte,other,NS+40 mEq KCl 1000 mL,Not Recorded,1000.0 mL,17456,mL,1000,40.0 mEq,mEq,40,none,TRUE,FALSE,ns + kcl
nitroglycerin,FALSE,Medication,bp_lowering,other,NTG 0.3 mg=1/200Gr SL tab,Not Recorded,none,1,,,0.3 mg,mg,0.3,none,FALSE,FALSE,nitroglycerin
nitroglycerin,FALSE,Medication,bp_lowering,other,NTG 0.4 mg=1/150Gr SL tab,Not Recorded,none,149,,,0.4 mg,mg,0.4,none,FALSE,FALSE,nitroglycerin
nitroglycerin,FALSE,Medication,bp_lowering,other,NTG Aerosol Spray,Not Recorded,none,45,,,none,,,none,FALSE,FALSE,nitroglycerin
sodium chloride,FALSE,Medication,other,other,NaCl conc 23.4% (4meq/mL) for compounding,Not Recorded,none,11938,,,4.0 mEq,mEq,4,none,FALSE,FALSE,na chloride conc(23.4%)
sodium chloride,FALSE,Medication,other,other,NaCl conc 23.4% 5mL syr,Not Recorded,5.0 mL,5,mL,5,none,,,none,FALSE,FALSE,na chloride conc(23.4%)
sodium chloride,FALSE,Medication,other,other,NaCl conc 23.4% 5mL syr (Dialysis),Not Recorded,5.0 mL,5,mL,5,none,,,none,FALSE,FALSE,na chloride conc(23.4%)
nafcillin,FALSE,Medication,anti-infective,penicillins,Nafcillin 0.01mg/mL for Desensitization,Not Recorded,none,7,,,0.01 mg,mg,0.01,none,TRUE,FALSE,nafcillin/ns for desensitization
nafcillin,FALSE,Medication,anti-infective,penicillins,Nafcillin 0.1mg/mL for Desensitization,Not Recorded,none,7,,,0.1 mg,mg,0.1,none,TRUE,FALSE,nafcillin/ns for desensitization
nafcillin,FALSE,Medication,anti-infective,penicillins,Nafcillin 10 gm inj,Not Recorded,none,6300,,,10.0 gm,gm,10,none,FALSE,FALSE,nafcillin
nafcillin,FALSE,Medication,anti-infective,penicillins,Nafcillin 10mg/mL for Desensitization,Not Recorded,none,8,,,10.0 mg,mg,10,none,TRUE,FALSE,nafcillin/ns for desensitization
nafcillin,FALSE,Medication,anti-infective,penicillins,Nafcillin 1gm inj,Not Recorded,none,72,,,1.0 gm,gm,1,none,FALSE,FALSE,nafcillin
nafcillin,FALSE,Medication,anti-infective,penicillins,Nafcillin 1gm/50 mL Iso-Dex,Not Recorded,50.0 mL,5,mL,50,1.0 gm,gm,1,none,TRUE,FALSE,nafcillin in Iso-Dex
nafcillin,FALSE,Medication,anti-infective,penicillins,Nafcillin 1gm/50mL NS,Not Recorded,50.0 mL,265,mL,50,1.0 gm,gm,1,none,TRUE,FALSE,nafcillin/ns
nafcillin,FALSE,Medication,anti-infective,penicillins,Nafcillin 20mg/mL neonate syringe,Not Recorded,none,32,,,20.0 mg,mg,20,none,FALSE,FALSE,nafcillin/ns in syringe
Nafcillin 2gm Desensitization Rx Protocol- initiate,FALSE,Medication,anti-infective,penicillins,Nafcillin 2gm Desensitization Rx Protocol- initiate,Not Recorded,none,1,,,2.0 gm,gm,2,none,TRUE,FALSE,Nafcillin 2gm Desensitization Rx Protocol- initiate
nafcillin,FALSE,Medication,anti-infective,penicillins,Nafcillin 2gm inj,Not Recorded,none,1714,,,2.0 gm,gm,2,none,FALSE,FALSE,nafcillin
nafcillin,FALSE,Medication,anti-infective,penicillins,Nafcillin 2gm/100 mL Iso-Dex,Not Recorded,100.0 mL,853,mL,100,2.0 gm,gm,2,none,TRUE,FALSE,nafcillin in Iso-Dex
nafcillin,FALSE,Medication,anti-infective,penicillins,Nafcillin 2gm/100mL NS IVPB,Not Recorded,100.0 mL,15681,mL,100,2.0 gm,gm,2,none,TRUE,FALSE,nafcillin/ns
nafcillin,FALSE,Medication,anti-infective,penicillins,Nafcillin 50mg/mL for Desensitization,Not Recorded,none,8,,,50.0 mg,mg,50,none,TRUE,FALSE,nafcillin/ns for desensitization
nalbuphine,FALSE,Medication,analgesic,opioids,Nalbuphine 10 mg/1 mL inj,Not Recorded,1.0 mL,11403,mL,1,10.0 mg,mg,10,10.0 mg/1.0 ML,FALSE,FALSE,nalbuphine
nalbuphine,FALSE,Medication,analgesic,opioids,Nalbuphine 20 mg/1 mL inj,Not Recorded,1.0 mL,2168,mL,1,20.0 mg,mg,20,20.0 mg/1.0 ML,FALSE,FALSE,nalbuphine
naloxone,FALSE,Medication,analgesic,opioids,Naloxone (HIGH CONCENTRATION)  2 mg/2 mL syringe,Not Recorded,2.0 mL,769,mL,2,2.0 mg,mg,2,2.0 mg/2.0 ML,FALSE,FALSE,naloxone
naloxone,FALSE,Medication,analgesic,opioids,Naloxone 0.4 mg/ 1 mL inj,Not Recorded,1.0 mL,23004,mL,1,0.4 mg,mg,0.4,0.4 mg/1.0 ML,FALSE,FALSE,naloxone
nelarabine,FALSE,Medication,other,other,Nelarabine 250 mg/ 50mL inj,Not Recorded,50.0 mL,81,mL,50,250.0 mg,mg,250,250.0 mg/50.0 ML,FALSE,FALSE,nelarabine
hyperal neonate,TRUE,Parenteral Nutrition,other,other,Neonatal TPN,Not Recorded,none,1633,,,none,,,none,TRUE,FALSE,Neonatal TPN
hyperal neonate,TRUE,Parenteral Nutrition,other,other,Neonate Hyperalimentation,Not Recorded,none,938,,,none,,,none,TRUE,FALSE,Hyperalimentation neonate
Neonate Starter Hyperal,TRUE,Parenteral Nutrition,other,other,Neonate Starter Hyperal 250mL,Not Recorded,250.0 mL,50,mL,250,none,,,none,TRUE,FALSE,neonate starter hyperal
neostigmine,FALSE,Medication,reversal_agent,other,Neostigmine 1 mg/mL 10 mL inj,Not Recorded,10.0 mL,317,mL,10,1.0 mg,mg,1,none,FALSE,FALSE,neostigmine
neostigmine,FALSE,Medication,reversal_agent,other,Neostigmine 1 mg/mL inj,Not Recorded,none,12,,,1.0 mg,mg,1,none,FALSE,FALSE,neostigmine
neostigmine,FALSE,Medication,reversal_agent,other,Neostigmine 3mg/3mL inj,Not Recorded,3.0 mL,1,mL,3,3.0 mg,mg,3,3.0 mg/3.0 ML,FALSE,FALSE,neostimine
neostigmine,FALSE,Medication,reversal_agent,other,Neostigmine 3mg/3mL inj,Not Recorded,3.0 mL,18,mL,3,3.0 mg,mg,3,3.0 mg/3.0 ML,FALSE,FALSE,neostimine
neostigmine,FALSE,Medication,reversal_agent,other,Neostigmine 5mg/5mL Syr for Pyxis,Not Recorded,5.0 mL,1,mL,5,5.0 mg,mg,5,5.0 mg/5.0 ML,FALSE,FALSE,neostigmine
niCARdipine,FALSE,Medication,bp_lowering,other,NiCARdipine 100mcg/mL 10 mL-OR syringe,Not Recorded,10.0 mL,13424,mL,10,100.0 mcg,mcg,100,none,FALSE,FALSE,niCARdipine
niCARdipine,FALSE,Medication,bp_lowering,other,NiCARdipine 25mg/10mL inj,Milligram/Hour,10.0 mL,13873,mL,10,25.0 mg,mg,25,25.0 mg/10.0 ML,FALSE,FALSE,niCARdipine
niCARdipine,FALSE,Medication,bp_lowering,other,NiCARdipine 30 mg cap,Not Recorded,none,6,,,30.0 mg,mg,30,none,FALSE,FALSE,niCARdipine
,,,,,Nicardipine 1.25mg/6.25mL ECT syringe,Not Recorded,6.25 mL,2,mL,6.25,1.25 mg,mg,1.25,1.25 mg/6.25 ML,FALSE,FALSE,
nitroglycerin,FALSE,Medication,bp_lowering,other,Nitroglycerin 100mcg/mL for Cath Lab,Not Recorded,none,1348,,,100.0 mcg,mcg,100,none,TRUE,FALSE,nitroglycerin
nitroglycerin,FALSE,Medication,bp_lowering,other,Nitroglycerin 2% Oint 1 gm,Not Recorded,none,19,,,1.0 gm,gm,1,none,FALSE,FALSE,nitroglycerin 2% 1 gm
nitroglycerin,FALSE,Medication,bp_lowering,other,Nitroglycerin 200mcg/mL 10mL OR syringe,Not Recorded,10.0 mL,8,mL,10,200.0 mcg,mcg,200,none,FALSE,FALSE,nitroglycerin
nitroglycerin,FALSE,Medication,bp_lowering,other,Nitroglycerin 25 mg/5 mL inj,Not Recorded,5.0 mL,4,mL,5,25.0 mg,mg,25,25.0 mg/5.0 ML,FALSE,FALSE,nitroglycerin
nitroglycerin,FALSE,Medication,bp_lowering,other,Nitroglycerin 50 mg/ 10 mL inj,Not Recorded,10.0 mL,3558,mL,10,50.0 mg,mg,50,50.0 mg/10.0 ML,FALSE,FALSE,nitroglycerin
nitroglycerin,FALSE,Medication,bp_lowering,other,Nitroglycerin 50mcg/mL 10mL OR syringe,Not Recorded,10.0 mL,11540,mL,10,50.0 mcg,mcg,50,none,FALSE,FALSE,nitroglycerin
sodium nitroprusside,FALSE,Medication,bp_lowering,other,Nitroprusside 50 mg/ 2 mL inj,Not Recorded,2.0 mL,6338,mL,2,50.0 mg,mg,50,50.0 mg/2.0 ML,FALSE,FALSE,nitroprusside
intravenous electrolyte solution,TRUE,Electrolyte Solution,other,other,Normosol-R Ph 7.4 1000mL bag,Not Recorded,1000.0 mL,4,mL,1000,none,,,none,TRUE,FALSE,electrolytes
Premix NS,TRUE,Premix,other,other,Not Recorded,Micrograms/Minute,none,993111,,,none,,,none,TRUE,FALSE,Not Recorded
ceFAZolin,FALSE,Medication,anti-infective,cephalosporins,Not Recorded,Micrograms/Minute,none,993111,,,none,,,none,TRUE,FALSE,Not Recorded
Sodium Chloride 0.9% intravenous solution,TRUE,Isotonic Crystalloid,fluid_electrolyte,other,Not Recorded,Micrograms/Minute,none,993111,,,none,,,none,TRUE,FALSE,Not Recorded
Dextrose 50% in Water intravenous solution,TRUE,Hypertonic Crystalloid,endocrine,diabetes,Not Recorded,Micrograms/Minute,none,993111,,,none,,,none,TRUE,FALSE,Not Recorded
Premix Diluent,TRUE,Premix,other,other,Not Recorded,Micrograms/Minute,none,993111,,,none,,,none,TRUE,FALSE,Not Recorded
dexmedetomidine,FALSE,Medication,sedative,anesthetic,Not Recorded,Micrograms/Minute,none,993111,,,none,,,none,TRUE,FALSE,Not Recorded
sterile water,TRUE,Sterile Water,other,other,Not Recorded,Micrograms/Minute,none,993111,,,none,,,none,TRUE,FALSE,Not Recorded
HYDROmorphone,FALSE,Medication,analgesic,opioids,Not Recorded,Micrograms/Minute,none,993111,,,none,,,none,TRUE,FALSE,Not Recorded
Sodium Chloride 0.45% intravenous solution,TRUE,Hypotonic Crystalloid,fluid_electrolyte,other,Not Recorded,Micrograms/Minute,none,993111,,,none,,,none,TRUE,FALSE,Not Recorded
Premix Dextrose 5%,TRUE,Premix,other,other,Not Recorded,Micrograms/Minute,none,993111,,,none,,,none,TRUE,FALSE,Not Recorded
milrinone,FALSE,Medication,bp_lowering,other,Not Recorded,Micrograms/Minute,none,993111,,,none,,,none,TRUE,FALSE,Not Recorded
norepinephrine,FALSE,Medication,pressor,vasopressor,Not Recorded,Micrograms/Minute,none,993111,,,none,,,none,TRUE,FALSE,Not Recorded
vasopressin,FALSE,Medication,pressor,vasopressor,Not Recorded,Micrograms/Minute,none,993111,,,none,,,none,TRUE,FALSE,Not Recorded
calcium chloride,TRUE,Electrolyte Solution (Calcium),fluid_electrolyte,other,Not Recorded,Micrograms/Minute,none,993111,,,none,,,none,TRUE,FALSE,Not Recorded
epinephrine,FALSE,Medication,pressor,inotrope,Not Recorded,Micrograms/Minute,none,993111,,,none,,,none,TRUE,FALSE,Not Recorded
morphine,FALSE,Medication,analgesic,opioids,Not Recorded,Micrograms/Minute,none,993111,,,none,,,none,TRUE,FALSE,Not Recorded
famotidine,FALSE,Medication,antihistamine,acid_suppressant,Not Recorded,Micrograms/Minute,none,993111,,,none,,,none,TRUE,FALSE,Not Recorded
levETIRAcetam,FALSE,Medication,anticonvulsant,other,Not Recorded,Micrograms/Minute,none,993111,,,none,,,none,TRUE,FALSE,Not Recorded
DOBUTamine,FALSE,Medication,pressor,inotrope,Not Recorded,Micrograms/Minute,none,993111,,,none,,,none,TRUE,FALSE,Not Recorded
hydromorphone bolus from current pca,FALSE,Medication,analgesic,opioids,Not Recorded,Micrograms/Minute,none,993111,,,none,,,none,TRUE,FALSE,Not Recorded
esmolol,FALSE,Medication,bp_lowering,beta_blocker,Not Recorded,Micrograms/Minute,none,993111,,,none,,,none,TRUE,FALSE,Not Recorded
propofol,FALSE,Medication,sedative,anesthetic,Not Recorded,Micrograms/Minute,none,993111,,,none,,,none,TRUE,FALSE,Not Recorded
fentaNYL,FALSE,Medication,analgesic,opioids,Not Recorded,Micrograms/Minute,none,993111,,,none,,,none,TRUE,FALSE,Not Recorded
midazolam,FALSE,Medication,sedative,benzodiazepine,Not Recorded,Micrograms/Minute,none,993111,,,none,,,none,TRUE,FALSE,Not Recorded
nafcillin,FALSE,Medication,anti-infective,penicillins,Not Recorded,Micrograms/Minute,none,993111,,,none,,,none,TRUE,FALSE,Not Recorded
heparin,FALSE,Medication,anticoagulant,other,Not Recorded,Micrograms/Minute,none,993111,,,none,,,none,TRUE,FALSE,Not Recorded
sodium chloride,FALSE,Medication,other,other,Not Recorded,Micrograms/Minute,none,993111,,,none,,,none,TRUE,FALSE,Not Recorded
nitroglycerin,FALSE,Medication,bp_lowering,other,Not Recorded,Micrograms/Minute,none,993111,,,none,,,none,TRUE,FALSE,Not Recorded
sodium bicarbonate,TRUE,Electrolyte Solution (Bicarbonate),fluid_electrolyte,other,Not Recorded,Micrograms/Minute,none,993111,,,none,,,none,TRUE,FALSE,Not Recorded
succinylcholine,FALSE,Medication,neuromuscular_blocker,other,Not Recorded,Micrograms/Minute,none,993111,,,none,,,none,TRUE,FALSE,Not Recorded
Dextrose 5% in Water intravenous solution,TRUE,Hypotonic Crystalloid,fluid_electrolyte,other,Not Recorded,Micrograms/Minute,none,993111,,,none,,,none,TRUE,FALSE,Not Recorded
phenylephrine,FALSE,Medication,pressor,vasopressor,Not Recorded,Micrograms/Minute,none,993111,,,none,,,none,TRUE,FALSE,Not Recorded
acetaminophen,FALSE,Medication,analgesic,non-opioid,Not Recorded,Micrograms/Minute,none,993111,,,none,,,none,TRUE,FALSE,Not Recorded
amiodarone,FALSE,Medication,antiarrhythmics,other,Not Recorded,Micrograms/Minute,none,993111,,,none,,,none,TRUE,FALSE,Not Recorded
metroNIDAZOLE,FALSE,Medication,anti-infective,metronidazole,Not Recorded,Micrograms/Minute,none,993111,,,none,,,none,TRUE,FALSE,Not Recorded
micafungin,FALSE,Medication,anti-infective,antifungals,Not Recorded,Micrograms/Minute,none,993111,,,none,,,none,TRUE,FALSE,Not Recorded
insulin regular,FALSE,Medication,insulin,other,Not Recorded,Micrograms/Minute,none,993111,,,none,,,none,TRUE,FALSE,Not Recorded
levoFLOXacin,FALSE,Medication,anti-infective,fluoroquinolones,Not Recorded,Micrograms/Minute,none,993111,,,none,,,none,TRUE,FALSE,Not Recorded
central hyperalimentation (TPN),TRUE,Parenteral Nutrition,other,other,Not Recorded,Micrograms/Minute,none,993111,,,none,,,none,TRUE,FALSE,Not Recorded
cefepime,FALSE,Medication,anti-infective,cephalosporins,Not Recorded,Micrograms/Minute,none,993111,,,none,,,none,TRUE,FALSE,Not Recorded
Dextrose 5% with 0.45% NaCl intravenous solution,TRUE,Hypotonic Crystalloid,fluid_electrolyte,other,Not Recorded,Micrograms/Minute,none,993111,,,none,,,none,TRUE,FALSE,Not Recorded
meropenem,FALSE,Medication,anti-infective,carbapenems,Not Recorded,Micrograms/Minute,none,993111,,,none,,,none,TRUE,FALSE,Not Recorded
hyperal peripheral,TRUE,Parenteral Nutrition,other,other,Not Recorded,Micrograms/Minute,none,993111,,,none,,,none,TRUE,FALSE,Not Recorded
cefTRIAXone,FALSE,Medication,anti-infective,cephalosporins,Not Recorded,Micrograms/Minute,none,993111,,,none,,,none,TRUE,FALSE,Not Recorded
niCARdipine,FALSE,Medication,bp_lowering,other,Not Recorded,Micrograms/Minute,none,993111,,,none,,,none,TRUE,FALSE,Not Recorded
methylPREDNISolone,FALSE,Medication,corticosteroids,other,Not Recorded,Micrograms/Minute,none,993111,,,none,,,none,TRUE,FALSE,Not Recorded
Lactated Ringers Injection intravenous solution,TRUE,Isotonic Crystalloid,fluid_electrolyte,other,Not Recorded,Micrograms/Minute,none,993111,,,none,,,none,TRUE,FALSE,Not Recorded
"hyperalimentation, adult",TRUE,Parenteral Nutrition,other,other,Not Recorded,Micrograms/Minute,none,993111,,,none,,,none,TRUE,FALSE,Not Recorded
argatroban,FALSE,Medication,other,other,Not Recorded,Micrograms/Minute,none,993111,,,none,,,none,TRUE,FALSE,Not Recorded
piperacillin-tazobactam,FALSE,Medication,anti-infective,penicillins,Not Recorded,Micrograms/Minute,none,993111,,,none,,,none,TRUE,FALSE,Not Recorded
DOPamine,FALSE,Medication,pressor,inotrope,Not Recorded,Micrograms/Minute,none,993111,,,none,,,none,TRUE,FALSE,Not Recorded
diltiazem,FALSE,Medication,bp_lowering,other,Not Recorded,Micrograms/Minute,none,993111,,,none,,,none,TRUE,FALSE,Not Recorded
acyclovir,FALSE,Medication,anti-infective,antiviral,Not Recorded,Micrograms/Minute,none,993111,,,none,,,none,TRUE,FALSE,Not Recorded
LORazepam,FALSE,Medication,sedative,benzodiazepine,Not Recorded,Micrograms/Minute,none,993111,,,none,,,none,TRUE,FALSE,Not Recorded
DAPTOmycin,FALSE,Medication,anti-infective,lipopeptide,Not Recorded,Micrograms/Minute,none,993111,,,none,,,none,TRUE,FALSE,Not Recorded
ceftaroline,FALSE,Medication,anti-infective,cephalosporins,Not Recorded,Micrograms/Minute,none,993111,,,none,,,none,TRUE,FALSE,Not Recorded
Dextrose 5% with 0.9% NaCl intravenous solution,TRUE,Isotonic Crystalloid,fluid_electrolyte,other,Not Recorded,Micrograms/Minute,none,993111,,,none,,,none,TRUE,FALSE,Not Recorded
albumin human,TRUE,Natural Colloid,fluid_electrolyte,other,Not Recorded,Micrograms/Minute,none,993111,,,none,,,none,TRUE,FALSE,Not Recorded
vancomycin,FALSE,Medication,anti-infective,glycopeptide,Not Recorded,Micrograms/Minute,none,993111,,,none,,,none,TRUE,FALSE,Not Recorded
hydrocortisone,FALSE,Medication,corticosteroids,other,Not Recorded,Micrograms/Minute,none,993111,,,none,,,none,TRUE,FALSE,Not Recorded
anti-thymocyte globulin (rabbit),FALSE,Medication,other,other,Not Recorded,Micrograms/Minute,none,993111,,,none,,,none,TRUE,FALSE,Not Recorded
cefTAZidime,FALSE,Medication,anti-infective,cephalosporins,Not Recorded,Micrograms/Minute,none,993111,,,none,,,none,TRUE,FALSE,Not Recorded
tirofiban,FALSE,Medication,other,other,Not Recorded,Micrograms/Minute,none,993111,,,none,,,none,TRUE,FALSE,Not Recorded
Electrolyte (Plasma-Lyte) intravenous solution,TRUE,Electrolyte Solution,other,other,Not Recorded,Micrograms/Minute,none,993111,,,none,,,none,TRUE,FALSE,Not Recorded
thiamine,FALSE,Medication,vitamin_supplement,other,Not Recorded,Micrograms/Minute,none,993111,,,none,,,none,TRUE,FALSE,Not Recorded
aztreonam,FALSE,Medication,anti-infective,monobactams,Not Recorded,Micrograms/Minute,none,993111,,,none,,,none,TRUE,FALSE,Not Recorded
ampicillin-sulbactam,FALSE,Medication,anti-infective,penicillins,Not Recorded,Micrograms/Minute,none,993111,,,none,,,none,TRUE,FALSE,Not Recorded
furosemide,FALSE,Medication,diuretic,other,Not Recorded,Micrograms/Minute,none,993111,,,none,,,none,TRUE,FALSE,Not Recorded
bivalirudin,FALSE,Medication,other,other,Not Recorded,Micrograms/Minute,none,993111,,,none,,,none,TRUE,FALSE,Not Recorded
potassium chloride,TRUE,Electrolyte Solution (Potassium),fluid_electrolyte,other,Not Recorded,Micrograms/Minute,none,993111,,,none,,,none,TRUE,FALSE,Not Recorded
oxytocin,FALSE,Medication,other,other,Not Recorded,Micrograms/Minute,none,993111,,,none,,,none,TRUE,FALSE,Not Recorded
Dextrose 5% with 0.2% NaCl and KCl 20 mEq/L intravenous solution,TRUE,Hypotonic Crystalloid,fluid_electrolyte,other,Not Recorded,Micrograms/Minute,none,993111,,,none,,,none,TRUE,FALSE,Not Recorded
zidovudine,FALSE,Medication,anti-infective,antiviral,Not Recorded,Micrograms/Minute,none,993111,,,none,,,none,TRUE,FALSE,Not Recorded
ampicillin,FALSE,Medication,anti-infective,penicillins,Not Recorded,Micrograms/Minute,none,993111,,,none,,,none,TRUE,FALSE,Not Recorded
magnesium sulfate,TRUE,Electrolyte Solution (Magnesium),fluid_electrolyte,other,Not Recorded,Micrograms/Minute,none,993111,,,none,,,none,TRUE,FALSE,Not Recorded
lidocaine,FALSE,Medication,antiarrhythmics,other,Not Recorded,Micrograms/Minute,none,993111,,,none,,,none,TRUE,FALSE,Not Recorded
calcium gluconate,TRUE,Electrolyte Solution (Calcium),fluid_electrolyte,other,Not Recorded,Micrograms/Minute,none,993111,,,none,,,none,TRUE,FALSE,Not Recorded
Sodium Chloride 3%,TRUE,Hypertonic Crystalloid,other,other,Not Recorded,Micrograms/Minute,none,993111,,,none,,,none,TRUE,FALSE,Not Recorded
Dextrose 5% in Lactated Ringers intravenous solution,TRUE,Isotonic Crystalloid,fluid_electrolyte,other,Not Recorded,Micrograms/Minute,none,993111,,,none,,,none,TRUE,FALSE,Not Recorded
acetylcysteine,FALSE,Medication,other,other,Not Recorded,Micrograms/Minute,none,993111,,,none,,,none,TRUE,FALSE,Not Recorded
ketamine,FALSE,Medication,analgesic,other,Not Recorded,Micrograms/Minute,none,993111,,,none,,,none,TRUE,FALSE,Not Recorded
cisatracurium,FALSE,Medication,neuromuscular_blocker,other,Not Recorded,Micrograms/Minute,none,993111,,,none,,,none,TRUE,FALSE,Not Recorded
colistimethate,FALSE,Medication,anti-infective,polymixin,Not Recorded,Micrograms/Minute,none,993111,,,none,,,none,TRUE,FALSE,Not Recorded
fluconazole,FALSE,Medication,anti-infective,antifungals,Not Recorded,Micrograms/Minute,none,993111,,,none,,,none,TRUE,FALSE,Not Recorded
gentamicin,FALSE,Medication,anti-infective,aminoglycosides,Not Recorded,Micrograms/Minute,none,993111,,,none,,,none,TRUE,FALSE,Not Recorded
clindamycin,FALSE,Medication,anti-infective,lincosamides,Not Recorded,Micrograms/Minute,none,993111,,,none,,,none,TRUE,FALSE,Not Recorded
pantoprazole,FALSE,Medication,proton_pump_inhibitor,other,Not Recorded,Micrograms/Minute,none,993111,,,none,,,none,TRUE,FALSE,Not Recorded
folic acid,FALSE,Medication,vitamin_supplement,other,Not Recorded,Micrograms/Minute,none,993111,,,none,,,none,TRUE,FALSE,Not Recorded
prochlorperazine,FALSE,Medication,antiemetic,other,Not Recorded,Micrograms/Minute,none,993111,,,none,,,none,TRUE,FALSE,Not Recorded
cefOXitin,FALSE,Medication,anti-infective,cephalosporins,Not Recorded,Micrograms/Minute,none,993111,,,none,,,none,TRUE,FALSE,Not Recorded
valproic acid,FALSE,Medication,anticonvulsant,other,Not Recorded,Micrograms/Minute,none,993111,,,none,,,none,TRUE,FALSE,Not Recorded
tobramycin,FALSE,Medication,anti-infective,aminoglycosides,Not Recorded,Micrograms/Minute,none,993111,,,none,,,none,TRUE,FALSE,Not Recorded
metoclopramide,FALSE,Medication,antiemetic,other,Not Recorded,Micrograms/Minute,none,993111,,,none,,,none,TRUE,FALSE,Not Recorded
dexamethasone,FALSE,Medication,corticosteroids,other,Not Recorded,Micrograms/Minute,none,993111,,,none,,,none,TRUE,FALSE,Not Recorded
naloxone,FALSE,Medication,analgesic,opioids,Not Recorded,Micrograms/Minute,none,993111,,,none,,,none,TRUE,FALSE,Not Recorded
sulfamethoxazole-trimethoprim,FALSE,Medication,anti-infective,sulphonamides,Not Recorded,Micrograms/Minute,none,993111,,,none,,,none,TRUE,FALSE,Not Recorded
penicillin G potassium,FALSE,Medication,anti-infective,penicillins,Not Recorded,Micrograms/Minute,none,993111,,,none,,,none,TRUE,FALSE,Not Recorded
vecuronium,FALSE,Medication,neuromuscular_blocker,other,Not Recorded,Micrograms/Minute,none,993111,,,none,,,none,TRUE,FALSE,Not Recorded
Empty Container,FALSE,Medication,other,other,Not Recorded,Micrograms/Minute,none,993111,,,none,,,none,TRUE,FALSE,Not Recorded
labetalol,FALSE,Medication,bp_lowering,beta_blocker,Not Recorded,Micrograms/Minute,none,993111,,,none,,,none,TRUE,FALSE,Not Recorded
sodium nitroprusside,FALSE,Medication,bp_lowering,other,Not Recorded,Micrograms/Minute,none,993111,,,none,,,none,TRUE,FALSE,Not Recorded
diphenhydrAMINE,FALSE,Medication,antihistamine,other,Not Recorded,Micrograms/Minute,none,993111,,,none,,,none,TRUE,FALSE,Not Recorded
potassium chloride-sodium chloride,TRUE,Electrolyte Solution (Potassium),fluid_electrolyte,other,Not Recorded,Micrograms/Minute,none,993111,,,none,,,none,TRUE,FALSE,Not Recorded
linezolid,FALSE,Medication,anti-infective,oxazolidinones,Not Recorded,Micrograms/Minute,none,993111,,,none,,,none,TRUE,FALSE,Not Recorded
azithromycin,FALSE,Medication,anti-infective,macrolide antibiotics,Not Recorded,Micrograms/Minute,none,993111,,,none,,,none,TRUE,FALSE,Not Recorded
Dextrose 10% in Water intravenous solution,TRUE,Hypertonic Crystalloid,fluid_electrolyte,other,Not Recorded,Micrograms/Minute,none,993111,,,none,,,none,TRUE,FALSE,Not Recorded
atropine,FALSE,Medication,anticholinergic,other,Not Recorded,Micrograms/Minute,none,993111,,,none,,,none,TRUE,FALSE,Not Recorded
fosphenytoin,FALSE,Medication,anticonvulsant,other,Not Recorded,Micrograms/Minute,none,993111,,,none,,,none,TRUE,FALSE,Not Recorded
isoproterenol,FALSE,Medication,pressor,vasopressor,Not Recorded,Micrograms/Minute,none,993111,,,none,,,none,TRUE,FALSE,Not Recorded
alteplase,FALSE,Medication,other,other,Not Recorded,Micrograms/Minute,none,993111,,,none,,,none,TRUE,FALSE,Not Recorded
Factor VIII injection,FALSE,Medication,other,other,Not Recorded,Micrograms/Minute,none,993111,,,none,,,none,TRUE,FALSE,Not Recorded
epoprostenol,FALSE,Medication,bp_lowering,other,Not Recorded,Micrograms/Minute,none,993111,,,none,,,none,TRUE,FALSE,Not Recorded
tromethamine,FALSE,Medication,other,other,Not Recorded,Micrograms/Minute,none,993111,,,none,,,none,TRUE,FALSE,Not Recorded
sodium phosphate,TRUE,Electrolyte Solution (Phosphate),other,other,Not Recorded,Micrograms/Minute,none,993111,,,none,,,none,TRUE,FALSE,Not Recorded
cefuroxime,FALSE,Medication,anti-infective,cephalosporins,Not Recorded,Micrograms/Minute,none,993111,,,none,,,none,TRUE,FALSE,Not Recorded
bumetanide,FALSE,Medication,diuretic,other,Not Recorded,Micrograms/Minute,none,993111,,,none,,,none,TRUE,FALSE,Not Recorded
immune globulin intravenous,FALSE,Medication,other,other,Not Recorded,Micrograms/Minute,none,993111,,,none,,,none,TRUE,FALSE,Not Recorded
aminocaproic acid,FALSE,Medication,other,other,Not Recorded,Micrograms/Minute,none,993111,,,none,,,none,TRUE,FALSE,Not Recorded
abciximab,FALSE,Medication,other,other,Not Recorded,Micrograms/Minute,none,993111,,,none,,,none,TRUE,FALSE,Not Recorded
phytonadione,FALSE,Medication,vitamin_supplement,other,Not Recorded,Micrograms/Minute,none,993111,,,none,,,none,TRUE,FALSE,Not Recorded
rifAMPin,FALSE,Medication,anti-infective,antimycobacterial agents,Not Recorded,Micrograms/Minute,none,993111,,,none,,,none,TRUE,FALSE,Not Recorded
hyperal neonate,TRUE,Parenteral Nutrition,other,other,Not Recorded,Micrograms/Minute,none,993111,,,none,,,none,TRUE,FALSE,Not Recorded
Misc Medication TNF,FALSE,Medication,other,other,Not Recorded,Micrograms/Minute,none,993111,,,none,,,none,TRUE,FALSE,Not Recorded
anti-inhibitor coagulant complex,FALSE,Medication,other,other,Not Recorded,Micrograms/Minute,none,993111,,,none,,,none,TRUE,FALSE,Not Recorded
phenytoin,FALSE,Medication,anticonvulsant,other,Not Recorded,Micrograms/Minute,none,993111,,,none,,,none,TRUE,FALSE,Not Recorded
protamine,FALSE,Medication,reversal_agent,anticoagulant,Not Recorded,Micrograms/Minute,none,993111,,,none,,,none,TRUE,FALSE,Not Recorded
etomidate,FALSE,Medication,sedative,anesthetic,Not Recorded,Micrograms/Minute,none,993111,,,none,,,none,TRUE,FALSE,Not Recorded
mycophenolate mofetil,FALSE,Medication,other,other,Not Recorded,Micrograms/Minute,none,993111,,,none,,,none,TRUE,FALSE,Not Recorded
ondansetron,FALSE,Medication,antiemetic,other,Not Recorded,Micrograms/Minute,none,993111,,,none,,,none,TRUE,FALSE,Not Recorded
octreotide,FALSE,Medication,other,other,Not Recorded,Micrograms/Minute,none,993111,,,none,,,none,TRUE,FALSE,Not Recorded
multivitamin,FALSE,Medication,vitamin_supplement,other,Not Recorded,Micrograms/Minute,none,993111,,,none,,,none,TRUE,FALSE,Not Recorded
ganciclovir,FALSE,Medication,anti-infective,antiviral,Not Recorded,Micrograms/Minute,none,993111,,,none,,,none,TRUE,FALSE,Not Recorded
meperidine,FALSE,Medication,other,other,Not Recorded,Micrograms/Minute,none,993111,,,none,,,none,TRUE,FALSE,Not Recorded
ertapenem,FALSE,Medication,anti-infective,carbapenems,Not Recorded,Micrograms/Minute,none,993111,,,none,,,none,TRUE,FALSE,Not Recorded
pentamidine,FALSE,Medication,anti-infective,antiparasitic,Not Recorded,Micrograms/Minute,none,993111,,,none,,,none,TRUE,FALSE,Not Recorded
Vancomycin Trough Reminder,FALSE,Medication,anti-infective,glycopeptide,Not Recorded,Micrograms/Minute,none,993111,,,none,,,none,TRUE,FALSE,Not Recorded
lacosamide,FALSE,Medication,other,other,Not Recorded,Micrograms/Minute,none,993111,,,none,,,none,TRUE,FALSE,Not Recorded
ciprofloxacin,FALSE,Medication,anti-infective,fluoroquinolones,Not Recorded,Micrograms/Minute,none,993111,,,none,,,none,TRUE,FALSE,Not Recorded
tigecycline,FALSE,Medication,anti-infective,tetracyclines,Not Recorded,Micrograms/Minute,none,993111,,,none,,,none,TRUE,FALSE,Not Recorded
insulin aspart,FALSE,Medication,insulin,other,Not Recorded,Micrograms/Minute,none,993111,,,none,,,none,TRUE,FALSE,Not Recorded
hydrALAZINE,FALSE,Medication,bp_lowering,other,Not Recorded,Micrograms/Minute,none,993111,,,none,,,none,TRUE,FALSE,Not Recorded
iron sucrose,FALSE,Medication,other,other,Not Recorded,Micrograms/Minute,none,993111,,,none,,,none,TRUE,FALSE,Not Recorded
cefotaxime,FALSE,Medication,anti-infective,cephalosporins,Not Recorded,Micrograms/Minute,none,993111,,,none,,,none,TRUE,FALSE,Not Recorded
allopurinol,FALSE,Medication,other,other,Not Recorded,Micrograms/Minute,none,993111,,,none,,,none,TRUE,FALSE,Not Recorded
PHENobarbital,FALSE,Medication,other,other,Not Recorded,Micrograms/Minute,none,993111,,,none,,,none,TRUE,FALSE,Not Recorded
chlorothiazide,FALSE,Medication,diuretic,other,Not Recorded,Micrograms/Minute,none,993111,,,none,,,none,TRUE,FALSE,Not Recorded
imipenem-cilastatin,FALSE,Medication,anti-infective,carbapenems,Not Recorded,Micrograms/Minute,none,993111,,,none,,,none,TRUE,FALSE,Not Recorded
erythromycin,FALSE,Medication,anti-infective,macrolide antibiotics,Not Recorded,Micrograms/Minute,none,993111,,,none,,,none,TRUE,FALSE,Not Recorded
foscarnet,FALSE,Medication,anti-infective,antiviral,Not Recorded,Micrograms/Minute,none,993111,,,none,,,none,TRUE,FALSE,Not Recorded
posaconazole,FALSE,Medication,anti-infective,antifungals,Not Recorded,Micrograms/Minute,none,993111,,,none,,,none,TRUE,FALSE,Not Recorded
desmopressin,FALSE,Medication,other,other,Not Recorded,Micrograms/Minute,none,993111,,,none,,,none,TRUE,FALSE,Not Recorded
inFLIXimab,FALSE,Medication,other,other,Not Recorded,Micrograms/Minute,none,993111,,,none,,,none,TRUE,FALSE,Not Recorded
amphotericin B liposomal,FALSE,Medication,anti-infective,antifungals,Not Recorded,Micrograms/Minute,none,993111,,,none,,,none,TRUE,FALSE,Not Recorded
hydromor/ketamine bolus from current pca,FALSE,Medication,analgesic,other,Not Recorded,Micrograms/Minute,none,993111,,,none,,,none,TRUE,FALSE,Not Recorded
fibrinogen,FALSE,Medication,other,other,Not Recorded,Micrograms/Minute,none,993111,,,none,,,none,TRUE,FALSE,Not Recorded
antihemophilic factor-von Willebrand factor inj,FALSE,Medication,other,other,Not Recorded,Micrograms/Minute,none,993111,,,none,,,none,TRUE,FALSE,Not Recorded
methylene blue,FALSE,Medication,other,other,Not Recorded,Micrograms/Minute,none,993111,,,none,,,none,TRUE,FALSE,Not Recorded
voriconazole,FALSE,Medication,anti-infective,antifungals,Not Recorded,Micrograms/Minute,none,993111,,,none,,,none,TRUE,FALSE,Not Recorded
caffeine,FALSE,Medication,other,other,Not Recorded,Micrograms/Minute,none,993111,,,none,,,none,TRUE,FALSE,Not Recorded
morphine bolus from current pca,FALSE,Medication,analgesic,opioids,Not Recorded,Micrograms/Minute,none,993111,,,none,,,none,TRUE,FALSE,Not Recorded
glucagon,FALSE,Medication,hypoglycemia,other,Not Recorded,Micrograms/Minute,none,993111,,,none,,,none,TRUE,FALSE,Not Recorded
potassium phosphate,TRUE,Electrolyte Solution (Potassium),other,other,Not Recorded,Micrograms/Minute,none,993111,,,none,,,none,TRUE,FALSE,Not Recorded
coagulation factor IX,FALSE,Medication,other,other,Not Recorded,Micrograms/Minute,none,993111,,,none,,,none,TRUE,FALSE,Not Recorded
tranexamic acid,FALSE,Medication,other,other,Not Recorded,Micrograms/Minute,none,993111,,,none,,,none,TRUE,FALSE,Not Recorded
doxycycline,FALSE,Medication,anti-infective,tetracyclines,Not Recorded,Micrograms/Minute,none,993111,,,none,,,none,TRUE,FALSE,Not Recorded
clevidipine,FALSE,Medication,bp_lowering,other,Not Recorded,Micrograms/Minute,none,993111,,,none,,,none,TRUE,FALSE,Not Recorded
treprostinil,FALSE,Medication,bp_lowering,vasodilator,Not Recorded,Micrograms/Minute,none,993111,,,none,,,none,TRUE,FALSE,Not Recorded
oxacillin,FALSE,Medication,anti-infective,penicillins,Not Recorded,Micrograms/Minute,none,993111,,,none,,,none,TRUE,FALSE,Not Recorded
mannitol,TRUE,Hypertonic Crystalloid,diuretic,other,Not Recorded,Micrograms/Minute,none,993111,,,none,,,none,TRUE,FALSE,Not Recorded
cycloSPORINE,FALSE,Medication,other,other,Not Recorded,Micrograms/Minute,none,993111,,,none,,,none,TRUE,FALSE,Not Recorded
heparin flush,FALSE,Medication,flush,other,Not Recorded,Micrograms/Minute,none,993111,,,none,,,none,FALSE,FALSE,Not Recorded
haloperidol,FALSE,Medication,other,other,Not Recorded,Micrograms/Minute,none,993111,,,none,,,none,TRUE,FALSE,Not Recorded
nalbuphine,FALSE,Medication,analgesic,opioids,Not Recorded,Micrograms/Minute,none,993111,,,none,,,none,TRUE,FALSE,Not Recorded
ethacrynic acid,FALSE,Medication,diuretic,other,Not Recorded,Micrograms/Minute,none,993111,,,none,,,none,TRUE,FALSE,Not Recorded
ketorolac,FALSE,Medication,analgesic,nsaid,Not Recorded,Micrograms/Minute,none,993111,,,none,,,none,TRUE,FALSE,Not Recorded
enalapril,FALSE,Medication,bp_lowering,other,Not Recorded,Micrograms/Minute,none,993111,,,none,,,none,TRUE,FALSE,Not Recorded
insulin glargine,FALSE,Medication,insulin,other,Not Recorded,Micrograms/Minute,none,993111,,,none,,,none,TRUE,FALSE,Not Recorded
RHo (D) immune globulin,FALSE,Medication,other,other,Not Recorded,Micrograms/Minute,none,993111,,,none,,,none,TRUE,FALSE,Not Recorded
fentanyl bolus from current pca,FALSE,Medication,analgesic,opioids,Not Recorded,Micrograms/Minute,none,993111,,,none,,,none,TRUE,FALSE,Not Recorded
metoprolol,FALSE,Medication,bp_lowering,beta_blocker,Not Recorded,Micrograms/Minute,none,993111,,,none,,,none,TRUE,FALSE,Not Recorded
amikacin,FALSE,Medication,anti-infective,aminoglycosides,Not Recorded,Micrograms/Minute,none,993111,,,none,,,none,TRUE,FALSE,Not Recorded
ceftolozane-tazobactam,FALSE,Medication,anti-infective,cephalosporins,Not Recorded,Micrograms/Minute,none,993111,,,none,,,none,TRUE,FALSE,Not Recorded
diazePAM,FALSE,Medication,sedative,benzodiazepine,Not Recorded,Micrograms/Minute,none,993111,,,none,,,none,TRUE,FALSE,Not Recorded
copper chloride,FALSE,Medication,other,other,Not Recorded,Micrograms/Minute,none,993111,,,none,,,none,TRUE,FALSE,Not Recorded
"dextran, low molecular weight",TRUE,Hypertonic Crystalloid,fluid_electrolyte,other,Not Recorded,Micrograms/Minute,none,993111,,,none,,,none,TRUE,FALSE,Not Recorded
methocarbamol,FALSE,Medication,other,other,Not Recorded,Micrograms/Minute,none,993111,,,none,,,none,TRUE,FALSE,Not Recorded
telavancin,FALSE,Medication,anti-infective,glycopeptide,Not Recorded,Micrograms/Minute,none,993111,,,none,,,none,TRUE,FALSE,Not Recorded
moxifloxacin,FALSE,Medication,anti-infective,fluoroquinolones,Not Recorded,Micrograms/Minute,none,993111,,,none,,,none,TRUE,FALSE,Not Recorded
"fat emulsion, intravenous",TRUE,Parenteral Nutrition,other,other,Not Recorded,Micrograms/Minute,none,993111,,,none,,,none,TRUE,FALSE,Not Recorded
ephedrine,FALSE,Medication,other,other,Not Recorded,Micrograms/Minute,none,993111,,,none,,,none,TRUE,FALSE,Not Recorded
Dextrose 5% with 0.2% NaCl intravenous solution,TRUE,Hypotonic Crystalloid,fluid_electrolyte,other,Not Recorded,Micrograms/Minute,none,993111,,,none,,,none,TRUE,FALSE,Not Recorded
ANES Bupivicaine 0.15%/NS 250 mL Epidural,FALSE,Medication,other,other,Not Recorded,Micrograms/Minute,none,993111,,,none,,,none,TRUE,FALSE,Not Recorded
methadone,FALSE,Medication,analgesic,opioids,Not Recorded,Micrograms/Minute,none,993111,,,none,,,none,TRUE,FALSE,Not Recorded
iodixanol,FALSE,Medication,other,other,Not Recorded,Micrograms/Minute,none,993111,,,none,,,none,TRUE,FALSE,Not Recorded
verapamil,FALSE,Medication,bp_lowering,other,Not Recorded,Micrograms/Minute,none,993111,,,none,,,none,TRUE,FALSE,Not Recorded
avibactam-cefTAZidime,FALSE,Medication,anti-infective,cephalosporins,Not Recorded,Micrograms/Minute,none,993111,,,none,,,none,TRUE,FALSE,Not Recorded
dantrolene,FALSE,Medication,other,other,Not Recorded,Micrograms/Minute,none,993111,,,none,,,none,TRUE,FALSE,Not Recorded
adenosine,FALSE,Medication,antiarrhythmics,other,Not Recorded,Micrograms/Minute,none,993111,,,none,,,none,TRUE,FALSE,Not Recorded
antithrombin III,FALSE,Medication,other,other,Not Recorded,Micrograms/Minute,none,993111,,,none,,,none,TRUE,FALSE,Not Recorded
prothrombin complex conc human,FALSE,Medication,other,other,Not Recorded,Micrograms/Minute,none,993111,,,none,,,none,TRUE,FALSE,Not Recorded
antihemophilic factor,FALSE,Medication,other,other,Not Recorded,Micrograms/Minute,none,993111,,,none,,,none,TRUE,FALSE,Not Recorded
levothyroxine,FALSE,Medication,other,other,Not Recorded,Micrograms/Minute,none,993111,,,none,,,none,TRUE,FALSE,Not Recorded
promethazine,FALSE,Medication,antiemetic,other,Not Recorded,Micrograms/Minute,none,993111,,,none,,,none,TRUE,FALSE,Not Recorded
doripenem,FALSE,Medication,anti-infective,carbapenems,Not Recorded,Micrograms/Minute,none,993111,,,none,,,none,TRUE,FALSE,Not Recorded
basiliximab,FALSE,Medication,other,other,Not Recorded,Micrograms/Minute,none,993111,,,none,,,none,TRUE,FALSE,Not Recorded
Amino Acids 15% (Clinisol Sulfite-Free),TRUE,Parenteral Nutrition,other,other,Not Recorded,Micrograms/Minute,none,993111,,,none,,,none,TRUE,FALSE,Not Recorded
divalproex sodium,FALSE,Medication,other,other,Not Recorded,Micrograms/Minute,none,993111,,,none,,,none,TRUE,FALSE,Not Recorded
ascorbic acid,FALSE,Medication,vitamin_supplement,other,Not Recorded,Micrograms/Minute,none,993111,,,none,,,none,TRUE,FALSE,Not Recorded
pyridoxine,FALSE,Medication,vitamin_supplement,other,Not Recorded,Micrograms/Minute,none,993111,,,none,,,none,TRUE,FALSE,Not Recorded
tacrolimus,FALSE,Medication,other,other,Not Recorded,Micrograms/Minute,none,993111,,,none,,,none,TRUE,FALSE,Not Recorded
sodium acetate,TRUE,Electrolyte Solution (Other),other,other,Not Recorded,Micrograms/Minute,none,993111,,,none,,,none,TRUE,FALSE,Not Recorded
insulin lispro,FALSE,Medication,insulin,other,Not Recorded,Micrograms/Minute,none,993111,,,none,,,none,TRUE,FALSE,Not Recorded
Amino Acids 3% and Glycerin 3% with Electrolytes (ProcalAmine) intravenous solution,TRUE,Electrolyte Solution,other,other,Not Recorded,Micrograms/Minute,none,993111,,,none,,,none,TRUE,FALSE,Not Recorded
coagulation factor VIIa,FALSE,Medication,other,other,Not Recorded,Micrograms/Minute,none,993111,,,none,,,none,TRUE,FALSE,Not Recorded
iron dextran,FALSE,Medication,nutritional_supplement,mineral,Not Recorded,Micrograms/Minute,none,993111,,,none,,,none,TRUE,FALSE,Not Recorded
procainamide,FALSE,Medication,antiarrhythmics,other,Not Recorded,Micrograms/Minute,none,993111,,,none,,,none,TRUE,FALSE,Not Recorded
Dextrose 5% in Lactated Ringers with KCl 20 mEq/l intravenous solution,TRUE,Isotonic Crystalloid,fluid_electrolyte,other,Not Recorded,Micrograms/Minute,none,993111,,,none,,,none,TRUE,FALSE,Not Recorded
hetastarch,TRUE,Synthetic Colloid,fluid_electrolyte,other,Not Recorded,Micrograms/Minute,none,993111,,,none,,,none,TRUE,FALSE,Not Recorded
Dextrose 5% in Water with KCl 20 mEq/l intravenous solution,TRUE,Hypotonic Crystalloid,fluid_electrolyte,other,Not Recorded,Micrograms/Minute,none,993111,,,none,,,none,TRUE,FALSE,Not Recorded
propranolol,FALSE,Medication,bp_lowering,other,Not Recorded,Micrograms/Minute,none,993111,,,none,,,none,TRUE,FALSE,Not Recorded
Dextrose 10% with 0.2% NaCl intravenous solution,TRUE,Hypotonic Crystalloid,fluid_electrolyte,other,Not Recorded,Micrograms/Minute,none,993111,,,none,,,none,TRUE,FALSE,Not Recorded
rocuronium,FALSE,Medication,neuromuscular_blocker,other,Not Recorded,Micrograms/Minute,none,993111,,,none,,,none,TRUE,FALSE,Not Recorded
hemin,FALSE,Medication,other,other,Not Recorded,Micrograms/Minute,none,993111,,,none,,,none,TRUE,FALSE,Not Recorded
PCA Reservoir & Syringe Volume Confirm,FALSE,Medication,other,other,Not Recorded,Micrograms/Minute,none,993111,,,none,,,none,TRUE,FALSE,Not Recorded
Dextrose 20% in Water intravenous solution,TRUE,Hypertonic Crystalloid,fluid_electrolyte,other,Not Recorded,Micrograms/Minute,none,993111,,,none,,,none,TRUE,FALSE,Not Recorded
isavuconazonium,FALSE,Medication,anti-infective,antifungals,Not Recorded,Micrograms/Minute,none,993111,,,none,,,none,TRUE,FALSE,Not Recorded
predniSONE,FALSE,Medication,corticosteroids,other,Not Recorded,Micrograms/Minute,none,993111,,,none,,,none,TRUE,FALSE,Not Recorded
epoetin alfa,FALSE,Medication,other,other,Not Recorded,Micrograms/Minute,none,993111,,,none,,,none,TRUE,FALSE,Not Recorded
cytomegalovirus immune globulin,FALSE,Medication,other,other,Not Recorded,Micrograms/Minute,none,993111,,,none,,,none,TRUE,FALSE,Not Recorded
Angiotensin II,FALSE,Medication,pressor,vasopressor,Not Recorded,Micrograms/Minute,none,993111,,,none,,,none,TRUE,FALSE,Not Recorded
zinc sulfate,FALSE,Medication,other,other,Not Recorded,Micrograms/Minute,none,993111,,,none,,,none,TRUE,FALSE,Not Recorded
phenylephrine nasal,FALSE,Medication,pressor,vasopressor,Not Recorded,Micrograms/Minute,none,993111,,,none,,,none,TRUE,FALSE,Not Recorded
epoprostenol diluent,FALSE,Medication,other,other,Not Recorded,Micrograms/Minute,none,993111,,,none,,,none,TRUE,FALSE,Not Recorded
cyclophosphamide,FALSE,Medication,other,other,Not Recorded,Micrograms/Minute,none,993111,,,none,,,none,TRUE,FALSE,Not Recorded
eravacycline,FALSE,Medication,anti-infective,tetracyclines,Not Recorded,Micrograms/Minute,none,993111,,,none,,,none,TRUE,FALSE,Not Recorded
aminophylline,FALSE,Medication,other,other,Not Recorded,Micrograms/Minute,none,993111,,,none,,,none,TRUE,FALSE,Not Recorded
levOCARNitine,FALSE,Medication,other,other,Not Recorded,Micrograms/Minute,none,993111,,,none,,,none,TRUE,FALSE,Not Recorded
penicillin G benzathine,FALSE,Medication,anti-infective,penicillins,Not Recorded,Micrograms/Minute,none,993111,,,none,,,none,TRUE,FALSE,Not Recorded
fomepizole,FALSE,Medication,other,other,Not Recorded,Micrograms/Minute,none,993111,,,none,,,none,TRUE,FALSE,Not Recorded
chlorproMAZINE,FALSE,Medication,other,other,Not Recorded,Micrograms/Minute,none,993111,,,none,,,none,TRUE,FALSE,Not Recorded
Potassium Level Recheck Reminder,FALSE,Medication,other,other,Not Recorded,Micrograms/Minute,none,993111,,,none,,,none,TRUE,FALSE,Not Recorded
phenylephrine ophthalmic,FALSE,Medication,pressor,vasopressor,Not Recorded,Micrograms/Minute,none,993111,,,none,,,none,TRUE,FALSE,Not Recorded
darbepoetin alfa,FALSE,Medication,other,other,Not Recorded,Micrograms/Minute,none,993111,,,none,,,none,TRUE,FALSE,Not Recorded
midodrine,FALSE,Medication,other,other,Not Recorded,Micrograms/Minute,none,993111,,,none,,,none,TRUE,FALSE,Not Recorded
remifentanil,FALSE,Medication,analgesic,opioids,Not Recorded,Micrograms/Minute,none,993111,,,none,,,none,TRUE,FALSE,Not Recorded
leucovorin,FALSE,Medication,other,other,Not Recorded,Micrograms/Minute,none,993111,,,none,,,none,TRUE,FALSE,Not Recorded
cangrelor,FALSE,Medication,other,other,Not Recorded,Micrograms/Minute,none,993111,,,none,,,none,TRUE,FALSE,Not Recorded
deferoxamine,FALSE,Medication,other,other,Not Recorded,Micrograms/Minute,none,993111,,,none,,,none,TRUE,FALSE,Not Recorded
flumazenil,FALSE,Medication,benzodiazepine antagonist,other,Not Recorded,Micrograms/Minute,none,993111,,,none,,,none,TRUE,FALSE,Not Recorded
selenium,FALSE,Medication,other,other,Not Recorded,Micrograms/Minute,none,993111,,,none,,,none,TRUE,FALSE,Not Recorded
oxaliplatin,FALSE,Medication,other,other,OXALIplatin 100mg inj,Not Recorded,none,202,,,100.0 mg,mg,100,none,FALSE,FALSE,OXALIplatin
oxaliplatin,FALSE,Medication,other,other,OXALIplatin 50 mg inj,Not Recorded,none,34,,,50.0 mg,mg,50,none,FALSE,FALSE,OXALIplatin
octreotide,FALSE,Medication,other,other,Octreotide  100 mcg/1mL inj,Not Recorded,1.0 mL,3473,mL,1,100.0 mcg,mcg,100,100.0 mcg/1.0 ML,FALSE,FALSE,octreotide
octreotide,FALSE,Medication,other,other,Octreotide  500  mcg/1 mL  inj,Not Recorded,1.0 mL,549,mL,1,500.0 mcg,mcg,500,500.0 mcg/1.0 ML,FALSE,FALSE,octreotide
octreotide,FALSE,Medication,other,other,Octreotide  500  mcg/1 mL  inj ADD,Not Recorded,1.0 mL,124691,mL,1,500.0 mcg,mcg,500,500.0 mcg/1.0 ML,FALSE,FALSE,octreotide add
octreotide,FALSE,Medication,other,other,Octreotide 1 mg/mL 5 mL inj,Not Recorded,5.0 mL,111,mL,5,1.0 mg,mg,1,none,FALSE,FALSE,octreotide
,,,,,Octreotide 10 mcg/mL neonate syringe,Not Recorded,none,3,,,10.0 mcg,mcg,10,none,FALSE,FALSE,
octreotide,FALSE,Medication,other,other,Octreotide 100 mcg/0.2 mL syringe,Not Recorded,0.2 mL,4,mL,0.2,100.0 mcg,mcg,100,100.0 mcg/0.2 ML,FALSE,FALSE,octreotide
octreotide,FALSE,Medication,other,other,Octreotide 20 mg/5 mL LAR inj,Not Recorded,5.0 mL,1,mL,5,20.0 mg,mg,20,20.0 mg/5.0 ML,FALSE,FALSE,octreotide
octreotide,FALSE,Medication,other,other,Octreotide 30 mg LAR Kit,Not Recorded,none,6,,,30.0 mg,mg,30,none,FALSE,FALSE,octreotide
OLANZapine,FALSE,Medication,other,other,Olanzapine 10 mg IM,Not Recorded,none,191,,,10.0 mg,mg,10,none,FALSE,FALSE,olanzapine
ondansetron,FALSE,Medication,antiemetic,other,Ondansetron 4 mg ODT,Not Recorded,none,112,,,4.0 mg,mg,4,none,FALSE,FALSE,ondansetron ODT
ondansetron,FALSE,Medication,antiemetic,other,Ondansetron 4 mg tab,Not Recorded,none,85,,,4.0 mg,mg,4,none,FALSE,FALSE,ondansetron
ondansetron,FALSE,Medication,antiemetic,other,Ondansetron 4 mg/2 mL inj,Not Recorded,2.0 mL,1337705,mL,2,4.0 mg,mg,4,4.0 mg/2.0 ML,FALSE,FALSE,ondansetron
ondansetron,FALSE,Medication,antiemetic,other,Ondansetron 40 mg/20 mL inj (MDV),Not Recorded,20.0 mL,1423,mL,20,40.0 mg,mg,40,40.0 mg/20.0 ML,FALSE,FALSE,ondansetron
ondansetron,FALSE,Medication,antiemetic,other,Ondansetron 8 mg tab,Not Recorded,none,33,,,8.0 mg,mg,8,none,FALSE,FALSE,ondansetron
ondansetron,FALSE,Medication,antiemetic,other,Ondansetron 8mg/NS IVPB,Not Recorded,none,29,,,8.0 mg,mg,8,none,TRUE,FALSE,ondansetron/ns
ocular lubricant,FALSE,Medication,other,other,Ophth. Lubricant (Refresh P.M.) 3.5 gm,Not Recorded,none,2,,,3.5 gm,gm,3.5,none,FALSE,FALSE,ophthalmic lubricant
oxacillin,FALSE,Medication,anti-infective,penicillins,Oxacillin 1000mg inj,Not Recorded,none,323,,,1000.0 mg,mg,1000,none,FALSE,FALSE,oxacillin
oxacillin,FALSE,Medication,anti-infective,penicillins,Oxacillin 40mg/mL/NS neonate syringe,Not Recorded,none,42,,,40.0 mg,mg,40,none,FALSE,FALSE,oxacillin in NS syringe
oxymetazoline nasal,FALSE,Medication,other,other,Oxymetazoline 0.05% nasal spray 15 mL,Not Recorded,15.0 mL,229,mL,15,none,,,none,FALSE,FALSE,oxymetazoline 0.05%
oxytocin,FALSE,Medication,other,other,Oxytocin 10 units/ 1 mL inj,Not Recorded,1.0 mL,2422,mL,1,10.0 unit,unit,10,10.0 unit/1.0 ML,FALSE,FALSE,oxytocin
oxytocin,FALSE,Medication,other,other,Oxytocin 10 units/mL inj 10mL,Not Recorded,10.0 mL,45,mL,10,10.0 unit,unit,10,none,FALSE,FALSE,oxytocin
oxytocin,FALSE,Medication,other,other,Oxytocin 15 unit(s)/NS 250mL (Induction),Not Recorded,250.0 mL,65537,mL,250,15.0 unit,unit,15,none,TRUE,FALSE,oxytocin/ns
oxytocin,FALSE,Medication,other,other,Oxytocin 20 unit(s)/LR 1000mL (Infusion),Not Recorded,1000.0 mL,21097,mL,1000,20.0 unit,unit,20,none,TRUE,FALSE,oxytocin/LR
oxytocin,FALSE,Medication,other,other,Oxytocin 20 units/1000 mL NS for infusion,Not Recorded,1000.0 mL,8722,mL,1000,20.0 unit,unit,20,20.0 unit/1000.0 ML,TRUE,FALSE,oxytocin in NS
oxytocin,FALSE,Medication,other,other,Oxytocin 20 units/500mL (Infusion),Not Recorded,500.0 mL,22608,mL,500,20.0 unit,unit,20,20.0 unit/500.0 ML,TRUE,FALSE,oxytocin/LR
oxytocin,FALSE,Medication,other,other,Oxytocin 20 units/500mL (Infusion),Not Recorded,500.0 mL,22608,mL,500,20.0 unit,unit,20,20.0 unit/500.0 ML,TRUE,FALSE,oxytocin infusion
oxytocin,FALSE,Medication,other,other,Oxytocin 20 units/500mL (Infusion),Not Recorded,500.0 mL,6933,mL,500,20.0 unit,unit,20,20.0 unit/500.0 ML,TRUE,FALSE,oxytocin/LR
oxytocin,FALSE,Medication,other,other,Oxytocin 20 units/500mL (Infusion),Not Recorded,500.0 mL,6933,mL,500,20.0 unit,unit,20,20.0 unit/500.0 ML,TRUE,FALSE,oxytocin infusion
oxytocin,FALSE,Medication,other,other,Oxytocin 30 units/NS 500 mL,Not Recorded,500.0 mL,5110,mL,500,30.0 unit,unit,30,none,TRUE,FALSE,oxytocin/NS
Dianeal PD-2 with 1.5% Dextrose,TRUE,Dialysis Solution,other,other,P.D. 1.5% 1000mL bag,Not Recorded,1000.0 mL,1,mL,1000,none,,,none,TRUE,FALSE,p.d.soln 1.5%
PACLitaxel,FALSE,Medication,other,other,PACLItaxel 30 mg/5 mL inj,Not Recorded,5.0 mL,149,mL,5,30.0 mg,mg,30,30.0 mg/5.0 ML,FALSE,FALSE,PACLItaxel
PACLitaxel,FALSE,Medication,other,other,PACLItaxel 300 mg/50 mL inj,Not Recorded,50.0 mL,384,mL,50,300.0 mg,mg,300,300.0 mg/50.0 ML,FALSE,FALSE,PACLItaxel
,,,,,PACLItaxel 6 mg/mL inj,Not Recorded,none,3,,,6.0 mg,mg,6,none,FALSE,FALSE,
PACLitaxel protein-bound,FALSE,Medication,other,other,PACLItaxel Protein-Bound 100mg inj,Not Recorded,none,36,,,100.0 mg,mg,100,none,FALSE,FALSE,PACLItaxel protein-bound
PCA IV Syringe,TRUE,IV Line Fluid,other,other,PCA IV Syringe,Not Recorded,none,65,,,none,,,none,FALSE,FALSE,PCA IV Syringe
PCA Reservoir & Syringe Volume Confirm,FALSE,Medication,other,other,PCA Reservoir & Syringe Volume Confirm,Not Recorded,none,3,,,none,,,none,FALSE,FALSE,PCA Reservoir & Syringe Volume Confirm
penicillin G benzathine,FALSE,Medication,anti-infective,penicillins,"PCN G Ben 300,000 unit(s)/1 mL inj",Not Recorded,1.0 mL,1,mL,1,300000.0 unit,unit,300000,none,FALSE,FALSE,penicillin g benzathine
,,,,,PCN G Benzathine  1.2 mu/2 mL inj,Not Recorded,2.0 mL,2,mL,2,none,,,none,FALSE,FALSE,
procaine penicillin,FALSE,Medication,anti-infective,penicillins,"PCN-G Procan 600,000 units/1 mL inj",Not Recorded,1.0 mL,1,mL,1,600000.0 unit,unit,600000,0.0 unit/1.0 ML,FALSE,FALSE,penicillin g procaine
Dianeal Low Calcium with 1.5% Dextrose,TRUE,Dialysis Solution,fluid_electrolyte,other,PD Low Cal Ultra 1.5% 2 Liter,Not Recorded,2.0 L,2,L,2,none,,,none,TRUE,FALSE,pd low cal 1.5% 2L
PEMEtrexed,FALSE,Medication,other,other,PEMEtrexED 500 mg inj,Not Recorded,none,8,,,500.0 mg,mg,500,none,FALSE,FALSE,pemetrexed
PEMEtrexed,FALSE,Medication,other,other,PEMEtrexED 500 mg inj,Not Recorded,none,8,,,500.0 mg,mg,500,none,FALSE,FALSE,PEMEtrexED
PEMEtrexed,FALSE,Medication,other,other,PEMEtrexED 500 mg inj,Not Recorded,none,7,,,500.0 mg,mg,500,none,FALSE,FALSE,pemetrexed
PEMEtrexed,FALSE,Medication,other,other,PEMEtrexED 500 mg inj,Not Recorded,none,7,,,500.0 mg,mg,500,none,FALSE,FALSE,PEMEtrexED
phenylephrine nasal,FALSE,Medication,pressor,vasopressor,PHENYLephrine 0.25% 30mL nsl spray,Not Recorded,30.0 mL,1,mL,30,none,,,none,FALSE,FALSE,PHENYLephrine 0.25% nas spray
phenylephrine nasal,FALSE,Medication,pressor,vasopressor,PHENYLephrine 0.25% nsl spray 15 mL,Not Recorded,15.0 mL,1,mL,15,none,,,none,FALSE,FALSE,PHENYLephrine nasal 0.25% spray
phenylephrine nasal,FALSE,Medication,pressor,vasopressor,PHENYLephrine 0.5% nasal spray 15mL,Not Recorded,15.0 mL,108,mL,15,none,,,none,FALSE,FALSE,PHENYLephrine 0.5%
phenylephrine nasal,FALSE,Medication,pressor,vasopressor,PHENYLephrine 1% nasal spray 15 mL,Not Recorded,15.0 mL,1,mL,15,none,,,none,FALSE,FALSE,PHENYLephrine 1%
phenylephrine,FALSE,Medication,pressor,vasopressor,PHENYLephrine 10 mg/ 1 mL inj,Not Recorded,1.0 mL,53849,mL,1,10.0 mg,mg,10,10.0 mg/1.0 ML,FALSE,FALSE,PHENYLephrine
,,,,,PHENYLephrine 1mg/10mL (1000mcg) inj,Not Recorded,10.0 mL,298,mL,10,1.0 mg,mg,1,1.0 mg/10.0 ML,FALSE,FALSE,
phenylephrine,FALSE,Medication,pressor,vasopressor,PHENYLephrine 1mg/10mL (1000mcg) ns syringe OR,Not Recorded,10.0 mL,2182,mL,10,1.0 mg,mg,1,1.0 mg/10.0 ML,FALSE,FALSE,PHENYLephrine
phenylephrine,FALSE,Medication,pressor,vasopressor,PHENYLephrine 50 mg/ 5 mL inj,Not Recorded,5.0 mL,76,mL,5,50.0 mg,mg,50,50.0 mg/5.0 ML,FALSE,FALSE,PHENYLephrine
phenylephrine,FALSE,Medication,pressor,vasopressor,PHENYLephrine 500mcg/mL 20mL syringe (I-cavernous),Not Recorded,20.0 mL,4,mL,20,500.0 mcg,mcg,500,none,FALSE,FALSE,phenylephrine
alteplase,FALSE,Medication,other,other,PRMX Alteplase 25 mg ADD for LVAD,Milligram/Hour,none,1051,,,25.0 mg,mg,25,none,TRUE,FALSE,alteplase
,,,,,PRMX Argatroban 125mg/ 125 mL vial,Not Recorded,125.0 mL,359,mL,125,125.0 mg,mg,125,125.0 mg/125.0 ML,TRUE,FALSE,
bivalirudin,FALSE,Medication,other,other,PRMX Bivalirudin 250 mg inj,Milligram/Kilogram/Hour,none,260,,,250.0 mg,mg,250,none,FALSE,FALSE,PRMX bivalirudin
bivalirudin,FALSE,Medication,other,other,PRMX Bivalirudin 250 mg inj,Milligram/Kilogram/Hour,none,260,,,250.0 mg,mg,250,none,FALSE,FALSE,bivalirudin
bivalirudin,FALSE,Medication,other,other,PRMX Bivalirudin 250 mg inj,Not Recorded,none,469,,,250.0 mg,mg,250,none,FALSE,FALSE,PRMX bivalirudin
bivalirudin,FALSE,Medication,other,other,PRMX Bivalirudin 250 mg inj,Not Recorded,none,469,,,250.0 mg,mg,250,none,FALSE,FALSE,bivalirudin
DOBUTamine,FALSE,Medication,pressor,inotrope,PRMX DOBUTamine 1gm/D5W 250 mL (dbl),Microgram/Kilogram/Minute,250.0 mL,84232,mL,250,1.0 gm,gm,1,none,TRUE,FALSE,DOBUTamine-d5w
,,,,,PRMX DOBUTamine 250mg/D5W 250 mL,Microgram/Kilogram/Minute,250.0 mL,3525,mL,250,250.0 mg,mg,250,none,TRUE,FALSE,
DOBUTamine,FALSE,Medication,pressor,inotrope,PRMX DOBUTamine 500 mg Drip Std*,Microgram/Kilogram/Minute,none,655741,,,500.0 mg,mg,500,none,TRUE,FALSE,DOBUTamine/d5w
DOBUTamine,FALSE,Medication,pressor,inotrope,PRMX DOBUTamine 50mg/NS 50ml,Not Recorded,50.0 mL,98,mL,50,50.0 mg,mg,50,none,TRUE,FALSE,DOBUTamine in ns
DOPamine,FALSE,Medication,pressor,inotrope,PRMX DOPamine 400 mg Drip std*,Not Recorded,none,74693,,,400.0 mg,mg,400,none,TRUE,FALSE,DOPamine/d5w
DOPamine,FALSE,Medication,pressor,inotrope,PRMX DOPamine 800 mg/250 mL Drip DBL,Microgram/Kilogram/Minute,250.0 mL,2410,mL,250,800.0 mg,mg,800,800.0 mg/250.0 ML,TRUE,FALSE,DOPamine - d5w
,,,,,PRMX EPInephrine 2mg/D5W drip std*,Not Recorded,none,4539,,,2.0 mg,mg,2,none,TRUE,FALSE,
epinephrine,FALSE,Medication,pressor,inotrope,PRMX EPInephrine 4mg/D5W drip std*,Microgram/Kilogram/Minute,none,334797,,,4.0 mg,mg,4,none,TRUE,FALSE,EPInephrine in d5w
epinephrine,FALSE,Medication,pressor,inotrope,PRMX EPInephrine 4mg/NS drip,Microgram/Kilogram/Minute,none,1277,,,4.0 mg,mg,4,none,TRUE,FALSE,EPInephrine in ns
,,,,,PRMX Eptifibatide 200 mg/100 mL Drip,Not Recorded,100.0 mL,207,mL,100,200.0 mg,mg,200,200.0 mg/100.0 ML,TRUE,FALSE,
esmolol,FALSE,Medication,bp_lowering,beta_blocker,PRMX Esmolol 2.5gm/250 mL Drip std*,Microgram/Kilogram/Minute,250.0 mL,51749,mL,250,2.5 gm,gm,2.5,none,TRUE,FALSE,esmolol
fentaNYL,FALSE,Medication,analgesic,opioids,"PRMX Fentanyl  2,500 mcg / 50 mL Premix Drip",Not Recorded,50.0 mL,1982583,mL,50,2500.0 mcg,mcg,2500,500.0 mcg/50.0 ML,TRUE,FALSE,fentanyl citrate
fentaNYL,FALSE,Medication,analgesic,opioids,PRMX Fentanyl  5000 mcg / 100 mL Premix Drip Double,Not Recorded,100.0 mL,43392,mL,100,5000.0 mcg,mcg,5000,5000.0 mcg/100.0 ML,TRUE,FALSE,fentaNYL
heparin,FALSE,Medication,anticoagulant,other,"PRMX HePARIN 25,000 units/250 mL Premix std*",Not Recorded,250.0 mL,2733486,mL,250,25000.0 unit,unit,25000,0.0 unit/250.0 ML,TRUE,FALSE,hePARIN premix
HYDROmorphone,FALSE,Medication,analgesic,opioids,PRMX Hydromorphone 20 mg/NS Drip,Not Recorded,none,6939,,,20.0 mg,mg,20,none,TRUE,FALSE,HYDROmorphone PF
HYDROmorphone,FALSE,Medication,analgesic,opioids,PRMX Hydromorphone 20 mg/NS Drip,Not Recorded,none,6939,,,20.0 mg,mg,20,none,TRUE,FALSE,HYDROmorphone in ns
HYDROmorphone,FALSE,Medication,analgesic,opioids,PRMX Hydromorphone 20 mg/NS Drip,Not Recorded,none,43,,,20.0 mg,mg,20,none,TRUE,FALSE,HYDROmorphone PF
HYDROmorphone,FALSE,Medication,analgesic,opioids,PRMX Hydromorphone 20 mg/NS Drip,Not Recorded,none,43,,,20.0 mg,mg,20,none,TRUE,FALSE,HYDROmorphone in ns
insulin regular,FALSE,Medication,insulin,other,PRMX Insulin Reg Hum.,Not Recorded,none,569298,,,none,,,none,TRUE,FALSE,insulin reg human premix
insulin regular,FALSE,Medication,insulin,other,PRMX Insulin Reg Hum. 100 units/100ml,U/Hr,100.0 mL,459732,mL,100,100.0 unit,unit,100,100.0 unit/100.0 ML,TRUE,FALSE,insulin reg human premix
insulin regular,FALSE,Medication,insulin,other,PRMX Insulin Reg Human 250units Drip std* (OR charging),Not Recorded,none,293,,,250.0 unit,unit,250,none,TRUE,FALSE,insulin reg human in ns
lidocaine,FALSE,Medication,antiarrhythmics,other,PRMX Lidocaine 2 gm/250 mL D5W Drip std*,Not Recorded,250.0 mL,44582,mL,250,2.0 gm,gm,2,none,TRUE,FALSE,lidocaine in d5w
midazolam,FALSE,Medication,sedative,benzodiazepine,PRMX Midazolam 100mg Drip Std*,Not Recorded,none,307036,,,100.0 mg,mg,100,none,TRUE,FALSE,midazolam in ns
,,,,,PRMX Milrinone 20mg/100mL D5W drip,Not Recorded,100.0 mL,11252,mL,100,20.0 mg,mg,20,20.0 mg/100.0 ML,TRUE,FALSE,
milrinone,FALSE,Medication,bp_lowering,other,PRMX Milrinone 40 mg Drip std*,Not Recorded,none,1148623,,,40.0 mg,mg,40,none,TRUE,FALSE,milrinone/d5w
norepinephrine,FALSE,Medication,pressor,vasopressor,PRMX NOREPInephrine 4 mg/250 mL NS Drip,Not Recorded,250.0 mL,1328332,mL,250,4.0 mg,mg,4,4.0 mg/250.0 ML,TRUE,FALSE,NOREPInephrine NS premix drip
norepinephrine,FALSE,Medication,pressor,vasopressor,PRMX NOREPInephrine 4mg/250ml D5W Drip,Microgram/Kilogram/Minute,250.0 mL,67520,mL,250,4.0 mg,mg,4,4.0 mg/250.0 ML,TRUE,FALSE,NOREPInephrine in d5w
niCARdipine,FALSE,Medication,bp_lowering,other,PRMX NiCARdipine 40 mg/200mL NS  Drip std*,Milligram/Hour,200.0 mL,358969,mL,200,40.0 mg,mg,40,40.0 mg/200.0 ML,TRUE,FALSE,niCARdipine/NS
nitroglycerin,FALSE,Medication,bp_lowering,other,PRMX Nitroglycerin 50 mg Drip std*,Micrograms/Minute,none,115331,,,50.0 mg,mg,50,none,TRUE,FALSE,nitroglycerin/d5w
phenylephrine,FALSE,Medication,pressor,vasopressor,PRMX PHENYLephrine 25mg/D5W drip,Microgram/Kilogram/Minute,none,155,,,25.0 mg,mg,25,none,TRUE,FALSE,PHENYLephrine in d5w
phenylephrine,FALSE,Medication,pressor,vasopressor,PRMX PHENYLephrine 25mg/NS drip std*,Microgram/Kilogram/Minute,none,139011,,,25.0 mg,mg,25,none,TRUE,FALSE,PHENYLephrine in ns
propofol,FALSE,Medication,sedative,anesthetic,PRMX Propofol 1000 mg/100 mL std*,Microgram/Kilogram/Minute,100.0 mL,885654,mL,100,1000.0 mg,mg,1000,1000.0 mg/100.0 ML,TRUE,FALSE,propofol
propofol,FALSE,Medication,sedative,anesthetic,PRMX Propofol 500 mg/ 50 mL bottle,Not Recorded,50.0 mL,2077,mL,50,500.0 mg,mg,500,500.0 mg/50.0 ML,TRUE,FALSE,propofol
tirofiban,FALSE,Medication,other,other,PRMX Tirofiban 12.5 mg/250 mL Drip,Microgram/Kilogram/Minute,250.0 mL,31634,mL,250,12.5 mg,mg,12.5,12.5 mg/250.0 ML,TRUE,FALSE,tirofiban in ns
tirofiban,FALSE,Medication,other,other,PRMX Tirofiban 5 mg/100 mL Drip,Microgram/Kilogram/Minute,100.0 mL,101,mL,100,5.0 mg,mg,5,5.0 mg/100.0 ML,TRUE,FALSE,tirofiban in ns
vasopressin,FALSE,Medication,pressor,vasopressor,PRMX Vasopressin 40 unit/100mL NS Drip (DBL Volume),Unit/Minute,100.0 mL,5,mL,100,40.0 unit,unit,40,40.0 unit/100.0 ML,TRUE,FALSE,vasopressin double volume drip
clevidipine,FALSE,Medication,bp_lowering,other,PRMX clevidipine 25 mg/50 mL Drip std*,Milligram/Hour,50.0 mL,3829,mL,50,25.0 mg,mg,25,25.0 mg/50.0 ML,TRUE,FALSE,PRMX clevidipine drip
dexmedetomidine,FALSE,Medication,sedative,anesthetic,PRMX dexmedetomidine 400mcg/100ml NS Drip,Microgram/Kilogram/Hour,100.0 mL,1246108,mL,100,400.0 mcg,mcg,400,400.0 mcg/100.0 ML,TRUE,FALSE,dexmedetomidine NS premix drip
diltiazem,FALSE,Medication,bp_lowering,other,PRMX diltiazem 100 mg drip,Microgram/Kilogram/Minute,none,34652,,,100.0 mg,mg,100,none,TRUE,FALSE,diltiazem
diltiazem,FALSE,Medication,bp_lowering,other,PRMX diltiazem 125 mg drip,Milligram/Hour,none,15638,,,125.0 mg,mg,125,none,TRUE,FALSE,diltiazem
fentaNYL,FALSE,Medication,analgesic,opioids,PRMX fentaNYL 2500 mcg/250 mL NS,Microgram/Kilogram/Hour,250.0 mL,25708,mL,250,2500.0 mcg,mcg,2500,2500.0 mcg/250.0 ML,TRUE,FALSE,PRMX fentaNYL
ketamine,FALSE,Medication,analgesic,other,PRMX ketamine 400 mg Drip DBL (FOR ICU),Milligram/Kilogram/Hour,none,76254,,,400.0 mg,mg,400,none,TRUE,FALSE,ketamine drip
morphine,FALSE,Medication,analgesic,opioids,PRMX morphine 100 mg/100 mL NS Drip,Not Recorded,100.0 mL,7281,mL,100,100.0 mg,mg,100,100.0 mg/100.0 ML,TRUE,FALSE,morphine
sodium bicarbonate,TRUE,Electrolyte Solution (Bicarbonate),fluid_electrolyte,other,PRMX sodium bicarbonate 150 mEq D5W 1000 mL,Not Recorded,1000.0 mL,3522,mL,1000,150.0 mEq,mEq,150,none,TRUE,FALSE,sodium bicarbonate/d5w
palifermin,FALSE,Medication,other,other,Palifermin 6.25mg (6250 mcg) inj,Not Recorded,none,734,,,6.25 mg,mg,6.25,none,FALSE,FALSE,palifermin
palonosetron,FALSE,Medication,antiemetic,other,Palonosetron 250mcg/5mL inj,Not Recorded,5.0 mL,224,mL,5,250.0 mcg,mcg,250,250.0 mcg/5.0 ML,FALSE,FALSE,palonosetron
pamidronate,FALSE,Medication,other,other,Pamidronate 30 mg/10ml  injection,Not Recorded,10.0 mL,489,mL,10,30.0 mg,mg,30,30.0 mg/10.0 ML,FALSE,FALSE,pamidronate
pamidronate,FALSE,Medication,other,other,Pamidronate 90 mg/10 mL inj,Not Recorded,10.0 mL,69,mL,10,90.0 mg,mg,90,90.0 mg/10.0 ML,FALSE,FALSE,pamidronate
panitumumab,FALSE,Medication,other,other,Panitumumab100 mg/5mL inj,Not Recorded,5.0 mL,3,mL,5,100.0 mg,mg,100,100.0 mg/5.0 ML,FALSE,FALSE,panitumumab
pantoprazole,FALSE,Medication,proton_pump_inhibitor,other,Pantoprazole 40 mg granules,Not Recorded,none,3,,,40.0 mg,mg,40,none,FALSE,FALSE,pantoprazole
pantoprazole,FALSE,Medication,proton_pump_inhibitor,other,Pantoprazole 40 mg inj,Not Recorded,none,945370,,,40.0 mg,mg,40,none,FALSE,FALSE,pantoprazole
pantoprazole,FALSE,Medication,proton_pump_inhibitor,other,Pantoprazole 40 mg tab,Not Recorded,none,29,,,40.0 mg,mg,40,none,FALSE,FALSE,pantoprazole
pantoprazole,FALSE,Medication,proton_pump_inhibitor,other,Pantoprazole IV for Invest.study,Not Recorded,none,9,,,none,,,none,TRUE,FALSE,pantoprazole P#3001k200042
paricalcitol,FALSE,Medication,other,other,Paricalcitol 2 mcg/mL inj,Not Recorded,none,632,,,2.0 mcg,mcg,2,none,FALSE,FALSE,paricalcitol
paricalcitol,FALSE,Medication,other,other,Paricalcitol 5 mcg/mL inj,Not Recorded,none,19,,,5.0 mcg,mcg,5,none,FALSE,FALSE,paricalcitol
pegaspargase,FALSE,Medication,other,other,Pegaspargase 750 units/1mL inj,Not Recorded,1.0 mL,92,mL,1,750.0 unit,unit,750,750.0 unit/1.0 ML,FALSE,FALSE,pegaspargase
pembrolizumab,FALSE,Medication,other,other,Pembrolizumab 100 mg inj,Not Recorded,none,1,,,100.0 mg,mg,100,none,FALSE,FALSE,pembrolizumab
penicillin G potassium,FALSE,Medication,anti-infective,penicillins,Penicillin G K 20 million units CMPD,Not Recorded,none,24,,,none,,,none,TRUE,FALSE,Penicillin G K
penicillin G potassium,FALSE,Medication,anti-infective,penicillins,Penicillin G K 5 million unit inj,Not Recorded,none,20273,,,none,,,none,FALSE,FALSE,penicillin g k
penicillin G potassium,FALSE,Medication,anti-infective,penicillins,"Penicillin G K 5,000,000 unit(s)/ns IVPB",Not Recorded,none,10705,,,5000000.0 unit,unit,5000000,none,TRUE,FALSE,penicillin g k in ns
penicillin G sodium,FALSE,Medication,anti-infective,penicillins,Penicillin G NA 5Mu inj,Not Recorded,none,192,,,none,,,none,FALSE,FALSE,penicillin g sod.
penicillin G potassium,FALSE,Medication,anti-infective,penicillins,Penicillin G Pot. 0.1units/mL for Desensitization,Not Recorded,none,16,,,0.1 unit,unit,0.1,none,TRUE,FALSE,Penicillin G Pot./ns
penicillin G potassium,FALSE,Medication,anti-infective,penicillins,Penicillin G Pot. 1000 units/mL for Desensitization,Not Recorded,none,15,,,1000.0 unit,unit,1000,none,TRUE,FALSE,Penicillin G Pot./ns
penicillin G potassium,FALSE,Medication,anti-infective,penicillins,Penicillin G Pot. 10units/mL for Desensitization,Not Recorded,none,16,,,10.0 unit,unit,10,none,TRUE,FALSE,Penicillin G Pot./ns
,,,,,"Penicillin G Pot. 3,000,000 units/50 mL D5W IVPB",Not Recorded,50.0 mL,656,mL,50,3000000.0 unit,unit,3000000,0.0 unit/50.0 ML,TRUE,FALSE,
,,,,,"Penicillin G Pot. 3,000,000 units/50 mL D5W IVPB",Not Recorded,50.0 mL,1457,mL,50,3000000.0 unit,unit,3000000,0.0 unit/50.0 ML,TRUE,FALSE,
penicillin G potassium,FALSE,Medication,anti-infective,penicillins,"Penicillin G Pot. 3,000,000 units/50 mL IVPB",Not Recorded,50.0 mL,13824,mL,50,3000000.0 unit,unit,3000000,0.0 unit/50.0 ML,TRUE,FALSE,Penicillin G Pot.
penicillin G potassium,FALSE,Medication,anti-infective,penicillins,"Penicillin G Pot. 50,000 units/mL for Desensitization",Not Recorded,none,26,,,50000.0 unit,unit,50000,none,TRUE,FALSE,Penicillin G Pot./ns
penicillin G sodium,FALSE,Medication,anti-infective,penicillins,Penicillin G Sod. 5 mu/D5W 100mL IVPB,Not Recorded,100.0 mL,71,mL,100,none,,,none,TRUE,FALSE,penicillin g sod. in D5W
pentamidine,FALSE,Medication,anti-infective,antiparasitic,Pentamidine 300 mg inj,Not Recorded,none,234,,,300.0 mg,mg,300,none,FALSE,FALSE,pentamidine
PENTobarbital,FALSE,Medication,other,other,Pentobarbital 50 mg/mL 20 mL inj ADD,Milligram/Kilogram/Hour,20.0 mL,482,mL,20,50.0 mg,mg,50,none,FALSE,FALSE,pentobarbital add
pentostatin,FALSE,Medication,other,other,Pentostatin 10 mg inj,Not Recorded,none,17,,,10.0 mg,mg,10,none,FALSE,FALSE,pentostatin
peramivir,FALSE,Medication,anti-infective,antiviral,Peramivir 200 mg/20mL inj,Not Recorded,20.0 mL,118,mL,20,200.0 mg,mg,200,200.0 mg/20.0 ML,FALSE,FALSE,peramivir
perflutren,FALSE,Medication,other,other,Perflutren,Not Recorded,none,375,,,none,,,none,TRUE,FALSE,perflutren
hyperal peripheral,TRUE,Parenteral Nutrition,other,other,Peripheral Parenteral Nutrition,Not Recorded,none,360683,,,none,,,none,TRUE,FALSE,Peripheral Parenteral Nutrition (hyperal)
hyperal peripheral,TRUE,Parenteral Nutrition,other,other,Peripheral TPN,Not Recorded,none,45390,,,none,,,none,TRUE,FALSE,Peripheral TPN
pertuzumab,FALSE,Medication,other,other,Pertuzumab 420 mg inj,Not Recorded,none,9,,,420.0 mg,mg,420,none,FALSE,FALSE,pertuzumab
PHENobarbital,FALSE,Medication,other,other,Phenobarbital 130 mg/1 mL inj,Not Recorded,1.0 mL,8916,mL,1,130.0 mg,mg,130,130.0 mg/1.0 ML,FALSE,FALSE,phenobarbital
,,,,,Phenobarbital 4 mg/ mL ped. oral syringe,Not Recorded,none,1,,,4.0 mg,mg,4,none,FALSE,FALSE,
PHENobarbital,FALSE,Medication,other,other,Phenobarbital 65 mg/1 mL inj,Not Recorded,1.0 mL,8202,mL,1,65.0 mg,mg,65,65.0 mg/1.0 ML,FALSE,FALSE,PHENobarbital
PHENobarbital,FALSE,Medication,other,other,Phenobarbital 65mg/mL neonate syringe,Not Recorded,none,2,,,65.0 mg,mg,65,none,FALSE,FALSE,PHENobarbital in syringe
,,,,,Phentolamine Mesylate 5 mg inj,Not Recorded,none,4,,,5.0 mg,mg,5,none,FALSE,FALSE,
,,,,,Phenylephrine nasal 0.5% soln 15mL,Not Recorded,15.0 mL,2,mL,15,none,,,none,TRUE,FALSE,
phenytoin,FALSE,Medication,anticonvulsant,other,Phenytoin 100 mg/2 mL inj,Not Recorded,2.0 mL,1344,mL,2,100.0 mg,mg,100,100.0 mg/2.0 ML,FALSE,FALSE,phenytoin
phenytoin,FALSE,Medication,anticonvulsant,other,Phenytoin 100 mg/4 mL oral susp,Not Recorded,4.0 mL,1,mL,4,100.0 mg,mg,100,100.0 mg/4.0 ML,FALSE,FALSE,phenytoin
phenytoin,FALSE,Medication,anticonvulsant,other,Phenytoin 250 mg/5 mL inj,Not Recorded,5.0 mL,171,mL,5,250.0 mg,mg,250,250.0 mg/5.0 ML,FALSE,FALSE,phenytoin
physostigmine,FALSE,Medication,other,other,Physostigmine 2 mg/2 mL inj,Not Recorded,2.0 mL,26,mL,2,2.0 mg,mg,2,2.0 mg/2.0 ML,FALSE,FALSE,physostigmine
phytonadione,FALSE,Medication,vitamin_supplement,other,Phytonadione 10 mg/1 mL inj,Not Recorded,1.0 mL,12482,mL,1,10.0 mg,mg,10,10.0 mg/1.0 ML,FALSE,FALSE,phytonadione
phytonadione,FALSE,Medication,vitamin_supplement,other,Phytonadione 5 mg tab,Not Recorded,none,12,,,5.0 mg,mg,5,none,FALSE,FALSE,phytonadione
phytonadione,FALSE,Medication,vitamin_supplement,other,Phytonadione Ped 1 mg inj,Not Recorded,none,7,,,1.0 mg,mg,1,none,FALSE,FALSE,phytonadione ped
phytonadione,FALSE,Medication,vitamin_supplement,other,Phytonadione Ped. 1 mg/mL (Vit.K) neonate syringe,Not Recorded,none,30,,,1.0 mg,mg,1,none,FALSE,FALSE,phytonadione in ns
piperacillin-tazobactam,FALSE,Medication,anti-infective,penicillins,Piperacil/Tazobactam  2.25gm inj,Not Recorded,none,122,,,2.25 gm,gm,2.25,none,FALSE,FALSE,piperacillin-tazobact
piperacillin-tazobactam,FALSE,Medication,anti-infective,penicillins,Piperacillin-Tazobactam  4.5 gm inj,Not Recorded,none,3277,,,4.5 gm,gm,4.5,none,FALSE,FALSE,piperacillin-tazobactam
piperacillin-tazobactam,FALSE,Medication,anti-infective,penicillins,Piperacillin-Tazobactam 3.375 gm/50 mL iso-dex,Not Recorded,50.0 mL,52283,mL,50,3.375 gm,gm,3.375,none,TRUE,FALSE,piperacillin-tazobac in iso-dex
piperacillin-tazobactam,FALSE,Medication,anti-infective,penicillins,Piperacillin-Tazobactam 3.375gm inj,Not Recorded,none,30784,,,3.375 gm,gm,3.375,none,FALSE,FALSE,piperacillin-tazobact
piperacillin-tazobactam,FALSE,Medication,anti-infective,penicillins,Piperacillin-Tazobactam 3.375gm/100 mL NS,Not Recorded,100.0 mL,149408,mL,100,3.375 gm,gm,3.375,none,TRUE,FALSE,piperacillin-tazobac in ns
piperacillin-tazobactam,FALSE,Medication,anti-infective,penicillins,Piperacillin-Tazobactam 4.5gm IVPB/NS 100mL,Not Recorded,100.0 mL,337561,mL,100,4.5 gm,gm,4.5,none,TRUE,FALSE,piperacillin-tazobactam in ns
piperacillin-tazobactam,FALSE,Medication,anti-infective,penicillins,Piperacillin-tazob 20mg/mL/NS neonate syringe,Not Recorded,none,181,,,20.0 mg,mg,20,none,FALSE,FALSE,piperacillin-tazob in NS syringe
piperacillin-tazobactam,FALSE,Medication,anti-infective,penicillins,Piperacillin-tazobactam 4.5 gm/iso-dex 100 ml ivpb,Not Recorded,100.0 mL,21639,mL,100,4.5 gm,gm,4.5,none,TRUE,FALSE,piperacillin-tazobact/iso-dex
,,,,,Piperacillin/Tazobactam  2.25gm/NS IVPB,Not Recorded,none,648,,,2.25 gm,gm,2.25,none,TRUE,FALSE,
,,,,,Pipracil-Tazobac 3.375gm/50mL NS (for RAD),Not Recorded,50.0 mL,28,mL,50,3.375 gm,gm,3.375,none,TRUE,FALSE,
Electrolyte (Plasma-Lyte) intravenous solution,TRUE,Electrolyte Solution,other,other,Plasma-Lyte A 1000 mL bag,Not Recorded,1000.0 mL,578115,mL,1000,none,,,none,TRUE,FALSE,plasmalyte a
pneumococcal 23-polyvalent vaccine,FALSE,Medication,other,other,Pneumococcal 25 mcg/0.5 mL inj,Not Recorded,0.5 mL,2,mL,0.5,25.0 mcg,mcg,25,25.0 mcg/0.5 ML,FALSE,FALSE,pneumococcal vaccine  poly
,,,,,Polyethylene Glycol pwdr 17gm unit dose,Not Recorded,none,1,,,17.0 gm,gm,17,none,TRUE,FALSE,
polymyxin B sulfate,FALSE,Medication,other,other,"Polymyxin B 500,000 unit inj",Not Recorded,none,121,,,500000.0 unit,unit,500000,none,FALSE,FALSE,polymyxin b sulfate
posaconazole,FALSE,Medication,anti-infective,antifungals,Posaconazole 100mg tab,Not Recorded,none,2,,,100.0 mg,mg,100,none,FALSE,FALSE,posaconazole
posaconazole,FALSE,Medication,anti-infective,antifungals,Posaconazole 300mg inj,Not Recorded,none,4500,,,300.0 mg,mg,300,none,FALSE,FALSE,posaconazole
posaconazole,FALSE,Medication,anti-infective,antifungals,Posaconazole 40mg/mL oral susp.,Not Recorded,none,22,,,40.0 mg,mg,40,none,FALSE,FALSE,posaconazole
potassium acetate,TRUE,Electrolyte Solution (Potassium),other,other,Potasium Aceta 2 mEq/mL 100 mL inj,Not Recorded,100.0 mL,1,mL,100,2.0 mEq,mEq,2,none,FALSE,FALSE,potassium acetate
potassium phosphate,TRUE,Electrolyte Solution (Potassium),other,other,PotassPhosphate 3mmol/mL 15mL inj,Not Recorded,15.0 mL,27479,mL,15,3.0 mmol,mmol,3,none,FALSE,FALSE,potassium phosphate
potassium acetate,TRUE,Electrolyte Solution (Potassium),other,other,Potassium  Acet 100mEq/50mL inj,Not Recorded,50.0 mL,6,mL,50,100.0 mEq,mEq,100,100.0 mEq/50.0 ML,FALSE,FALSE,potassium acetate
potassium acetate,TRUE,Electrolyte Solution (Potassium),other,other,Potassium Aceta 2 mEq/mL 20 mL inj,Not Recorded,20.0 mL,1028,mL,20,2.0 mEq,mEq,2,none,FALSE,FALSE,potassium acetate
potassium chloride,TRUE,Electrolyte Solution (Potassium),fluid_electrolyte,other,Potassium Chlor 0.1 meq/ml/NS neonate syringe,Not Recorded,none,10,,,0.1 mEq,mEq,0.1,none,FALSE,FALSE,potassium chloride in NS syringe
potassium chloride,TRUE,Electrolyte Solution (Potassium),fluid_electrolyte,other,Potassium Chlor 0.2 meq/ml/NS neonate syringe,Not Recorded,none,10,,,0.2 mEq,mEq,0.2,none,FALSE,FALSE,potassium chloride in NS syringe
potassium chloride,TRUE,Electrolyte Solution (Potassium),fluid_electrolyte,other,Potassium Chlor 2 meq/ml 10mL inj,Not Recorded,10.0 mL,56042,mL,10,2.0 mEq,mEq,2,none,FALSE,FALSE,potassium chloride
,,,,,Potassium Chloride 10 mEq cap,Not Recorded,none,23,,,10.0 mEq,mEq,10,none,FALSE,FALSE,
potassium chloride,TRUE,Electrolyte Solution (Potassium),fluid_electrolyte,other,Potassium Chloride 10 mEq tab,Not Recorded,none,15,,,10.0 mEq,mEq,10,none,FALSE,FALSE,potassium chloride
potassium chloride,TRUE,Electrolyte Solution (Potassium),fluid_electrolyte,other,Potassium Chloride 20 mEq/15 mL liq 473mL BULK,Not Recorded,15.0 mL,29,mL,15,20.0 mEq,mEq,20,20.0 mEq/15.0 ML,TRUE,FALSE,potassium chloride
,,,,,"Potassium Chloride 8 mEq cap
",Not Recorded,none,1,,,8.0 mEq,mEq,8,none,FALSE,FALSE,
potassium chloride,TRUE,Electrolyte Solution (Potassium),fluid_electrolyte,other,Potassium Cl 20meq/NS 500mL ivpb,Not Recorded,500.0 mL,46,mL,500,20.0 mEq,mEq,20,none,TRUE,FALSE,potassium chloride in NS
potassium chloride,TRUE,Electrolyte Solution (Potassium),fluid_electrolyte,other,Potassium Cl 30meq/NS 500mL ivpb,Not Recorded,500.0 mL,63,mL,500,30.0 mEq,mEq,30,none,TRUE,FALSE,potassium chloride in ns
potassium chloride,TRUE,Electrolyte Solution (Potassium),fluid_electrolyte,other,Potassium Cl 40meq/D5W 500mL (for HF),Not Recorded,500.0 mL,86,mL,500,40.0 mEq,mEq,40,none,TRUE,FALSE,potassium chloride in d5w
potassium chloride,TRUE,Electrolyte Solution (Potassium),fluid_electrolyte,other,Potassium Cl 40meq/NS 500mL ivpb,Not Recorded,500.0 mL,120920,mL,500,40.0 mEq,mEq,40,none,TRUE,FALSE,potassium chloride in ns
Potassium Level Recheck Reminder,FALSE,Medication,other,other,Potassium Level Recheck Reminder,Not Recorded,none,1,,,none,,,none,TRUE,FALSE,potassium level recheck reminder
potassium phosphate,TRUE,Electrolyte Solution (Potassium),other,other,Potassium Phos 3 mmol/mL 50 mL inj,Not Recorded,50.0 mL,1646,mL,50,3.0 mmol,mmol,3,none,FALSE,FALSE,potassium phosphate
,,,,,Potassium-Phos (K-PhosNeutral) tab,Not Recorded,none,1,,,none,,,none,FALSE,FALSE,
prasugrel,FALSE,Medication,other,other,Prasugrel 10 mg tab,Not Recorded,none,381,,,10.0 mg,mg,10,none,FALSE,FALSE,prasugrel
,,,,,Pravastatin 40 mg tab,Not Recorded,none,1,,,40.0 mg,mg,40,none,FALSE,FALSE,
,,,,,PredniSONE 5 mg/5 mL liq 120mL,Not Recorded,5.0 mL,1,mL,5,5.0 mg,mg,5,5.0 mg/5.0 ML,TRUE,FALSE,
pregabalin,FALSE,Medication,gabapentinoid,other,Pregabalin 150 mg cap,Not Recorded,none,1,,,150.0 mg,mg,150,none,FALSE,FALSE,pregabalin
pregabalin,FALSE,Medication,gabapentinoid,other,Pregabalin 75 mg caps,Not Recorded,none,6,,,75.0 mg,mg,75,none,FALSE,FALSE,pregabalin
Premix Dextrose 5%,TRUE,Premix,other,other,Premix Dextrose 5%,Not Recorded,none,2550365,,,none,,,none,TRUE,FALSE,Premix D5W
Premix Diluent,TRUE,Premix,other,other,Premix Diluent,Not Recorded,none,5691785,,,none,,,none,TRUE,FALSE,Premix Diluent
Premix NS,TRUE,Premix,other,other,Premix NS,Not Recorded,none,4643474,,,none,,,none,TRUE,FALSE,Premix NS
"Premix Water, Sterile",TRUE,Premix,other,other,"Premix Water, Sterile",Not Recorded,none,339,,,none,,,none,TRUE,FALSE,Premix Sterile Water
famotidine,FALSE,Medication,antihistamine,acid_suppressant,Preop famotidine,Not Recorded,none,1,,,none,,,none,TRUE,FALSE,famotidine
PrismaSol B22GK4/0 w/o Calcium,TRUE,Dialysis Solution,fluid_electrolyte,other,PrismaSol B22GK4/0 w/out Calcium soln,Not Recorded,none,6,,,none,,,none,TRUE,FALSE,prismaSol B22GK4/0
Prismasate BK4/0 w/o Calcium,TRUE,Dialysis Solution,fluid_electrolyte,other,Prismasate B22GK4/0 w/o Calcium,Not Recorded,none,1,,,none,,,none,TRUE,FALSE,prismasate b22gk4/0
prismasate dialysate,TRUE,Dialysis Solution,other,other,Prismasate BK 0/3.5 5L bag,Not Recorded,5.0 L,11,L,5,none,,,none,TRUE,FALSE,Prismasate BK 0/3.5
procainamide,FALSE,Medication,antiarrhythmics,other,Procainamid 1gm/10 mL inj ADD,Milligrams/Minute,10.0 mL,264,mL,10,1.0 gm,gm,1,none,FALSE,FALSE,procainamide add
procainamide,FALSE,Medication,antiarrhythmics,other,Procainamide 1gm/10 mL inj,Not Recorded,10.0 mL,45,mL,10,1.0 gm,gm,1,none,FALSE,FALSE,procainamide
procainamide,FALSE,Medication,antiarrhythmics,other,Procainamide 1gm/2mL inj,Not Recorded,2.0 mL,58,mL,2,1.0 gm,gm,1,none,FALSE,FALSE,procainamide
procainamide,FALSE,Medication,antiarrhythmics,other,Procainamide 1gm/2mL inj ADD,Milligrams/Minute,2.0 mL,3630,mL,2,1.0 gm,gm,1,none,FALSE,FALSE,procainamide add..
procainamide,FALSE,Medication,antiarrhythmics,other,Procainamide 1gm/ns 50mL ivpb for ED use only,Not Recorded,50.0 mL,9,mL,50,1.0 gm,gm,1,none,TRUE,FALSE,procainamide/ns
prochlorperazine,FALSE,Medication,antiemetic,other,Prochlorperazine 10 mg tab,Not Recorded,none,6,,,10.0 mg,mg,10,none,FALSE,FALSE,prochlorperazine
prochlorperazine,FALSE,Medication,antiemetic,other,Prochlorperazine 10mg/2mL inj for IV use,Not Recorded,2.0 mL,88093,mL,2,10.0 mg,mg,10,10.0 mg/2.0 ML,FALSE,FALSE,prochlorperazine
prochlorperazine,FALSE,Medication,antiemetic,other,Prochlorperazine 5 mg tab,Not Recorded,none,1,,,5.0 mg,mg,5,none,FALSE,FALSE,prochlorperazine
,,,,,Prolastin 1gm inj,Not Recorded,none,3,,,1.0 gm,gm,1,none,FALSE,FALSE,
promethazine,FALSE,Medication,antiemetic,other,Promethazine 12.5 mg supp,Not Recorded,none,28,,,12.5 mg,mg,12.5,none,FALSE,FALSE,promethazine supp
promethazine,FALSE,Medication,antiemetic,other,Promethazine 12.5 mg tab,Not Recorded,none,1,,,12.5 mg,mg,12.5,none,FALSE,FALSE,promethazine tab
promethazine,FALSE,Medication,antiemetic,other,Promethazine 12.5mg IV,Not Recorded,none,145,,,12.5 mg,mg,12.5,none,TRUE,FALSE,promethazine inj
promethazine,FALSE,Medication,antiemetic,other,Promethazine 25 mg supp,Not Recorded,none,33,,,25.0 mg,mg,25,none,FALSE,FALSE,promethazine supp
promethazine,FALSE,Medication,antiemetic,other,Promethazine 25 mg tab,Not Recorded,none,1,,,25.0 mg,mg,25,none,FALSE,FALSE,promethazine tab
promethazine,FALSE,Medication,antiemetic,other,Promethazine 25 mg/1 mL inj,Not Recorded,1.0 mL,21318,mL,1,25.0 mg,mg,25,25.0 mg/1.0 ML,FALSE,FALSE,promethazine inj
promethazine,FALSE,Medication,antiemetic,other,Promethazine 6.25 mg/5 ml 120 mL liq,Not Recorded,5.0 mL,3,mL,5,6.25 mg,mg,6.25,6.25 mg/5.0 ML,TRUE,FALSE,promethazine
propofol,FALSE,Medication,sedative,anesthetic,Propofol 100 mg/ 10 mL Syringe,Not Recorded,10.0 mL,16,mL,10,100.0 mg,mg,100,100.0 mg/10.0 ML,FALSE,FALSE,propofol
propofol,FALSE,Medication,sedative,anesthetic,Propofol 200 mg/ 20 mL inj,Not Recorded,20.0 mL,2341,mL,20,200.0 mg,mg,200,200.0 mg/20.0 ML,FALSE,FALSE,propofol
propofol,FALSE,Medication,sedative,anesthetic,Propofol 500 mg/50 mL syringe,Not Recorded,50.0 mL,37,mL,50,500.0 mg,mg,500,500.0 mg/50.0 ML,FALSE,FALSE,propofol
propranolol,FALSE,Medication,bp_lowering,other,Propranolol 1 mg/1 mL inj,Not Recorded,1.0 mL,258,mL,1,1.0 mg,mg,1,1.0 mg/1.0 ML,FALSE,FALSE,propranolol
protamine,FALSE,Medication,reversal_agent,anticoagulant,ProtAMINE 10 mg/mL 5 mL inj,Not Recorded,5.0 mL,7201,mL,5,10.0 mg,mg,10,none,FALSE,FALSE,protAMINE
protamine,FALSE,Medication,reversal_agent,anticoagulant,ProtAMINE 100mg/50ml IVPB,Not Recorded,50.0 mL,15,mL,50,100.0 mg,mg,100,100.0 mg/50.0 ML,TRUE,FALSE,protamine ivpb
protamine,FALSE,Medication,reversal_agent,anticoagulant,ProtAMINE 10mg/mL 25mL inj,Not Recorded,25.0 mL,224,mL,25,10.0 mg,mg,10,none,FALSE,FALSE,protAMINE
protein C,FALSE,Medication,other,other,Protein C Concentrate Human 1000 units/10 mL,Not Recorded,10.0 mL,11,mL,10,1000.0 unit,unit,1000,1000.0 unit/10.0 ML,TRUE,FALSE,Protein C Concentrate Human
prothrombin complex concentrate,FALSE,Medication,other,other,Prothrombin Complex concentrate (Bebulin),Not Recorded,none,40,,,none,,,none,TRUE,FALSE,prothrombin complex conc.
prothrombin complex conc human,FALSE,Medication,other,other,Prothrombin complex (Human) (Kcentra),Not Recorded,none,1552,,,none,,,none,TRUE,FALSE,prothrombin complex
pyridostigmine,FALSE,Medication,other,other,Pyridostigmine 10 mg/2 mL inj,Not Recorded,2.0 mL,311,mL,2,10.0 mg,mg,10,10.0 mg/2.0 ML,FALSE,FALSE,pyridostigmine
pyridostigmine,FALSE,Medication,other,other,Pyridostigmine 60 mg/5 mL liq 120mL,Not Recorded,5.0 mL,1,mL,5,60.0 mg,mg,60,60.0 mg/5.0 ML,TRUE,FALSE,pyridostigmine
pyridoxine,FALSE,Medication,vitamin_supplement,other,Pyridoxine 100 mg/1 mL inj,Not Recorded,1.0 mL,24298,mL,1,100.0 mg,mg,100,100.0 mg/1.0 ML,FALSE,FALSE,pyridoxine
pyridoxine,FALSE,Medication,vitamin_supplement,other,Pyridoxine 100 mg/1mL/NS neonate syringe,Not Recorded,1.0 mL,1,mL,1,100.0 mg,mg,100,100.0 mg/1.0 ML,FALSE,FALSE,pyridoxine in NS syringe
pyridoxine,FALSE,Medication,vitamin_supplement,other,Pyridoxine 50 mg tab,Not Recorded,none,1,,,50.0 mg,mg,50,none,FALSE,FALSE,pyridoxine
remifentanil,FALSE,Medication,analgesic,opioids,REMIfentanil 1 mg inj,Not Recorded,none,5088,,,1.0 mg,mg,1,none,FALSE,FALSE,REMIfentanil
,,,,,REMIfentanil 1000 mcg inj,Not Recorded,none,706,,,1000.0 mcg,mcg,1000,none,FALSE,FALSE,
,,,,,REMIfentanil 100mcg/2mL syringe,Not Recorded,2.0 mL,1,mL,2,100.0 mcg,mcg,100,100.0 mcg/2.0 ML,FALSE,FALSE,
remifentanil,FALSE,Medication,analgesic,opioids,REMIfentanil 2 mg inj,Not Recorded,none,10,,,2.0 mg,mg,2,none,FALSE,FALSE,REMIfentanil
RHo (D) immune globulin,FALSE,Medication,other,other,RHo (D) immune globulin 1500 intl units/1.3 mL solu,Not Recorded,1.3 mL,32,mL,1.3,none,,,none,TRUE,FALSE,RHo (D) immune globulin
RHo (D) immune globulin,FALSE,Medication,other,other,RHo (D) immune globulin 300 mcg (Rhogam IM),Not Recorded,none,7,,,300.0 mcg,mcg,300,none,TRUE,FALSE,RHo (D) immune globulin
RHo (D) immune globulin,FALSE,Medication,other,other,RHo (D) immune globulin 300 mcg/1.3 mL inj,Not Recorded,1.3 mL,14,mL,1.3,300.0 mcg,mcg,300,300.0 mcg/1.3 ML,FALSE,FALSE,RHo (D) immune globulin
RHo (D) immune globulin,FALSE,Medication,other,other,RHo (D) immune globulin 300 mcg/2 mL inj,Not Recorded,2.0 mL,26,mL,2,300.0 mcg,mcg,300,300.0 mcg/2.0 ML,FALSE,FALSE,RHo (D) immune globulin
ramucirumab,FALSE,Medication,other,other,Ramucirumab 500 mg/50mL inj,Not Recorded,50.0 mL,2,mL,50,500.0 mg,mg,500,500.0 mg/50.0 ML,FALSE,FALSE,ramucirumab
raNITIdine,FALSE,Medication,antihistamine,acid_suppressant,Ranitidine 50mg/2mL inj,Not Recorded,2.0 mL,226,mL,2,50.0 mg,mg,50,50.0 mg/2.0 ML,FALSE,FALSE,ranitidine
rasburicase,FALSE,Medication,other,other,Rasburicase 7.5 mg inj.,Not Recorded,none,32,,,7.5 mg,mg,7.5,none,FALSE,FALSE,rasburicase
,,,,,Refresh Classic Ophth Soln 0.4 mL,Not Recorded,0.4 mL,3,mL,0.4,none,,,none,TRUE,FALSE,
regadenoson,FALSE,Medication,other,other,Regadenoson 0.4 mg/5 mL inj,Not Recorded,5.0 mL,3200,mL,5,0.4 mg,mg,0.4,0.4 mg/5.0 ML,FALSE,FALSE,regadenoson
rifAMPin,FALSE,Medication,anti-infective,antimycobacterial agents,RifaMPIN 300 mg cap,Not Recorded,none,2,,,300.0 mg,mg,300,none,FALSE,FALSE,rifaMPIN
,,,,,RifaMPIN 3mg/mL/NS neonate syringe,Not Recorded,none,1,,,3.0 mg,mg,3,none,FALSE,FALSE,
rifAMPin,FALSE,Medication,anti-infective,antimycobacterial agents,RifaMPIN 600 mg inj,Not Recorded,none,2587,,,600.0 mg,mg,600,none,FALSE,FALSE,rifaMPIN
rocuronium,FALSE,Medication,neuromuscular_blocker,other,Rocuronium 10 mg/mL 10 mL inj,Not Recorded,10.0 mL,2037,mL,10,10.0 mg,mg,10,none,FALSE,FALSE,rocuronium
rocuronium,FALSE,Medication,neuromuscular_blocker,other,Rocuronium 10 mg/mL 5 mL inj,Not Recorded,5.0 mL,8712,mL,5,10.0 mg,mg,10,none,FALSE,FALSE,rocuronium
rocuronium,FALSE,Medication,neuromuscular_blocker,other,Rocuronium 10 mg/mL 5 mL syringe,Not Recorded,5.0 mL,3,mL,5,10.0 mg,mg,10,none,FALSE,FALSE,rocuronium
rocuronium,FALSE,Medication,neuromuscular_blocker,other,Rocuronium 10 mg/mL per mL,Not Recorded,none,8,,,10.0 mg,mg,10,none,TRUE,FALSE,rocuronium
rocuronium,FALSE,Medication,neuromuscular_blocker,other,Rocuronium 10mg/mL 5mL OR syringe,Not Recorded,5.0 mL,47,mL,5,10.0 mg,mg,10,none,FALSE,FALSE,rocuronium
,,,,,Ropivacaine 0.5% 30 mL syringe (EUOSH),Not Recorded,30.0 mL,2,mL,30,none,,,none,FALSE,FALSE,
ropivacaine,FALSE,Medication,other,other,Ropivacaine 1% 10mg/mL 20mL,Not Recorded,20.0 mL,1,mL,20,10.0 mg,mg,10,none,TRUE,FALSE,ropivacaine 1%
ropivacaine,FALSE,Medication,other,other,Ropivacaine 2 mg/mL 100 mL inj,Not Recorded,100.0 mL,14,mL,100,2.0 mg,mg,2,none,FALSE,FALSE,ropivacaine 0.2%
ropivacaine,FALSE,Medication,other,other,Ropivacaine 5 mg/mL 30 mL inj,Not Recorded,30.0 mL,76,mL,30,5.0 mg,mg,5,none,FALSE,FALSE,ropivacaine 0.5%
ropivacaine,FALSE,Medication,other,other,Ropivacaine 7.5 mg/mL 20 mL inj,Not Recorded,20.0 mL,2,mL,20,7.5 mg,mg,7.5,none,FALSE,FALSE,ropivacaine 0.75%
"hyperalimentation, adult",TRUE,Parenteral Nutrition,other,other,SJH hyperalimentation 1200-2200mL,Not Recorded,2200.0 mL,304628,mL,2200,none,,,none,TRUE,FALSE,hyperalimentation 1200-2200mL
"hyperalimentation, adult",TRUE,Parenteral Nutrition,other,other,SJH hyperalimentation <1200mL,Not Recorded,1200.0 mL,13738,mL,1200,none,,,none,TRUE,FALSE,hyperalimentation <1200mL
"hyperalimentation, adult",TRUE,Parenteral Nutrition,other,other,SJH hyperalimentation >2200mL,Not Recorded,2200.0 mL,8387,mL,2200,none,,,none,TRUE,FALSE,hyperalimentation >2200mL
"fat emulsion, intravenous",TRUE,Parenteral Nutrition,other,other,SMOFlipid 20% 100 mL (Neonate),Not Recorded,100.0 mL,65,mL,100,none,,,none,TRUE,FALSE,fat emulsion 20% (SMOFlipid)
sulfamethoxazole-trimethoprim,FALSE,Medication,anti-infective,sulphonamides,SMX-TMP 800 mg-160 mg/20 mL suspension,Not Recorded,20.0 mL,1,mL,20,800.0 mg,mg,800,160.0 mg/20.0 ML,TRUE,FALSE,sulfamethoxazole-trimethoprim
SUMAtriptan,FALSE,Medication,other,other,SUMAtriptan 6mg/0.5mL inj,Not Recorded,0.5 mL,3,mL,0.5,6.0 mg,mg,6,6.0 mg/0.5 ML,FALSE,FALSE,SUMAtriptan succinate
SUFentanil,FALSE,Medication,analgesic,opioids,SUfentanil 100 mcg/2 mL inj,Not Recorded,2.0 mL,38,mL,2,100.0 mcg,mcg,100,100.0 mcg/2.0 ML,FALSE,FALSE,SUfentanil
SUFentanil,FALSE,Medication,analgesic,opioids,SUfentanil 250 mcg/5 mL inj,Not Recorded,5.0 mL,3,mL,5,250.0 mcg,mcg,250,250.0 mcg/5.0 ML,FALSE,FALSE,SUfentanil
SUFentanil,FALSE,Medication,analgesic,opioids,SUfentanil 50 mcg/1 mL inj,Not Recorded,1.0 mL,8,mL,1,50.0 mcg,mcg,50,50.0 mcg/1.0 ML,FALSE,FALSE,SUFentanil
sargramostim,FALSE,Medication,other,other,Sargramustim 250 mcg inj,Not Recorded,none,5,,,250.0 mcg,mcg,250,none,FALSE,FALSE,sargramostim
scopolamine,FALSE,Medication,other,other,Scopolamine 0.4 mg/ 1 mL inj,Not Recorded,1.0 mL,12,mL,1,0.4 mg,mg,0.4,0.4 mg/1.0 ML,FALSE,FALSE,scopolamine
scopolamine,FALSE,Medication,other,other,Scopolamine patch,Not Recorded,none,1499,,,none,,,none,FALSE,FALSE,scopolamine
secretin,FALSE,Medication,other,other,Secretin 16mcg synthetic human,Not Recorded,none,14,,,16.0 mcg,mcg,16,none,TRUE,FALSE,secretin
selenium,FALSE,Medication,other,other,Selenium 400 mcg/10 mL inj,Not Recorded,10.0 mL,12,mL,10,400.0 mcg,mcg,400,400.0 mcg/10.0 ML,FALSE,FALSE,Selenious acid
selenium,FALSE,Medication,other,other,Selenium 600 mcg/10 mL inj,Not Recorded,10.0 mL,1786,mL,10,600.0 mcg,mcg,600,600.0 mcg/10.0 ML,FALSE,FALSE,Selenious acid
sildenafil,FALSE,Medication,bp_lowering,other,Sildenafil 10 mg/12.5 mL inj.,Not Recorded,12.5 mL,877,mL,12.5,10.0 mg,mg,10,10.0 mg/12.5 ML,FALSE,FALSE,sildenafil
siltuximab,FALSE,Medication,other,other,Siltuximab 400 mg inj,Not Recorded,none,2,,,400.0 mg,mg,400,none,FALSE,FALSE,siltuximab
sincalide,FALSE,Medication,other,other,Sincalide 5 mcg inj,Not Recorded,none,3,,,5.0 mcg,mcg,5,none,FALSE,FALSE,sincalide
sirolimus,FALSE,Medication,other,other,Sirolimus 0.5 mg tab,Not Recorded,none,1,,,0.5 mg,mg,0.5,none,FALSE,FALSE,sirolimus
sodium bicarbonate,TRUE,Electrolyte Solution (Bicarbonate),fluid_electrolyte,other,Sodium  Bicarb. 0.5mEq/1mL neonate syringe,Not Recorded,1.0 mL,2,mL,1,0.5 mEq,mEq,0.5,0.5 mEq/1.0 ML,FALSE,FALSE,sod. bicarbonate in syringe
sodium bicarbonate,TRUE,Electrolyte Solution (Bicarbonate),fluid_electrolyte,other,Sodium  Bicarbonate 0.25mEq/1mL neonate syringe,Not Recorded,1.0 mL,6,mL,1,0.25 mEq,mEq,0.25,0.25 mEq/1.0 ML,FALSE,FALSE,sod bicarbonate in syringe
sodium bicarbonate,TRUE,Electrolyte Solution (Bicarbonate),fluid_electrolyte,other,Sodium  Bicarbonate 0.5meq/mL neonate syringe,Not Recorded,none,11,,,0.5 mEq,mEq,0.5,none,FALSE,FALSE,sod bicarbonate
sodium bicarbonate,TRUE,Electrolyte Solution (Bicarbonate),fluid_electrolyte,other,Sodium  Bicarbonate 2.5 mEq/5mL inj,Not Recorded,5.0 mL,15,mL,5,2.5 mEq,mEq,2.5,2.5 mEq/5.0 ML,FALSE,FALSE,sod bicarbonate inj
sodium bicarbonate,TRUE,Electrolyte Solution (Bicarbonate),fluid_electrolyte,other,Sodium  Bicarbonate 5 mEq/10mL syringe,Not Recorded,10.0 mL,36,mL,10,5.0 mEq,mEq,5,5.0 mEq/10.0 ML,FALSE,FALSE,sod bicarbonate inj
sodium acetate,TRUE,Electrolyte Solution (Other),other,other,Sodium Acetate 2 mEq/mL 20 mL inj,Not Recorded,20.0 mL,608,mL,20,2.0 mEq,mEq,2,none,FALSE,FALSE,sodium acetate
sodium acetate,TRUE,Electrolyte Solution (Other),other,other,Sodium Acetate 2 mEq/mL inj,Not Recorded,none,6119,,,2.0 mEq,mEq,2,none,FALSE,FALSE,sodium acetate
sodium bicarbonate,TRUE,Electrolyte Solution (Bicarbonate),fluid_electrolyte,other,Sodium Bicarb 10 mEq/10 mL  inj,Not Recorded,10.0 mL,188,mL,10,10.0 mEq,mEq,10,10.0 mEq/10.0 ML,FALSE,FALSE,sodium bicarbonate
sodium bicarbonate,TRUE,Electrolyte Solution (Bicarbonate),fluid_electrolyte,other,Sodium Bicarb 50 mEq/50 mL  vial,Not Recorded,50.0 mL,240162,mL,50,50.0 mEq,mEq,50,50.0 mEq/50.0 ML,TRUE,FALSE,sodium bicarbonate
sodium bicarbonate,TRUE,Electrolyte Solution (Bicarbonate),fluid_electrolyte,other,Sodium Bicarb 50 mEq/50 mL ADD,Not Recorded,50.0 mL,28571,mL,50,50.0 mEq,mEq,50,50.0 mEq/50.0 ML,TRUE,FALSE,sodium bicarbonate
sodium bicarbonate,TRUE,Electrolyte Solution (Bicarbonate),fluid_electrolyte,other,Sodium Bicarb 50 mEq/50 mL vial CMPD,Not Recorded,50.0 mL,980,mL,50,50.0 mEq,mEq,50,50.0 mEq/50.0 ML,TRUE,FALSE,sodium bicarbonate
sodium bicarbonate,TRUE,Electrolyte Solution (Bicarbonate),fluid_electrolyte,other,Sodium Bicarb 50 mEq/50mL syringe,Not Recorded,50.0 mL,170249,mL,50,50.0 mEq,mEq,50,50.0 mEq/50.0 ML,FALSE,FALSE,sodium bicarbonate
sodium bicarbonate,TRUE,Electrolyte Solution (Bicarbonate),fluid_electrolyte,other,Sodium Bicarbonate 650 mg tab,Not Recorded,none,1,,,650.0 mg,mg,650,none,FALSE,FALSE,sodium bicarbonate
Sodium Chloride 0.9% intravenous solution,TRUE,Isotonic Crystalloid,fluid_electrolyte,other,Sodium Chloride 0.9% (50mL vial) for Remodulin,Not Recorded,50.0 mL,4,mL,50,none,,,none,TRUE,FALSE,ns 50mL vial
sodium chloride,FALSE,Medication,other,other,Sodium Chloride 0.9% 5mL Flush syr. (neonate),Not Recorded,5.0 mL,43,mL,5,none,,,none,FALSE,FALSE,sodium chloride flush
Sodium Chloride 3%,TRUE,Hypertonic Crystalloid,other,other,Sodium Chloride 3% 4mL inhalation soln.,Not Recorded,4.0 mL,1,mL,4,none,,,none,FALSE,FALSE,sodium chloride 3%
sodium glycerophosphate,TRUE,Electrolyte Solution (Phosphate),other,other,Sodium Glycerophosphate 20mmol/20mL inj,Not Recorded,20.0 mL,9183,mL,20,20.0 mmol,mmol,20,20.0 mmol/20.0 ML,FALSE,FALSE,sodium glycerophosphate
sodium phosphate,TRUE,Electrolyte Solution (Phosphate),other,other,Sodium Phosphat 3 mm/mL 50 mL inj,Not Recorded,50.0 mL,32465,mL,50,none,,,none,FALSE,FALSE,sodium phosphate
sodium phosphate,TRUE,Electrolyte Solution (Phosphate),other,other,Sodium Phosphate 3mmol/ml  15 mL inj,Not Recorded,15.0 mL,7914,mL,15,3.0 mmol,mmol,3,none,FALSE,FALSE,sodium phosphate
,,,,,Sodium Tetradecyl sulfate 1% inj,Not Recorded,none,1,,,none,,,none,FALSE,FALSE,
sodium tetradecyl sulfate,FALSE,Medication,other,other,Sodium Tetradecyl sulfate 3% inj,Not Recorded,none,1,,,none,,,none,FALSE,FALSE,sodium tetradecyl 3%
sodium thiosulfate,FALSE,Medication,other,other,Sodium Thiosulfate 25% 50 mL inj,Not Recorded,50.0 mL,832,mL,50,none,,,none,FALSE,FALSE,sodium thiosulfate 25%
sodium benzoate-sodium phenylacetate,FALSE,Medication,other,other,Sodium benzoate-Sodium phenylacetate 10%,Not Recorded,none,56,,,none,,,none,TRUE,FALSE,sod.benzoate-sod.phenylacetate
Standard PAL Line IV fluid,TRUE,IV Line Fluid,other,other,Standard PAL Line IV fluid,Not Recorded,none,167,,,none,,,none,TRUE,FALSE,Standard PAL Line fluid
Standard UAC Line IV fluid,TRUE,IV Line Fluid,other,other,Standard UAC Line IV fluid,Not Recorded,none,153,,,none,,,none,TRUE,FALSE,Standard UAC Line fluid
Standard UVC Line IV fluid,TRUE,IV Line Fluid,other,other,Standard UVC Line IV fluid,Not Recorded,none,101,,,none,,,none,TRUE,FALSE,Standard UVC Line fluid
,,,,,Sterile/Free Water flush,Not Recorded,none,1,,,none,,,none,FALSE,FALSE,
streptomycin,FALSE,Medication,anti-infective,aminoglycosides,Streptomycin 1 gm inj,Not Recorded,none,16,,,1.0 gm,gm,1,none,FALSE,FALSE,streptomycin
streptozocin,FALSE,Medication,other,other,Streptozocin 1gm inj,Not Recorded,none,4,,,1.0 gm,gm,1,none,FALSE,FALSE,streptozocin
succinylcholine,FALSE,Medication,neuromuscular_blocker,other,Succinylcholine 20 mg/mL OR syringe,Not Recorded,none,1,,,20.0 mg,mg,20,none,FALSE,FALSE,succinylcholine
succinylcholine,FALSE,Medication,neuromuscular_blocker,other,Succinylcholine 200 mg/10 mL inj,Not Recorded,10.0 mL,2193,mL,10,200.0 mg,mg,200,200.0 mg/10.0 ML,FALSE,FALSE,succinylcholine
succinylcholine,FALSE,Medication,neuromuscular_blocker,other,Succinylcholine 200 mg/10 ml syringe (EUOSH),Not Recorded,10.0 mL,1,mL,10,200.0 mg,mg,200,200.0 mg/10.0 ML,FALSE,FALSE,succinylcholine
succinylcholine,FALSE,Medication,neuromuscular_blocker,other,Succinylcholine 200mg syr for pyxis,Not Recorded,none,6,,,200.0 mg,mg,200,none,FALSE,FALSE,succinylchloline
succinylcholine,FALSE,Medication,neuromuscular_blocker,other,Succinylcholine 20mg/mL 10mL syringe,Not Recorded,10.0 mL,20,mL,10,20.0 mg,mg,20,none,FALSE,FALSE,succinylcholine
succinylcholine,FALSE,Medication,neuromuscular_blocker,other,Succinylcholine 20mg/mL 5mL syringe,Not Recorded,5.0 mL,3,mL,5,20.0 mg,mg,20,none,FALSE,FALSE,succinylcholine
succinylcholine,FALSE,Medication,neuromuscular_blocker,other,Succinylcholine 20mg/ml 10ml OR syringe,Not Recorded,10.0 mL,11,mL,10,20.0 mg,mg,20,none,FALSE,FALSE,succinylcholine
succinylcholine,FALSE,Medication,neuromuscular_blocker,other,Succinylcholine 60 mg/3 mL syringe,Not Recorded,3.0 mL,1,mL,3,60.0 mg,mg,60,60.0 mg/3.0 ML,FALSE,FALSE,succinylcholine
sugammadex,FALSE,Medication,reversal_agent,other,Sugammadex 200 mg/2mL inj,Not Recorded,2.0 mL,52,mL,2,200.0 mg,mg,200,200.0 mg/2.0 ML,FALSE,FALSE,sugammadex
sugammadex,FALSE,Medication,reversal_agent,other,Sugammadex 500 mg/5mL inj,Not Recorded,5.0 mL,29,mL,5,500.0 mg,mg,500,500.0 mg/5.0 ML,FALSE,FALSE,sugammadex
sulfamethoxazole-trimethoprim,FALSE,Medication,anti-infective,sulphonamides,Sulfamethoxazole-Trimethoprim 80mg-16  mg/mL 10mL inj,Not Recorded,10.0 mL,4178,mL,10,80.0 mg,mg,80,none,FALSE,FALSE,sulfamethoxazole-trimethoprim
sulfamethoxazole-trimethoprim,FALSE,Medication,anti-infective,sulphonamides,Sulfamethoxazole-Trimethoprim 80mg-16 mg/mL inj,Not Recorded,none,4343,,,80.0 mg,mg,80,none,FALSE,FALSE,sulfamethoxazole-trimethoprim
,,,,,"Syringe, chemo",Not Recorded,none,42,,,none,,,none,FALSE,FALSE,
tacrolimus,FALSE,Medication,other,other,TACRolimus 0.5 mg cap,Not Recorded,none,61,,,0.5 mg,mg,0.5,none,FALSE,FALSE,TACRolimus
tacrolimus,FALSE,Medication,other,other,TACRolimus 1 mg cap,Not Recorded,none,7,,,1.0 mg,mg,1,none,FALSE,FALSE,TACRolimus
tacrolimus,FALSE,Medication,other,other,TACRolimus 5mg inj,Not Recorded,none,21146,,,5.0 mg,mg,5,none,FALSE,FALSE,TACRolimus
tbo-filgrastim,FALSE,Medication,other,other,TBO-filgrastim 300 mcg/0.5 mL inj,Not Recorded,0.5 mL,2,mL,0.5,300.0 mcg,mcg,300,300.0 mcg/0.5 ML,FALSE,FALSE,TBO-filgrastim
tigecycline,FALSE,Medication,anti-infective,tetracyclines,TIGEcycline 50 mg inj,Not Recorded,none,3190,,,50.0 mg,mg,50,none,FALSE,FALSE,TIGEcycline
topotecan,FALSE,Medication,other,other,TOPOtecan 4 mg/ 4 mL inj,Not Recorded,4.0 mL,19,mL,4,4.0 mg,mg,4,4.0 mg/4.0 ML,FALSE,FALSE,TOPOtecan
tamsulosin,FALSE,Medication,other,other,Tamsulosin 0.4  mg cap,Not Recorded,none,1,,,0.4 mg,mg,0.4,none,FALSE,FALSE,tamsulosin
telavancin,FALSE,Medication,anti-infective,glycopeptide,Telavancin 250 mg inj,Not Recorded,none,144,,,250.0 mg,mg,250,none,FALSE,FALSE,telavancin
telavancin,FALSE,Medication,anti-infective,glycopeptide,Telavancin 750 mg inj,Not Recorded,none,33,,,750.0 mg,mg,750,none,FALSE,FALSE,telavancin
,,,,,Temsirolimus 25 mg/mL inj.,Not Recorded,none,1,,,25.0 mg,mg,25,none,FALSE,FALSE,
terbutaline,FALSE,Medication,other,other,Terbutaline 1 mg/1 mL inj,Not Recorded,1.0 mL,16,mL,1,1.0 mg,mg,1,1.0 mg/1.0 ML,FALSE,FALSE,terbutaline
"diphtheria/pertussis, acel/tetanus adult (Tdap)",FALSE,Medication,other,other,"Tetanus/Diphtheria/Pertussis, Acel (Tdap) 0.5 mL",Not Recorded,0.5 mL,1,mL,0.5,none,,,none,TRUE,FALSE,"tetanus/diphtheria/pertussis, acel (Tdap)"
tetanus-diphth toxoids (Td) adult/adol,FALSE,Medication,other,other,Tetanus/Dipth. Tox. Adsb. 0.5 ml inj,Not Recorded,0.5 mL,10,mL,0.5,none,,,none,FALSE,FALSE,Tetanus/Diptheria toxoid
tetracaine,FALSE,Medication,other,other,Tetracaine 1% 2mL inj,Not Recorded,2.0 mL,1,mL,2,none,,,none,FALSE,FALSE,tetracaine 1%
thiamine,FALSE,Medication,vitamin_supplement,other,Thiamine 100 mg/ml 2mL inj,Not Recorded,2.0 mL,174096,mL,2,100.0 mg,mg,100,none,FALSE,FALSE,thiamine
thiamine,FALSE,Medication,vitamin_supplement,other,Thiamine 100 mg/ml 2mL inj FOR COMPOUNDING USE,Not Recorded,2.0 mL,56650,mL,2,100.0 mg,mg,100,none,FALSE,FALSE,thiamine
thiotepa,FALSE,Medication,other,other,Thiotepa 15 mg inj,Not Recorded,none,80,,,15.0 mg,mg,15,none,FALSE,FALSE,thiotepa
thrombin topical,FALSE,Medication,other,other,Thrombin 5000 unit recombinant powder,Not Recorded,none,2,,,5000.0 unit,unit,5000,none,TRUE,FALSE,thrombin
ticagrelor,FALSE,Medication,other,other,Ticagrelor 90 mg tab,Not Recorded,none,316,,,90.0 mg,mg,90,none,FALSE,FALSE,ticagrelor
ticarcillin-clavulanate,FALSE,Medication,anti-infective,penicillins,Ticar/Clav 3.1 IVPB,Not Recorded,none,110,,,none,,,none,TRUE,FALSE,ticarcillin-clavulanate/ns
tirofiban,FALSE,Medication,other,other,Tirofiban 50 mcg/ mL 250 mL Drip*,Not Recorded,250.0 mL,143,mL,250,50.0 mcg,mcg,50,none,TRUE,FALSE,tirofiban/ns
tobramycin,FALSE,Medication,anti-infective,aminoglycosides,Tobramycin 1.2gm/30ml Bulk Vial,Not Recorded,30.0 mL,3272,mL,30,1.2 gm,gm,1.2,none,TRUE,FALSE,tobramycin
tobramycin,FALSE,Medication,anti-infective,aminoglycosides,Tobramycin 80 mg/ 100 mL NS,Not Recorded,100.0 mL,18,mL,100,80.0 mg,mg,80,80.0 mg/100.0 ML,TRUE,FALSE,tobramycin
tobramycin,FALSE,Medication,anti-infective,aminoglycosides,Tobramycin 80 mg/2 mL inj,Not Recorded,2.0 mL,4054,mL,2,80.0 mg,mg,80,80.0 mg/2.0 ML,FALSE,FALSE,tobramycin
,,,,,Tobramycin Intermittent Dosing by Pharmacist,Not Recorded,none,1,,,none,,,none,TRUE,FALSE,
tocilizumab,FALSE,Medication,other,other,Tocilizumab 200 mg/10mL inj,Not Recorded,10.0 mL,124,mL,10,200.0 mg,mg,200,200.0 mg/10.0 ML,FALSE,FALSE,tocilizumab
tocilizumab,FALSE,Medication,other,other,Tocilizumab 400 mg/20mL inj,Not Recorded,20.0 mL,376,mL,20,400.0 mg,mg,400,400.0 mg/20.0 ML,FALSE,FALSE,tocilizumab
,,,,,Tolterodine 2 mg tab,Not Recorded,none,1,,,2.0 mg,mg,2,none,FALSE,FALSE,
,,,,,Tolterodine LA 4 mg cap,Not Recorded,none,1,,,4.0 mg,mg,4,none,FALSE,FALSE,
topiramate,FALSE,Medication,anticonvulsant,other,Topiramate 100 mg tab,Not Recorded,none,1,,,100.0 mg,mg,100,none,FALSE,FALSE,topiramate
traMADol,FALSE,Medication,analgesic,opioids,TraMADOL 50 mg tab,Not Recorded,none,1,,,50.0 mg,mg,50,none,FALSE,FALSE,traMADOL
trabectedin,FALSE,Medication,other,other,Trabectedin 1mg inj.,Not Recorded,none,75,,,1.0 mg,mg,1,none,FALSE,FALSE,trabectedin
trace elements with selenium,FALSE,Medication,other,other,Trace Elements 10 mL inj,Not Recorded,10.0 mL,124,mL,10,none,,,none,FALSE,FALSE,trace elements
tranexamic acid,FALSE,Medication,other,other,Tranexamic acid 100 mg/mL inj,Not Recorded,none,7479,,,100.0 mg,mg,100,none,FALSE,FALSE,tranexamic acid
tranexamic acid,FALSE,Medication,other,other,Tranexamic acid 1000 mg/NS 100mL,Not Recorded,100.0 mL,375,mL,100,1000.0 mg,mg,1000,none,TRUE,FALSE,tranexamic acid
tranexamic acid,FALSE,Medication,other,other,Tranexamic acid 2gm bolus dose,Not Recorded,none,77,,,2.0 gm,gm,2,none,TRUE,FALSE,tranexamic acid
tranexamic acid,FALSE,Medication,other,other,Tranexamic acid 650 mg tab,Not Recorded,none,51,,,650.0 mg,mg,650,none,FALSE,FALSE,tranexamic acid
trastuzumab,FALSE,Medication,other,other,Trastuzumab 150 mg inj,Not Recorded,none,9,,,150.0 mg,mg,150,none,FALSE,FALSE,trastuzumab
trastuzumab,FALSE,Medication,other,other,Trastuzumab 440 mg inj,Not Recorded,none,12,,,440.0 mg,mg,440,none,FALSE,FALSE,trastuzumab
treprostinil,FALSE,Medication,bp_lowering,vasodilator,Trepostinil 5 mg/mL 20mL inj,Not Recorded,20.0 mL,106,mL,20,5.0 mg,mg,5,none,FALSE,FALSE,treprostinil
treprostinil,FALSE,Medication,bp_lowering,vasodilator,Treprostinil 1 mg/mL 20mL inj,ng/kg/min,20.0 mL,28,mL,20,1.0 mg,mg,1,none,FALSE,FALSE,treprostinil
treprostinil,FALSE,Medication,bp_lowering,vasodilator,Treprostinil 10 mg/mL 20mL,Not Recorded,20.0 mL,29,mL,20,10.0 mg,mg,10,none,TRUE,FALSE,treprostinil
treprostinil,FALSE,Medication,bp_lowering,vasodilator,Treprostinil 2.5 mg/mL 20mL,Not Recorded,20.0 mL,103,mL,20,2.5 mg,mg,2.5,none,TRUE,FALSE,treprostinil
treprostinil,FALSE,Medication,bp_lowering,vasodilator,Treprostinil 20mg/20mL inj,Not Recorded,20.0 mL,80,mL,20,20.0 mg,mg,20,20.0 mg/20.0 ML,FALSE,FALSE,trepostinil
treprostinil,FALSE,Medication,bp_lowering,vasodilator,Treprostinil 20mg/20mL inj,Not Recorded,20.0 mL,80,mL,20,20.0 mg,mg,20,20.0 mg/20.0 ML,FALSE,FALSE,treprostinil
treprostinil,FALSE,Medication,bp_lowering,vasodilator,Treprostinil 20mg/20mL inj,Not Recorded,20.0 mL,9,mL,20,20.0 mg,mg,20,20.0 mg/20.0 ML,FALSE,FALSE,trepostinil
treprostinil,FALSE,Medication,bp_lowering,vasodilator,Treprostinil 20mg/20mL inj,Not Recorded,20.0 mL,9,mL,20,20.0 mg,mg,20,20.0 mg/20.0 ML,FALSE,FALSE,treprostinil
citric acid-sodium citrate,TRUE,Electrolyte Solution (Other),other,other,Tri-sodium Citrate,Not Recorded,none,15,,,none,,,none,TRUE,FALSE,sod. citrate-citric acid
triamcinolone,FALSE,Medication,corticosteroids,other,Triamcinolone acet  40 mg/ 1 mL inj,Not Recorded,1.0 mL,1,mL,1,40.0 mg,mg,40,40.0 mg/1.0 ML,FALSE,FALSE,triamcinolone
trimethobenzamide,FALSE,Medication,other,other,Trimethobenzamide 200 mg/2 mL inj,Not Recorded,2.0 mL,1,mL,2,200.0 mg,mg,200,200.0 mg/2.0 ML,FALSE,FALSE,trimethobenzamide
sodium citrate,TRUE,Electrolyte Solution (Other),other,other,Trisodium citrate solution,Not Recorded,none,1,,,none,,,none,TRUE,FALSE,anticoag. sodium citrate
tromethamine,FALSE,Medication,other,other,Tromethamine 500 mL  Btl,Not Recorded,500.0 mL,4418,mL,500,none,,,none,TRUE,FALSE,tromethamine
ustekinumab,FALSE,Medication,other,other,Ustekinumab 130mg/26mL inj,Not Recorded,26.0 mL,14,mL,26,130.0 mg,mg,130,130.0 mg/26.0 ML,FALSE,FALSE,ustekinumab
valproic acid,FALSE,Medication,anticonvulsant,other,Valproate 250mg/5mL Liq,Not Recorded,5.0 mL,3,mL,5,250.0 mg,mg,250,250.0 mg/5.0 ML,TRUE,FALSE,valproate
valproic acid,FALSE,Medication,anticonvulsant,other,Valproate Sodium 500 mg/ 5 mL inj,Not Recorded,5.0 mL,21497,mL,5,500.0 mg,mg,500,500.0 mg/5.0 ML,FALSE,FALSE,valproate
vancomycin,FALSE,Medication,anti-infective,glycopeptide,Vancomycin 125 mg cap,Not Recorded,none,1,,,125.0 mg,mg,125,none,FALSE,FALSE,vancomycin
vancomycin,FALSE,Medication,anti-infective,glycopeptide,Vancomycin 1250mg/ NS 250mL IVPB,Not Recorded,250.0 mL,17506,mL,250,1250.0 mg,mg,1250,none,TRUE,FALSE,vancomycin/ns
vancomycin,FALSE,Medication,anti-infective,glycopeptide,Vancomycin 1250mg/NS 250mL IVPB,Not Recorded,250.0 mL,105411,mL,250,1250.0 mg,mg,1250,none,TRUE,FALSE,vancomycin/ns
vancomycin,FALSE,Medication,anti-infective,glycopeptide,Vancomycin 1500mg/500ml NS ivpb,Not Recorded,500.0 mL,39672,mL,500,1500.0 mg,mg,1500,1500.0 mg/500.0 ML,TRUE,FALSE,vancomycin in ns
vancomycin,FALSE,Medication,anti-infective,glycopeptide,Vancomycin 1500mg/NS ivpb (EUOSH ONLY),Not Recorded,none,68672,,,1500.0 mg,mg,1500,none,TRUE,FALSE,vancomycin in ns
vancomycin,FALSE,Medication,anti-infective,glycopeptide,Vancomycin 1750mg/NS 500ml IVPB,Not Recorded,500.0 mL,8435,mL,500,1750.0 mg,mg,1750,none,TRUE,FALSE,vancomycin in ns
vancomycin,FALSE,Medication,anti-infective,glycopeptide,Vancomycin 1gm inj,Not Recorded,none,58757,,,1.0 gm,gm,1,none,FALSE,FALSE,vancomycin
vancomycin,FALSE,Medication,anti-infective,glycopeptide,Vancomycin 1gm/ 200mL Iso-Dex IVPB,Not Recorded,200.0 mL,65538,mL,200,1.0 gm,gm,1,none,TRUE,FALSE,vancomycin in D5W
vancomycin,FALSE,Medication,anti-infective,glycopeptide,Vancomycin 1gm/NS 250mL IVPB,Not Recorded,250.0 mL,10367,mL,250,1.0 gm,gm,1,none,TRUE,FALSE,vancomycin in NS
vancomycin,FALSE,Medication,anti-infective,glycopeptide,Vancomycin 1gm/NS 250ml  IVPB,Not Recorded,250.0 mL,95228,mL,250,1.0 gm,gm,1,none,TRUE,FALSE,vancomycin in ns
vancomycin,FALSE,Medication,anti-infective,glycopeptide,Vancomycin 250 mg/5 mL oral soln.,Not Recorded,5.0 mL,5,mL,5,250.0 mg,mg,250,250.0 mg/5.0 ML,FALSE,FALSE,vancomycin
vancomycin,FALSE,Medication,anti-infective,glycopeptide,Vancomycin 500 mg inj,Not Recorded,none,5174,,,500.0 mg,mg,500,none,FALSE,FALSE,vancomycin
vancomycin,FALSE,Medication,anti-infective,glycopeptide,Vancomycin 500 mg/100ml - Iso-Dex,Not Recorded,100.0 mL,2872,mL,100,500.0 mg,mg,500,500.0 mg/100.0 ML,TRUE,FALSE,vancomycin in iso-dex
vancomycin,FALSE,Medication,anti-infective,glycopeptide,Vancomycin 500 mg/NS 100ml ivpb,Not Recorded,100.0 mL,9565,mL,100,500.0 mg,mg,500,none,TRUE,FALSE,vancomycin/ns
vancomycin,FALSE,Medication,anti-infective,glycopeptide,Vancomycin 500mg (10gm vial),Not Recorded,none,87110,,,500.0 mg,mg,500,none,TRUE,FALSE,vancomycin
,,,,,Vancomycin 500mg in NS 500mL enema,Not Recorded,500.0 mL,2,mL,500,500.0 mg,mg,500,none,TRUE,FALSE,
vancomycin,FALSE,Medication,anti-infective,glycopeptide,Vancomycin 5mg/mL/NS neonate syringe,Not Recorded,none,579,,,5.0 mg,mg,5,none,FALSE,FALSE,vancomycin in NS syringe
vancomycin,FALSE,Medication,anti-infective,glycopeptide,Vancomycin 750 mg inj.,Not Recorded,none,16727,,,750.0 mg,mg,750,none,FALSE,FALSE,vancomycin
,,,,,Vancomycin 750 mg/150 mL,Not Recorded,150.0 mL,2680,mL,150,750.0 mg,mg,750,750.0 mg/150.0 ML,TRUE,FALSE,
vancomycin,FALSE,Medication,anti-infective,glycopeptide,Vancomycin 750 mg/150 mL Iso-Dex,Not Recorded,150.0 mL,44581,mL,150,750.0 mg,mg,750,750.0 mg/150.0 ML,TRUE,FALSE,vancomycin in iso-dex
Vancomycin Intermittent Dosing by Pharmacist,FALSE,Medication,anti-infective,glycopeptide,Vancomycin Intermittent Dosing by Pharmacist,Not Recorded,none,1,,,none,,,none,TRUE,FALSE,vancomycin pulse dosing
Vancomycin Intermittent Dosing by Pharmacist,FALSE,Medication,anti-infective,glycopeptide,Vancomycin Intermittent Dosing by Pharmacist,Not Recorded,none,2,,,none,,,none,TRUE,FALSE,vancomycin pulse dosing
vasopressin,FALSE,Medication,pressor,vasopressor,Vasopressin 20 unit/ml 10ml inj,Not Recorded,10.0 mL,50924,mL,10,20.0 unit,unit,20,none,FALSE,FALSE,vasopressin
vasopressin,FALSE,Medication,pressor,vasopressor,Vasopressin 20 units/ 1 mL (Vasostrict),Unit/Minute,1.0 mL,893643,mL,1,20.0 unit,unit,20,20.0 unit/1.0 ML,TRUE,FALSE,vasopressin
vasopressin,FALSE,Medication,pressor,vasopressor,Vasopressin 20 units/ 1 mL inj,Unit/Minute,1.0 mL,30960,mL,1,20.0 unit,unit,20,20.0 unit/1.0 ML,FALSE,FALSE,vasopressin
vasopressin,FALSE,Medication,pressor,vasopressor,Vasopressin/Placebo for study,Not Recorded,none,6,,,none,,,none,TRUE,FALSE,vasopressin/placebo (P#IDS22)
vecuronium,FALSE,Medication,neuromuscular_blocker,other,Vecuronium 10 mg inj,Not Recorded,none,18341,,,10.0 mg,mg,10,none,FALSE,FALSE,vecuronium
vecuronium,FALSE,Medication,neuromuscular_blocker,other,Vecuronium 1mg/mL 10mL syringe,Not Recorded,10.0 mL,17,mL,10,1.0 mg,mg,1,none,FALSE,FALSE,vecuronium
vecuronium,FALSE,Medication,neuromuscular_blocker,other,Vecuronium 1mg/mL neonate syringe,Not Recorded,none,21,,,1.0 mg,mg,1,none,FALSE,FALSE,vecuronium in NS syringe
vecuronium,FALSE,Medication,neuromuscular_blocker,other,Vecuronium 20 mg inj,Not Recorded,none,13,,,20.0 mg,mg,20,none,FALSE,FALSE,vecuronium
vedolizumab,FALSE,Medication,other,other,Vedolizumab 300 mg inj.,Not Recorded,none,17,,,300.0 mg,mg,300,none,FALSE,FALSE,vedolizumab
verapamil,FALSE,Medication,bp_lowering,other,Verapamil 300 mcg/3 mL syringe CATH LAB,Not Recorded,3.0 mL,250,mL,3,300.0 mcg,mcg,300,300.0 mcg/3.0 ML,FALSE,FALSE,verapamil 300 mcg/3 mL
verapamil,FALSE,Medication,bp_lowering,other,Verapamil 300 mcg/3 mL syringe CATH LAB,Not Recorded,3.0 mL,34,mL,3,300.0 mcg,mcg,300,300.0 mcg/3.0 ML,FALSE,FALSE,verapamil 300 mcg/3 mL
verapamil,FALSE,Medication,bp_lowering,other,Verapamil 5 mg/2 mL inj,Not Recorded,2.0 mL,2098,mL,2,5.0 mg,mg,5,5.0 mg/2.0 ML,FALSE,FALSE,verapamil
vinBLAStine,FALSE,Medication,other,other,VinBLAStine 10 mg/10 mL inj,Not Recorded,10.0 mL,37,mL,10,10.0 mg,mg,10,10.0 mg/10.0 ML,FALSE,FALSE,vinBLAStine
vinCRIStine,FALSE,Medication,other,other,VinCRIStine 1 mg/mL inj,Not Recorded,none,5953,,,1.0 mg,mg,1,none,FALSE,FALSE,vinCRIStine
vinorelbine,FALSE,Medication,other,other,VinORELBine 10 mg/1 mL inj,Not Recorded,1.0 mL,71,mL,1,10.0 mg,mg,10,10.0 mg/1.0 ML,FALSE,FALSE,vinORELBine
vinCRIStine,FALSE,Medication,other,other,Vincristine 2 mg/ 2mL inj,Not Recorded,2.0 mL,978,mL,2,2.0 mg,mg,2,2.0 mg/2.0 ML,FALSE,FALSE,vincristine
iodixanol,FALSE,Medication,other,other,Visipaque 320 mg 200 mL btl,Not Recorded,200.0 mL,1,mL,200,320.0 mg,mg,320,none,TRUE,FALSE,iodixanol
voriconazole,FALSE,Medication,anti-infective,antifungals,Voriconazole 200 mg inj,Not Recorded,none,4580,,,200.0 mg,mg,200,none,FALSE,FALSE,voriconazole
voriconazole,FALSE,Medication,anti-infective,antifungals,Voriconazole 200 mg tab,Not Recorded,none,1,,,200.0 mg,mg,200,none,FALSE,FALSE,voriconazole
voriconazole,FALSE,Medication,anti-infective,antifungals,Voriconazole 50mg tab,Not Recorded,none,5,,,50.0 mg,mg,50,none,FALSE,FALSE,voriconazole
sterile water,TRUE,Sterile Water,other,other,"Water, Sterile 100  mL bag",Not Recorded,100.0 mL,95,mL,100,none,,,none,TRUE,FALSE,"water, sterile"
sterile water,TRUE,Sterile Water,other,other,"Water, Sterile 1000 mL IV bag",Not Recorded,1000.0 mL,75232,mL,1000,none,,,none,TRUE,FALSE,"water, sterile bag"
sterile water,TRUE,Sterile Water,other,other,"Water, Sterile 2 Liter bag",Not Recorded,2.0 L,51,L,2,none,,,none,TRUE,FALSE,"water, sterile"
sterile water,TRUE,Sterile Water,other,other,"Water, Sterile 20 mL inj",Not Recorded,20.0 mL,60,mL,20,none,,,none,FALSE,FALSE,"water, sterile"
sterile water,TRUE,Sterile Water,other,other,"Water, Sterile 50 mL inj",Not Recorded,50.0 mL,15979,mL,50,none,,,none,FALSE,FALSE,"water, sterile"
sterile water,TRUE,Sterile Water,other,other,"Water, Sterile Irrig 1500 mL",Not Recorded,1500.0 mL,3,mL,1500,none,,,none,TRUE,FALSE,"water, sterile irrig"
sterile water,TRUE,Sterile Water,other,other,"Water,St. 1000 mL  irrigation btl",Not Recorded,1000.0 mL,1,mL,1000,none,,,none,TRUE,FALSE,"water, sterile irr btl"
sterile water,TRUE,Sterile Water,other,other,"Water,Sterile 10 mL inj",Not Recorded,10.0 mL,15,mL,10,none,,,none,FALSE,FALSE,"water, sterile"
zidovudine,FALSE,Medication,anti-infective,antiviral,Zidovudine 200mg inj,Not Recorded,none,813,,,200.0 mg,mg,200,none,FALSE,FALSE,zidovudine
,,,,,Zidovudine 4mg/mL/D5W neonate syringe,Not Recorded,none,14,,,4.0 mg,mg,4,none,FALSE,FALSE,
zinc sulfate,FALSE,Medication,other,other,Zinc Sulfate 5 mg/mL inj,Not Recorded,none,6116,,,5.0 mg,mg,5,none,FALSE,FALSE,zinc sulfate
zinc sulfate,FALSE,Medication,other,other,Zinc Trace Element 10 mg/10 mL inj,Not Recorded,10.0 mL,1592,mL,10,10.0 mg,mg,10,10.0 mg/10.0 ML,FALSE,FALSE,zinc
dexrazoxane,FALSE,Medication,other,other,Zinecard 500 mg inj cardio tox,Not Recorded,none,22,,,500.0 mg,mg,500,none,FALSE,FALSE,dexrazoxane
ziprasidone,FALSE,Medication,other,other,Ziprasidone 20 mg/ 1 mL inj,Not Recorded,1.0 mL,13,mL,1,20.0 mg,mg,20,20.0 mg/1.0 ML,FALSE,FALSE,ziprasidone
zoledronic acid,FALSE,Medication,other,other,Zoledronic 4 mg inj,Not Recorded,none,925,,,4.0 mg,mg,4,none,FALSE,FALSE,zoledronic acid
zoledronic acid,FALSE,Medication,other,other,Zoledronic 4 mg/NS 100mL,Not Recorded,100.0 mL,30,mL,100,4.0 mg,mg,4,none,TRUE,FALSE,zoledronic acid in ns
zoledronic acid,FALSE,Medication,other,other,Zoledronic acid 4 mg/100 mL premix IVPB,Not Recorded,100.0 mL,408,mL,100,4.0 mg,mg,4,4.0 mg/100.0 ML,TRUE,FALSE,zoledronic acid
zoledronic acid,FALSE,Medication,other,other,Zoledronic acid 5 mg/100 mL IVPB,Not Recorded,100.0 mL,8,mL,100,5.0 mg,mg,5,5.0 mg/100.0 ML,TRUE,FALSE,zoledronic acid
acetaminophen,FALSE,Medication,analgesic,non-opioid,acetaminophen 10 mg/mL neonate IVPB syringe,Not Recorded,none,6,,,10.0 mg,mg,10,none,FALSE,FALSE,acetaminophen IVPB syringe
,,,,,acetaminophen-codeine 300 mg-15 mg tab,Not Recorded,none,1,,,300.0 mg,mg,300,none,FALSE,FALSE,
adenosine,FALSE,Medication,antiarrhythmics,other,adenosine 200 mcg/20 mL syringe  CATH LAB ONLY,Not Recorded,20.0 mL,5,mL,20,200.0 mcg,mcg,200,200.0 mcg/20.0 ML,FALSE,FALSE,adenosine syringe CATH LAB ONLY
adenosine,FALSE,Medication,antiarrhythmics,other,adenosine 90 mg/90 mL NS CATH LAB,Not Recorded,90.0 mL,401,mL,90,90.0 mg,mg,90,90.0 mg/90.0 ML,TRUE,FALSE,adenosine
albuterol,FALSE,Medication,other,other,albuterol 2.5 mg/ 0.5 ml neb,Not Recorded,0.5 mL,3,mL,0.5,2.5 mg,mg,2.5,2.5 mg/0.5 ML,TRUE,FALSE,albuterol
albuterol,FALSE,Medication,other,other,albuterol 2.5 mg/0.5mL neb,Not Recorded,0.5 mL,2,mL,0.5,2.5 mg,mg,2.5,2.5 mg/0.5 ML,TRUE,FALSE,albuterol
albuterol,FALSE,Medication,other,other,albuterol 2.5 mg/3 mL neb,Not Recorded,3.0 mL,2,mL,3,2.5 mg,mg,2.5,2.5 mg/3.0 ML,TRUE,FALSE,albuterol 0.083%
alteplase,FALSE,Medication,other,other,alteplase 2 mg inj Syringe,Milligram/Hour,none,1660,,,2.0 mg,mg,2,none,FALSE,FALSE,alteplase
alteplase,FALSE,Medication,other,other,alteplase STEMI bolus inj,Not Recorded,none,3,,,none,,,none,FALSE,FALSE,alteplase
alteplase,FALSE,Medication,other,other,alteplase inj for bolus,Not Recorded,none,325,,,none,,,none,FALSE,FALSE,alteplase
alteplase,FALSE,Medication,other,other,alteplase per 10 mg,Milligram/Hour,none,1817,,,10.0 mg,mg,10,none,TRUE,FALSE,alteplase
alteplase,FALSE,Medication,other,other,alteplase per 12.5mg ADD,Not Recorded,none,13635,,,12.5 mg,mg,12.5,none,TRUE,FALSE,alteplase
amiodarone,FALSE,Medication,antiarrhythmics,other,amiodarone 500 mg/250 mL CATH LAB,Not Recorded,250.0 mL,27,mL,250,500.0 mg,mg,500,500.0 mg/250.0 ML,TRUE,FALSE,amiodarone
amphotericin B,FALSE,Medication,anti-infective,antifungals,amphotericin B lock soln. 2.5mg/ml 2ml syr.,Not Recorded,2.0 mL,4,mL,2,2.5 mg,mg,2.5,none,FALSE,FALSE,amphotericin B lock soln.
anti-inhibitor coagulant complex,FALSE,Medication,other,other,anti-inhibitor coagulant complex 1000 units,Not Recorded,none,114,,,1000.0 unit,unit,1000,none,TRUE,FALSE,anti-inhibitor coagulant complex
anti-inhibitor coagulant complex,FALSE,Medication,other,other,anti-inhibitor coagulant complex 2500 units,Not Recorded,none,570,,,2500.0 unit,unit,2500,none,TRUE,FALSE,anti-inhibitor coagulant complex
anti-inhibitor coagulant complex,FALSE,Medication,other,other,anti-inhibitor coagulant complex 50 units,Not Recorded,none,36,,,50.0 unit,unit,50,none,TRUE,FALSE,anti-inhibitor coagulant complex
anti-inhibitor coagulant complex,FALSE,Medication,other,other,anti-inhibitor coagulant complex 50 units inj,Not Recorded,none,439,,,50.0 unit,unit,50,none,FALSE,FALSE,anti-inhibitor coagulant complex
antihemophilic factor,FALSE,Medication,other,other,antihemophilic factor 8 recombinant 1000 units,Not Recorded,none,194,,,1000.0 unit,unit,1000,none,TRUE,FALSE,factor 8
antihemophilic factor,FALSE,Medication,other,other,antihemophilic factor 8 recombinant 1000 units,Not Recorded,none,194,,,1000.0 unit,unit,1000,none,TRUE,FALSE,factor 8 (Kogenate)
antihemophilic factor,FALSE,Medication,other,other,antihemophilic factor 8 recombinant 1000 units,Not Recorded,none,67,,,1000.0 unit,unit,1000,none,TRUE,FALSE,factor 8
antihemophilic factor,FALSE,Medication,other,other,antihemophilic factor 8 recombinant 1000 units,Not Recorded,none,67,,,1000.0 unit,unit,1000,none,TRUE,FALSE,factor 8 (Kogenate)
antihemophilic factor,FALSE,Medication,other,other,antihemophilic factor 8 recombinant 1000 units inj,Not Recorded,none,101,,,1000.0 unit,unit,1000,none,FALSE,FALSE,antihemophilic factor 8
antihemophilic factor,FALSE,Medication,other,other,antihemophilic factor 8 recombinant 2000 units,Not Recorded,none,388,,,2000.0 unit,unit,2000,none,TRUE,FALSE,factor 8
antihemophilic factor,FALSE,Medication,other,other,antihemophilic factor 8 recombinant 2000 units,Not Recorded,none,388,,,2000.0 unit,unit,2000,none,TRUE,FALSE,factor 8 (Kogenate)
antihemophilic factor,FALSE,Medication,other,other,antihemophilic factor 8 recombinant 2000 units,Not Recorded,none,84,,,2000.0 unit,unit,2000,none,TRUE,FALSE,factor 8
antihemophilic factor,FALSE,Medication,other,other,antihemophilic factor 8 recombinant 2000 units,Not Recorded,none,84,,,2000.0 unit,unit,2000,none,TRUE,FALSE,factor 8 (Kogenate)
antihemophilic factor,FALSE,Medication,other,other,antihemophilic factor 8 recombinant 250 units,Not Recorded,none,5,,,250.0 unit,unit,250,none,TRUE,FALSE,factor 8
antihemophilic factor,FALSE,Medication,other,other,antihemophilic factor 8 recombinant 3000 units,Not Recorded,none,61,,,3000.0 unit,unit,3000,none,TRUE,FALSE,factor 8
antihemophilic factor,FALSE,Medication,other,other,antihemophilic factor 8 recombinant 3000 units,Not Recorded,none,61,,,3000.0 unit,unit,3000,none,TRUE,FALSE,factor 8 (Kogenate)
antihemophilic factor,FALSE,Medication,other,other,antihemophilic factor 8 recombinant 3000 units,Not Recorded,none,86,,,3000.0 unit,unit,3000,none,TRUE,FALSE,factor 8
antihemophilic factor,FALSE,Medication,other,other,antihemophilic factor 8 recombinant 3000 units,Not Recorded,none,86,,,3000.0 unit,unit,3000,none,TRUE,FALSE,factor 8 (Kogenate)
antihemophilic factor,FALSE,Medication,other,other,antihemophilic factor 8 recombinant 500 units,Not Recorded,none,59,,,500.0 unit,unit,500,none,TRUE,FALSE,factor 8
antihemophilic factor,FALSE,Medication,other,other,antihemophilic factor 8 recombinant 500 units,Not Recorded,none,3,,,500.0 unit,unit,500,none,TRUE,FALSE,factor 8
antihemophilic factor-von Willebrand factor inj,FALSE,Medication,other,other,antihemophilic factor-von Willebrand 500 units,Not Recorded,none,10,,,500.0 unit,unit,500,none,TRUE,FALSE,antihemophilic F8-von Willebrand
antihemophilic factor-von Willebrand factor inj,FALSE,Medication,other,other,antihemophilic factor-von Willebrand 500 units (HUMATE P),Not Recorded,none,2,,,500.0 unit,unit,500,none,TRUE,FALSE,antihemophilic F8-von Willebrand
antihemophilic factor-von Willebrand factor inj,FALSE,Medication,other,other,antihemophilic factor-von Willebrand 500 units (HUMATE P),Not Recorded,none,2,,,500.0 unit,unit,500,none,TRUE,FALSE,antihemoph F8-vonWill HUMATE P
antihemophilic factor-von Willebrand factor inj,FALSE,Medication,other,other,antihemophilic factor-von Willebrand 500 units (HUMATE P),Not Recorded,none,1,,,500.0 unit,unit,500,none,TRUE,FALSE,antihemophilic F8-von Willebrand
antihemophilic factor-von Willebrand factor inj,FALSE,Medication,other,other,antihemophilic factor-von Willebrand 500 units (HUMATE P),Not Recorded,none,1,,,500.0 unit,unit,500,none,TRUE,FALSE,antihemoph F8-vonWill HUMATE P
antihemophilic factor-von Willebrand factor inj,FALSE,Medication,other,other,antihemophilic factor-von Willebrand factor (WILATE) 1000U,Not Recorded,none,137,,,1000.0 unit,unit,1000,none,TRUE,FALSE,antihemoph-vonwillebrand (WILATE)
antihemophilic factor-von Willebrand factor inj,FALSE,Medication,other,other,antihemophilic factor-von Willebrand factor (WILATE) 500U,Not Recorded,none,7,,,500.0 unit,unit,500,none,TRUE,FALSE,antihemoph-vonwille WILATE
antihemophilic factor-von Willebrand factor inj,FALSE,Medication,other,other,antihemophilic factor-von Willebrand factor 1000 units,Not Recorded,none,46,,,1000.0 unit,unit,1000,none,TRUE,FALSE,antihemophilic F8-von Willebrand
antihemophilic factor-von Willebrand factor inj,FALSE,Medication,other,other,antihemophilic factor-von Willebrand factor 1000 units (HUMATE P),Not Recorded,none,19,,,1000.0 unit,unit,1000,none,TRUE,FALSE,antihemophilic F8-von Willebrand
antihemophilic factor-von Willebrand factor inj,FALSE,Medication,other,other,antihemophilic factor-von Willebrand factor 1000 units (HUMATE P),Not Recorded,none,19,,,1000.0 unit,unit,1000,none,TRUE,FALSE,antihemoph F8-vonWill HUMATE P
antihemophilic factor-von Willebrand factor inj,FALSE,Medication,other,other,antihemophilic factor-von Willebrand factor 1000 units (HUMATE P),Not Recorded,none,57,,,1000.0 unit,unit,1000,none,TRUE,FALSE,antihemophilic F8-von Willebrand
antihemophilic factor-von Willebrand factor inj,FALSE,Medication,other,other,antihemophilic factor-von Willebrand factor 1000 units (HUMATE P),Not Recorded,none,57,,,1000.0 unit,unit,1000,none,TRUE,FALSE,antihemoph F8-vonWill HUMATE P
antihemophilic factor-von Willebrand factor inj,FALSE,Medication,other,other,antihemophilic factor-von Willebrand factor 1600 units,Not Recorded,none,48,,,1600.0 unit,unit,1600,none,TRUE,FALSE,antihemophilic F8-von Willebrand
antihemophilic factor-von Willebrand factor inj,FALSE,Medication,other,other,antihemophilic factor-von Willebrand factor 1600 units (HUMATE P),Not Recorded,none,2,,,1600.0 unit,unit,1600,none,TRUE,FALSE,antihemoph F8-vonWill HUMATE P
antihemophilic factor-von Willebrand factor inj,FALSE,Medication,other,other,antihemophilic factor-von Willebrand factor 1600 units (HUMATE P),Not Recorded,none,2,,,1600.0 unit,unit,1600,none,TRUE,FALSE,antihemophilic F8-von Willebrand
antihemophilic factor-von Willebrand factor inj,FALSE,Medication,other,other,antihemophilic factor-von Willebrand factor 1600 units (HUMATE P),Not Recorded,none,1,,,1600.0 unit,unit,1600,none,TRUE,FALSE,antihemoph F8-vonWill HUMATE P
antihemophilic factor-von Willebrand factor inj,FALSE,Medication,other,other,antihemophilic factor-von Willebrand factor 1600 units (HUMATE P),Not Recorded,none,1,,,1600.0 unit,unit,1600,none,TRUE,FALSE,antihemophilic F8-von Willebrand
antihemophilic factor-von Willebrand factor inj,FALSE,Medication,other,other,antihemophilic factor-von Willebrand factor 2400 units,Not Recorded,none,8,,,2400.0 unit,unit,2400,none,TRUE,FALSE,antihemophilic factor-von Willebrand factor
aprepitant,FALSE,Medication,other,other,aprepitant 130 mg inj,Not Recorded,none,2260,,,130.0 mg,mg,130,none,FALSE,FALSE,aprepitant
arsenic trioxide,FALSE,Medication,other,other,arsenic trioxide 1 mg/mL 10 mL inj,Not Recorded,10.0 mL,941,mL,10,1.0 mg,mg,1,none,FALSE,FALSE,arsenic trioxide
arsenic trioxide,FALSE,Medication,other,other,arsenic trioxide 2 mg/mL injection,Not Recorded,none,230,,,2.0 mg,mg,2,none,FALSE,FALSE,arsenic trioxide
,,,,,artesunate 110 mg IV inj,Not Recorded,none,7,,,110.0 mg,mg,110,none,FALSE,FALSE,
atropine-diphenoxylate,FALSE,Medication,anticholinergic,other,atropine-diphenoxylate 5 mg/10 mL UD liq,Not Recorded,10.0 mL,1,mL,10,5.0 mg,mg,5,5.0 mg/10.0 ML,TRUE,FALSE,atropine-diphenoxylate
aztreonam,FALSE,Medication,anti-infective,monobactams,aztreonam 1 gm inj,Not Recorded,none,2902,,,1.0 gm,gm,1,none,FALSE,FALSE,aztreonam
aztreonam,FALSE,Medication,anti-infective,monobactams,aztreonam 2 gm inj,Not Recorded,none,4321,,,2.0 gm,gm,2,none,FALSE,FALSE,aztreonam
bendamustine,FALSE,Medication,other,other,bendamustine 45 mg/0.5mL inj,Not Recorded,0.5 mL,5,mL,0.5,45.0 mg,mg,45,45.0 mg/0.5 ML,FALSE,FALSE,bendamustine
bevacizumab,FALSE,Medication,other,other,bevacizumab-awwb 100mg/4mL inj,Not Recorded,4.0 mL,1,mL,4,100.0 mg,mg,100,100.0 mg/4.0 ML,FALSE,FALSE,bevacizumab-awwb(MVASI)
bevacizumab,FALSE,Medication,other,other,bevacizumab-awwb 400mg/16mL inj,Not Recorded,16.0 mL,1,mL,16,400.0 mg,mg,400,400.0 mg/16.0 ML,FALSE,FALSE,bevacizumab-awwb(MVASI)
"bottle, sterile",FALSE,Medication,other,other,"bottle, sterile",Not Recorded,none,56,,,none,,,none,FALSE,FALSE,"bottle, sterile"
,,,,,cabazitaxel 60 mg/6 mL inj,Not Recorded,6.0 mL,1,mL,6,60.0 mg,mg,60,60.0 mg/6.0 ML,FALSE,FALSE,
calcium carbonate,FALSE,Medication,fluid_electrolyte,other,calcium carbonate 1250 mg (500 mg elemental) tab,Not Recorded,none,2,,,1250.0 mg,mg,1250,none,FALSE,FALSE,calcium carbonate
calcium gluconate,TRUE,Electrolyte Solution (Calcium),fluid_electrolyte,other,calcium gluconate 1 gm/100 mL NS IVPB,Not Recorded,100.0 mL,1138,mL,100,1.0 gm,gm,1,none,TRUE,FALSE,calcium gluconate/NS
,,,,,calcium gluconate 1 gm/50 mL IVPB,Not Recorded,50.0 mL,735,mL,50,1.0 gm,gm,1,none,TRUE,FALSE,
calcium gluconate,TRUE,Electrolyte Solution (Calcium),fluid_electrolyte,other,calcium gluconate 1 gm/50 mL NS IVPB,Not Recorded,50.0 mL,5,mL,50,1.0 gm,gm,1,none,TRUE,FALSE,calcium gluconate NS
calcium gluconate,TRUE,Electrolyte Solution (Calcium),fluid_electrolyte,other,calcium gluconate 10gm/100ml inj,Not Recorded,100.0 mL,71,mL,100,10.0 gm,gm,10,none,FALSE,FALSE,calcium gluconate
calcium gluconate,TRUE,Electrolyte Solution (Calcium),fluid_electrolyte,other,calcium gluconate 2 gm/100 mL NS IVPB,Not Recorded,100.0 mL,254,mL,100,2.0 gm,gm,2,none,TRUE,FALSE,calcium gluconate/NS
calcium gluconate,TRUE,Electrolyte Solution (Calcium),fluid_electrolyte,other,calcium gluconate 3 gm/100 mL NS IVPB,Not Recorded,100.0 mL,5,mL,100,3.0 gm,gm,3,none,TRUE,FALSE,calcium gluconate/NS
calcium gluconate,TRUE,Electrolyte Solution (Calcium),fluid_electrolyte,other,calcium gluconate 5 gm/50 mL inj,Grams/Hour,50.0 mL,116539,mL,50,5.0 gm,gm,5,none,FALSE,FALSE,calcium gluconate
cangrelor,FALSE,Medication,other,other,cangrelor 50 mg inj,Microgram/Kilogram/Minute,none,8489,,,50.0 mg,mg,50,none,FALSE,FALSE,cangrelor
,,,,,caplacizumab-yhdp 11 mg kit,Not Recorded,none,2,,,11.0 mg,mg,11,none,FALSE,FALSE,
,,,,,carfilzomib 10 mg inj,Not Recorded,none,2,,,10.0 mg,mg,10,none,FALSE,FALSE,
casirivimab,FALSE,Medication,other,other,casirivimab 1332mg inj,Not Recorded,none,1,,,1332.0 mg,mg,1332,none,FALSE,FALSE,casirivimab
casirivimab,FALSE,Medication,other,other,casirivimab 1332mg inj,Not Recorded,none,1,,,1332.0 mg,mg,1332,none,FALSE,FALSE,casirivimab REGN 10933
casirivimab,FALSE,Medication,other,other,casirivimab 1332mg inj,Not Recorded,none,15,,,1332.0 mg,mg,1332,none,FALSE,FALSE,casirivimab
casirivimab,FALSE,Medication,other,other,casirivimab 1332mg inj,Not Recorded,none,15,,,1332.0 mg,mg,1332,none,FALSE,FALSE,casirivimab REGN 10933
casirivimab,FALSE,Medication,other,other,casirivimab 300mg inj,Not Recorded,none,147,,,300.0 mg,mg,300,none,FALSE,FALSE,casirivimab REGN10933
casirivimab-imdevimab,FALSE,Medication,other,other,casirivimab-imdevimab 600 mg-600 mg/10 mL inj,Not Recorded,10.0 mL,36,mL,10,600.0 mg,mg,600,600.0 mg/10.0 ML,FALSE,FALSE,casirivimab-imdevimab 600-600mg
casirivimab-imdevimab,FALSE,Medication,other,other,casirivimab-imdevimab 600 mg-600 mg/10 mL inj,Not Recorded,10.0 mL,36,mL,10,600.0 mg,mg,600,600.0 mg/10.0 ML,FALSE,FALSE,casirivimab-imdevimab
casirivimab-imdevimab,FALSE,Medication,other,other,casirivimab-imdevimab 600 mg-600 mg/10 mL inj,Not Recorded,10.0 mL,243,mL,10,600.0 mg,mg,600,600.0 mg/10.0 ML,FALSE,FALSE,casirivimab-imdevimab 600-600mg
casirivimab-imdevimab,FALSE,Medication,other,other,casirivimab-imdevimab 600 mg-600 mg/10 mL inj,Not Recorded,10.0 mL,243,mL,10,600.0 mg,mg,600,600.0 mg/10.0 ML,FALSE,FALSE,casirivimab-imdevimab
ceFAZolin,FALSE,Medication,anti-infective,cephalosporins,ceFAZolin 1 gm in NS 50mL ivpb,Not Recorded,50.0 mL,11625,mL,50,1.0 gm,gm,1,none,TRUE,FALSE,ceFAZolin in NS
ceFAZolin,FALSE,Medication,anti-infective,cephalosporins,ceFAZolin 2 gm/50 mL IVPB,Not Recorded,50.0 mL,1068,mL,50,2.0 gm,gm,2,none,TRUE,FALSE,ceFAZolin
,,,,,ceFAZolin 2 gm/60 mL D5W IVPB,Not Recorded,60.0 mL,1491,mL,60,2.0 gm,gm,2,none,TRUE,FALSE,
cefepime,FALSE,Medication,anti-infective,cephalosporins,cefEPIME 1gm inj,Not Recorded,none,20943,,,1.0 gm,gm,1,none,FALSE,FALSE,cefEPIME
cefepime,FALSE,Medication,anti-infective,cephalosporins,cefEPIME 2gm inj,Not Recorded,none,162213,,,2.0 gm,gm,2,none,FALSE,FALSE,cefEPIME
cefOXitin,FALSE,Medication,anti-infective,cephalosporins,cefOXiitin 1 gm inj,Not Recorded,none,1255,,,1.0 gm,gm,1,none,FALSE,FALSE,cefoxitin
cefOXitin,FALSE,Medication,anti-infective,cephalosporins,cefOXiitin 1 gm inj,Not Recorded,none,1255,,,1.0 gm,gm,1,none,FALSE,FALSE,cefOXitin
cefOXitin,FALSE,Medication,anti-infective,cephalosporins,cefOXiitin 1 gm inj,Not Recorded,none,2105,,,1.0 gm,gm,1,none,FALSE,FALSE,cefoxitin
cefOXitin,FALSE,Medication,anti-infective,cephalosporins,cefOXiitin 1 gm inj,Not Recorded,none,2105,,,1.0 gm,gm,1,none,FALSE,FALSE,cefOXitin
cefOXitin,FALSE,Medication,anti-infective,cephalosporins,cefOXiitin 2 gm inj,Not Recorded,none,4325,,,2.0 gm,gm,2,none,FALSE,FALSE,cefoxitin
cefOXitin,FALSE,Medication,anti-infective,cephalosporins,cefOXiitin 2 gm inj,Not Recorded,none,4325,,,2.0 gm,gm,2,none,FALSE,FALSE,cefOXitin
cefOXitin,FALSE,Medication,anti-infective,cephalosporins,cefOXiitin 2 gm inj,Not Recorded,none,3556,,,2.0 gm,gm,2,none,FALSE,FALSE,cefoxitin
cefOXitin,FALSE,Medication,anti-infective,cephalosporins,cefOXiitin 2 gm inj,Not Recorded,none,3556,,,2.0 gm,gm,2,none,FALSE,FALSE,cefOXitin
cefTAZidime,FALSE,Medication,anti-infective,cephalosporins,cefTAZIDime 1gm inj,Not Recorded,none,25474,,,1.0 gm,gm,1,none,FALSE,FALSE,cefTAZIDime
cefTAZidime,FALSE,Medication,anti-infective,cephalosporins,cefTAZIDime 2gm inj,Not Recorded,none,91054,,,2.0 gm,gm,2,none,FALSE,FALSE,cefTAZIDime
cefTRIAXone,FALSE,Medication,anti-infective,cephalosporins,cefTRIAXone 1 gm IV inj,Not Recorded,none,75020,,,1.0 gm,gm,1,none,FALSE,FALSE,cefTRIAXone
cefTRIAXone,FALSE,Medication,anti-infective,cephalosporins,cefTRIAXone 1gm IM inj,Not Recorded,none,350,,,1.0 gm,gm,1,none,FALSE,FALSE,ceftriaxone
cefTRIAXone,FALSE,Medication,anti-infective,cephalosporins,cefTRIAXone 1gm IM inj,Not Recorded,none,350,,,1.0 gm,gm,1,none,FALSE,FALSE,cefTRIAXone
cefTRIAXone,FALSE,Medication,anti-infective,cephalosporins,cefTRIAXone 1gm IM inj,Not Recorded,none,8779,,,1.0 gm,gm,1,none,FALSE,FALSE,ceftriaxone
cefTRIAXone,FALSE,Medication,anti-infective,cephalosporins,cefTRIAXone 1gm IM inj,Not Recorded,none,8779,,,1.0 gm,gm,1,none,FALSE,FALSE,cefTRIAXone
cefTRIAXone,FALSE,Medication,anti-infective,cephalosporins,cefTRIAXone 2 gm IM inj,Not Recorded,none,67,,,2.0 gm,gm,2,none,FALSE,FALSE,cefTRIAXone
cefTRIAXone,FALSE,Medication,anti-infective,cephalosporins,cefTRIAXone 2 gm inj,Not Recorded,none,137856,,,2.0 gm,gm,2,none,FALSE,FALSE,ceftriaxone
cefTRIAXone,FALSE,Medication,anti-infective,cephalosporins,cefTRIAXone 2 gm inj,Not Recorded,none,137856,,,2.0 gm,gm,2,none,FALSE,FALSE,cefTRIAXone
cefTRIAXone,FALSE,Medication,anti-infective,cephalosporins,cefTRIAXone 2 gm inj,Not Recorded,none,3877,,,2.0 gm,gm,2,none,FALSE,FALSE,ceftriaxone
cefTRIAXone,FALSE,Medication,anti-infective,cephalosporins,cefTRIAXone 2 gm inj,Not Recorded,none,3877,,,2.0 gm,gm,2,none,FALSE,FALSE,cefTRIAXone
cefTRIAXone,FALSE,Medication,anti-infective,cephalosporins,cefTRIAXone 500mg IM inj,Not Recorded,none,40,,,500.0 mg,mg,500,none,FALSE,FALSE,cefTRIAXone
ceFAZolin,FALSE,Medication,anti-infective,cephalosporins,cefaZOLIN 1 gm OR syringe,Not Recorded,none,107336,,,1.0 gm,gm,1,none,FALSE,FALSE,cefaZOLIN
ceFAZolin,FALSE,Medication,anti-infective,cephalosporins,cefaZOLIN 1 gm inj,Not Recorded,none,174682,,,1.0 gm,gm,1,none,FALSE,FALSE,cefaZOLIN
ceFAZolin,FALSE,Medication,anti-infective,cephalosporins,cefaZOLIN 1 gm/50 mL Iso-Dex,Not Recorded,50.0 mL,2168,mL,50,1.0 gm,gm,1,none,TRUE,FALSE,cefaZOLIN in Iso-Dex
ceFAZolin,FALSE,Medication,anti-infective,cephalosporins,cefaZOLIN 2 g/20 mL OR syringe,Not Recorded,20.0 mL,4,mL,20,2.0 g,g,2,2.0 g/20.0 ML,FALSE,FALSE,ceFAZolin
ceFAZolin,FALSE,Medication,anti-infective,cephalosporins,cefaZOLIN 2 g/20 mL OR syringe,Not Recorded,20.0 mL,4,mL,20,2.0 g,g,2,2.0 g/20.0 ML,FALSE,FALSE,cefaZOLIN
ceFAZolin,FALSE,Medication,anti-infective,cephalosporins,cefaZOLIN 2 g/20 mL OR syringe,Not Recorded,20.0 mL,2,mL,20,2.0 g,g,2,2.0 g/20.0 ML,FALSE,FALSE,ceFAZolin
ceFAZolin,FALSE,Medication,anti-infective,cephalosporins,cefaZOLIN 2 g/20 mL OR syringe,Not Recorded,20.0 mL,2,mL,20,2.0 g,g,2,2.0 g/20.0 ML,FALSE,FALSE,cefaZOLIN
ceFAZolin,FALSE,Medication,anti-infective,cephalosporins,cefaZOLIN 2 gm OR syringe,Not Recorded,none,32,,,2.0 gm,gm,2,none,FALSE,FALSE,cefaZOLIN
ceFAZolin,FALSE,Medication,anti-infective,cephalosporins,cefaZOLIN 500 mg inj,Not Recorded,none,1081,,,500.0 mg,mg,500,none,FALSE,FALSE,cefaZOLIN
cefepime,FALSE,Medication,anti-infective,cephalosporins,cefepime 2 gm/NS 50 mL IVPB,Not Recorded,50.0 mL,842,mL,50,2.0 gm,gm,2,none,TRUE,FALSE,cefepime
cefiderocol,FALSE,Medication,anti-infective,cephalosporins,cefiderocol 1 gm inj,Not Recorded,none,1019,,,1.0 gm,gm,1,none,FALSE,FALSE,cefiderocol
chlorproMAZINE,FALSE,Medication,other,other,chlorproMAZINE 50 mg/2mL inj,Not Recorded,2.0 mL,306,mL,2,50.0 mg,mg,50,50.0 mg/2.0 ML,FALSE,FALSE,chlorproMAZINE
clindamycin,FALSE,Medication,anti-infective,lincosamides,clindamycin 6mg/1mL/NS neonate syringe,Not Recorded,1.0 mL,16,mL,1,6.0 mg,mg,6,6.0 mg/1.0 ML,FALSE,FALSE,clindamycin in NS syringe
clofarabine,FALSE,Medication,other,other,clofarabine 20 mg/20mL inj,Not Recorded,20.0 mL,19,mL,20,20.0 mg,mg,20,20.0 mg/20.0 ML,FALSE,FALSE,clofarabine
coagulation factor IX,FALSE,Medication,other,other,coagulation factor IX recombinant 1000 units,Not Recorded,none,10,,,1000.0 unit,unit,1000,none,TRUE,FALSE,factor 9
coagulation factor IX,FALSE,Medication,other,other,coagulation factor IX recombinant 2000 units,Not Recorded,none,2,,,2000.0 unit,unit,2000,none,TRUE,FALSE,factor 9
coagulation factor IX,FALSE,Medication,other,other,coagulation factor IX recombinant 3000 units,Not Recorded,none,89,,,3000.0 unit,unit,3000,none,TRUE,FALSE,factor 9
coagulation factor IX,FALSE,Medication,other,other,coagulation factor IX recombinant inj,Not Recorded,none,7,,,none,,,none,FALSE,FALSE,coagulation factor IX
coagulation factor Xa,FALSE,Medication,other,other,"coagulation factor Xa (recombinant), inactivated-zhzo (ANDEXXA)",Milligram/Hour,none,53,,,none,,,none,TRUE,FALSE,coagulation factor Xa
cytarabine liposomal-daunorubicin liposomal,FALSE,Medication,other,other,cytarabine lipo-daunorub lipo 100mg-44mg,Not Recorded,none,3,,,100.0 mg,mg,100,none,TRUE,FALSE,cytarabine liposomal-daunorubicin liposomal
cytarabine liposomal-daunorubicin liposomal,FALSE,Medication,other,other,cytarabine lipo-daunorub lipo 100mg-44mg,Not Recorded,none,3,,,100.0 mg,mg,100,none,TRUE,FALSE,cytarabine-daunorubicin lipo
cytarabine liposomal-daunorubicin liposomal,FALSE,Medication,other,other,cytarabine lipo-daunorub lipo 100mg-44mg,Not Recorded,none,151,,,100.0 mg,mg,100,none,TRUE,FALSE,cytarabine liposomal-daunorubicin liposomal
cytarabine liposomal-daunorubicin liposomal,FALSE,Medication,other,other,cytarabine lipo-daunorub lipo 100mg-44mg,Not Recorded,none,151,,,100.0 mg,mg,100,none,TRUE,FALSE,cytarabine-daunorubicin lipo
deferoxamine,FALSE,Medication,other,other,deferoxamine 2 gm inj,Not Recorded,none,5,,,2.0 gm,gm,2,none,FALSE,FALSE,deferoxamine
defibrotide,FALSE,Medication,other,other,defibrotide 80 mg/mL 2.5ml inj,Not Recorded,2.5 mL,91,mL,2.5,80.0 mg,mg,80,none,FALSE,FALSE,defibrotide
dexamethasone,FALSE,Medication,corticosteroids,other,dexamethasone 10 mg/mL 1 mL PF injection,Not Recorded,1.0 mL,7428,mL,1,10.0 mg,mg,10,none,FALSE,FALSE,dexamethasone
dexamethasone,FALSE,Medication,corticosteroids,other,dexamethasone 10 mg/mL 1 mL PF injection,Not Recorded,1.0 mL,7428,mL,1,10.0 mg,mg,10,none,FALSE,FALSE,dexamethasone.
dexamethasone,FALSE,Medication,corticosteroids,other,dexamethasone 10 mg/mL 1 mL PF injection,Not Recorded,1.0 mL,4235,mL,1,10.0 mg,mg,10,none,FALSE,FALSE,dexamethasone
dexamethasone,FALSE,Medication,corticosteroids,other,dexamethasone 10 mg/mL 1 mL PF injection,Not Recorded,1.0 mL,4235,mL,1,10.0 mg,mg,10,none,FALSE,FALSE,dexamethasone.
dexamethasone,FALSE,Medication,corticosteroids,other,dexamethasone 10 mg/mL 1 mL inj,Not Recorded,1.0 mL,1718,mL,1,10.0 mg,mg,10,none,FALSE,FALSE,dexamethasone
diltiazem,FALSE,Medication,bp_lowering,other,dilTIAZem 5 mg/mL ADD,Milligram/Hour,none,87,,,5.0 mg,mg,5,none,TRUE,FALSE,dilTIAZem
droperidol,FALSE,Medication,antiemetic,other,droperidol 0.625 mg/mL/NS syr,Not Recorded,none,361,,,0.625 mg,mg,0.625,none,FALSE,FALSE,droperidol
epoprostenol,FALSE,Medication,bp_lowering,other,"epoprostenol 750,000 ng (0.75mg) inhale (Veletri)",Not Recorded,none,11,,,0.75 mg,mg,0.75,none,FALSE,FALSE,epoprostenol
eravacycline,FALSE,Medication,anti-infective,tetracyclines,eravacycline 50 mg inj,Not Recorded,none,1047,,,50.0 mg,mg,50,none,FALSE,FALSE,eravacycline
,,,,,esmolol 10 mg/mL bolus from bag,Not Recorded,none,19,,,10.0 mg,mg,10,none,TRUE,FALSE,
fentanyl-ropivacaine,FALSE,Medication,analgesic,opioids,fentaNYL 2 mcg/mL-ropiv 0.2% EPIDURAL 50mL,Not Recorded,50.0 mL,3,mL,50,2.0 mcg,mcg,2,none,FALSE,FALSE,fentanyl-ropivacaine 0.2%
fentaNYL,FALSE,Medication,analgesic,opioids,fentaNYL 50 mcg/1 mL inj,Not Recorded,1.0 mL,2258,mL,1,50.0 mcg,mcg,50,50.0 mcg/1.0 ML,FALSE,FALSE,fentaNYL
,,,,,fentanyl 500 mcg/50 mL PCA,Not Recorded,50.0 mL,1,mL,50,500.0 mcg,mcg,500,500.0 mcg/50.0 ML,TRUE,FALSE,
fentaNYL,FALSE,Medication,analgesic,opioids,fentanyl 600 mcg/60 mL PCA,Not Recorded,60.0 mL,49,mL,60,600.0 mcg,mcg,600,600.0 mcg/60.0 ML,TRUE,FALSE,fentanyl pca
fluconazole,FALSE,Medication,anti-infective,antifungals,fluconazole 40 mg/mL UD Liquid,Not Recorded,none,4,,,40.0 mg,mg,40,none,TRUE,FALSE,fluconazole
gabapentin,FALSE,Medication,gabapentinoid,other,gabapentin 300 mg/6 mL liq UD,Not Recorded,6.0 mL,2,mL,6,300.0 mg,mg,300,300.0 mg/6.0 ML,TRUE,FALSE,gabapentin
ganciclovir,FALSE,Medication,anti-infective,antiviral,ganciclovir 2000 mcg/0.1 mL intravitreal inj,Not Recorded,0.1 mL,2,mL,0.1,2000.0 mcg,mcg,2000,2000.0 mcg/0.1 ML,FALSE,FALSE,ganciclovir
gemtuzumab ozogamicin,FALSE,Medication,other,other,gemtuzumab ozogamicin 4.5 mg/4.5 mL inj,Not Recorded,4.5 mL,44,mL,4.5,4.5 mg,mg,4.5,4.5 mg/4.5 ML,FALSE,FALSE,gemtuzumab ozogamicin
glucarpidase,FALSE,Medication,other,other,glucarpidase 1000 units inj,Not Recorded,none,1,,,1000.0 unit,unit,1000,none,FALSE,FALSE,glucarpidase
,,,,,glycopyrrolate 0.2 mg/mL 2 mL syringe,Not Recorded,2.0 mL,2,mL,2,0.2 mg,mg,0.2,none,FALSE,FALSE,
heparin,FALSE,Medication,anticoagulant,other,hePARIN Vas-Cath 1000 unit(s)/mL,Not Recorded,none,324,,,1000.0 unit,unit,1000,none,TRUE,FALSE,hePARIN vascath
hemin,FALSE,Medication,other,other,hemin 350 mg inj,Not Recorded,none,76,,,350.0 mg,mg,350,none,FALSE,FALSE,hemin
,,,,,heparin 100 units/mL re-bolus from bag,Not Recorded,none,214,,,100.0 unit,unit,100,none,TRUE,FALSE,
heparin,FALSE,Medication,anticoagulant,other,heparin 5000 units inhale,Not Recorded,none,15,,,5000.0 unit,unit,5000,none,FALSE,FALSE,heparin
heparin,FALSE,Medication,anticoagulant,other,heparin 5000 units inhale,Not Recorded,none,1,,,5000.0 unit,unit,5000,none,FALSE,FALSE,heparin
hepatitis B immune globulin,FALSE,Medication,other,other,hepatitis B immune globulin /NS IVPB,Not Recorded,none,132,,,none,,,none,TRUE,FALSE,hepatitis B immune globulin/NS IVPB
hepatitis B immune globulin,FALSE,Medication,other,other,hepatitis B immune globulin /NS IVPB,Not Recorded,none,132,,,none,,,none,TRUE,FALSE,hepatitis B immune glob./NS
hepatitis B immune globulin,FALSE,Medication,other,other,hepatitis B immune globulin /NS IVPB,Not Recorded,none,9,,,none,,,none,TRUE,FALSE,hepatitis B immune globulin/NS IVPB
hepatitis B immune globulin,FALSE,Medication,other,other,hepatitis B immune globulin /NS IVPB,Not Recorded,none,9,,,none,,,none,TRUE,FALSE,hepatitis B immune glob./NS
imdevimab,FALSE,Medication,other,other,imdevimab 1332mg inj,Not Recorded,none,1,,,1332.0 mg,mg,1332,none,FALSE,FALSE,imdevimab REGN10987
imdevimab,FALSE,Medication,other,other,imdevimab 1332mg inj,Not Recorded,none,1,,,1332.0 mg,mg,1332,none,FALSE,FALSE,imdevimab
imdevimab,FALSE,Medication,other,other,imdevimab 1332mg inj,Not Recorded,none,15,,,1332.0 mg,mg,1332,none,FALSE,FALSE,imdevimab REGN10987
imdevimab,FALSE,Medication,other,other,imdevimab 1332mg inj,Not Recorded,none,15,,,1332.0 mg,mg,1332,none,FALSE,FALSE,imdevimab
imdevimab,FALSE,Medication,other,other,imdevimab 300mg inj,Not Recorded,none,147,,,300.0 mg,mg,300,none,FALSE,FALSE,imdevimab REGN10987
immune globulin intravenous,FALSE,Medication,other,other,immune globulin intravenous 10% 10g (Gammagard S/D Low IgA),Not Recorded,none,33,,,10.0 g,g,10,none,TRUE,FALSE,immune globulin intravenous 10%
immune globulin intravenous,FALSE,Medication,other,other,immune globulin intravenous 10% 5g (Gammagard  S/D Low IgA),Not Recorded,none,5,,,5.0 g,g,5,none,TRUE,FALSE,immune globulin intravenous 10%
inFLIXimab,FALSE,Medication,other,other,inFLIXimab-dyyb (Inflectra) 100 mg inj,Not Recorded,none,40,,,100.0 mg,mg,100,none,FALSE,FALSE,inFLIXimab-dyyb
inFLIXimab,FALSE,Medication,other,other,inFLIXimab-dyyb (Inflectra) 100 mg inj,Not Recorded,none,40,,,100.0 mg,mg,100,none,FALSE,FALSE,inFLIXimab-dyyb (Inflectra)
inFLIXimab,FALSE,Medication,other,other,inFLIXimab-dyyb (Inflectra) 100 mg inj,Not Recorded,none,169,,,100.0 mg,mg,100,none,FALSE,FALSE,inFLIXimab-dyyb
inFLIXimab,FALSE,Medication,other,other,inFLIXimab-dyyb (Inflectra) 100 mg inj,Not Recorded,none,169,,,100.0 mg,mg,100,none,FALSE,FALSE,inFLIXimab-dyyb (Inflectra)
indocyanine green,FALSE,Medication,other,other,indocyanine green 25 mg,Not Recorded,none,2416,,,25.0 mg,mg,25,none,TRUE,FALSE,indocyanine green
"influenza virus vaccine, inactivated",FALSE,Medication,other,other,influenza virus vaccine (Fluarix) 0.5mL inj,Not Recorded,0.5 mL,1,mL,0.5,none,,,none,FALSE,FALSE,influenza virus 0.5 mL vaccine
inotuzumab ozogamicin,FALSE,Medication,other,other,inotuzumab 0.9 mg/3.6 mL inj,Not Recorded,3.6 mL,11,mL,3.6,0.9 mg,mg,0.9,0.9 mg/3.6 ML,FALSE,FALSE,inotuzumab ozogamicin
insulin isophane (NPH),FALSE,Medication,insulin,other,insulin isophane (NPH) 100 units/mL,Not Recorded,none,1,,,100.0 unit,unit,100,none,TRUE,FALSE,insulin isophane (NPH)
insulin isophane-insulin regular,FALSE,Medication,insulin,other,insulin isophane-regular 70u-30u/mL inj 3 mL,Not Recorded,3.0 mL,2,mL,3,70.0 unit,unit,70,none,FALSE,FALSE,insulin isophane-insulin regular
insulin lispro,FALSE,Medication,insulin,other,insulin lispro 10 unit(s)/mL OR syringe,Not Recorded,none,214,,,10.0 unit,unit,10,none,FALSE,FALSE,insulin lispro
insulin lispro,FALSE,Medication,insulin,other,insulin lispro 10 unit(s)/mL OR syringe,Not Recorded,none,214,,,10.0 unit,unit,10,none,FALSE,FALSE,insulin lispro OR
insulin lispro,FALSE,Medication,insulin,other,insulin lispro 10 unit(s)/mL OR syringe,Not Recorded,none,278,,,10.0 unit,unit,10,none,FALSE,FALSE,insulin lispro
insulin lispro,FALSE,Medication,insulin,other,insulin lispro 10 unit(s)/mL OR syringe,Not Recorded,none,278,,,10.0 unit,unit,10,none,FALSE,FALSE,insulin lispro OR
insulin lispro,FALSE,Medication,insulin,other,insulin lispro 100 unit/mL inj,Not Recorded,none,335,,,100.0 unit,unit,100,none,FALSE,FALSE,insulin lispro
insulin lispro,FALSE,Medication,insulin,other,insulin lispro 100 units/mL inj.,Not Recorded,none,80,,,100.0 unit,unit,100,none,FALSE,FALSE,insulin lispro
insulin pump patient - lispro,FALSE,Medication,insulin,other,insulin pump patient - lispro,Not Recorded,none,1,,,none,,,none,TRUE,FALSE,insulin pump patient - lispro
insulin pump patient - regular,FALSE,Medication,insulin,other,insulin pump patient - regular,Not Recorded,none,5,,,none,,,none,TRUE,FALSE,insulin pump patient - regular
,,,,,insulin regular 1 unit/mL bolus from bag,Not Recorded,none,98,,,1.0 unit,unit,1,none,TRUE,FALSE,
insulin regular,FALSE,Medication,insulin,other,insulin regular 100 units/mL inj 3 mL,Not Recorded,3.0 mL,25431,mL,3,100.0 unit,unit,100,none,FALSE,FALSE,insulin regular
insulin regular,FALSE,Medication,insulin,other,insulin regular OR SYR 1unit(s)/mL 10mL,Not Recorded,10.0 mL,5577,mL,10,1.0 unit,unit,1,none,FALSE,FALSE,insulin reg human
insulin regular,FALSE,Medication,insulin,other,insulin regular OR SYR 1unit(s)/mL 10mL,Not Recorded,10.0 mL,5577,mL,10,1.0 unit,unit,1,none,FALSE,FALSE,insulin regular OR
insulin regular,FALSE,Medication,insulin,other,insulin regular OR SYR 1unit(s)/mL 10mL,Not Recorded,10.0 mL,2940,mL,10,1.0 unit,unit,1,none,FALSE,FALSE,insulin reg human
insulin regular,FALSE,Medication,insulin,other,insulin regular OR SYR 1unit(s)/mL 10mL,Not Recorded,10.0 mL,2940,mL,10,1.0 unit,unit,1,none,FALSE,FALSE,insulin regular OR
ketamine,FALSE,Medication,analgesic,other,ketamine 50 mg/5 mL-NaCl 0.9% solu,Not Recorded,5.0 mL,3,mL,5,50.0 mg,mg,50,50.0 mg/5.0 ML,TRUE,FALSE,ketamine
ketamine,FALSE,Medication,analgesic,other,ketamine Bolus from bag,Not Recorded,none,231,,,none,,,none,TRUE,FALSE,ketamine Bolus from bag
labetalol,FALSE,Medication,bp_lowering,beta_blocker,labetalol 200 mg/40 mL ADD,Milligrams/Minute,40.0 mL,2833,mL,40,200.0 mg,mg,200,200.0 mg/40.0 ML,TRUE,FALSE,labetalol
labetalol,FALSE,Medication,bp_lowering,beta_blocker,labetalol 200 mg/40 mL inj,Not Recorded,40.0 mL,15,mL,40,200.0 mg,mg,200,200.0 mg/40.0 ML,FALSE,FALSE,labetalol
leucovorin,FALSE,Medication,other,other,leucovorin 500 mg/50mL inj,Not Recorded,50.0 mL,55,mL,50,500.0 mg,mg,500,500.0 mg/50.0 ML,FALSE,FALSE,leucovorin
levETIRAcetam,FALSE,Medication,anticonvulsant,other,levETIRAcetam 100 mg/mL ped oral syringe,Not Recorded,none,1,,,100.0 mg,mg,100,none,FALSE,FALSE,levETIRAcetam
levETIRAcetam,FALSE,Medication,anticonvulsant,other,leveTIRACETAM 500 mg tab,Not Recorded,none,6,,,500.0 mg,mg,500,none,FALSE,FALSE,leveTIRACETAM
levothyroxine,FALSE,Medication,other,other,levothyroxine 100 mcg (0.1 mg) inj.,Not Recorded,none,35654,,,0.1 mg,mg,0.1,none,FALSE,FALSE,levothyroxine
,,,,,levothyroxine 100 mcg (0.1 mg) pwd inj,Not Recorded,none,757,,,0.1 mg,mg,0.1,none,FALSE,FALSE,
,,,,,levothyroxine 100 mcg (0.1 mg)/5 mL inj,Not Recorded,5.0 mL,1760,mL,5,0.1 mg,mg,0.1,none,FALSE,FALSE,
,,,,,lidocaine 1% inj 50mL,Not Recorded,50.0 mL,1,mL,50,none,,,none,FALSE,FALSE,
lidocaine,FALSE,Medication,antiarrhythmics,other,lidocaine 1% inj for local anesthesia,Not Recorded,none,34,,,none,,,none,FALSE,FALSE,lidocaine 1%
lidocaine,FALSE,Medication,antiarrhythmics,other,lidocaine 1% preservative-free inj 10mL,Not Recorded,10.0 mL,4,mL,10,none,,,none,FALSE,FALSE,lidocaine 1%
lidocaine,FALSE,Medication,antiarrhythmics,other,lidocaine 2% inj for local anesthesia,Not Recorded,none,2,,,none,,,none,FALSE,FALSE,lidocaine 2%
liothyronine,FALSE,Medication,other,other,liothyronine 10 mcg/mL inj,Not Recorded,none,125,,,10.0 mcg,mcg,10,none,FALSE,FALSE,liothyronine
melphalan,FALSE,Medication,other,other,melphalan 50 mg inj (EVOMELA),Not Recorded,none,160,,,50.0 mg,mg,50,none,FALSE,FALSE,melphalan (EVOMELA)
,,,,,meropenem 1000 mg/ 50 mL NS IVPB,Not Recorded,50.0 mL,2405,mL,50,1000.0 mg,mg,1000,1000.0 mg/50.0 ML,TRUE,FALSE,
meropenem,FALSE,Medication,anti-infective,carbapenems,meropenem 20mg/mL/NS neonate syringe,Not Recorded,none,170,,,20.0 mg,mg,20,none,FALSE,FALSE,meropenem in NS syringe
meropenem-vaborbactam,FALSE,Medication,anti-infective,carbapenems,meropenem-vaborbactam 2gm inj,Not Recorded,none,1055,,,2.0 gm,gm,2,none,FALSE,FALSE,meropenem-vaborbactam
,,,,,methadone 10 mg/mL ADULT oral conc,Not Recorded,none,1,,,10.0 mg,mg,10,none,FALSE,FALSE,
methocarbamol,FALSE,Medication,other,other,methocarbamol 1000 mg/100 mL NS IVPB,Not Recorded,100.0 mL,1026,mL,100,1000.0 mg,mg,1000,1000.0 mg/100.0 ML,TRUE,FALSE,methocarbamol in NS
methocarbamol,FALSE,Medication,other,other,methocarbamol 500 mg/50 mL NS IVPB,Not Recorded,50.0 mL,589,mL,50,500.0 mg,mg,500,500.0 mg/50.0 ML,TRUE,FALSE,methocarbamol in NS
methylPREDNISolone,FALSE,Medication,corticosteroids,other,methylPREDNISolone 8 mg tab,Not Recorded,none,6,,,8.0 mg,mg,8,none,FALSE,FALSE,methylPREDNISolone
metroNIDAZOLE,FALSE,Medication,anti-infective,metronidazole,metroNIDAZOLE 5mg/ml CMPD,Not Recorded,none,968,,,5.0 mg,mg,5,none,TRUE,FALSE,metroNIDAZOLE / NS
midazolam,FALSE,Medication,sedative,benzodiazepine,midazolam (HIGH CONCENTRATION) 5 mg/mL inj   2 mL,Not Recorded,2.0 mL,1233,mL,2,5.0 mg,mg,5,none,FALSE,FALSE,midazolam
midazolam,FALSE,Medication,sedative,benzodiazepine,midazolam (HIGH CONCENTRATION) 5 mg/mL pf  1 mL inj,Not Recorded,1.0 mL,1346,mL,1,5.0 mg,mg,5,none,FALSE,FALSE,midazolam
morphine,FALSE,Medication,analgesic,opioids,morphine 50 mg/50 mL PCA/NCA,Not Recorded,50.0 mL,7592,mL,50,50.0 mg,mg,50,50.0 mg/50.0 ML,TRUE,FALSE,morphine PCA
morphine,FALSE,Medication,analgesic,opioids,morphine 50 mg/mL 20 mL inj,Not Recorded,20.0 mL,188,mL,20,50.0 mg,mg,50,none,FALSE,FALSE,morphine
Misc Medication TNF,FALSE,Medication,other,other,nf bulk,Not Recorded,none,15,,,none,,,none,TRUE,FALSE,nf bulk
Misc Medication TNF,FALSE,Medication,other,other,nf chemo,Not Recorded,none,1511,,,none,,,none,TRUE,FALSE,nf chemo
Misc Medication TNF,FALSE,Medication,other,other,nf ivpb,Not Recorded,none,9203,,,none,,,none,TRUE,FALSE,nf ivpb
Misc Medication TNF,FALSE,Medication,other,other,nf med,Not Recorded,none,4802,,,none,,,none,TRUE,FALSE,nf med
nitroglycerin,FALSE,Medication,bp_lowering,other,nitroglycerin 0.2 mg/mL 3 mL syr CATH LAB,Not Recorded,3.0 mL,17,mL,3,0.2 mg,mg,0.2,none,FALSE,FALSE,nitroglycerin
nitroglycerin,FALSE,Medication,bp_lowering,other,nitroglycerin 10 mg/50 mL D5W CATH LAB,Not Recorded,50.0 mL,272,mL,50,10.0 mg,mg,10,10.0 mg/50.0 ML,TRUE,FALSE,nitroglycerin 10 mg/50 mL CATH LAB
nitroglycerin,FALSE,Medication,bp_lowering,other,nitroglycerin 25mg/250mL drip (100mcg/mL) for Cath Lab,Not Recorded,250.0 mL,30,mL,250,25.0 mg,mg,25,25.0 mg/250.0 ML,TRUE,FALSE,nitroglycerin
sodium nitroprusside,FALSE,Medication,bp_lowering,other,nitroprusside 25 mg/250 mL NS Drip CATH LAB,Not Recorded,250.0 mL,25,mL,250,25.0 mg,mg,25,25.0 mg/250.0 ML,TRUE,FALSE,nitroprusside 25 mg drip CATH LAB
nivolumab,FALSE,Medication,other,other,nivolumab 10 mg/mL 4 mL inj,Not Recorded,4.0 mL,3,mL,4,10.0 mg,mg,10,none,FALSE,FALSE,nivolumab
levETIRAcetam,FALSE,Medication,anticonvulsant,other,nn-levETIRAcetam 5 mg/mL NS Neonate Syringe,Not Recorded,none,1,,,5.0 mg,mg,5,none,FALSE,FALSE,levETIRAcetam NS syringe
morphine,FALSE,Medication,analgesic,opioids,nn-morphine 10 mg/mL ADD,Milligram/Kilogram/Hour,none,95,,,10.0 mg,mg,10,none,TRUE,FALSE,morphine
obinutuzumab,FALSE,Medication,other,other,obinutuzumab 1000 mg/40mL,Not Recorded,40.0 mL,10,mL,40,1000.0 mg,mg,1000,1000.0 mg/40.0 ML,TRUE,FALSE,obinutuzumab
omadacycline,FALSE,Medication,anti-infective,tetracyclines,omadacycline 100 mg inj,Not Recorded,none,125,,,100.0 mg,mg,100,none,FALSE,FALSE,omadacycline
oxymetazoline nasal,FALSE,Medication,other,other,oxymetazoline 0.05% nasal spray 30 mL,Not Recorded,30.0 mL,182,mL,30,none,,,none,FALSE,FALSE,oxymetazoline nasal
,,,,,oxytocin 30 units/500 mL Infusion,Not Recorded,500.0 mL,5386,mL,500,30.0 unit,unit,30,30.0 unit/500.0 ML,TRUE,FALSE,
pamidronate,FALSE,Medication,other,other,pamidronate 60 mg/10mL injection,Not Recorded,10.0 mL,15,mL,10,60.0 mg,mg,60,60.0 mg/10.0 ML,FALSE,FALSE,pamidronate
papaverine,FALSE,Medication,other,other,papaverine 30 mg/mL 2mL inj,Not Recorded,2.0 mL,2,mL,2,30.0 mg,mg,30,none,FALSE,FALSE,papaverine
patisiran,FALSE,Medication,other,other,patisiran 10 mg/5 mL inj,Not Recorded,5.0 mL,2,mL,5,10.0 mg,mg,10,10.0 mg/5.0 ML,FALSE,FALSE,patisiran
phytonadione,FALSE,Medication,vitamin_supplement,other,phytonadione  (Vit K) 10 mg/mL inj,Not Recorded,none,1089,,,10.0 mg,mg,10,none,FALSE,FALSE,phytonadione
,,,,,piperacillin-tazobactam 4.5 gm / 100 mL IVPB (EUH),Not Recorded,100.0 mL,4085,mL,100,4.5 gm,gm,4.5,none,TRUE,FALSE,
potassium chloride,TRUE,Electrolyte Solution (Potassium),fluid_electrolyte,other,potassium chloride 10 mEq/100 mL NS IVPB,Not Recorded,100.0 mL,288,mL,100,10.0 mEq,mEq,10,10.0 mEq/100.0 ML,TRUE,FALSE,potassium chloride
potassium chloride,TRUE,Electrolyte Solution (Potassium),fluid_electrolyte,other,potassium chloride 10 mEq/100 mL NS IVPB,Not Recorded,100.0 mL,288,mL,100,10.0 mEq,mEq,10,10.0 mEq/100.0 ML,TRUE,FALSE,potassium chloride in NS
potassium chloride,TRUE,Electrolyte Solution (Potassium),fluid_electrolyte,other,potassium chloride 10 mEq/100 mL NS IVPB,Not Recorded,100.0 mL,2634,mL,100,10.0 mEq,mEq,10,10.0 mEq/100.0 ML,TRUE,FALSE,potassium chloride
potassium chloride,TRUE,Electrolyte Solution (Potassium),fluid_electrolyte,other,potassium chloride 10 mEq/100 mL NS IVPB,Not Recorded,100.0 mL,2634,mL,100,10.0 mEq,mEq,10,10.0 mEq/100.0 ML,TRUE,FALSE,potassium chloride in NS
,,,,,potassium chloride 10 mEq/5 mL (2mEq/mL) inj,Not Recorded,5.0 mL,11,mL,5,10.0 mEq,mEq,10,10.0 mEq/5.0 ML,FALSE,FALSE,
potassium chloride,TRUE,Electrolyte Solution (Potassium),fluid_electrolyte,other,potassium chloride 20 mEq/50 mL NS IVPB,Not Recorded,50.0 mL,8,mL,50,20.0 mEq,mEq,20,20.0 mEq/50.0 ML,TRUE,FALSE,potassium chloride/NS
potassium chloride,TRUE,Electrolyte Solution (Potassium),fluid_electrolyte,other,potassium chloride 20 mEq/50 mL NS IVPB,Not Recorded,50.0 mL,8,mL,50,20.0 mEq,mEq,20,20.0 mEq/50.0 ML,TRUE,FALSE,potassium chloride
potassium chloride,TRUE,Electrolyte Solution (Potassium),fluid_electrolyte,other,potassium chloride 20 mEq/50 mL NS IVPB,Not Recorded,50.0 mL,3608,mL,50,20.0 mEq,mEq,20,20.0 mEq/50.0 ML,TRUE,FALSE,potassium chloride/NS
potassium chloride,TRUE,Electrolyte Solution (Potassium),fluid_electrolyte,other,potassium chloride 20 mEq/50 mL NS IVPB,Not Recorded,50.0 mL,3608,mL,50,20.0 mEq,mEq,20,20.0 mEq/50.0 ML,TRUE,FALSE,potassium chloride
,,,,,potassium chloride 40 mEq/500 mL NS Premix,Not Recorded,500.0 mL,1626,mL,500,40.0 mEq,mEq,40,40.0 mEq/500.0 ML,TRUE,FALSE,
rasburicase,FALSE,Medication,other,other,rasburicase 1.5 mg inj,Not Recorded,none,1582,,,1.5 mg,mg,1.5,none,FALSE,FALSE,rasburicase
ravulizumab-cwvz 300 mg/30mL inj,FALSE,Medication,other,other,ravulizumab-cwvz 300 mg/30mL inj,Not Recorded,30.0 mL,1,mL,30,300.0 mg,mg,300,300.0 mg/30.0 ML,FALSE,FALSE,ravulizumab
remdesivir.,FALSE,Medication,anti-infective,antiviral,remdesivir 100 mg / 20 mL inj,Not Recorded,20.0 mL,28719,mL,20,100.0 mg,mg,100,100.0 mg/20.0 ML,FALSE,FALSE,remdesivir
remdesivir,FALSE,Medication,anti-infective,antiviral,remdesivir 100 mg / 20 mL inj,Not Recorded,20.0 mL,28719,mL,20,100.0 mg,mg,100,100.0 mg/20.0 ML,FALSE,FALSE,remdesivir
,,,,,remdesivir 100 mg/250 mL IVPB,Not Recorded,250.0 mL,1594,mL,250,100.0 mg,mg,100,100.0 mg/250.0 ML,TRUE,FALSE,
riTUXimab,FALSE,Medication,other,other,riTUXimab (Rituxan) 100 mg inj,Not Recorded,none,20,,,100.0 mg,mg,100,none,FALSE,FALSE,riTUXimab
riTUXimab,FALSE,Medication,other,other,riTUXimab (Rituxan) 100 mg inj,Not Recorded,none,20,,,100.0 mg,mg,100,none,FALSE,FALSE,riTUXimab (Rituxan)
riTUXimab,FALSE,Medication,other,other,riTUXimab (Rituxan) 100 mg inj,Not Recorded,none,27,,,100.0 mg,mg,100,none,FALSE,FALSE,riTUXimab
riTUXimab,FALSE,Medication,other,other,riTUXimab (Rituxan) 100 mg inj,Not Recorded,none,27,,,100.0 mg,mg,100,none,FALSE,FALSE,riTUXimab (Rituxan)
riTUXimab,FALSE,Medication,other,other,riTUXimab (Rituxan) 500 mg inj,Not Recorded,none,17,,,500.0 mg,mg,500,none,FALSE,FALSE,riTUXimab
riTUXimab,FALSE,Medication,other,other,riTUXimab (Rituxan) 500 mg inj,Not Recorded,none,17,,,500.0 mg,mg,500,none,FALSE,FALSE,riTUXimab (Rituxan)
riTUXimab,FALSE,Medication,other,other,riTUXimab (Rituxan) 500 mg inj,Not Recorded,none,11,,,500.0 mg,mg,500,none,FALSE,FALSE,riTUXimab
riTUXimab,FALSE,Medication,other,other,riTUXimab (Rituxan) 500 mg inj,Not Recorded,none,11,,,500.0 mg,mg,500,none,FALSE,FALSE,riTUXimab (Rituxan)
riTUXimab,FALSE,Medication,other,other,riTUXimab 100 mg inj,Not Recorded,none,527,,,100.0 mg,mg,100,none,FALSE,FALSE,riTUXimab
riTUXimab,FALSE,Medication,other,other,riTUXimab 100 mg inj,Not Recorded,none,527,,,100.0 mg,mg,100,none,FALSE,FALSE,RiTUXimab
riTUXimab,FALSE,Medication,other,other,riTUXimab 100 mg inj,Not Recorded,none,3246,,,100.0 mg,mg,100,none,FALSE,FALSE,riTUXimab
riTUXimab,FALSE,Medication,other,other,riTUXimab 100 mg inj,Not Recorded,none,3246,,,100.0 mg,mg,100,none,FALSE,FALSE,RiTUXimab
riTUXimab,FALSE,Medication,other,other,riTUXimab 500 mg inj,Not Recorded,none,233,,,500.0 mg,mg,500,none,FALSE,FALSE,riTUXimab
riTUXimab,FALSE,Medication,other,other,riTUXimab 500 mg inj,Not Recorded,none,233,,,500.0 mg,mg,500,none,FALSE,FALSE,rituximab
riTUXimab,FALSE,Medication,other,other,riTUXimab 500 mg inj,Not Recorded,none,21,,,500.0 mg,mg,500,none,FALSE,FALSE,riTUXimab
riTUXimab,FALSE,Medication,other,other,riTUXimab 500 mg inj,Not Recorded,none,21,,,500.0 mg,mg,500,none,FALSE,FALSE,rituximab
riTUXimab,FALSE,Medication,other,other,riTUXimab-abbs (Truxima) 100 mg inj,Not Recorded,none,412,,,100.0 mg,mg,100,none,FALSE,FALSE,riTUXimab-abbs
riTUXimab,FALSE,Medication,other,other,riTUXimab-abbs (Truxima) 100 mg inj,Not Recorded,none,412,,,100.0 mg,mg,100,none,FALSE,FALSE,riTUXimab-abbs (Truxima)
riTUXimab,FALSE,Medication,other,other,riTUXimab-abbs (Truxima) 100 mg inj,Not Recorded,none,591,,,100.0 mg,mg,100,none,FALSE,FALSE,riTUXimab-abbs
riTUXimab,FALSE,Medication,other,other,riTUXimab-abbs (Truxima) 100 mg inj,Not Recorded,none,591,,,100.0 mg,mg,100,none,FALSE,FALSE,riTUXimab-abbs (Truxima)
riTUXimab,FALSE,Medication,other,other,riTUXimab-abbs (Truxima) 500 mg inj,Not Recorded,none,82,,,500.0 mg,mg,500,none,FALSE,FALSE,riTUXimab-abbs
riTUXimab,FALSE,Medication,other,other,riTUXimab-abbs (Truxima) 500 mg inj,Not Recorded,none,82,,,500.0 mg,mg,500,none,FALSE,FALSE,riTUXimab-abbs (Truxima)
riTUXimab,FALSE,Medication,other,other,riTUXimab-abbs (Truxima) 500 mg inj,Not Recorded,none,77,,,500.0 mg,mg,500,none,FALSE,FALSE,riTUXimab-abbs
riTUXimab,FALSE,Medication,other,other,riTUXimab-abbs (Truxima) 500 mg inj,Not Recorded,none,77,,,500.0 mg,mg,500,none,FALSE,FALSE,riTUXimab-abbs (Truxima)
sildenafil,FALSE,Medication,bp_lowering,other,sildenafil 10 mg / 12.5 mL inj. neonate syringe,Not Recorded,12.5 mL,1,mL,12.5,10.0 mg,mg,10,10.0 mg/12.5 ML,FALSE,FALSE,sildenafil
sodium bicarbonate,TRUE,Electrolyte Solution (Bicarbonate),fluid_electrolyte,other,sodium bicarbonate 2.5 mEq / 5 mL vial,Not Recorded,5.0 mL,49,mL,5,2.5 mEq,mEq,2.5,2.5 mEq/5.0 ML,TRUE,FALSE,sodium bicarbonate
sodium chloride,FALSE,Medication,other,other,sodium chloride 0.9% injection 20mL,Not Recorded,20.0 mL,36,mL,20,none,,,none,FALSE,FALSE,sodium chloride 0.9%
,,,,,sotrovimab 500 mg/8 mL inj,Not Recorded,8.0 mL,8,mL,8,500.0 mg,mg,500,500.0 mg/8.0 ML,FALSE,FALSE,
,,,,,"syringe, IV",Not Recorded,none,175,,,none,,,none,FALSE,FALSE,
Tagraxofusp-erzs 1000 mcg / 10 mL inj,FALSE,Medication,other,other,tagraxofusp-erzs 1000 mcg inj,Not Recorded,none,15,,,1000.0 mcg,mcg,1000,none,FALSE,FALSE,tagraxofusp
,,,,,tedizolid 200 mg inj,Not Recorded,none,8,,,200.0 mg,mg,200,none,FALSE,FALSE,
ticagrelor,FALSE,Medication,other,other,ticagrelor 60 mg tab,Not Recorded,none,1,,,60.0 mg,mg,60,none,FALSE,FALSE,ticagrelor
tirofiban,FALSE,Medication,other,other,tirofiban 12.5 mg/250 mL NS Drip CATH LAB,Not Recorded,250.0 mL,2259,mL,250,12.5 mg,mg,12.5,12.5 mg/250.0 ML,TRUE,FALSE,tirofiban in ns
tirofiban,FALSE,Medication,other,other,tirofiban 250 mcg/mL 15 mL inj CATH LAB,Not Recorded,15.0 mL,7,mL,15,250.0 mcg,mcg,250,none,FALSE,FALSE,tirofiban
tirofiban,FALSE,Medication,other,other,tirofiban 5mg/100ml Vial CATH LAB ONLY,Not Recorded,100.0 mL,9,mL,100,5.0 mg,mg,5,5.0 mg/100.0 ML,TRUE,FALSE,tirofiban
tranexamic acid,FALSE,Medication,other,other,tranexamic acid 500mg/5mL TOPICAL solution,Not Recorded,5.0 mL,16,mL,5,500.0 mg,mg,500,500.0 mg/5.0 ML,TRUE,FALSE,tranexamic acid
,,,,,trastuzumab dkst 150 mg inj,Not Recorded,none,1,,,150.0 mg,mg,150,none,FALSE,FALSE,
,,,,,trastuzumab-dkst 420 mg inj,Not Recorded,none,1,,,420.0 mg,mg,420,none,FALSE,FALSE,
sterile water,TRUE,Sterile Water,other,other,treprostinil diluent 50ml vial,Not Recorded,50.0 mL,79,mL,50,none,,,none,TRUE,FALSE,treprostinil diluent
vancomycin,FALSE,Medication,anti-infective,glycopeptide,vancomycin 125 mg/2.5 mL Oral soln.,Not Recorded,2.5 mL,1,mL,2.5,125.0 mg,mg,125,125.0 mg/2.5 ML,FALSE,FALSE,vancomycin
,,,,,vancomycin 750 mg/250 mL NS IVPB,Not Recorded,250.0 mL,228,mL,250,750.0 mg,mg,750,750.0 mg/250.0 ML,TRUE,FALSE,
,,,,,vancomycin 750 mg/250 mL NS IVPB,Not Recorded,250.0 mL,326,mL,250,750.0 mg,mg,750,750.0 mg/250.0 ML,TRUE,FALSE,
vasopressin,FALSE,Medication,pressor,vasopressor,vasopressin 1 unit/0.05 mL neonate ADD,Not Recorded,0.05 mL,8,mL,0.05,1.0 unit,unit,1,1.0 unit/0.05 ML,TRUE,FALSE,vasopressin
von Willebrand factor,FALSE,Medication,other,other,von Willebrand factor recombinant 900-1700 units,Not Recorded,none,8,,,1700.0 unit,unit,1700,none,TRUE,FALSE,von Willebrand factor
,,,,,zzzD5W 250mL (Polyolefin) for chemo,Not Recorded,250.0 mL,1,mL,250,none,,,none,TRUE,FALSE,
Dextrose 5% in Water intravenous solution,TRUE,Hypotonic Crystalloid,fluid_electrolyte,other,zzzD5W 50 mL IV bag for chemo,Not Recorded,50.0 mL,127,mL,50,none,,,none,TRUE,FALSE,d5w
,,,,,zzzD5W 500 mL (Polyolefin) for chemo,Not Recorded,500.0 mL,19,mL,500,none,,,none,TRUE,FALSE,
,,,,,zzzD5W 500 mL (Polyolefin) for chemo,Not Recorded,500.0 mL,4,mL,500,none,,,none,TRUE,FALSE,
HYDROmorphone,FALSE,Medication,analgesic,opioids,zzzHYDROmorphone PCA/NCA 1 mg/mL /NS syr,Not Recorded,none,702,,,1.0 mg,mg,1,none,FALSE,FALSE,HYDROmorphone PCA/NCA 1 mg/ml NS syr
HYDROmorphone,FALSE,Medication,analgesic,opioids,zzzHYDROmorphone PCA/NCA 1 mg/mL /NS syr,Not Recorded,none,702,,,1.0 mg,mg,1,none,FALSE,FALSE,zzzHYDROmorphone PCA/NCA 1 mg/ml NS syr
HYDROmorphone,FALSE,Medication,analgesic,opioids,zzzHYDROmorphone PCA/NCA 1 mg/mL /NS syr,Not Recorded,none,2,,,1.0 mg,mg,1,none,FALSE,FALSE,HYDROmorphone PCA/NCA 1 mg/ml NS syr
HYDROmorphone,FALSE,Medication,analgesic,opioids,zzzHYDROmorphone PCA/NCA 1 mg/mL /NS syr,Not Recorded,none,2,,,1.0 mg,mg,1,none,FALSE,FALSE,zzzHYDROmorphone PCA/NCA 1 mg/ml NS syr
,,,,,zzzMethylPREDNISolone 2.5mg/mL/NS neonate syringe,Not Recorded,none,1,,,2.5 mg,mg,2.5,none,FALSE,FALSE,
,,,,,zzzNS 100 mL IV bag for chemo,Not Recorded,100.0 mL,142,mL,100,none,,,none,TRUE,FALSE,
,,,,,zzzNS 1000 mL IV bag for chemo,Not Recorded,1000.0 mL,70,mL,1000,none,,,none,TRUE,FALSE,
,,,,,zzzNS 250 mL IV bag for chemo,Not Recorded,250.0 mL,373,mL,250,none,,,none,TRUE,FALSE,
,,,,,zzzNS 250mL (Polyolefin) for chemo,Not Recorded,250.0 mL,5,mL,250,none,,,none,TRUE,FALSE,
,,,,,zzzNS 500mL (Polyolefin) for chemo,Not Recorded,500.0 mL,110,mL,500,none,,,none,TRUE,FALSE,
ketamine,FALSE,Medication,analgesic,other,zzzPRMX ketamine 400 mg Drip DBL (FOR ICU),Not Recorded,none,86,,,400.0 mg,mg,400,none,TRUE,FALSE,ketamine drip
quinidine,FALSE,Medication,antiarrhythmics,other,zzzQuinidine Gluc 80 mg/mL 10mL inj,Not Recorded,10.0 mL,562,mL,10,80.0 mg,mg,80,none,FALSE,FALSE,quiNIDine
cisatracurium,FALSE,Medication,neuromuscular_blocker,other,zzzcisatracurium 2 mg/mL 5 mL inj,Not Recorded,5.0 mL,36,mL,5,2.0 mg,mg,2,none,FALSE,FALSE,cisatracurium
ondansetron,FALSE,Medication,antiemetic,other,zzzondansetron 4 mg/2 mL inj..,Not Recorded,2.0 mL,2,mL,2,4.0 mg,mg,4,4.0 mg/2.0 ML,FALSE,FALSE,zzzondansetron
ondansetron,FALSE,Medication,antiemetic,other,zzzondansetron 4 mg/2 mL inj..,Not Recorded,2.0 mL,2,mL,2,4.0 mg,mg,4,4.0 mg/2.0 ML,FALSE,FALSE,zzzondansetron..
ondansetron,FALSE,Medication,antiemetic,other,zzzondansetron 4 mg/2 mL inj..,Not Recorded,2.0 mL,2,mL,2,4.0 mg,mg,4,4.0 mg/2.0 ML,FALSE,FALSE,ondansetron
ondansetron,FALSE,Medication,antiemetic,other,zzzondansetron 4 mg/2 mL inj..,Not Recorded,2.0 mL,6,mL,2,4.0 mg,mg,4,4.0 mg/2.0 ML,FALSE,FALSE,zzzondansetron
ondansetron,FALSE,Medication,antiemetic,other,zzzondansetron 4 mg/2 mL inj..,Not Recorded,2.0 mL,6,mL,2,4.0 mg,mg,4,4.0 mg/2.0 ML,FALSE,FALSE,zzzondansetron..
ondansetron,FALSE,Medication,antiemetic,other,zzzondansetron 4 mg/2 mL inj..,Not Recorded,2.0 mL,6,mL,2,4.0 mg,mg,4,4.0 mg/2.0 ML,FALSE,FALSE,ondansetron
