formulary_name,med_name_generic,med_action_dose_unit,volume_given,volume_unit,volume_numeric,count
ABCIXIMAB 2 MG/ML IV SOLN,Abciximab,mg,.25,mg/kg,.25,3
ABCIXIMAB 2 MG/ML IV SOLN,Abciximab,mg,10,mg,10,7
ABCIXIMAB 2 MG/ML IV SOLN,Abciximab,mg,12,mg,12,3
ABCIXIMAB 2 MG/ML IV SOLN,Abciximab,mg,15,mg,15,5
ABCIXIMAB 2 MG/ML IV SOLN,Abciximab,mg,17,mg,17,1
ABCIXIMAB 2 MG/ML IV SOLN,Abciximab,mg,17.5,mg,17.5,2
ABCIXIMAB 2 MG/ML IV SOLN,Abciximab,mg,2,mg,2,1
ABCIXIMAB 2 MG/ML IV SOLN,Abciximab,mg,3,mg,3,1
ABCIXIMAB 2 MG/ML IV SOLN,Abciximab,mg,8,mg,8,5
ACETAMINOPHEN 10 MG/ML (NICU) IV SYRINGE,Acetaminophen,mg,15,mg/kg,15,169
ACETAMINOPHEN 10 MG/ML IV SOLN,Acetaminophen,mg,1000,mg,1000,5
ACYCLOVIR SODIUM 50 MG/ML IV SOLN,Acyclovir Sodium,mg,5,mg/kg,5,2
ADENOSINE (DIAGNOSTIC) 3 MG/ML IV SOLN,Adenosine (Diagnostic),mg,68.2,mg,68.2,1
ADENOSINE (DIAGNOSTIC) 3 MG/ML IV SOLN,Adenosine (Diagnostic),mg,67.5,mg,67.5,28
ADENOSINE (DIAGNOSTIC) 3 MG/ML IV SOLN,Adenosine (Diagnostic),mg,66.2,mg,66.2,34
ADENOSINE (DIAGNOSTIC) 3 MG/ML IV SOLN,Adenosine (Diagnostic),mg,65.2,mg,65.2,1
ADENOSINE (DIAGNOSTIC) 3 MG/ML IV SOLN,Adenosine (Diagnostic),mg,64.9,mg,64.9,32
ADENOSINE (DIAGNOSTIC) 3 MG/ML IV SOLN,Adenosine (Diagnostic),mg,63.8,mg,63.8,1
ADENOSINE (DIAGNOSTIC) 3 MG/ML IV SOLN,Adenosine (Diagnostic),mg,63.6,mg,63.6,44
ADENOSINE (DIAGNOSTIC) 3 MG/ML IV SOLN,Adenosine (Diagnostic),mg,63.5,mg,63.5,2
ADENOSINE (DIAGNOSTIC) 3 MG/ML IV SOLN,Adenosine (Diagnostic),mg,62.4,mg,62.4,42
ADENOSINE (DIAGNOSTIC) 3 MG/ML IV SOLN,Adenosine (Diagnostic),mg,62.3,mg,62.3,1
ADENOSINE (DIAGNOSTIC) 3 MG/ML IV SOLN,Adenosine (Diagnostic),mg,61.1,mg,61.1,46
ADENOSINE (DIAGNOSTIC) 3 MG/ML IV SOLN,Adenosine (Diagnostic),mg,59.8,mg,59.8,42
ADENOSINE (DIAGNOSTIC) 3 MG/ML IV SOLN,Adenosine (Diagnostic),mg,56,mg,56,73
ADENOSINE (DIAGNOSTIC) 3 MG/ML IV SOLN,Adenosine (Diagnostic),mg,58.5,mg,58.5,49
ADENOSINE (DIAGNOSTIC) 3 MG/ML IV SOLN,Adenosine (Diagnostic),mg,58.3,mg,58.3,2
ADENOSINE (DIAGNOSTIC) 3 MG/ML IV SOLN,Adenosine (Diagnostic),mg,58,mg,58,1
ADENOSINE (DIAGNOSTIC) 3 MG/ML IV SOLN,Adenosine (Diagnostic),mg,57.3,mg,57.3,56
ADENOSINE (DIAGNOSTIC) 3 MG/ML IV SOLN,Adenosine (Diagnostic),mg,68.7,mg,68.7,29
ADENOSINE (DIAGNOSTIC) 3 MG/ML IV SOLN,Adenosine (Diagnostic),mg,55,mg,55,1
ADENOSINE (DIAGNOSTIC) 3 MG/ML IV SOLN,Adenosine (Diagnostic),mg,54.7,mg,54.7,91
ADENOSINE (DIAGNOSTIC) 3 MG/ML IV SOLN,Adenosine (Diagnostic),mg,53.5,mg,53.5,84
ADENOSINE (DIAGNOSTIC) 3 MG/ML IV SOLN,Adenosine (Diagnostic),mg,53.3,mg,53.3,1
ADENOSINE (DIAGNOSTIC) 3 MG/ML IV SOLN,Adenosine (Diagnostic),mg,52.2,mg,52.2,80
ADENOSINE (DIAGNOSTIC) 3 MG/ML IV SOLN,Adenosine (Diagnostic),mg,50.9,mg,50.9,96
ADENOSINE (DIAGNOSTIC) 3 MG/ML IV SOLN,Adenosine (Diagnostic),mg,58.9,mg,58.9,1
ADENOSINE (DIAGNOSTIC) 3 MG/ML IV SOLN,Adenosine (Diagnostic),mg,70,mg,70,20
ADENOSINE (DIAGNOSTIC) 3 MG/ML IV SOLN,Adenosine (Diagnostic),mg,77.6,mg,77.6,19
ADENOSINE (DIAGNOSTIC) 3 MG/ML IV SOLN,Adenosine (Diagnostic),mg,72.5,mg,72.5,13
ADENOSINE (DIAGNOSTIC) 3 MG/ML IV SOLN,Adenosine (Diagnostic),mg/min,45.8,mcg/kg/min,45.8,1
ADENOSINE (DIAGNOSTIC) 3 MG/ML IV SOLN,Adenosine (Diagnostic),mg/min,42,mcg/kg/min,42,1
ADENOSINE (DIAGNOSTIC) 3 MG/ML IV SOLN,Adenosine (Diagnostic),mg/min,40.7,mcg/kg/min,40.7,1
ADENOSINE (DIAGNOSTIC) 3 MG/ML IV SOLN,Adenosine (Diagnostic),mg/min,140,mcg/kg/min,140,2
ADENOSINE (DIAGNOSTIC) 3 MG/ML IV SOLN,Adenosine (Diagnostic),mg,99.3,mg,99.3,5
ADENOSINE (DIAGNOSTIC) 3 MG/ML IV SOLN,Adenosine (Diagnostic),mg,98,mg,98,1
ADENOSINE (DIAGNOSTIC) 3 MG/ML IV SOLN,Adenosine (Diagnostic),mg,96.7,mg,96.7,5
ADENOSINE (DIAGNOSTIC) 3 MG/ML IV SOLN,Adenosine (Diagnostic),mg,95.5,mg,95.5,5
ADENOSINE (DIAGNOSTIC) 3 MG/ML IV SOLN,Adenosine (Diagnostic),mg,94.2,mg,94.2,4
ADENOSINE (DIAGNOSTIC) 3 MG/ML IV SOLN,Adenosine (Diagnostic),mg,92.9,mg,92.9,5
ADENOSINE (DIAGNOSTIC) 3 MG/ML IV SOLN,Adenosine (Diagnostic),mg,91.6,mg,91.6,5
ADENOSINE (DIAGNOSTIC) 3 MG/ML IV SOLN,Adenosine (Diagnostic),mg,71.3,mg,71.3,30
ADENOSINE (DIAGNOSTIC) 3 MG/ML IV SOLN,Adenosine (Diagnostic),mg,90.4,mg,90.4,3
ADENOSINE (DIAGNOSTIC) 3 MG/ML IV SOLN,Adenosine (Diagnostic),mg,87.8,mg,87.8,7
ADENOSINE (DIAGNOSTIC) 3 MG/ML IV SOLN,Adenosine (Diagnostic),mg,86.5,mg,86.5,2
ADENOSINE (DIAGNOSTIC) 3 MG/ML IV SOLN,Adenosine (Diagnostic),mg,85.3,mg,85.3,3
ADENOSINE (DIAGNOSTIC) 3 MG/ML IV SOLN,Adenosine (Diagnostic),mg,84,mg,84,14
ADENOSINE (DIAGNOSTIC) 3 MG/ML IV SOLN,Adenosine (Diagnostic),mg,82.7,mg,82.7,9
ADENOSINE (DIAGNOSTIC) 3 MG/ML IV SOLN,Adenosine (Diagnostic),mg,80.2,mg,80.2,15
ADENOSINE (DIAGNOSTIC) 3 MG/ML IV SOLN,Adenosine (Diagnostic),mg,78.9,mg,78.9,10
ADENOSINE (DIAGNOSTIC) 3 MG/ML IV SOLN,Adenosine (Diagnostic),mg,50,mg,50,1
ADENOSINE (DIAGNOSTIC) 3 MG/ML IV SOLN,Adenosine (Diagnostic),mg,76.4,mg,76.4,13
ADENOSINE (DIAGNOSTIC) 3 MG/ML IV SOLN,Adenosine (Diagnostic),mg,75.1,mg,75.1,12
ADENOSINE (DIAGNOSTIC) 3 MG/ML IV SOLN,Adenosine (Diagnostic),mg,73.8,mg,73.8,25
ADENOSINE (DIAGNOSTIC) 3 MG/ML IV SOLN,Adenosine (Diagnostic),mg,89.1,mg,89.1,4
ADENOSINE (DIAGNOSTIC) 3 MG/ML IV SOLN,Adenosine (Diagnostic),mg,49.6,mg,49.6,90
ADENOSINE (DIAGNOSTIC) 3 MG/ML IV SOLN,Adenosine (Diagnostic),mg,81.5,mg,81.5,11
ADENOSINE (DIAGNOSTIC) 3 MG/ML IV SOLN,Adenosine (Diagnostic),mg,48.4,mg,48.4,92
ADENOSINE (DIAGNOSTIC) 3 MG/ML IV SOLN,Adenosine (Diagnostic),mg,24.1,mg,24.1,1
ADENOSINE (DIAGNOSTIC) 3 MG/ML IV SOLN,Adenosine (Diagnostic),mg,22.9,mg,22.9,5
ADENOSINE (DIAGNOSTIC) 3 MG/ML IV SOLN,Adenosine (Diagnostic),mg,21.6,mg,21.6,1
ADENOSINE (DIAGNOSTIC) 3 MG/ML IV SOLN,Adenosine (Diagnostic),mg,20.4,mg,20.4,2
ADENOSINE (DIAGNOSTIC) 3 MG/ML IV SOLN,Adenosine (Diagnostic),mg,140,mcg/kg/min,140,4
ADENOSINE (DIAGNOSTIC) 3 MG/ML IV SOLN,Adenosine (Diagnostic),mg,132.2,mg,132.2,1
ADENOSINE (DIAGNOSTIC) 3 MG/ML IV SOLN,Adenosine (Diagnostic),mg,114.5,mg,114.5,2
ADENOSINE (DIAGNOSTIC) 3 MG/ML IV SOLN,Adenosine (Diagnostic),mg,112,mg,112,2
ADENOSINE (DIAGNOSTIC) 3 MG/ML IV SOLN,Adenosine (Diagnostic),mg,109.5,mg,109.5,1
ADENOSINE (DIAGNOSTIC) 3 MG/ML IV SOLN,Adenosine (Diagnostic),mg,108.2,mg,108.2,1
ADENOSINE (DIAGNOSTIC) 3 MG/ML IV SOLN,Adenosine (Diagnostic),mg,106,mg,106,1
ADENOSINE (DIAGNOSTIC) 3 MG/ML IV SOLN,Adenosine (Diagnostic),mg,24.2,mg,24.2,15
ADENOSINE (DIAGNOSTIC) 3 MG/ML IV SOLN,Adenosine (Diagnostic),mg,103.1,mg,103.1,2
ADENOSINE (DIAGNOSTIC) 3 MG/ML IV SOLN,Adenosine (Diagnostic),mcg/kg/min,56,mcg/kg/min,56,1
ADENOSINE (DIAGNOSTIC) 3 MG/ML IV SOLN,Adenosine (Diagnostic),mcg/kg/min,48.4,mcg/kg/min,48.4,2
ADENOSINE (DIAGNOSTIC) 3 MG/ML IV SOLN,Adenosine (Diagnostic),mcg/kg/min,39.5,mg,39.5,1
ADENOSINE (DIAGNOSTIC) 3 MG/ML IV SOLN,Adenosine (Diagnostic),mcg/kg/min,39.5,mcg/kg/min,39.5,1
ADENOSINE (DIAGNOSTIC) 3 MG/ML IV SOLN,Adenosine (Diagnostic),mcg/kg/min,38.2,mg,38.2,1
ADENOSINE (DIAGNOSTIC) 3 MG/ML IV SOLN,Adenosine (Diagnostic),mcg/kg/min,38.2,mcg/kg/min,38.2,2
ADENOSINE (DIAGNOSTIC) 3 MG/ML IV SOLN,Adenosine (Diagnostic),mcg/kg/min,34.4,mg,34.4,1
ADENOSINE (DIAGNOSTIC) 3 MG/ML IV SOLN,Adenosine (Diagnostic),mcg/kg/min,30.5,mg,30.5,1
ADENOSINE (DIAGNOSTIC) 3 MG/ML IV SOLN,Adenosine (Diagnostic),mcg/kg/min,164,mcg/kg/min,164,2
ADENOSINE (DIAGNOSTIC) 3 MG/ML IV SOLN,Adenosine (Diagnostic),mcg/kg/min,140,mcg/kg/min,140,27
ADENOSINE (DIAGNOSTIC) 3 MG/ML IV SOLN,Adenosine (Diagnostic),mg,49.5,mg,49.5,2
ADENOSINE (DIAGNOSTIC) 3 MG/ML IV SOLN,Adenosine (Diagnostic),mg,100.5,mg,100.5,2
ADENOSINE (DIAGNOSTIC) 3 MG/ML IV SOLN,Adenosine (Diagnostic),mg,25.5,mg,25.5,20
ADENOSINE (DIAGNOSTIC) 3 MG/ML IV SOLN,Adenosine (Diagnostic),mg,104.4,mg,104.4,1
ADENOSINE (DIAGNOSTIC) 3 MG/ML IV SOLN,Adenosine (Diagnostic),mg,26.7,mg,26.7,21
ADENOSINE (DIAGNOSTIC) 3 MG/ML IV SOLN,Adenosine (Diagnostic),mg,25.7,mg,25.7,1
ADENOSINE (DIAGNOSTIC) 3 MG/ML IV SOLN,Adenosine (Diagnostic),mg,47.1,mg,47.1,110
ADENOSINE (DIAGNOSTIC) 3 MG/ML IV SOLN,Adenosine (Diagnostic),mg,45.8,mg,45.8,117
ADENOSINE (DIAGNOSTIC) 3 MG/ML IV SOLN,Adenosine (Diagnostic),mg,44.5,mg,44.5,112
ADENOSINE (DIAGNOSTIC) 3 MG/ML IV SOLN,Adenosine (Diagnostic),mg,43.45,mg,43.45,2
ADENOSINE (DIAGNOSTIC) 3 MG/ML IV SOLN,Adenosine (Diagnostic),mg,43.4,mg,43.4,1
ADENOSINE (DIAGNOSTIC) 3 MG/ML IV SOLN,Adenosine (Diagnostic),mg,43.3,mg,43.3,140
ADENOSINE (DIAGNOSTIC) 3 MG/ML IV SOLN,Adenosine (Diagnostic),mg,43,mg,43,2
ADENOSINE (DIAGNOSTIC) 3 MG/ML IV SOLN,Adenosine (Diagnostic),mg,42,mg,42,89
ADENOSINE (DIAGNOSTIC) 3 MG/ML IV SOLN,Adenosine (Diagnostic),mg,41.6,mg,41.6,1
ADENOSINE (DIAGNOSTIC) 3 MG/ML IV SOLN,Adenosine (Diagnostic),mg,40.7,mg,40.7,137
ADENOSINE (DIAGNOSTIC) 3 MG/ML IV SOLN,Adenosine (Diagnostic),mg,39.6,mg,39.6,1
ADENOSINE (DIAGNOSTIC) 3 MG/ML IV SOLN,Adenosine (Diagnostic),mg,39.5,mg,39.5,127
ADENOSINE (DIAGNOSTIC) 3 MG/ML IV SOLN,Adenosine (Diagnostic),mg,33.3,mg,33.3,1
ADENOSINE (DIAGNOSTIC) 3 MG/ML IV SOLN,Adenosine (Diagnostic),mg,28,mg,28,38
ADENOSINE (DIAGNOSTIC) 3 MG/ML IV SOLN,Adenosine (Diagnostic),mg,36.9,mg,36.9,98
ADENOSINE (DIAGNOSTIC) 3 MG/ML IV SOLN,Adenosine (Diagnostic),mg,36.6,mg,36.6,1
ADENOSINE (DIAGNOSTIC) 3 MG/ML IV SOLN,Adenosine (Diagnostic),mg,35.6,mg,35.6,105
ADENOSINE (DIAGNOSTIC) 3 MG/ML IV SOLN,Adenosine (Diagnostic),mg,34.4,mg,34.4,86
ADENOSINE (DIAGNOSTIC) 3 MG/ML IV SOLN,Adenosine (Diagnostic),mg,47.5,mg,47.5,2
ADENOSINE (DIAGNOSTIC) 3 MG/ML IV SOLN,Adenosine (Diagnostic),mg,34.4,mcg/kg/min,34.4,1
ADENOSINE (DIAGNOSTIC) 3 MG/ML IV SOLN,Adenosine (Diagnostic),mg,38.2,mg,38.2,107
ADENOSINE (DIAGNOSTIC) 3 MG/ML IV SOLN,Adenosine (Diagnostic),mg,33.1,mg,33.1,73
ADENOSINE (DIAGNOSTIC) 3 MG/ML IV SOLN,Adenosine (Diagnostic),mg,31.8,mg,31.8,63
ADENOSINE (DIAGNOSTIC) 3 MG/ML IV SOLN,Adenosine (Diagnostic),mg,30.5,mg,30.5,51
ADENOSINE (DIAGNOSTIC) 3 MG/ML IV SOLN,Adenosine (Diagnostic),mg,29.3,mg,29.3,49
ADENOSINE 6 MG/2ML IV SOLN,Adenosine,mg,6,mg,6,227
ADENOSINE 6 MG/2ML IV SOLN,Adenosine,mg,18,mg,18,10
ADENOSINE 6 MG/2ML IV SOLN,Adenosine,mg,24,mg,24,1
ADENOSINE 6 MG/2ML IV SOLN,Adenosine,mg,12,mg,12,172
ADENOSINE 6 MG/2ML IV SOLN,Adenosine,mg,.1,mg/kg,.1,5
ADENOSINE 6 MG/2ML IV SOLN,Adenosine,mg,.3,mg/kg,.3,4
ADENOSINE 6 MG/2ML IV SOLN,Adenosine,mg,.2,mg/kg,.2,1
ADENOSINE 6 MG/2ML IV SOLN,Adenosine,mg,.09,mg,.09,1
ADENOSINE 6 MG/2ML IV SOLN,Adenosine,mg,0.05,mg/kg,0.05,11
ALBUMIN HUMAN 25 % IV SOLN,Albumin Human,g,6.25,g,6.25,3
ALBUMIN HUMAN 25 % IV SOLN,Albumin Human,g,60,g,60,18
ALBUMIN HUMAN 25 % IV SOLN,Albumin Human,g,62.5,g,62.5,2
ALBUMIN HUMAN 25 % IV SOLN,Albumin Human,g,63,g,63,2
ALBUMIN HUMAN 25 % IV SOLN,Albumin Human,g,64,g,64,1
ALBUMIN HUMAN 25 % IV SOLN,Albumin Human,g,65,g,65,2
ALBUMIN HUMAN 25 % IV SOLN,Albumin Human,g,67,g,67,1
ALBUMIN HUMAN 25 % IV SOLN,Albumin Human,g,70,g,70,12
ALBUMIN HUMAN 25 % IV SOLN,Albumin Human,g,75,g,75,19
ALBUMIN HUMAN 25 % IV SOLN,Albumin Human,g,8,g,8,73
ALBUMIN HUMAN 25 % IV SOLN,Albumin Human,g,80,g,80,10
ALBUMIN HUMAN 25 % IV SOLN,Albumin Human,mL,50,mL,50,22
ALBUMIN HUMAN 25 % IV SOLN,Albumin Human,g,85,g,85,2
ALBUMIN HUMAN 25 % IV SOLN,Albumin Human,g,90,g,90,7
ALBUMIN HUMAN 25 % IV SOLN,Albumin Human,g,93,g,93,1
ALBUMIN HUMAN 25 % IV SOLN,Albumin Human,mL,100,mL,100,2
ALBUMIN HUMAN 25 % IV SOLN,Albumin Human,mL,12.5,g,12.5,3
ALBUMIN HUMAN 25 % IV SOLN,Albumin Human,mL,250,mL,250,1
ALBUMIN HUMAN 25 % IV SOLN,Albumin Human,g,56,g,56,2
ALBUMIN HUMAN 25 % IV SOLN,Albumin Human,g,78,g,78,2
ALBUMIN HUMAN 25 % IV SOLN,Albumin Human,g,50,g,50,920
ALBUMIN HUMAN 25 % IV SOLN,Albumin Human,g,125,g,125,8
ALBUMIN HUMAN 25 % IV SOLN,Albumin Human,g,37.5,g,37.5,17
ALBUMIN HUMAN 25 % IV SOLN,Albumin Human,g,40,g,40,14
ALBUMIN HUMAN 25 % IV SOLN,Albumin Human,g,10,g,10,3
ALBUMIN HUMAN 25 % IV SOLN,Albumin Human,g,1000,mg/kg,1000,7
ALBUMIN HUMAN 25 % IV SOLN,Albumin Human,g,11,g,11,1
ALBUMIN HUMAN 25 % IV SOLN,Albumin Human,g,110,g,110,1
ALBUMIN HUMAN 25 % IV SOLN,Albumin Human,g,12.5,g,12.5,17742
ALBUMIN HUMAN 25 % IV SOLN,Albumin Human,g,130,g,130,2
ALBUMIN HUMAN 25 % IV SOLN,Albumin Human,g,135,g,135,6
ALBUMIN HUMAN 25 % IV SOLN,Albumin Human,g,140,g,140,2
ALBUMIN HUMAN 25 % IV SOLN,Albumin Human,g,100,g,100,50
ALBUMIN HUMAN 25 % IV SOLN,Albumin Human,g,16,g,16,7
ALBUMIN HUMAN 25 % IV SOLN,Albumin Human,g,150,g,150,5
ALBUMIN HUMAN 25 % IV SOLN,Albumin Human,g,32,g,32,1
ALBUMIN HUMAN 25 % IV SOLN,Albumin Human,g,30,g,30,21
ALBUMIN HUMAN 25 % IV SOLN,Albumin Human,g,35,g,35,1
ALBUMIN HUMAN 25 % IV SOLN,Albumin Human,g,24,g,24,9
ALBUMIN HUMAN 25 % IV SOLN,Albumin Human,g,23,g,23,8
ALBUMIN HUMAN 25 % IV SOLN,Albumin Human,g,20,g,20,19
ALBUMIN HUMAN 25 % IV SOLN,Albumin Human,g,25,g,25,4958
ALBUMIN HUMAN 25 % IV SOLN,Albumin Human,g,36,g,36,1
ALBUMIN HUMAN 5 % IV SOLN,Albumin Human,mL,2400,mL,2400,3
ALBUMIN HUMAN 5 % IV SOLN,Albumin Human,g,75,g,75,13
ALBUMIN HUMAN 5 % IV SOLN,Albumin Human,mL,205,mL,205,2
ALBUMIN HUMAN 5 % IV SOLN,Albumin Human,mL,12.5,g,12.5,8
ALBUMIN HUMAN 5 % IV SOLN,Albumin Human,mL,100,mL,100,3
ALBUMIN HUMAN 5 % IV SOLN,Albumin Human,g,80,g,80,6
ALBUMIN HUMAN 5 % IV SOLN,Albumin Human,g,8,g,8,1
ALBUMIN HUMAN 5 % IV SOLN,Albumin Human,g,68,g,68,2
ALBUMIN HUMAN 5 % IV SOLN,Albumin Human,g,72,g,72,9
ALBUMIN HUMAN 5 % IV SOLN,Albumin Human,g,70,g,70,8
ALBUMIN HUMAN 5 % IV SOLN,Albumin Human,g,67,g,67,5
ALBUMIN HUMAN 5 % IV SOLN,Albumin Human,g,65,g,65,2
ALBUMIN HUMAN 5 % IV SOLN,Albumin Human,g,62.5,g,62.5,1
ALBUMIN HUMAN 5 % IV SOLN,Albumin Human,mL,25,g,25,13
ALBUMIN HUMAN 5 % IV SOLN,Albumin Human,g,72.5,g,72.5,3
ALBUMIN HUMAN 5 % IV SOLN,Albumin Human,mL,3000,mL,3000,4
ALBUMIN HUMAN 5 % IV SOLN,Albumin Human,mL/hr,125,mL/hr,125,2
ALBUMIN HUMAN 5 % IV SOLN,Albumin Human,mL,3523,mL,3523,2
ALBUMIN HUMAN 5 % IV SOLN,Albumin Human,g,60,g,60,3
ALBUMIN HUMAN 5 % IV SOLN,Albumin Human,mL/hr,90,mL/hr,90,1
ALBUMIN HUMAN 5 % IV SOLN,Albumin Human,mL/hr,7,mL/hr,7,2
ALBUMIN HUMAN 5 % IV SOLN,Albumin Human,mL/hr,60,mL/hr,60,255
ALBUMIN HUMAN 5 % IV SOLN,Albumin Human,mL/hr,40,mL/hr,40,20
ALBUMIN HUMAN 5 % IV SOLN,Albumin Human,mL/hr,30,mL/hr,30,43
ALBUMIN HUMAN 5 % IV SOLN,Albumin Human,mL,3231,mL,3231,4
ALBUMIN HUMAN 5 % IV SOLN,Albumin Human,mL/hr,150,mL/hr,150,1
ALBUMIN HUMAN 5 % IV SOLN,Albumin Human,mL/hr,10,mL/hr,10,4
ALBUMIN HUMAN 5 % IV SOLN,Albumin Human,mL,50,g,50,5
ALBUMIN HUMAN 5 % IV SOLN,Albumin Human,mL,4500,mL,4500,8
ALBUMIN HUMAN 5 % IV SOLN,Albumin Human,mL,4245,mL,4245,4
ALBUMIN HUMAN 5 % IV SOLN,Albumin Human,mL,4000,mL,4000,7
ALBUMIN HUMAN 5 % IV SOLN,Albumin Human,mL,3800,mL,3800,1
ALBUMIN HUMAN 5 % IV SOLN,Albumin Human,mL/hr,120,mL/hr,120,4
ALBUMIN HUMAN 5 % IV SOLN,Albumin Human,g,50,g,50,616
ALBUMIN HUMAN 5 % IV SOLN,Albumin Human,mL,250,mL,250,4
ALBUMIN HUMAN 5 % IV SOLN,Albumin Human,g,5,g,5,6
ALBUMIN HUMAN 5 % IV SOLN,Albumin Human,g,156,g,156,5
ALBUMIN HUMAN 5 % IV SOLN,Albumin Human,g,155,g,155,6
ALBUMIN HUMAN 5 % IV SOLN,Albumin Human,g,150,g,150,53
ALBUMIN HUMAN 5 % IV SOLN,Albumin Human,g,145,g,145,3
ALBUMIN HUMAN 5 % IV SOLN,Albumin Human,g,140,g,140,3
ALBUMIN HUMAN 5 % IV SOLN,Albumin Human,g,139,g,139,6
ALBUMIN HUMAN 5 % IV SOLN,Albumin Human,g,159.9,g,159.9,7
ALBUMIN HUMAN 5 % IV SOLN,Albumin Human,g,1250,mg,1250,1
ALBUMIN HUMAN 5 % IV SOLN,Albumin Human,g,12.5,g,12.5,4347
ALBUMIN HUMAN 5 % IV SOLN,Albumin Human,g,111,g,111,10
ALBUMIN HUMAN 5 % IV SOLN,Albumin Human,g,100,g,100,21
ALBUMIN HUMAN 5 % IV SOLN,Albumin Human,g,10,g,10,1
ALBUMIN HUMAN 5 % IV SOLN,Albumin Human,g,1.5,mg/kg,1.5,1
ALBUMIN HUMAN 5 % IV SOLN,Albumin Human,g,.25,g,.25,2
ALBUMIN HUMAN 5 % IV SOLN,Albumin Human,g,125,g,125,18
ALBUMIN HUMAN 5 % IV SOLN,Albumin Human,g,162.5,g,162.5,11
ALBUMIN HUMAN 5 % IV SOLN,Albumin Human,g,120,g,120,5
ALBUMIN HUMAN 5 % IV SOLN,Albumin Human,g,164,g,164,5
ALBUMIN HUMAN 5 % IV SOLN,Albumin Human,g,37.5,g,37.5,2
ALBUMIN HUMAN 5 % IV SOLN,Albumin Human,g,35,g,35,8
ALBUMIN HUMAN 5 % IV SOLN,Albumin Human,g,3,g,3,8
ALBUMIN HUMAN 5 % IV SOLN,Albumin Human,g,255,g,255,1
ALBUMIN HUMAN 5 % IV SOLN,Albumin Human,g,250,mg,250,1
ALBUMIN HUMAN 5 % IV SOLN,Albumin Human,g,40,g,40,1
ALBUMIN HUMAN 5 % IV SOLN,Albumin Human,g,250,g,250,10
ALBUMIN HUMAN 5 % IV SOLN,Albumin Human,g,210,g,210,4
ALBUMIN HUMAN 5 % IV SOLN,Albumin Human,g,200,g,200,47
ALBUMIN HUMAN 5 % IV SOLN,Albumin Human,g,20.9,g,20.9,5
ALBUMIN HUMAN 5 % IV SOLN,Albumin Human,g,2.5,g,2.5,3
ALBUMIN HUMAN 5 % IV SOLN,Albumin Human,g,180,g,180,4
ALBUMIN HUMAN 5 % IV SOLN,Albumin Human,g,175,g,175,49
ALBUMIN HUMAN 5 % IV SOLN,Albumin Human,g,25,g,25,3955
ALBUMIN HUMAN 5 % IV SOLN,Albumin Human,g,5.5,g,5.5,2
ALCOHOL 98 % IV SOLN,Alcohol,mL,5,mL,5,1
ALCOHOL 98 % IV SOLN,Alcohol,mL,20,mL,20,1
ALCOHOL 98 % IV SOLN,Alcohol,mL,10,mL,10,2
ALCOHOL 98 % IV SOLN,Alcohol,mL,15,mL,15,3
ALTEPLASE 100 MG IV SOLR,Alteplase,mg,62.6,mg,62.6,1
ALTEPLASE 100 MG IV SOLR,Alteplase,mg,63,mg,63,1
ALTEPLASE 100 MG IV SOLR,Alteplase,mg,64.8,mg,64.8,2
ALTEPLASE 100 MG IV SOLR,Alteplase,mg,68,mg,68,1
ALTEPLASE 100 MG IV SOLR,Alteplase,mg,7,mg,7,1
ALTEPLASE 100 MG IV SOLR,Alteplase,mg,7.1,mg,7.1,1
ALTEPLASE 100 MG IV SOLR,Alteplase,mg,7.2,mg,7.2,3
ALTEPLASE 100 MG IV SOLR,Alteplase,mg,73.6,mg,73.6,3
ALTEPLASE 100 MG IV SOLR,Alteplase,mg,8.2,mg,8.2,1
ALTEPLASE 100 MG IV SOLR,Alteplase,mg,81,mg,81,184
ALTEPLASE 100 MG IV SOLR,Alteplase,mg,9,mg,9,151
ALTEPLASE 100 MG IV SOLR,Alteplase,mg,90,mg,90,21
ALTEPLASE 100 MG IV SOLR,Alteplase,mg/kg,.09,mg/kg,.09,191
ALTEPLASE 100 MG IV SOLR,Alteplase,mg/kg,.81,mg/kg,.81,179
ALTEPLASE 100 MG IV SOLR,Alteplase,mg,62.4,mg,62.4,1
ALTEPLASE 100 MG IV SOLR,Alteplase,mg,8.18,mg,8.18,1
ALTEPLASE 100 MG IV SOLR,Alteplase,mg,6.93,mg,6.93,1
ALTEPLASE 100 MG IV SOLR,Alteplase,mg,68.4,mg,68.4,1
ALTEPLASE 100 MG IV SOLR,Alteplase,mg,6.3,mg,6.3,1
ALTEPLASE 100 MG IV SOLR,Alteplase,mg,.81,mg/kg,.81,150
ALTEPLASE 100 MG IV SOLR,Alteplase,mg,10,mg,10,17
ALTEPLASE 100 MG IV SOLR,Alteplase,mg,100,mg,100,14
ALTEPLASE 100 MG IV SOLR,Alteplase,mg,3.6,mg,3.6,1
ALTEPLASE 100 MG IV SOLR,Alteplase,mg,32.4,mg,32.4,1
ALTEPLASE 100 MG IV SOLR,Alteplase,mg,40,mg,40,1
ALTEPLASE 100 MG IV SOLR,Alteplase,mg,45.7,mg,45.7,1
ALTEPLASE 100 MG IV SOLR,Alteplase,mg,.09,mg/kg,.09,113
ALTEPLASE 100 MG IV SOLR,Alteplase,mg,47,mg,47,1
ALTEPLASE 100 MG IV SOLR,Alteplase,mg,5.2,mg,5.2,1
ALTEPLASE 100 MG IV SOLR,Alteplase,mg,6.5,mg,6.5,1
ALTEPLASE 100 MG IV SOLR,Alteplase,mg,5.85,mg,5.85,1
ALTEPLASE 100 MG IV SOLR,Alteplase,mg,5.9,mg,5.9,1
ALTEPLASE 100 MG IV SOLR,Alteplase,mg,50,mg,50,6
ALTEPLASE 100 MG IV SOLR,Alteplase,mg,52.65,mg,52.65,1
ALTEPLASE 100 MG IV SOLR,Alteplase,mg,58.9,mg,58.9,1
ALTEPLASE 100 MG IV SOLR,Alteplase,mg,5.1,mg,5.1,1
ALTEPLASE 50 MG IV SOLR,Alteplase,mg/kg,.81,mg/kg,.81,1
ALTEPLASE 50 MG IV SOLR,Alteplase,mg,50,mg,50,25
ALTEPLASE 50 MG IV SOLR,Alteplase,mg/kg,.09,mg/kg,.09,1
AMINOCAPROIC ACID 250 MG/ML IV SOLN,Aminocaproic Acid,g,5,g,5,2
AMINOPHYLLINE 25 MG/ML IV SOLN,Aminophylline,mg,250,mg,250,1
AMINOPHYLLINE 25 MG/ML IV SOLN,Aminophylline,mg,5.7,mg/kg,5.7,1
AMINOPHYLLINE 25 MG/ML IV SOLN,Aminophylline,mg,50,mg,50,5
AMINOPHYLLINE 25 MG/ML IV SOLN,Aminophylline,mg,75,mg,75,1
AMIODARONE HCL 150 MG/3ML IV SOLN,Amiodarone HCl,mg,200,mg,200,5
AMIODARONE HCL 150 MG/3ML IV SOLN,Amiodarone HCl,mg,100,mg,100,5
AMIODARONE HCL 150 MG/3ML IV SOLN,Amiodarone HCl,mg,150,mg,150,332
AMIODARONE HCL 150 MG/3ML IV SOLN,Amiodarone HCl,mg,300,mg,300,82
AMIODARONE HCL 150 MG/3ML IV SOLN,Amiodarone HCl,mg,400,mg,400,2
AMIODARONE HCL 150 MG/3ML IV SOLN,Amiodarone HCl,mg,75,mg,75,2
AMIODARONE HCL IN DEXTROSE 150-4.21 MG/100ML-% IV SOLN,Amiodarone HCl in Dextrose,mg,150,mg,150,1413
AMIODARONE HCL IN DEXTROSE 360-4.14 MG/200ML-% IV SOLN,Amiodarone HCl in Dextrose,mg/min,1.5,mg/min,1.5,8
AMIODARONE HCL IN DEXTROSE 360-4.14 MG/200ML-% IV SOLN,Amiodarone HCl in Dextrose,mg/min,.75,mg/min,.75,2
AMIODARONE HCL IN DEXTROSE 360-4.14 MG/200ML-% IV SOLN,Amiodarone HCl in Dextrose,mg/min,1,mg/min,1,5559
AMIODARONE HCL IN DEXTROSE 360-4.14 MG/200ML-% IV SOLN,Amiodarone HCl in Dextrose,mg/min,.7,mg/min,.7,6
AMIODARONE HCL IN DEXTROSE 360-4.14 MG/200ML-% IV SOLN,Amiodarone HCl in Dextrose,mg,1,mg/min,1,3
AMIODARONE HCL IN DEXTROSE 360-4.14 MG/200ML-% IV SOLN,Amiodarone HCl in Dextrose,mg/min,.5,mg/min,.5,12730
AMIODARONE HCL IN DEXTROSE 360-4.14 MG/200ML-% IV SOLN,Amiodarone HCl in Dextrose,mg/min,.25,mg/min,.25,35
AMIODARONE HCL IN DEXTROSE 360-4.14 MG/200ML-% IV SOLN,Amiodarone HCl in Dextrose,mg,.5,mg/min,.5,5
AMIODARONE HCL IN DEXTROSE 360-4.14 MG/200ML-% IV SOLN,Amiodarone HCl in Dextrose,mg/min,.5-1,mg/min,.5-1,6
AMPICILLIN SODIUM 500 MG IJ SOLR,Ampicillin Sodium,mg,100,mg/kg,100,89
AMPICILLIN SODIUM 500 MG IJ SOLR,Ampicillin Sodium,mg,214,mg,214,1
AMPICILLIN SODIUM 500 MG IJ SOLR,Ampicillin Sodium,mg,50,mg/kg,50,2
AMPICILLIN SODIUM 500 MG IJ SOLR,Ampicillin Sodium,mg,67,mg/kg,67,1
ANTIHEMOPHILIC FACTOR (RECOMB) 500 UNITS IV KIT,Antihemophilic Factor (Recomb),Units/kg,50,Units/kg,50,1
ANTIHEMOPHILIC FACTOR (RECOMB) 500 UNITS IV KIT,Antihemophilic Factor (Recomb),Units,4500,Units,4500,1
ANTIHEMOPHILIC FACTOR (RECOMB) 500 UNITS IV KIT,Antihemophilic Factor (Recomb),Units,4400,Units,4400,1
ANTIHEMOPHILIC FACTOR (RECOMB) 500 UNITS IV KIT,Antihemophilic Factor (Recomb),Units,4303,Units,4303,1
ANTIHEMOPHILIC FACTOR (RECOMB) 500 UNITS IV KIT,Antihemophilic Factor (Recomb),Units,4568,Units,4568,1
ANTIHEMOPHILIC FACTOR (RECOMB) 500 UNITS IV KIT,Antihemophilic Factor (Recomb),Units,2619,Units,2619,1
ANTIHEMOPHILIC FACTOR (RECOMB) 500 UNITS IV KIT,Antihemophilic Factor (Recomb),Units,2608,Units,2608,1
ANTIHEMOPHILIC FACTOR (RECOMB) 500 UNITS IV KIT,Antihemophilic Factor (Recomb),Units,10134,Units,10134,1
ANTIHEMOPHILIC FACTOR (RECOMB) 500 UNITS IV KIT,Antihemophilic Factor (Recomb),Units,3111,Units,3111,1
ANTIHEMOPHILIC FACTOR-VWF 500-1200 UNITS IV SOLR,Antihemophilic Factor-VWF,Int'l Units,3270,Int'l Units,3270,1
ANTIHEMOPHILIC FACTOR-VWF 500-1200 UNITS IV SOLR,Antihemophilic Factor-VWF,Int'l Units,5400,Int'l Units,5400,2
ARGATROBAN 250 MG/2.5ML IV SOLN,Argatroban,mg,4,mg,4,1
ARGATROBAN 50 MG/50ML IV SOLN,Argatroban,mcg/kg/min,0-10,mcg/kg/min,0-10,41
ARGATROBAN IN SODIUM CHLORIDE 250-0.9 MG/250ML-% IV SOLN,Argatroban in Sodium Chloride,mcg/kg/min,2,mcg/kg/min,2,6
ARGATROBAN IN SODIUM CHLORIDE 250-0.9 MG/250ML-% IV SOLN,Argatroban in Sodium Chloride,mcg/kg/min,.5,mcg/kg/min,.5,13
ATRACURIUM BESYLATE 100 MG/10ML IV SOLN,Atracurium Besylate,mg,0.4,mg/kg,0.4,1
AZTREONAM 1G IN 50ML DEXTROSE (ISO-OSMOTIC) PREMIXED SOLUTION,Aztreonam-Dextrose,g,1,g,1,319
AZTREONAM 2G IN 50ML DEXTROSE (ISO-OSMOTIC) PREMIXED SOLUTION,Aztreonam-Dextrose,g,2,g,2,421
CALCITRIOL 1 MCG/ML IV SOLN,Calcitriol,mcg,8,mcg,8,6
CALCITRIOL 1 MCG/ML IV SOLN,Calcitriol,mcg,7,mcg,7,9
CALCITRIOL 1 MCG/ML IV SOLN,Calcitriol,mcg,6,mcg,6,10
CALCITRIOL 1 MCG/ML IV SOLN,Calcitriol,mcg,5,mcg,5,39
CALCITRIOL 1 MCG/ML IV SOLN,Calcitriol,mcg,4,mcg,4,54
CALCITRIOL 1 MCG/ML IV SOLN,Calcitriol,mcg,.25,mcg,.25,24
CALCITRIOL 1 MCG/ML IV SOLN,Calcitriol,mcg,2,mcg,2,534
CALCITRIOL 1 MCG/ML IV SOLN,Calcitriol,mcg,10,mcg,10,6
CALCITRIOL 1 MCG/ML IV SOLN,Calcitriol,mcg,1,mcg,1,1669
CALCITRIOL 1 MCG/ML IV SOLN,Calcitriol,mcg,.5,mcg,.5,252
CALCITRIOL 1 MCG/ML IV SOLN,Calcitriol,mcg,3,mcg,3,77
CALCIUM CHLORIDE 10 % IV SOLN,Calcium Chloride,g,.3,g,.3,1
CALCIUM CHLORIDE 10 % IV SOLN,Calcium Chloride,g,.5,g,.5,1
CALCIUM CHLORIDE 10 % IV SOLN,Calcium Chloride,g,1,g,1,268
CALCIUM CHLORIDE 10 % IV SOLN,Calcium Chloride,g,2,g,2,26
CALCIUM CHLORIDE 10 % IV SOLN,Calcium Chloride,g,3,g,3,2
CALCIUM CHLORIDE 10 % IV SOLN,Calcium Chloride,g,4,g,4,1
CALCIUM GLUCONATE 10 % IV SOLN,Calcium Gluconate,mg,1,g,1,1
CALCIUM GLUCONATE 10 % IV SOLN,Calcium Gluconate,g,5,g,5,1
CALCIUM GLUCONATE 10 % IV SOLN,Calcium Gluconate,g,4,g,4,1
CALCIUM GLUCONATE 10 % IV SOLN,Calcium Gluconate,g,3.5,g,3.5,1
CALCIUM GLUCONATE 10 % IV SOLN,Calcium Gluconate,g,3,g,3,79
CALCIUM GLUCONATE 10 % IV SOLN,Calcium Gluconate,g,2,g,2,318
CALCIUM GLUCONATE 10 % IV SOLN,Calcium Gluconate,g,1,g,1,4131
CALCIUM GLUCONATE-NACL 1-0.675 GM/50ML-% IV SOLN,Calcium Gluconate-NaCl,g,1,g,1,3103
CALCIUM GLUCONATE-NACL 2-0.675 GM/100ML-% IV SOLN,Calcium Gluconate-NaCl,g,2,g,2,2188
CEFAZOLIN 1G IN 50ML DEXTROSE (ISO-OSMOTIC) PREMIXED SOLUTION,CeFAZolin in D5W,g,1,g,1,6802
CEFAZOLIN 1G IN 50ML DEXTROSE (ISO-OSMOTIC) PREMIXED SOLUTION,CeFAZolin in D5W,g,2,g,2,2
CEFAZOLIN 1G IN 50ML DEXTROSE (ISO-OSMOTIC) PREMIXED SOLUTION,CeFAZolin in D5W,mg,1,g,1,2
CEFAZOLIN 1G IN 50ML DEXTROSE (ISO-OSMOTIC) PREMIXED SOLUTION,ceFAZolin Sodium-Dextrose,g,1,g,1,17688
CEFAZOLIN IN D5W 2 GM/100ML IV SOLN,CeFAZolin in D5W,g,2,g,2,1
CEFAZOLIN SODIUM-DEXTROSE 2-3 GM-% IV SOLR,ceFAZolin Sodium-Dextrose,g,2,g,2,4374
CEFAZOLIN SODIUM-DEXTROSE 2-3 GM-%(50ML) IV SOLR,ceFAZolin Sodium-Dextrose,g,2,g,2,1
CEFAZOLIN SODIUM-DEXTROSE 2-4 GM/100ML-% IV SOLN,ceFAZolin Sodium-Dextrose,g,2,g,2,17756
CEFEPIME HCL 1 GM/50ML DEXTROSE (ISO-OSMOTIC) PREMIXED SOLUTION,Cefepime HCl,g,2,g,2,25
CEFEPIME HCL 1 GM/50ML DEXTROSE (ISO-OSMOTIC) PREMIXED SOLUTION,Cefepime HCl,g,1,g,1,1896
CEFOTAXIME SODIUM IN D5W 1 GM/50ML IV SOLN,Cefotaxime Sodium in D5W,g,1,g,1,1
CEFTAZIDIME (FORTAZ) 2 G/50 ML D5W IV DUPLEX,cefTAZidime and Dextrose,g,2,g,2,695
CEFTAZIDIME AND DEXTROSE 2-5 GM-%(50ML) IV SOLR,cefTAZidime and Dextrose,g,2,g,2,14
CEFTAZIDIME SODIUM IN DEXTROSE 1 GM/50ML IV SOLN,cefTAZidime Sodium in Dextrose,g,1,g,1,5
CEFTOLOZANE-TAZOBACTAM 1.5 (1-0.5) G IV SOLR,Ceftolozane-Tazobactam,g,1.5,g,1.5,1
CETUXIMAB 100 MG/50ML IV SOLN,Cetuximab,mg,250,mg/m2,250,20
CETUXIMAB 100 MG/50ML IV SOLN,Cetuximab,mg,400,mg/m2,400,13
CIPROFLOXACIN IN D5W 200 MG/100ML IV SOLN,Ciprofloxacin in D5W,mg,200,mg,200,118
CIPROFLOXACIN IN D5W 400 MG/200ML IV SOLN,Ciprofloxacin in D5W,mg,250,mg,250,1
CIPROFLOXACIN IN D5W 400 MG/200ML IV SOLN,Ciprofloxacin in D5W,mg,400,mg,400,20750
CIPROFLOXACIN IN D5W 400 MG/200ML IV SOLN,Ciprofloxacin in D5W,mg,500,mg,500,38
CIPROFLOXACIN IN D5W 400 MG/200ML IV SOLN,Ciprofloxacin in D5W,mg,750,mg,750,1
CISATRACURIUM BESYLATE 20 MG/10ML IV SOLN,Cisatracurium Besylate,mg,20,mg,20,1
CISATRACURIUM BESYLATE 20 MG/10ML IV SOLN,Cisatracurium Besylate,mg,10,mg,10,4
CISATRACURIUM BESYLATE 20 MG/10ML IV SOLN,Cisatracurium Besylate,mg,.15,mg/kg,.15,6
CISATRACURIUM BESYLATE 20 MG/10ML IV SOLN,Cisatracurium Besylate,mg,.03,mg/kg,.03,2
CISATRACURIUM BESYLATE 20 MG/10ML IV SOLN,Cisatracurium Besylate,mg,.2,mg/kg,.2,2
CLINDAMYCIN PHOSPHATE IN D5W 600 MG/50ML IV SOLN,Clindamycin Phosphate in D5W,mg,600,mg,600,22362
CLINDAMYCIN PHOSPHATE IN D5W 900 MG/50ML IV SOLN,Clindamycin Phosphate in D5W,mg,900,mg,900,26113
COAGULATION FACTOR IX (RECOMB BENEFIX) 1000 UNITS IV KIT,Coagulation Factor IX (Recomb),Units,3500,Units,3500,2
COAGULATION FACTOR IX (RECOMB) 1000 UNITS IV KIT,Coagulation Factor IX (Recomb),Units,4000,Units,4000,1
COAGULATION FACTOR IX (RECOMB) 1000 UNITS IV KIT,Coagulation Factor IX (Recomb),Units,6000,Units,6000,2
COAGULATION FACTOR IX (RECOMB) 1000 UNITS IV KIT,Coagulation Factor IX (Recomb),Units,6500,Units,6500,8
COAGULATION FACTOR IX (RECOMB) 1000 UNITS IV SOLR,Coagulation Factor IX (Recomb),Units,62,Units/kg,62,1
COAGULATION FACTOR IX (RECOMB) 1000 UNITS IV SOLR,Coagulation Factor IX (Recomb),Units/kg,62,Units/kg,62,1
CONIVAPTAN HCL IN DEXTROSE 20-5 MG/100ML-% IV SOLN,Conivaptan HCl in Dextrose,mg,20,mg,20,27
COPPER CHLORIDE 0.4 MG/ML IV SOLN,Cupric Chloride,mg,2.4,mg,2.4,4
CUPRIC SULFATE 0.4 MG/ML IV SOLN,Cupric Sulfate,mg,2.4,mg,2.4,1
DEXAMETHASONE SODIUM PHOSPHATE 4 MG/ML IJ SOLN,Dexamethasone Sodium Phosphate,mg,10,mg,10,1
DEXMEDETOMIDINE 1000 MCG/ 250 ML NS PREMIXED,Dexmedetomidine HCl,mcg/kg/hr,0-1.6,mcg/kg/hr,0-1.6,23
DEXMEDETOMIDINE 1000 MCG/ 250 ML NS PREMIXED,Dexmedetomidine HCl,mcg/kg/hr,0-1.5,mcg/kg/hr,0-1.5,44
DEXMEDETOMIDINE 1000 MCG/ 250 ML NS PREMIXED,Dexmedetomidine HCl,mcg/kg/hr,0-1.4,mcg/kg/hr,0-1.4,45641
DEXMEDETOMIDINE 1000 MCG/ 250 ML NS PREMIXED,Dexmedetomidine HCl,mcg/kg/hr,0-1.2,mcg/kg/hr,0-1.2,95
DEXMEDETOMIDINE 1000 MCG/ 250 ML NS PREMIXED,Dexmedetomidine HCl,mcg/kg/hr,0-1.1,mcg/kg/hr,0-1.1,108
DEXMEDETOMIDINE 1000 MCG/ 250 ML NS PREMIXED,Dexmedetomidine HCl,mcg/kg/hr,0-1,mcg/kg/hr,0-1,679
DEXMEDETOMIDINE 1000 MCG/ 250 ML NS PREMIXED,Dexmedetomidine HCl,mcg/kg/hr,0-.9,mcg/kg/hr,0-.9,41
DEXMEDETOMIDINE 1000 MCG/ 250 ML NS PREMIXED,Dexmedetomidine HCl,mcg/kg/hr,0-.8,mcg/kg/hr,0-.8,101
DEXMEDETOMIDINE 1000 MCG/ 250 ML NS PREMIXED,Dexmedetomidine HCl,mcg/kg/hr,0-.7,mcg/kg/hr,0-.7,199
DEXMEDETOMIDINE 1000 MCG/ 250 ML NS PREMIXED,Dexmedetomidine HCl,mcg/kg/hr,0-.6,mcg/kg/hr,0-.6,230
DEXMEDETOMIDINE 1000 MCG/ 250 ML NS PREMIXED,Dexmedetomidine HCl,mcg/kg/hr,0-.4,mcg/kg/hr,0-.4,242
DEXMEDETOMIDINE 1000 MCG/ 250 ML NS PREMIXED,Dexmedetomidine HCl,mcg/kg/hr,0-.5,mcg/kg/hr,0-.5,618
DEXMEDETOMIDINE 1000 MCG/ 250 ML NS PREMIXED,Dexmedetomidine HCl,mcg/kg/hr,0-.2,mcg/kg/hr,0-.2,3
DEXMEDETOMIDINE 1000 MCG/ 250 ML NS PREMIXED,Dexmedetomidine HCl,mcg/kg/hr,0-.09,mcg/kg/hr,0-.09,46
DEXMEDETOMIDINE 1000 MCG/ 250 ML NS PREMIXED,Dexmedetomidine HCl,mcg/kg/hr,0-.06,mcg/kg/hr,0-.06,60
DEXMEDETOMIDINE 1000 MCG/ 250 ML NS PREMIXED,Dexmedetomidine HCl,mcg/kg/hr,.9,mcg/kg/hr,.9,59
DEXMEDETOMIDINE 1000 MCG/ 250 ML NS PREMIXED,Dexmedetomidine HCl,mcg/kg/hr,.8,mcg/kg/hr,.8,67
DEXMEDETOMIDINE 1000 MCG/ 250 ML NS PREMIXED,Dexmedetomidine HCl,mcg/kg/hr,.6,mcg/kg/hr,.6,8
DEXMEDETOMIDINE 1000 MCG/ 250 ML NS PREMIXED,Dexmedetomidine HCl,mcg/kg/hr,.5,mcg/kg/hr,.5,10
DEXMEDETOMIDINE 1000 MCG/ 250 ML NS PREMIXED,Dexmedetomidine HCl,mcg/kg/hr,.3,mcg/kg/hr,.3,2
DEXMEDETOMIDINE 1000 MCG/ 250 ML NS PREMIXED,Dexmedetomidine HCl,mcg/kg/hr,.2,mcg/kg/hr,.2,3
DEXMEDETOMIDINE 1000 MCG/ 250 ML NS PREMIXED,Dexmedetomidine HCl,mcg/kg/hr,.1-.5,mcg/kg/hr,.1-.5,182
DEXMEDETOMIDINE 1000 MCG/ 250 ML NS PREMIXED,Dexmedetomidine HCl,mcg/kg/hr,.1,mcg/kg/hr,.1,24
DEXMEDETOMIDINE 1000 MCG/ 250 ML NS PREMIXED,Dexmedetomidine HCl,mcg/kg/hr,0-.3,mcg/kg/hr,0-.3,280
DEXMEDETOMIDINE HCL 200 MCG/2ML IV SOLN,Dexmedetomidine HCl,mcg,30,mcg,30,2
DEXMEDETOMIDINE HCL 200 MCG/2ML IV SOLN,Dexmedetomidine HCl,mcg/kg/hr,.3,mcg/kg/hr,.3,1
DEXMEDETOMIDINE HCL IN NACL 200 MCG/50ML IV SOLN,Dexmedetomidine HCl in NaCl,mcg/kg/hr,.1,mcg/kg/hr,.1,3
DEXTROSE 10 % IV SOLN,Dextrose,mL/hr,100,mL/hr,100,75
DEXTROSE 10 % IV SOLN,Dextrose,g,0.5,g/kg,0.5,4
DEXTROSE 10 % IV SOLN,Dextrose,mL,500,mL,500,9
DEXTROSE 10% (NICU) IV BOLUS,Dextrose 10,mL,3.5,mL,3.5,4
DEXTROSE 10% (NICU) IV BOLUS,Dextrose 10,mL,3.6,mL,3.6,2
DEXTROSE 10% (NICU) IV BOLUS,Dextrose 10,mL,3.75,mL,3.75,1
DEXTROSE 10% (NICU) IV BOLUS,Dextrose 10,mL,4,mL,4,55
DEXTROSE 10% (NICU) IV BOLUS,Dextrose 10,mL,4,mL/kg,4,3
DEXTROSE 10% (NICU) IV BOLUS,Dextrose 10,mL,4.2,mL,4.2,1
DEXTROSE 10% (NICU) IV BOLUS,Dextrose 10,mL,4.4,mL,4.4,1
DEXTROSE 10% (NICU) IV BOLUS,Dextrose 10,mL,4.5,mL,4.5,6
DEXTROSE 10% (NICU) IV BOLUS,Dextrose 10,mL,4.6,mL,4.6,1
DEXTROSE 10% (NICU) IV BOLUS,Dextrose 10,mL,4.7,mL,4.7,1
DEXTROSE 10% (NICU) IV BOLUS,Dextrose 10,mL,5,mL,5,44
DEXTROSE 10% (NICU) IV BOLUS,Dextrose 10,mL,5.2,mL,5.2,1
DEXTROSE 10% (NICU) IV BOLUS,Dextrose 10,mL,5.4,mL,5.4,1
DEXTROSE 10% (NICU) IV BOLUS,Dextrose 10,mL,5.5,mL,5.5,2
DEXTROSE 10% (NICU) IV BOLUS,Dextrose 10,mL,6,mL,6,39
DEXTROSE 10% (NICU) IV BOLUS,Dextrose 10,mL,6.5,mL,6.5,4
DEXTROSE 10% (NICU) IV BOLUS,Dextrose 10,mL,6.8,mL,6.8,2
DEXTROSE 10% (NICU) IV BOLUS,Dextrose 10,mL,7,mL,7,15
DEXTROSE 10% (NICU) IV BOLUS,Dextrose 10,mL,7.2,mL,7.2,1
DEXTROSE 10% (NICU) IV BOLUS,Dextrose 10,mL,7.6,mL,7.6,1
DEXTROSE 10% (NICU) IV BOLUS,Dextrose 10,mL,8,mL,8,26
DEXTROSE 10% (NICU) IV BOLUS,Dextrose 10,mL,8.8,mL,8.8,1
DEXTROSE 10% (NICU) IV BOLUS,Dextrose 10,mL,9,mL,9,5
DEXTROSE 10% (NICU) IV BOLUS,Dextrose 10,mL/kg,2,mL/kg,2,4
DEXTROSE 10% (NICU) IV BOLUS,Dextrose 10,mL/kg,2.2,mL/kg,2.2,1
DEXTROSE 10% (NICU) IV BOLUS,Dextrose 10,mL,5.5,mL/kg,5.5,1
DEXTROSE 10% (NICU) IV BOLUS,Dextrose 10,mL,3.4,mL,3.4,1
DEXTROSE 10% (NICU) IV BOLUS,Dextrose 10,mL,1.1,mL,1.1,1
DEXTROSE 10% (NICU) IV BOLUS,Dextrose 10,mL,3,mL/kg,3,4
DEXTROSE 10% (NICU) IV BOLUS,Dextrose 10,mL,1,mL,1,5
DEXTROSE 10% (NICU) IV BOLUS,Dextrose 10,mL,3.2,mL,3.2,3
DEXTROSE 10% (NICU) IV BOLUS,Dextrose 10,mL,1.3,mL,1.3,1
DEXTROSE 10% (NICU) IV BOLUS,Dextrose 10,mL,1.5,mL,1.5,15
DEXTROSE 10% (NICU) IV BOLUS,Dextrose 10,mL,1.6,mL,1.6,9
DEXTROSE 10% (NICU) IV BOLUS,Dextrose 10,mL,1.7,mL,1.7,1
DEXTROSE 10% (NICU) IV BOLUS,Dextrose 10,mL,1.9,mL/kg,1.9,1
DEXTROSE 10% (NICU) IV BOLUS,Dextrose 10,mL,10,mL,10,20
DEXTROSE 10% (NICU) IV BOLUS,Dextrose 10,mL,2,mL,2,31
DEXTROSE 10% (NICU) IV BOLUS,Dextrose 10,mL,2,mL/kg,2,870
DEXTROSE 10% (NICU) IV BOLUS,Dextrose 10,mL,2.005,mL/kg,2.005,1
DEXTROSE 10% (NICU) IV BOLUS,Dextrose 10,mL,2.07,mL/kg,2.07,1
DEXTROSE 10% (NICU) IV BOLUS,Dextrose 10,mL,15,mL,15,1
DEXTROSE 10% (NICU) IV BOLUS,Dextrose 10,mL,2.14,mL/kg,2.14,2
DEXTROSE 10% (NICU) IV BOLUS,Dextrose 10,mL,3,mL,3,31
DEXTROSE 10% (NICU) IV BOLUS,Dextrose 10,mL,2.1,mL/kg,2.1,1
DEXTROSE 10% (NICU) IV BOLUS,Dextrose 10,mL,2.8,mL,2.8,1
DEXTROSE 10% (NICU) IV BOLUS,Dextrose 10,mL,2.7,mL,2.7,1
DEXTROSE 10% (NICU) IV BOLUS,Dextrose 10,mL,2.66,mL,2.66,1
DEXTROSE 10% (NICU) IV BOLUS,Dextrose 10,mL,250,mL,250,1
DEXTROSE 10% (NICU) IV BOLUS,Dextrose 10,mL,2.5,mL,2.5,3
DEXTROSE 10% (NICU) IV BOLUS,Dextrose 10,mL,2.4,mL,2.4,3
DEXTROSE 10% (NICU) IV BOLUS,Dextrose 10,mL,2.2,mL/kg,2.2,2
DEXTROSE 10% (NICU) IV BOLUS,Dextrose 10,mL,2.2,mL,2.2,3
DEXTROSE 10% (NICU) IV BOLUS,Dextrose 10,mL,2.5,mL/kg,2.5,1
DEXTROSE 10% (NICU) IV BOLUS SYRINGE,Dextrose 10,mL,3.2,mL,3.2,1
DEXTROSE 10% (NICU) IV BOLUS SYRINGE,Dextrose 10,mL/kg,2,mL/kg,2,2
DEXTROSE 10% (NICU) IV BOLUS SYRINGE,Dextrose 10,mL,8,mL,8,4
DEXTROSE 10% (NICU) IV BOLUS SYRINGE,Dextrose 10,mL,7,mL,7,10
DEXTROSE 10% (NICU) IV BOLUS SYRINGE,Dextrose 10,mL,6,mL,6,10
DEXTROSE 10% (NICU) IV BOLUS SYRINGE,Dextrose 10,mL,5,mL,5,8
DEXTROSE 10% (NICU) IV BOLUS SYRINGE,Dextrose 10,mL,4.5,mL,4.5,1
DEXTROSE 10% (NICU) IV BOLUS SYRINGE,Dextrose 10,mL,4,mL,4,6
DEXTROSE 10% (NICU) IV BOLUS SYRINGE,Dextrose 10,mL,3.4,mL,3.4,1
DEXTROSE 10% (NICU) IV BOLUS SYRINGE,Dextrose 10,mL,3,mL/kg,3,1
DEXTROSE 10% (NICU) IV BOLUS SYRINGE,Dextrose 10,mL,11,mL,11,1
DEXTROSE 10% (NICU) IV BOLUS SYRINGE,Dextrose 10,mL,2.5,mL/kg,2.5,6
DEXTROSE 10% (NICU) IV BOLUS SYRINGE,Dextrose 10,mL,2.03,mL/kg,2.03,1
DEXTROSE 10% (NICU) IV BOLUS SYRINGE,Dextrose 10,mL,2,mL/kg,2,529
DEXTROSE 10% (NICU) IV BOLUS SYRINGE,Dextrose 10,mL,15,mL,15,1
DEXTROSE 10% (NICU) IV BOLUS SYRINGE,Dextrose 10,mL,13,mL,13,2
DEXTROSE 10% (NICU) IV BOLUS SYRINGE,Dextrose 10,mL,1.4,mL,1.4,2
DEXTROSE 10% (NICU) IV BOLUS SYRINGE,Dextrose 10,mL,1.2,mL,1.2,1
DEXTROSE 10% (NICU) IV BOLUS SYRINGE,Dextrose 10,mL,1,mL/kg,1,2
DEXTROSE 10% (NICU) IV BOLUS SYRINGE,Dextrose 10,mL,1,mL,1,1
DEXTROSE 10% (NICU) IV BOLUS SYRINGE,Dextrose 10,mL,3,mL,3,6
DEXTROSE 20 % IV SOLN,Dextrose,mL,500,mL,500,12
DEXTROSE 20 % IV SOLN,Dextrose,mL/hr,100,mL/hr,100,1
DEXTROSE 250 MG/ML IV SOLN,Dextrose,g,2.5,g,2.5,11
DEXTROSE 250 MG/ML IV SOLN,Dextrose,g,.5,g/kg,.5,2
DEXTROSE 5 % AND 0.45 % NACL IV BOLUS,DEXTROSE 5 % AND 0.45 % NACL,mL,750,mL,750,1
DEXTROSE 5 % AND 0.45 % NACL IV BOLUS,DEXTROSE 5 % AND 0.45 % NACL,mL,75,mL,75,23
DEXTROSE 5 % AND 0.45 % NACL IV BOLUS,DEXTROSE 5 % AND 0.45 % NACL,mL,600,mL,600,2
DEXTROSE 5 % AND 0.45 % NACL IV BOLUS,DEXTROSE 5 % AND 0.45 % NACL,mL,60,mL,60,2
DEXTROSE 5 % AND 0.45 % NACL IV BOLUS,DEXTROSE 5 % AND 0.45 % NACL,mL,5500,mL,5500,1
DEXTROSE 5 % AND 0.45 % NACL IV BOLUS,DEXTROSE 5 % AND 0.45 % NACL,mL,500,mL,500,457
DEXTROSE 5 % AND 0.45 % NACL IV BOLUS,DEXTROSE 5 % AND 0.45 % NACL,mL,50,mL,50,6
DEXTROSE 5 % AND 0.45 % NACL IV BOLUS,DEXTROSE 5 % AND 0.45 % NACL,mL,4000,mL,4000,2
DEXTROSE 5 % AND 0.45 % NACL IV BOLUS,DEXTROSE 5 % AND 0.45 % NACL,mL,400,mL,400,1
DEXTROSE 5 % AND 0.45 % NACL IV BOLUS,DEXTROSE 5 % AND 0.45 % NACL,mL,3000,mL,3000,3
DEXTROSE 5 % AND 0.45 % NACL IV BOLUS,DEXTROSE 5 % AND 0.45 % NACL,mL,2500,mL,2500,2
DEXTROSE 5 % AND 0.45 % NACL IV BOLUS,DEXTROSE 5 % AND 0.45 % NACL,mL,1200,mL,1200,2
DEXTROSE 5 % AND 0.45 % NACL IV BOLUS,DEXTROSE 5 % AND 0.45 % NACL,mL,2000,mL,2000,29
DEXTROSE 5 % AND 0.45 % NACL IV BOLUS,DEXTROSE 5 % AND 0.45 % NACL,mL,200,mL,200,18
DEXTROSE 5 % AND 0.45 % NACL IV BOLUS,DEXTROSE 5 % AND 0.45 % NACL,mL,1800,mL,1800,3
DEXTROSE 5 % AND 0.45 % NACL IV BOLUS,DEXTROSE 5 % AND 0.45 % NACL,mL,1500,mL,1500,4
DEXTROSE 5 % AND 0.45 % NACL IV BOLUS,DEXTROSE 5 % AND 0.45 % NACL,mL,150,mL,150,13
DEXTROSE 5 % AND 0.45 % NACL IV BOLUS,DEXTROSE 5 % AND 0.45 % NACL,mL,125,mL,125,10
DEXTROSE 5 % AND 0.45 % NACL IV BOLUS,DEXTROSE 5 % AND 0.45 % NACL,mL,250,mL,250,65
DEXTROSE 5 % AND 0.45 % NACL IV BOLUS,DEXTROSE 5 % AND 0.45 % NACL,mL,110,mL,110,3
DEXTROSE 5 % AND 0.45 % NACL IV BOLUS,DEXTROSE 5 % AND 0.45 % NACL,mL,1000,mL,1000,923
DEXTROSE 5 % AND 0.45 % NACL IV BOLUS,DEXTROSE 5 % AND 0.45 % NACL,mL,100,mL,100,16
DEXTROSE 5 % AND 0.9 % NACL IV BOLUS,DEXTROSE 5 % AND 0.9 % NACL IV,mL,750,mL,750,5
DEXTROSE 5 % AND 0.9 % NACL IV BOLUS,DEXTROSE 5 % AND 0.9 % NACL IV,mL,500,mL,500,299
DEXTROSE 5 % AND 0.9 % NACL IV BOLUS,DEXTROSE 5 % AND 0.9 % NACL IV,mL,3000,mL,3000,1
DEXTROSE 5 % AND 0.9 % NACL IV BOLUS,DEXTROSE 5 % AND 0.9 % NACL IV,mL,250,mL,250,51
DEXTROSE 5 % AND 0.9 % NACL IV BOLUS,DEXTROSE 5 % AND 0.9 % NACL IV,mL,150,mL,150,1
DEXTROSE 5 % AND 0.9 % NACL IV BOLUS,DEXTROSE 5 % AND 0.9 % NACL IV,mL,1500,mL,1500,1
DEXTROSE 5 % AND 0.9 % NACL IV BOLUS,DEXTROSE 5 % AND 0.9 % NACL IV,mL,125,mL,125,4
DEXTROSE 5 % AND 0.9 % NACL IV BOLUS,DEXTROSE 5 % AND 0.9 % NACL IV,mL,1000,mL,1000,378
DEXTROSE 5 % AND 0.9 % NACL IV BOLUS,DEXTROSE 5 % AND 0.9 % NACL IV,mL,2000,mL,2000,13
DEXTROSE 5 % FLUSH-AMPHO PANEL,Dextrose 5%,mL,30,mL,30,4312
DEXTROSE 5 % IN LACTATED RINGERS IV BOLUS,DEXTROSE 5 % IN LACTATED RINGERS,mL,500,mL,500,274
DEXTROSE 5 % IN LACTATED RINGERS IV BOLUS,DEXTROSE 5 % IN LACTATED RINGERS,mL,750,mL,750,2
DEXTROSE 5 % IN LACTATED RINGERS IV BOLUS,DEXTROSE 5 % IN LACTATED RINGERS,mL,75,mL,75,1
DEXTROSE 5 % IN LACTATED RINGERS IV BOLUS,DEXTROSE 5 % IN LACTATED RINGERS,mL,800,mL,800,1
DEXTROSE 5 % IN LACTATED RINGERS IV BOLUS,DEXTROSE 5 % IN LACTATED RINGERS,mL,300,mL,300,2
DEXTROSE 5 % IN LACTATED RINGERS IV BOLUS,DEXTROSE 5 % IN LACTATED RINGERS,mL,1500,mL,1500,7
DEXTROSE 5 % IN LACTATED RINGERS IV BOLUS,DEXTROSE 5 % IN LACTATED RINGERS,mL,2000,mL,2000,22
DEXTROSE 5 % IN LACTATED RINGERS IV BOLUS,DEXTROSE 5 % IN LACTATED RINGERS,mL,200,mL,200,1
DEXTROSE 5 % IN LACTATED RINGERS IV BOLUS,DEXTROSE 5 % IN LACTATED RINGERS,mL,125,mL,125,2
DEXTROSE 5 % IN LACTATED RINGERS IV BOLUS,DEXTROSE 5 % IN LACTATED RINGERS,mL,1000,mL,1000,407
DEXTROSE 5 % IN LACTATED RINGERS IV BOLUS,DEXTROSE 5 % IN LACTATED RINGERS,mL,250,mL,250,18
DEXTROSE 5 % IV BOLUS,DEXTROSE 5 %,mL,350,mL,350,2
DEXTROSE 5 % IV BOLUS,DEXTROSE 5 %,mL,352,mL,352,2
DEXTROSE 5 % IV BOLUS,DEXTROSE 5 %,mL,40,mL,40,1
DEXTROSE 5 % IV BOLUS,DEXTROSE 5 %,mL,400,mL,400,17
DEXTROSE 5 % IV BOLUS,DEXTROSE 5 %,mL,4000,mL,4000,1
DEXTROSE 5 % IV BOLUS,DEXTROSE 5 %,mL,50,mL,50,3
DEXTROSE 5 % IV BOLUS,DEXTROSE 5 %,mL,640,mL,640,1
DEXTROSE 5 % IV BOLUS,DEXTROSE 5 %,mL,600,mL,600,1
DEXTROSE 5 % IV BOLUS,DEXTROSE 5 %,mL,700,mL,700,3
DEXTROSE 5 % IV BOLUS,DEXTROSE 5 %,mL,75,mL,75,4
DEXTROSE 5 % IV BOLUS,DEXTROSE 5 %,mL,750,mL,750,6
DEXTROSE 5 % IV BOLUS,DEXTROSE 5 %,mL,800,mL,800,2
DEXTROSE 5 % IV BOLUS,DEXTROSE 5 %,mL,3000,mL,3000,6
DEXTROSE 5 % IV BOLUS,DEXTROSE 5 %,mL,500,mL,500,1527
DEXTROSE 5 % IV BOLUS,DEXTROSE 5 %,mL,300,mL,300,7
DEXTROSE 5 % IV BOLUS,DEXTROSE 5 %,mL,2000,mL,2000,79
DEXTROSE 5 % IV BOLUS,DEXTROSE 5 %,mL,2500,mL,2500,6
DEXTROSE 5 % IV BOLUS,DEXTROSE 5 %,mL,1,mL,1,1
DEXTROSE 5 % IV BOLUS,DEXTROSE 5 %,mL,10,mL,10,2
DEXTROSE 5 % IV BOLUS,DEXTROSE 5 %,mL,100,mL,100,19
DEXTROSE 5 % IV BOLUS,DEXTROSE 5 %,mL,1000,mL,1000,2018
DEXTROSE 5 % IV BOLUS,DEXTROSE 5 %,mL,125,mL,125,1
DEXTROSE 5 % IV BOLUS,DEXTROSE 5 %,mL,1500,mL,1500,29
DEXTROSE 5 % IV BOLUS,DEXTROSE 5 %,mL,150,mL,150,3
DEXTROSE 5 % IV BOLUS,DEXTROSE 5 %,mL,20,mL,20,20
DEXTROSE 5 % IV BOLUS,DEXTROSE 5 %,mL,200,mL,200,10
DEXTROSE 5 % IV BOLUS,DEXTROSE 5 %,mL,30,mL,30,1
DEXTROSE 5 % IV BOLUS,DEXTROSE 5 %,mL,2400,mL,2400,1
DEXTROSE 5 % IV BOLUS,DEXTROSE 5 %,mL,250,mL,250,265
DEXTROSE 5 % IV BOLUS,DEXTROSE 5 %,mL,1800,mL,1800,2
DEXTROSE 5 % IV SOLN,Dextrose,mL/hr,100,mL/hr,100,4
DEXTROSE 5 % IV SOLN,Dextrose,mL/hr,2000,mL,2000,1
DEXTROSE 5 % IV SOLN,Dextrose,mL/hr,1000,mL,1000,2
DEXTROSE 5 % IV SOLN,Dextrose,mL,500,mL,500,11
DEXTROSE 5 % IV SOLN,Dextrose,mL,3000,mL,3000,1
DEXTROSE 5 % IV SOLN,Dextrose,mL,250,mL/hr,250,1
DEXTROSE 5 % IV SOLN,Dextrose,mL,2000,mL,2000,192
DEXTROSE 5 % IV SOLN,Dextrose,mL,1000,mL,1000,55336
DEXTROSE 5 % IV SOLN,Dextrose,mL,100,mL,100,1
DEXTROSE 5 % IV SOLN,Dextrose,mL,30,mL,30,295
DEXTROSE 50 % IV SOLN,Dextrose,mL,12,mL,12,2
DEXTROSE 50 % IV SOLN,Dextrose,mL,12.5,g,12.5,1
DEXTROSE 50 % IV SOLN,Dextrose,mL,12.5,mL,12.5,32
DEXTROSE 50 % IV SOLN,Dextrose,mL,15,mL,15,1
DEXTROSE 50 % IV SOLN,Dextrose,mL,150,mL,150,1
DEXTROSE 50 % IV SOLN,Dextrose,mL,177,mL,177,1
DEXTROSE 50 % IV SOLN,Dextrose,mL,20,mL,20,2
DEXTROSE 50 % IV SOLN,Dextrose,mL,30,mL,30,15
DEXTROSE 50 % IV SOLN,Dextrose,mL,25,mL,25,3693
DEXTROSE 50 % IV SOLN,Dextrose,mL,50,g,50,1
DEXTROSE 50 % IV SOLN,Dextrose,mL,50,mL,50,9698
DEXTROSE 50 % IV SOLN,Dextrose,mL,500,mL,500,3
DEXTROSE 50 % IV SOLN,Dextrose,mL,75,mL,75,4
DEXTROSE 50 % IV SOLN,Dextrose,mL/hr,10-50,mL,10-50,1
DEXTROSE 50 % IV SOLN,Dextrose,mcg/min,25,g,25,1
DEXTROSE 50 % IV SOLN,Dextrose,mL,100,mL,100,16
DEXTROSE 50 % IV SOLN,Dextrose,mL,25,g,25,21
DEXTROSE 50 % IV SOLN,Dextrose,mL,10,mL,10,9
DEXTROSE 50 % IV SOLN,Dextrose,mL,10-50,mL,10-50,482
DEXTROSE 50 % IV SOLN,Dextrose,g,0-100,mL,0-100,1
DEXTROSE 50 % IV SOLN,Dextrose,g,100,g,100,1
DEXTROSE 50 % IV SOLN,Dextrose,g,12,g,12,2
DEXTROSE 50 % IV SOLN,Dextrose,g,12.5,g,12.5,48
DEXTROSE 50 % IV SOLN,Dextrose,g,2.5,g,2.5,2
DEXTROSE 50 % IV SOLN,Dextrose,g,25,g,25,19925
DEXTROSE 50 % IV SOLN,Dextrose,g,10-50,mL,10-50,1
DEXTROSE 50 % IV SOLN,Dextrose,g,50,g,50,391
DEXTROSE 50 % IV SOLN,Dextrose,g,50,mL,50,15
DEXTROSE 50 % IV SOLN,Dextrose,g,6.25,g,6.25,1
DEXTROSE 50 % IV SOLN,Dextrose,g,75,g,75,2
DEXTROSE 50 % IV SOLN,Dextrose,g,9,g,9,1
DEXTROSE 50 % IV SOLN,Dextrose,g,25,mL,25,25
DEXTROSE 50 % IV SOLN,Dextrose,mL,.5,mL/kg,.5,5
DEXTROSE 50 % IV SOLN,Dextrose,mL,0-100,mL,0-100,81
DEXTROSE IN LACTATED RINGERS 5 % IV SOLN,Dextrose in Lactated Ringers,mL/hr,100,mL/hr,100,117
DEXTROSE IN LACTATED RINGERS 5 % IV SOLN,Dextrose in Lactated Ringers,mL,1000,mL,1000,1137
DEXTROSE-NACL 5-0.2 % IV SOLN,Dextrose-Sodium Chloride,mL,1000,mL,1000,8
DEXTROSE-NACL 5-0.2 % IV SOLN,Dextrose-Sodium Chloride,mL,150,mL,150,1
DEXTROSE-NACL 5-0.225 % IV SOLN,Dextrose-Sodium Chloride,mL,1000,mL,1000,4
DEXTROSE-NACL 5-0.225 % IV SOLN,Dextrose-Sodium Chloride,mL/hr,50,mL/hr,50,2
DEXTROSE-NACL 5-0.45 % IV SOLN,Dextrose-Sodium Chloride,mL/hr,150-250,mL/hr,150-250,82
DEXTROSE-NACL 5-0.45 % IV SOLN,Dextrose-Sodium Chloride,mL,1000,mL,1000,2968
DEXTROSE-NACL 5-0.45 % IV SOLN,Dextrose-Sodium Chloride,mL,50,mL,50,2
DEXTROSE-NACL 5-0.45 % IV SOLN,Dextrose-Sodium Chloride,mL/hr,100,mL/hr,100,7
DEXTROSE-NACL 5-0.45 % IV SOLN,Dextrose-Sodium Chloride,mL/hr,1000,mL,1000,2
DEXTROSE-NACL 5-0.45 % IV SOLN,Dextrose-Sodium Chloride,mL/hr,75,mL/hr,75,1
DEXTROSE-NACL 5-0.9 % IV SOLN,Dextrose-Sodium Chloride,mL,1000,mL,1000,60
DIGOXIN 0.25 MG/ML IJ SOLN,Digoxin,mg,.25,mg,.25,1
DILTIAZEM HCL 25 MG/5ML IV SOLN,dilTIAZem HCl,mg,7.5,mg,7.5,1
DILTIAZEM HCL 25 MG/5ML IV SOLN,dilTIAZem HCl,mg,5,mg,5,20
DILTIAZEM HCL 25 MG/5ML IV SOLN,dilTIAZem HCl,mg,30,mg,30,1
DILTIAZEM HCL 25 MG/5ML IV SOLN,dilTIAZem HCl,mg,25,mg,25,4
DILTIAZEM HCL 25 MG/5ML IV SOLN,dilTIAZem HCl,mg,23,mg,23,1
DILTIAZEM HCL 25 MG/5ML IV SOLN,dilTIAZem HCl,mg,22,mg,22,1
DILTIAZEM HCL 25 MG/5ML IV SOLN,dilTIAZem HCl,mg,20,mg,20,15
DILTIAZEM HCL 25 MG/5ML IV SOLN,dilTIAZem HCl,mg,40,mg,40,1
DILTIAZEM HCL 25 MG/5ML IV SOLN,dilTIAZem HCl,mg,18,mg,18,1
DILTIAZEM HCL 25 MG/5ML IV SOLN,dilTIAZem HCl,mg,15,mg,15,12
DILTIAZEM HCL 25 MG/5ML IV SOLN,dilTIAZem HCl,mg,12.5,mg,12.5,1
DILTIAZEM HCL 25 MG/5ML IV SOLN,dilTIAZem HCl,mg,10,mg,10,47
DILTIAZEM HCL 25 MG/5ML IV SOLN,dilTIAZem HCl,mg,.35,mg/kg,.35,3
DILTIAZEM HCL 25 MG/5ML IV SOLN,dilTIAZem HCl,mg,.25,mg/kg,.25,32
DILTIAZEM HCL 25 MG/5ML IV SOLN,dilTIAZem HCl,mg,.2,mg/kg,.2,1
DILTIAZEM HCL 25 MG/5ML IV SOLN,dilTIAZem HCl,mg,2.5,mg,2.5,2
DILTIAZEM HCL 50 MG/10ML IV SOLN,dilTIAZem HCl,mg,20,mg,20,275
DILTIAZEM HCL 50 MG/10ML IV SOLN,dilTIAZem HCl,mg,25,mg,25,45
DILTIAZEM HCL 50 MG/10ML IV SOLN,dilTIAZem HCl,mg,27,mg,27,1
DILTIAZEM HCL 50 MG/10ML IV SOLN,dilTIAZem HCl,mg,30,mg,30,29
DILTIAZEM HCL 50 MG/10ML IV SOLN,dilTIAZem HCl,mg,35,mg,35,7
DILTIAZEM HCL 50 MG/10ML IV SOLN,dilTIAZem HCl,mg/min,20,mg,20,1
DILTIAZEM HCL 50 MG/10ML IV SOLN,dilTIAZem HCl,mg,5,mg,5,216
DILTIAZEM HCL 50 MG/10ML IV SOLN,dilTIAZem HCl,mg,9,mg,9,2
DILTIAZEM HCL 50 MG/10ML IV SOLN,dilTIAZem HCl,mg/hr,5,mg/hr,5,1
DILTIAZEM HCL 50 MG/10ML IV SOLN,dilTIAZem HCl,mg,2.5,mg,2.5,14
DILTIAZEM HCL 50 MG/10ML IV SOLN,dilTIAZem HCl,mg,40,mg,40,2
DILTIAZEM HCL 50 MG/10ML IV SOLN,dilTIAZem HCl,mg,18,mg,18,1
DILTIAZEM HCL 50 MG/10ML IV SOLN,dilTIAZem HCl,mg,.15,mg/kg,.15,3
DILTIAZEM HCL 50 MG/10ML IV SOLN,dilTIAZem HCl,mg,16,mg,16,1
DILTIAZEM HCL 50 MG/10ML IV SOLN,dilTIAZem HCl,mg,15,mg,15,179
DILTIAZEM HCL 50 MG/10ML IV SOLN,dilTIAZem HCl,mg,12.5,mg,12.5,1
DILTIAZEM HCL 50 MG/10ML IV SOLN,dilTIAZem HCl,mg,12,mg,12,2
DILTIAZEM HCL 50 MG/10ML IV SOLN,dilTIAZem HCl,mg,10,mg,10,655
DILTIAZEM HCL 50 MG/10ML IV SOLN,dilTIAZem HCl,mg,1,mg,1,2
DILTIAZEM HCL 50 MG/10ML IV SOLN,dilTIAZem HCl,mg,.35,mg/kg,.35,35
DILTIAZEM HCL 50 MG/10ML IV SOLN,dilTIAZem HCl,mg,.3,mg/kg,.3,3
DILTIAZEM HCL 50 MG/10ML IV SOLN,dilTIAZem HCl,mg,.25,mg/kg,.25,291
DILTIAZEM HCL 50 MG/10ML IV SOLN,dilTIAZem HCl,mg,.1,mg/kg,.1,1
DILTIAZEM HCL 50 MG/10ML IV SOLN,dilTIAZem HCl,mg,17.5,mg,17.5,1
DIPHENHYDRAMINE HCL 50 MG/ML IJ SOLN,diphenhydrAMINE HCl,mg,25,mg,25,1
DIPYRIDAMOLE 5 MG/ML IV SOLN,Dipyridamole,mg,.57,mg/kg,.57,1
DOBUTAMINE HCL 250 MG/20ML IV SOLN,DOBUTamine HCl,mcg/min,5,mcg/kg/min,5,5
DOBUTAMINE HCL 250 MG/20ML IV SOLN,DOBUTamine HCl,mcg/min,2.5,mcg/kg/min,2.5,1
DOBUTAMINE HCL 250 MG/20ML IV SOLN,DOBUTamine HCl,mcg/kg/min,5,mcg/kg/min,5,21
DOBUTAMINE HCL 250 MG/20ML IV SOLN,DOBUTamine HCl,mcg/kg/min,20,mcg/kg/min,20,3
DOBUTAMINE HCL 250 MG/20ML IV SOLN,DOBUTamine HCl,mcg/kg/min,2.5,mcg/kg/min,2.5,3
DOBUTAMINE HCL 250 MG/20ML IV SOLN,DOBUTamine HCl,mcg/kg/min,2,mcg/kg/min,2,1
DOBUTAMINE HCL 250 MG/20ML IV SOLN,DOBUTamine HCl,mcg/kg/min,30,mcg/kg/min,30,4
DOBUTAMINE IN D5W 2 MG/ML IV SOLN,DOBUTamine in D5W,mcg/kg/min,20,mcg/kg/min,20,23
DOBUTAMINE IN D5W 2 MG/ML IV SOLN,DOBUTamine in D5W,mg,5,mcg/kg/min,5,1
DOBUTAMINE IN D5W 2 MG/ML IV SOLN,DOBUTamine in D5W,mg,2.5,mcg/kg/min,2.5,1
DOBUTAMINE IN D5W 2 MG/ML IV SOLN,DOBUTamine in D5W,mcg/kg/min,8,mcg/kg/min,8,13
DOBUTAMINE IN D5W 2 MG/ML IV SOLN,DOBUTamine in D5W,mcg/kg/min,7.5,mcg/kg/min,7.5,717
DOBUTAMINE IN D5W 2 MG/ML IV SOLN,DOBUTamine in D5W,mcg/kg/min,7,mcg/kg/min,7,34
DOBUTAMINE IN D5W 2 MG/ML IV SOLN,DOBUTamine in D5W,mcg/kg/min,5,mcg/kg/min,5,2889
DOBUTAMINE IN D5W 2 MG/ML IV SOLN,DOBUTamine in D5W,mcg/kg/min,4,mcg/kg/min,4,13
DOBUTAMINE IN D5W 2 MG/ML IV SOLN,DOBUTamine in D5W,mcg/kg/min,30,mcg/kg/min,30,9
DOBUTAMINE IN D5W 2 MG/ML IV SOLN,DOBUTamine in D5W,mcg/kg/min,3.75,mcg/kg/min,3.75,11
DOBUTAMINE IN D5W 2 MG/ML IV SOLN,DOBUTamine in D5W,mcg/kg/min,3,mcg/kg/min,3,69
DOBUTAMINE IN D5W 2 MG/ML IV SOLN,DOBUTamine in D5W,mcg/kg/min,2.5-20,mcg/kg/min,2.5-20,2
DOBUTAMINE IN D5W 2 MG/ML IV SOLN,DOBUTamine in D5W,mcg/kg/min,1,mcg/kg/min,1,75
DOBUTAMINE IN D5W 2 MG/ML IV SOLN,DOBUTamine in D5W,mcg/kg/min,2,mcg/kg/min,2,59
DOBUTAMINE IN D5W 2 MG/ML IV SOLN,DOBUTamine in D5W,mcg,10,mcg/kg/min,10,1
DOBUTAMINE IN D5W 2 MG/ML IV SOLN,DOBUTamine in D5W,mcg,2.5,mcg/kg/min,2.5,1
DOBUTAMINE IN D5W 2 MG/ML IV SOLN,DOBUTamine in D5W,mcg/kg/min,2.5,mcg/kg/min,2.5,4088
DOBUTAMINE IN D5W 2 MG/ML IV SOLN,DOBUTamine in D5W,mcg/kg/min,.5,mcg/kg/min,.5,72
DOBUTAMINE IN D5W 2 MG/ML IV SOLN,DOBUTamine in D5W,mcg/kg/min,.75,mcg/kg/min,.75,12
DOBUTAMINE IN D5W 2 MG/ML IV SOLN,DOBUTamine in D5W,mcg,5,mcg/kg/min,5,1
DOBUTAMINE IN D5W 2 MG/ML IV SOLN,DOBUTamine in D5W,mcg/kg/min,1.25,mcg/kg/min,1.25,30
DOBUTAMINE IN D5W 2 MG/ML IV SOLN,DOBUTamine in D5W,mcg/kg/min,1.5,mcg/kg/min,1.5,51
DOBUTAMINE IN D5W 2 MG/ML IV SOLN,DOBUTamine in D5W,mcg/kg/min,10,mcg/kg/min,10,531
DOBUTAMINE IN D5W 2 MG/ML IV SOLN,DOBUTamine in D5W,mcg/kg/min,12.5,mcg/kg/min,12.5,73
DOBUTAMINE IN D5W 2 MG/ML IV SOLN,DOBUTamine in D5W,mcg/kg/min,15,mcg/kg/min,15,89
DOPAMINE IN D5W 1.6-5 MG/ML-% IV SOLN,DOPamine in D5W,mg/kg,20,mcg/kg/min,20,1
DOPAMINE IN D5W 1.6-5 MG/ML-% IV SOLN,DOPamine in D5W,mcg/kg/min,7,mcg/kg/min,7,14
DOPAMINE IN D5W 1.6-5 MG/ML-% IV SOLN,DOPamine in D5W,mcg/kg/min,5-20,mcg/kg/min,5-20,80
DOPAMINE IN D5W 1.6-5 MG/ML-% IV SOLN,DOPamine in D5W,mcg/kg/min,5,mcg/kg/min,5,737
DOPAMINE IN D5W 1.6-5 MG/ML-% IV SOLN,DOPamine in D5W,mcg/kg/min,4,mcg/kg/min,4,2
DOPAMINE IN D5W 1.6-5 MG/ML-% IV SOLN,DOPamine in D5W,mcg/kg/min,3,mcg/kg/min,3,8
DOPAMINE IN D5W 1.6-5 MG/ML-% IV SOLN,DOPamine in D5W,mcg/kg/min,20,mcg/kg/min,20,15
DOPAMINE IN D5W 1.6-5 MG/ML-% IV SOLN,DOPamine in D5W,mcg/kg/min,10,mcg/kg/min,10,146
DOPAMINE IN D5W 1.6-5 MG/ML-% IV SOLN,DOPamine in D5W,mcg/kg/min,2,mcg/kg/min,2,193
DOPAMINE IN D5W 1.6-5 MG/ML-% IV SOLN,DOPamine in D5W,mcg,20,mcg/kg/min,20,1
DOPAMINE IN D5W 1.6-5 MG/ML-% IV SOLN,DOPamine in D5W,mcg/kg/min,0-20,mcg/kg/min,0-20,1481
DOPAMINE IN D5W 1.6-5 MG/ML-% IV SOLN,DOPamine in D5W,mcg/kg/min,1,mcg/kg/min,1,8
DOPAMINE IN D5W 1.6-5 MG/ML-% IV SOLN,DOPamine in D5W,mcg/kg/min,2.5,mcg/kg/min,2.5,21
DOPAMINE IN D5W 1.6-5 MG/ML-% IV SOLN,DOPamine in D5W,mcg/kg/min,12,mcg/kg/min,12,2
DOPAMINE IN D5W 1.6-5 MG/ML-% IV SOLN,DOPamine in D5W,mcg/kg/min,15,mcg/kg/min,15,16
DOXORUBICIN HCL 2 MG/ML IV SOLN,DOXOrubicin HCl,mg,25,mg/m2,25,1
DOXORUBICIN HCL 2 MG/ML IV SOLN,DOXOrubicin HCl,mg,50,mg/m2,50,1
EPINEPHRINE HCL-NACL 8-0.9 MG/250ML-% IV SOLN,EPINEPHrine HCl-NaCl,mcg/min,1-2,mcg/min,1-2,4
EPINEPHRINE HCL-NACL 8-0.9 MG/250ML-% IV SOLN,EPINEPHrine HCl-NaCl,mcg/min,10,mcg/min,10,19
EPINEPHRINE HCL-NACL 8-0.9 MG/250ML-% IV SOLN,EPINEPHrine HCl-NaCl,mcg/min,12,mcg/min,12,4
EPINEPHRINE HCL-NACL 8-0.9 MG/250ML-% IV SOLN,EPINEPHrine HCl-NaCl,mcg/min,16,mcg/min,16,7
EPINEPHRINE HCL-NACL 8-0.9 MG/250ML-% IV SOLN,EPINEPHrine HCl-NaCl,mcg/min,2,mcg/min,2,16
EPINEPHRINE HCL-NACL 8-0.9 MG/250ML-% IV SOLN,EPINEPHrine HCl-NaCl,mcg/min,25,mcg/min,25,2
EPINEPHRINE HCL-NACL 8-0.9 MG/250ML-% IV SOLN,EPINEPHrine HCl-NaCl,mcg/min,6,mcg/min,6,2
EPINEPHRINE HCL-NACL 8-0.9 MG/250ML-% IV SOLN,EPINEPHrine HCl-NaCl,mcg/min,3,mcg/min,3,128
EPINEPHRINE HCL-NACL 8-0.9 MG/250ML-% IV SOLN,EPINEPHrine HCl-NaCl,mcg/min,4,mcg/min,4,69
EPINEPHRINE HCL-NACL 8-0.9 MG/250ML-% IV SOLN,EPINEPHrine HCl-NaCl,mcg/min,1-15,mcg/min,1-15,80
EPINEPHRINE HCL-NACL 8-0.9 MG/250ML-% IV SOLN,EPINEPHrine HCl-NaCl,mcg/min,5-10,mcg/min,5-10,55
EPINEPHRINE HCL-NACL 8-0.9 MG/250ML-% IV SOLN,EPINEPHrine HCl-NaCl,mcg/min,2.5,mcg/min,2.5,18
EPINEPHRINE HCL-NACL 8-0.9 MG/250ML-% IV SOLN,EPINEPHrine HCl-NaCl,mcg/min,5,mcg/min,5,15
EPINEPHRINE HCL-NACL 8-0.9 MG/250ML-% IV SOLN,EPINEPHrine HCl-NaCl,mcg/min,1,mcg/min,1,55
EPINEPHRINE HCL-NACL 8-0.9 MG/250ML-% IV SOLN,EPINEPHrine HCl-NaCl,mcg/min,0-7,mcg/min,0-7,47
EPINEPHRINE HCL-NACL 8-0.9 MG/250ML-% IV SOLN,EPINEPHrine HCl-NaCl,mcg/min,0-80,mcg/min,0-80,21
EPINEPHRINE HCL-NACL 8-0.9 MG/250ML-% IV SOLN,EPINEPHrine HCl-NaCl,mcg/min,0-10,mcg/min,0-10,49
EPINEPHRINE HCL-NACL 8-0.9 MG/250ML-% IV SOLN,EPINEPHrine HCl-NaCl,mcg/min,0-110,mcg/min,0-110,29
EPINEPHRINE HCL-NACL 8-0.9 MG/250ML-% IV SOLN,EPINEPHrine HCl-NaCl,mcg/min,0-150,mcg/min,0-150,1128
EPINEPHRINE HCL-NACL 8-0.9 MG/250ML-% IV SOLN,EPINEPHrine HCl-NaCl,mcg/min,0-20,mcg/min,0-20,31
EPINEPHRINE HCL-NACL 8-0.9 MG/250ML-% IV SOLN,EPINEPHrine HCl-NaCl,mcg/min,.1,mcg/min,.1,2
EPINEPHRINE HCL-NACL 8-0.9 MG/250ML-% IV SOLN,EPINEPHrine HCl-NaCl,mcg/min,0-5,mcg/min,0-5,32
EPINEPHRINE HCL-NACL 8-0.9 MG/250ML-% IV SOLN,EPINEPHrine HCl-NaCl,mcg/min,0-50,mcg/min,0-50,29
EPINEPHRINE HCL-NACL 8-0.9 MG/250ML-% IV SOLN,EPINEPHrine HCl-NaCl,mcg/min,0-60,mcg/min,0-60,72
EPINEPHRINE HCL-NACL 8-0.9 MG/250ML-% IV SOLN,EPINEPHrine HCl-NaCl,mcg/min,0-65,mcg/min,0-65,4
EPINEPHRINE HCL-NACL 8-0.9 MG/250ML-% IV SOLN,EPINEPHrine HCl-NaCl,mcg/min,0-40,mcg/min,0-40,9318
EPOETIN ALFA 10000 UNIT/ML IJ SOLN,Epoetin Alfa,Units,10000,Units,10000,1
EPOETIN ALFA-EPBX 2000 UNIT/ML IJ SOLN,Epoetin Alfa-epbx,Units,2000,Units,2000,1
ESMOLOL DRIP (NICU) 10 MG/ML,Esmolol HCl,mcg/kg/min,150,mcg/kg/min,150,5
ESMOLOL DRIP (NICU) 10 MG/ML,Esmolol HCl,mcg/kg/min,200,mcg/kg/min,200,1
ESMOLOL HCL 10 MG/ML IV SOLN,Esmolol HCl,mg,40,mg,40,1
ESMOLOL HCL 10 MG/ML IV SOLN,Esmolol HCl,mg,50,mg,50,1
ESMOLOL HCL 10 MG/ML IV SOLN,Esmolol HCl,mg,5,mg,5,3
ESMOLOL HCL 10 MG/ML IV SOLN,Esmolol HCl,mg,80,mg,80,2
ESMOLOL HCL 10 MG/ML IV SOLN,Esmolol HCl,mg,30,mg,30,1
ESMOLOL HCL 10 MG/ML IV SOLN,Esmolol HCl,mg,10,mg,10,10
ESMOLOL HCL 10 MG/ML IV SOLN,Esmolol HCl,mg,20,mg,20,6
ESMOLOL HCL 10 MG/ML IV SOLN,Esmolol HCl,mg,10-20,mg,10-20,1
ESMOLOL HCL 10 MG/ML IV SOLN,Esmolol HCl,mg,.5,mg/kg,.5,2
ESMOLOL HCL 10 MG/ML IV SOLN,Esmolol HCl,mg,.12,mg/kg,.12,1
ESMOLOL HCL 10 MG/ML IV SOLN,Esmolol HCl,mg,250,mcg/kg,250,2
ESMOLOL HCL 100 MG/10ML IV SOLN,Esmolol HCl,mg,70,mg,70,1
ESMOLOL HCL 100 MG/10ML IV SOLN,Esmolol HCl,mg,60,mg,60,1
ESMOLOL HCL 100 MG/10ML IV SOLN,Esmolol HCl,mg,40,mg,40,4
ESMOLOL HCL 100 MG/10ML IV SOLN,Esmolol HCl,mg,5,mg,5,2
ESMOLOL HCL 100 MG/10ML IV SOLN,Esmolol HCl,mg,20,mg,20,5
ESMOLOL HCL 100 MG/10ML IV SOLN,Esmolol HCl,mg,10,mg,10,4
ESMOLOL HCL 100 MG/10ML IV SOLN,Esmolol HCl,mg,.5,mg/kg,.5,7
ESMOLOL HCL 100 MG/10ML IV SOLN,Esmolol HCl,mg,30,mg,30,1
ESMOLOL HCL-SODIUM CHLORIDE 2000 MG/100ML IV SOLN,Esmolol HCl-Sodium Chloride,mcg/kg/min,0-240,mcg/kg/min,0-240,7
ESMOLOL HCL-SODIUM CHLORIDE 2000 MG/100ML IV SOLN,Esmolol HCl-Sodium Chloride,mcg/kg/min,0-300,mcg/kg/min,0-300,362
ESMOLOL HCL-SODIUM CHLORIDE 2000 MG/100ML IV SOLN,Esmolol HCl-Sodium Chloride,mcg/kg/min,50,mcg/kg/min,50,17
ESMOLOL HCL-SODIUM CHLORIDE 2500 MG/250ML IV SOLN,Esmolol HCl-Sodium Chloride,mcg/kg/min,25,mcg/kg/min,25,22
ESMOLOL HCL-SODIUM CHLORIDE 2500 MG/250ML IV SOLN,Esmolol HCl-Sodium Chloride,mg,0-200,mcg/kg/min,0-200,1
ESMOLOL HCL-SODIUM CHLORIDE 2500 MG/250ML IV SOLN,Esmolol HCl-Sodium Chloride,mcg/kg/min,75,mcg/kg/min,75,20
ESMOLOL HCL-SODIUM CHLORIDE 2500 MG/250ML IV SOLN,Esmolol HCl-Sodium Chloride,mcg/kg/min,500,mcg/kg/min,500,4
ESMOLOL HCL-SODIUM CHLORIDE 2500 MG/250ML IV SOLN,Esmolol HCl-Sodium Chloride,mcg/kg/min,50,mcg/kg/min,50,2208
ESMOLOL HCL-SODIUM CHLORIDE 2500 MG/250ML IV SOLN,Esmolol HCl-Sodium Chloride,mcg/kg/min,200,mcg/kg/min,200,29
ESMOLOL HCL-SODIUM CHLORIDE 2500 MG/250ML IV SOLN,Esmolol HCl-Sodium Chloride,mcg/kg/min,0-200,mcg/kg/min,0-200,1572
ESMOLOL HCL-SODIUM CHLORIDE 2500 MG/250ML IV SOLN,Esmolol HCl-Sodium Chloride,mcg/kg/min,100,mcg/kg/min,100,119
ESMOLOL HCL-SODIUM CHLORIDE 2500 MG/250ML IV SOLN,Esmolol HCl-Sodium Chloride,mcg/kg/min,0-300,mcg/kg/min,0-300,2391
ESMOLOL HCL-SODIUM CHLORIDE 2500 MG/250ML IV SOLN,Esmolol HCl-Sodium Chloride,mcg/kg/min,0-100,mcg/kg/min,0-100,3
ESMOLOL HCL-SODIUM CHLORIDE 2500 MG/250ML IV SOLN,Esmolol HCl-Sodium Chloride,mcg,50,mcg/kg/min,50,1
ESMOLOL HCL-SODIUM CHLORIDE 2500 MG/250ML IV SOLN,Esmolol HCl-Sodium Chloride,mcg/kg/min,175,mcg/kg/min,175,6
ETOMIDATE 2 MG/ML IV SOLN,Etomidate,mg,24,mg,24,1
ETOMIDATE 2 MG/ML IV SOLN,Etomidate,mg,55,mg,55,1
ETOMIDATE 2 MG/ML IV SOLN,Etomidate,mg,50,mg,50,2
ETOMIDATE 2 MG/ML IV SOLN,Etomidate,mg,5,mg,5,2
ETOMIDATE 2 MG/ML IV SOLN,Etomidate,mg,8,mg,8,6
ETOMIDATE 2 MG/ML IV SOLN,Etomidate,mg,35,mg,35,3
ETOMIDATE 2 MG/ML IV SOLN,Etomidate,mg,30,mg,30,209
ETOMIDATE 2 MG/ML IV SOLN,Etomidate,mg,29,mg,29,1
ETOMIDATE 2 MG/ML IV SOLN,Etomidate,mg,25,mg,25,10
ETOMIDATE 2 MG/ML IV SOLN,Etomidate,mg,21,mg,21,1
ETOMIDATE 2 MG/ML IV SOLN,Etomidate,mg,40,mg,40,17
ETOMIDATE 2 MG/ML IV SOLN,Etomidate,mg,20,mcg,20,1
ETOMIDATE 2 MG/ML IV SOLN,Etomidate,mg,20,mg,20,766
ETOMIDATE 2 MG/ML IV SOLN,Etomidate,mg,.1,mg/kg,.1,2
ETOMIDATE 2 MG/ML IV SOLN,Etomidate,mg,.2,mg/kg,.2,2
ETOMIDATE 2 MG/ML IV SOLN,Etomidate,mg,.3,mg/kg,.3,48
ETOMIDATE 2 MG/ML IV SOLN,Etomidate,mg,.15,mg/kg,.15,12
ETOMIDATE 2 MG/ML IV SOLN,Etomidate,mg,10,mg,10,27
ETOMIDATE 2 MG/ML IV SOLN,Etomidate,mg,13,mg,13,1
ETOMIDATE 2 MG/ML IV SOLN,Etomidate,mg,15,mg,15,27
ETOMIDATE 2 MG/ML IV SOLN,Etomidate,mg,16,mg,16,3
ETOMIDATE 2 MG/ML IV SOLN,Etomidate,mg,.32,mg,.32,1
FAMOTIDINE (PF) 20 MG/2ML IV SOLN,Famotidine,mg,.5,mg/kg,.5,53
FAMOTIDINE (PF) 20 MG/2ML IV SOLN,Famotidine,mg,10,mg,10,5
FAMOTIDINE (PF) 20 MG/2ML IV SOLN,Famotidine,mg,20,mg,20,639
FAMOTIDINE (PF) 20 MG/2ML IV SOLN,Famotidine,mg,40,mg,40,6
FAMOTIDINE 20 MG/2ML IV SOLN,Famotidine,mg,5,mg,5,1
FAMOTIDINE 20 MG/2ML IV SOLN,Famotidine,mg,80,mg,80,2
FAMOTIDINE 20 MG/2ML IV SOLN,Famotidine,mg,40,mg,40,464
FAMOTIDINE 20 MG/2ML IV SOLN,Famotidine,mg,10,mg,10,28
FAMOTIDINE 20 MG/2ML IV SOLN,Famotidine,mg,.5,mg/kg,.5,501
FAMOTIDINE 20 MG/2ML IV SOLN,Famotidine,mg,.25,mg/kg,.25,2
FAMOTIDINE 20 MG/2ML IV SOLN,Famotidine,mg,20,mg,20,44397
FAT EMUL FISH OIL/PLANT BASED 20 % IV EMUL,Fat Emul Fish Oil/Plant Based,mL/hr,1.1,mL/hr,1.1,119
FAT EMUL FISH OIL/PLANT BASED 20 % IV EMUL,Fat Emul Fish Oil/Plant Based,mL/hr,1,mL/hr,1,209
FAT EMUL FISH OIL/PLANT BASED 20 % IV EMUL,Fat Emul Fish Oil/Plant Based,mL/hr,.9,mL/hr,.9,235
FAT EMUL FISH OIL/PLANT BASED 20 % IV EMUL,Fat Emul Fish Oil/Plant Based,mL/hr,.86,mL/hr,.86,7
FAT EMUL FISH OIL/PLANT BASED 20 % IV EMUL,Fat Emul Fish Oil/Plant Based,mL/hr,.81,mL/hr,.81,8
FAT EMUL FISH OIL/PLANT BASED 20 % IV EMUL,Fat Emul Fish Oil/Plant Based,mL/hr,.8,mL/hr,.8,260
FAT EMUL FISH OIL/PLANT BASED 20 % IV EMUL,Fat Emul Fish Oil/Plant Based,mL/hr,.75,mL/hr,.75,12
FAT EMUL FISH OIL/PLANT BASED 20 % IV EMUL,Fat Emul Fish Oil/Plant Based,mL/hr,.72,mL/hr,.72,1
FAT EMUL FISH OIL/PLANT BASED 20 % IV EMUL,Fat Emul Fish Oil/Plant Based,mL/hr,.65,mL/hr,.65,7
FAT EMUL FISH OIL/PLANT BASED 20 % IV EMUL,Fat Emul Fish Oil/Plant Based,mL/hr,.7,mL/hr,.7,326
FAT EMUL FISH OIL/PLANT BASED 20 % IV EMUL,Fat Emul Fish Oil/Plant Based,mL/hr,.67,mL/hr,.67,5
FAT EMUL FISH OIL/PLANT BASED 20 % IV EMUL,Fat Emul Fish Oil/Plant Based,mL/hr,.66,mL/hr,.66,14
FAT EMUL FISH OIL/PLANT BASED 20 % IV EMUL,Fat Emul Fish Oil/Plant Based,mL/hr,.76,mL/hr,.76,5
FAT EMUL FISH OIL/PLANT BASED 20 % IV EMUL,Fat Emul Fish Oil/Plant Based,mL/hr,1.2,mL/hr,1.2,54
FAT EMUL FISH OIL/PLANT BASED 20 % IV EMUL,Fat Emul Fish Oil/Plant Based,mL/hr,2.3,mL/hr,2.3,6
FAT EMUL FISH OIL/PLANT BASED 20 % IV EMUL,Fat Emul Fish Oil/Plant Based,mL/hr,1.4,mL/hr,1.4,24
FAT EMUL FISH OIL/PLANT BASED 20 % IV EMUL,Fat Emul Fish Oil/Plant Based,mL/hr,1.5,mL/hr,1.5,38
FAT EMUL FISH OIL/PLANT BASED 20 % IV EMUL,Fat Emul Fish Oil/Plant Based,mL/hr,1.6,mL/hr,1.6,14
FAT EMUL FISH OIL/PLANT BASED 20 % IV EMUL,Fat Emul Fish Oil/Plant Based,mL/hr,1.7,mL/hr,1.7,17
FAT EMUL FISH OIL/PLANT BASED 20 % IV EMUL,Fat Emul Fish Oil/Plant Based,mL/hr,1.8,mL/hr,1.8,9
FAT EMUL FISH OIL/PLANT BASED 20 % IV EMUL,Fat Emul Fish Oil/Plant Based,mL/hr,1.9,mL/hr,1.9,10
FAT EMUL FISH OIL/PLANT BASED 20 % IV EMUL,Fat Emul Fish Oil/Plant Based,mL/hr,2,mL/hr,2,9
FAT EMUL FISH OIL/PLANT BASED 20 % IV EMUL,Fat Emul Fish Oil/Plant Based,mL/hr,2.1,mL/hr,2.1,8
FAT EMUL FISH OIL/PLANT BASED 20 % IV EMUL,Fat Emul Fish Oil/Plant Based,mL/hr,2.2,mL/hr,2.2,6
FAT EMUL FISH OIL/PLANT BASED 20 % IV EMUL,Fat Emul Fish Oil/Plant Based,mL/hr,2.4,mL/hr,2.4,1
FAT EMUL FISH OIL/PLANT BASED 20 % IV EMUL,Fat Emul Fish Oil/Plant Based,mL/hr,2.8,mL/hr,2.8,13
FAT EMUL FISH OIL/PLANT BASED 20 % IV EMUL,Fat Emul Fish Oil/Plant Based,mL/hr,2.9,mL/hr,2.9,3
FAT EMUL FISH OIL/PLANT BASED 20 % IV EMUL,Fat Emul Fish Oil/Plant Based,mL/hr,.63,mL/hr,.63,1
FAT EMUL FISH OIL/PLANT BASED 20 % IV EMUL,Fat Emul Fish Oil/Plant Based,mL/hr,1.3,mL/hr,1.3,69
FAT EMUL FISH OIL/PLANT BASED 20 % IV EMUL,Fat Emul Fish Oil/Plant Based,mL/hr,.6,mL/hr,.6,305
FAT EMUL FISH OIL/PLANT BASED 20 % IV EMUL,Fat Emul Fish Oil/Plant Based,mL/hr,.15,mL/hr,.15,12
FAT EMUL FISH OIL/PLANT BASED 20 % IV EMUL,Fat Emul Fish Oil/Plant Based,mL/hr,.55,mL/hr,.55,19
FAT EMUL FISH OIL/PLANT BASED 20 % IV EMUL,Fat Emul Fish Oil/Plant Based,g,1,g/kg,1,3
FAT EMUL FISH OIL/PLANT BASED 20 % IV EMUL,Fat Emul Fish Oil/Plant Based,mL,100,mL,100,2
FAT EMUL FISH OIL/PLANT BASED 20 % IV EMUL,Fat Emul Fish Oil/Plant Based,mL/hr,.1,mL/hr,.1,62
FAT EMUL FISH OIL/PLANT BASED 20 % IV EMUL,Fat Emul Fish Oil/Plant Based,mL/hr,.12,mL/hr,.12,2
FAT EMUL FISH OIL/PLANT BASED 20 % IV EMUL,Fat Emul Fish Oil/Plant Based,mL/hr,.13,mL/hr,.13,3
FAT EMUL FISH OIL/PLANT BASED 20 % IV EMUL,Fat Emul Fish Oil/Plant Based,mL/hr,.14,mL/hr,.14,2
FAT EMUL FISH OIL/PLANT BASED 20 % IV EMUL,Fat Emul Fish Oil/Plant Based,mL/hr,.57,mL/hr,.57,1
FAT EMUL FISH OIL/PLANT BASED 20 % IV EMUL,Fat Emul Fish Oil/Plant Based,mL/hr,.16,mL/hr,.16,8
FAT EMUL FISH OIL/PLANT BASED 20 % IV EMUL,Fat Emul Fish Oil/Plant Based,mL/hr,.19,mL/hr,.19,1
FAT EMUL FISH OIL/PLANT BASED 20 % IV EMUL,Fat Emul Fish Oil/Plant Based,mL/hr,.25,mL/hr,.25,28
FAT EMUL FISH OIL/PLANT BASED 20 % IV EMUL,Fat Emul Fish Oil/Plant Based,mL/hr,.26,mL/hr,.26,29
FAT EMUL FISH OIL/PLANT BASED 20 % IV EMUL,Fat Emul Fish Oil/Plant Based,mL/hr,.27,mL/hr,.27,4
FAT EMUL FISH OIL/PLANT BASED 20 % IV EMUL,Fat Emul Fish Oil/Plant Based,mL/hr,.28,mL/hr,.28,11
FAT EMUL FISH OIL/PLANT BASED 20 % IV EMUL,Fat Emul Fish Oil/Plant Based,mL/hr,.29,mL/hr,.29,11
FAT EMUL FISH OIL/PLANT BASED 20 % IV EMUL,Fat Emul Fish Oil/Plant Based,mL/hr,.2,mL/hr,.2,73
FAT EMUL FISH OIL/PLANT BASED 20 % IV EMUL,Fat Emul Fish Oil/Plant Based,mL/hr,.32,mL/hr,.32,1
FAT EMUL FISH OIL/PLANT BASED 20 % IV EMUL,Fat Emul Fish Oil/Plant Based,mL/hr,.53,mL/hr,.53,1
FAT EMUL FISH OIL/PLANT BASED 20 % IV EMUL,Fat Emul Fish Oil/Plant Based,mL/hr,.3,mL/hr,.3,75
FAT EMUL FISH OIL/PLANT BASED 20 % IV EMUL,Fat Emul Fish Oil/Plant Based,mL/hr,.47,mL/hr,.47,12
FAT EMUL FISH OIL/PLANT BASED 20 % IV EMUL,Fat Emul Fish Oil/Plant Based,mL/hr,.44,mL/hr,.44,2
FAT EMUL FISH OIL/PLANT BASED 20 % IV EMUL,Fat Emul Fish Oil/Plant Based,mL/hr,.43,mL/hr,.43,29
FAT EMUL FISH OIL/PLANT BASED 20 % IV EMUL,Fat Emul Fish Oil/Plant Based,mL/hr,.42,mL/hr,.42,1
FAT EMUL FISH OIL/PLANT BASED 20 % IV EMUL,Fat Emul Fish Oil/Plant Based,mL/hr,.5,mL/hr,.5,254
FAT EMUL FISH OIL/PLANT BASED 20 % IV EMUL,Fat Emul Fish Oil/Plant Based,mL/hr,.39,mL/hr,.39,4
FAT EMUL FISH OIL/PLANT BASED 20 % IV EMUL,Fat Emul Fish Oil/Plant Based,mL/hr,.38,mL/hr,.38,17
FAT EMUL FISH OIL/PLANT BASED 20 % IV EMUL,Fat Emul Fish Oil/Plant Based,mL/hr,.37,mL/hr,.37,1
FAT EMUL FISH OIL/PLANT BASED 20 % IV EMUL,Fat Emul Fish Oil/Plant Based,mL/hr,.36,mL/hr,.36,1
FAT EMUL FISH OIL/PLANT BASED 20 % IV EMUL,Fat Emul Fish Oil/Plant Based,mL/hr,.35,mL/hr,.35,1
FAT EMUL FISH OIL/PLANT BASED 20 % IV EMUL,Fat Emul Fish Oil/Plant Based,mL/hr,.4,mL/hr,.4,201
FAT EMULSION PLANT BASED (SOY) 20 % IV EMUL,Fat Emulsion Plant Based (Soy),mL/hr,.6,mL/hr,.6,20
FAT EMULSION PLANT BASED (SOY) 20 % IV EMUL,Fat Emulsion Plant Based (Soy),mL/hr,.65,mL/hr,.65,1
FAT EMULSION PLANT BASED (SOY) 20 % IV EMUL,Fat Emulsion Plant Based (Soy),mL/hr,.7,mL/hr,.7,10
FAT EMULSION PLANT BASED (SOY) 20 % IV EMUL,Fat Emulsion Plant Based (Soy),mL/hr,.8,mL/hr,.8,7
FAT EMULSION PLANT BASED (SOY) 20 % IV EMUL,Fat Emulsion Plant Based (Soy),mL/hr,.9,mL/hr,.9,12
FAT EMULSION PLANT BASED (SOY) 20 % IV EMUL,Fat Emulsion Plant Based (Soy),mL/hr,1.5,mL/hr,1.5,2
FAT EMULSION PLANT BASED (SOY) 20 % IV EMUL,Fat Emulsion Plant Based (Soy),mL/hr,1.3,mL/hr,1.3,6
FAT EMULSION PLANT BASED (SOY) 20 % IV EMUL,Fat Emulsion Plant Based (Soy),mL/hr,1.6,mL/hr,1.6,2
FAT EMULSION PLANT BASED (SOY) 20 % IV EMUL,Fat Emulsion Plant Based (Soy),mL/hr,15,mL/hr,15,4
FAT EMULSION PLANT BASED (SOY) 20 % IV EMUL,Fat Emulsion Plant Based (Soy),mL/hr,.5,mL/hr,.5,14
FAT EMULSION PLANT BASED (SOY) 20 % IV EMUL,Fat Emulsion Plant Based (Soy),mL/hr,1,mL/hr,1,3
FAT EMULSION PLANT BASED (SOY) 20 % IV EMUL,Fat Emulsion Plant Based (Soy),mL/hr,.47,mL/hr,.47,1
FAT EMULSION PLANT BASED (SOY) 20 % IV EMUL,Fat Emulsion Plant Based (Soy),mL/hr,.4,mL/hr,.4,19
FAT EMULSION PLANT BASED (SOY) 20 % IV EMUL,Fat Emulsion Plant Based (Soy),mL/hr,.15,mL/hr,.15,2
FAT EMULSION PLANT BASED (SOY) 20 % IV EMUL,Fat Emulsion Plant Based (Soy),mL/hr,.3,mL/hr,.3,10
FAT EMULSION PLANT BASED (SOY) 20 % IV EMUL,Fat Emulsion Plant Based (Soy),mL/hr,.29,mL/hr,.29,5
FAT EMULSION PLANT BASED (SOY) 20 % IV EMUL,Fat Emulsion Plant Based (Soy),mL/hr,.28,mL/hr,.28,15
FAT EMULSION PLANT BASED (SOY) 20 % IV EMUL,Fat Emulsion Plant Based (Soy),mL/hr,.25,mL/hr,.25,12
FAT EMULSION PLANT BASED (SOY) 20 % IV EMUL,Fat Emulsion Plant Based (Soy),mL/hr,.21,mL/hr,.21,1
FAT EMULSION PLANT BASED (SOY) 20 % IV EMUL,Fat Emulsion Plant Based (Soy),mL/hr,.2,mL/hr,.2,8
FAT EMULSION PLANT BASED (SOY) 20 % IV EMUL,Fat Emulsion Plant Based (Soy),mL/hr,.19,mL/hr,.19,6
FAT EMULSION PLANT BASED (SOY) 20 % IV EMUL,Fat Emulsion Plant Based (Soy),mL/hr,.43,mL/hr,.43,9
FAT EMULSION PLANT BASED (SOY) 20 % IV EMUL,Fat Emulsion Plant Based (Soy),mL/hr,.14,mL/hr,.14,5
FAT EMULSION PLANT BASED (SOY) 20 % IV EMUL,Fat Emulsion Plant Based (Soy),mL/hr,.12,mL/hr,.12,2
FAT EMULSION PLANT BASED (SOY) 20 % IV EMUL,Fat Emulsion Plant Based (Soy),mL/hr,.1,mL/hr,.1,56
FAT EMULSION PLANT BASED 20 % IV EMUL,Fat Emulsion Plant Based,mL/hr,.66,mL/hr,.66,1
FAT EMULSION PLANT BASED 20 % IV EMUL,Fat Emulsion Plant Based,mL/hr,.85,mL/hr,.85,51
FAT EMULSION PLANT BASED 20 % IV EMUL,Fat Emulsion Plant Based,mL/hr,.64,mL/hr,.64,8
FAT EMULSION PLANT BASED 20 % IV EMUL,Fat Emulsion Plant Based,mL/hr,.67,mL/hr,.67,2
FAT EMULSION PLANT BASED 20 % IV EMUL,Fat Emulsion Plant Based,mL/hr,.65,mL/hr,.65,3
FAT EMULSION PLANT BASED 20 % IV EMUL,Fat Emulsion Plant Based,mL/hr,.68,mL/hr,.68,9
FAT EMULSION PLANT BASED 20 % IV EMUL,Fat Emulsion Plant Based,mL/hr,.84,mL/hr,.84,1
FAT EMULSION PLANT BASED 20 % IV EMUL,Fat Emulsion Plant Based,mL/hr,.73,mL/hr,.73,2
FAT EMULSION PLANT BASED 20 % IV EMUL,Fat Emulsion Plant Based,mL/hr,.74,mL/hr,.74,19
FAT EMULSION PLANT BASED 20 % IV EMUL,Fat Emulsion Plant Based,mL/hr,.75,mL/hr,.75,23
FAT EMULSION PLANT BASED 20 % IV EMUL,Fat Emulsion Plant Based,mL/hr,.8,mL/hr,.8,989
FAT EMULSION PLANT BASED 20 % IV EMUL,Fat Emulsion Plant Based,mL/hr,.62,mL/hr,.62,1
FAT EMULSION PLANT BASED 20 % IV EMUL,Fat Emulsion Plant Based,mL/hr,.7,mL/hr,.7,970
FAT EMULSION PLANT BASED 20 % IV EMUL,Fat Emulsion Plant Based,mL/hr,.6,mL/hr,.6,1466
FAT EMULSION PLANT BASED 20 % IV EMUL,Fat Emulsion Plant Based,mL/hr,.51,mL/hr,.51,1
FAT EMULSION PLANT BASED 20 % IV EMUL,Fat Emulsion Plant Based,mL/hr,.56,mL/hr,.56,12
FAT EMULSION PLANT BASED 20 % IV EMUL,Fat Emulsion Plant Based,mL/hr,.55,mL/hr,.55,3
FAT EMULSION PLANT BASED 20 % IV EMUL,Fat Emulsion Plant Based,mL/hr,.53,mL/hr,.53,23
FAT EMULSION PLANT BASED 20 % IV EMUL,Fat Emulsion Plant Based,mL/hr,.52,mL/hr,.52,2
FAT EMULSION PLANT BASED 20 % IV EMUL,Fat Emulsion Plant Based,mL/hr,.5,mL/hr,.5,1084
FAT EMULSION PLANT BASED 20 % IV EMUL,Fat Emulsion Plant Based,mL/hr,.49,mL/hr,.49,2
FAT EMULSION PLANT BASED 20 % IV EMUL,Fat Emulsion Plant Based,mL/hr,.48,mL/hr,.48,30
FAT EMULSION PLANT BASED 20 % IV EMUL,Fat Emulsion Plant Based,mL/hr,.47,mL/hr,.47,4
FAT EMULSION PLANT BASED 20 % IV EMUL,Fat Emulsion Plant Based,mL/hr,.46,mL/hr,.46,6
FAT EMULSION PLANT BASED 20 % IV EMUL,Fat Emulsion Plant Based,mL/hr,.45,mL/hr,.45,10
FAT EMULSION PLANT BASED 20 % IV EMUL,Fat Emulsion Plant Based,mL/hr,.44,mL/hr,.44,32
FAT EMULSION PLANT BASED 20 % IV EMUL,Fat Emulsion Plant Based,mL/hr,.43,mL/hr,.43,1
FAT EMULSION PLANT BASED 20 % IV EMUL,Fat Emulsion Plant Based,mL/hr,.58,mL/hr,.58,1
FAT EMULSION PLANT BASED 20 % IV EMUL,Fat Emulsion Plant Based,mL/hr,.9,mL/hr,.9,805
FAT EMULSION PLANT BASED 20 % IV EMUL,Fat Emulsion Plant Based,mL/hr,8,mL/hr,8,3
FAT EMULSION PLANT BASED 20 % IV EMUL,Fat Emulsion Plant Based,mL/hr,.94,mL/hr,.94,1
FAT EMULSION PLANT BASED 20 % IV EMUL,Fat Emulsion Plant Based,mL/kg/min,.25,mL/kg/min,.25,2
FAT EMULSION PLANT BASED 20 % IV EMUL,Fat Emulsion Plant Based,mL/hr,8.3,mL/hr,8.3,3
FAT EMULSION PLANT BASED 20 % IV EMUL,Fat Emulsion Plant Based,mL/hr,.42,mL/hr,.42,9
FAT EMULSION PLANT BASED 20 % IV EMUL,Fat Emulsion Plant Based,mL/hr,6,mL/hr,6,3
FAT EMULSION PLANT BASED 20 % IV EMUL,Fat Emulsion Plant Based,mL/hr,3.1,mL/hr,3.1,7
FAT EMULSION PLANT BASED 20 % IV EMUL,Fat Emulsion Plant Based,mL/hr,3,mL/hr,3,11
FAT EMULSION PLANT BASED 20 % IV EMUL,Fat Emulsion Plant Based,mL/hr,2.8,mL/hr,2.8,4
FAT EMULSION PLANT BASED 20 % IV EMUL,Fat Emulsion Plant Based,mL/hr,2.5,mL/hr,2.5,12
FAT EMULSION PLANT BASED 20 % IV EMUL,Fat Emulsion Plant Based,mL/hr,2.4,mL/hr,2.4,46
FAT EMULSION PLANT BASED 20 % IV EMUL,Fat Emulsion Plant Based,mL/hr,2.3,mL/hr,2.3,74
FAT EMULSION PLANT BASED 20 % IV EMUL,Fat Emulsion Plant Based,mL/hr,2.2,mL/hr,2.2,77
FAT EMULSION PLANT BASED 20 % IV EMUL,Fat Emulsion Plant Based,mL/hr,2.1,mL/hr,2.1,56
FAT EMULSION PLANT BASED 20 % IV EMUL,Fat Emulsion Plant Based,mL/hr,2,mL/hr,2,143
FAT EMULSION PLANT BASED 20 % IV EMUL,Fat Emulsion Plant Based,mL/hr,11,mL/hr,11,4
FAT EMULSION PLANT BASED 20 % IV EMUL,Fat Emulsion Plant Based,mL/hr,1.9,mL/hr,1.9,77
FAT EMULSION PLANT BASED 20 % IV EMUL,Fat Emulsion Plant Based,mL/hr,1.8,mL/hr,1.8,107
FAT EMULSION PLANT BASED 20 % IV EMUL,Fat Emulsion Plant Based,mL/hr,1.7,mL/hr,1.7,98
FAT EMULSION PLANT BASED 20 % IV EMUL,Fat Emulsion Plant Based,mL/hr,1.6,mL/hr,1.6,124
FAT EMULSION PLANT BASED 20 % IV EMUL,Fat Emulsion Plant Based,mL/hr,1.5,mL/hr,1.5,165
FAT EMULSION PLANT BASED 20 % IV EMUL,Fat Emulsion Plant Based,mL/hr,1.4,mL/hr,1.4,275
FAT EMULSION PLANT BASED 20 % IV EMUL,Fat Emulsion Plant Based,mL/hr,1.35,mL/hr,1.35,2
FAT EMULSION PLANT BASED 20 % IV EMUL,Fat Emulsion Plant Based,mL/hr,1.3,mL/hr,1.3,324
FAT EMULSION PLANT BASED 20 % IV EMUL,Fat Emulsion Plant Based,mL/hr,1.25,mL/hr,1.25,3
FAT EMULSION PLANT BASED 20 % IV EMUL,Fat Emulsion Plant Based,mL/hr,1.2,mL/hr,1.2,504
FAT EMULSION PLANT BASED 20 % IV EMUL,Fat Emulsion Plant Based,mL/hr,1.1,mL/hr,1.1,326
FAT EMULSION PLANT BASED 20 % IV EMUL,Fat Emulsion Plant Based,mL/hr,1,mL/hr,1,798
FAT EMULSION PLANT BASED 20 % IV EMUL,Fat Emulsion Plant Based,mL/hr,.98,mL/hr,.98,3
FAT EMULSION PLANT BASED 20 % IV EMUL,Fat Emulsion Plant Based,mL/hr,.93,mL/hr,.93,7
FAT EMULSION PLANT BASED 20 % IV EMUL,Fat Emulsion Plant Based,mL/hr,.4,mL/hr,.4,880
FAT EMULSION PLANT BASED 20 % IV EMUL,Fat Emulsion Plant Based,mL/hr,.34,mL/hr,.34,5
FAT EMULSION PLANT BASED 20 % IV EMUL,Fat Emulsion Plant Based,mL/hr,.38,mL/hr,.38,6
FAT EMULSION PLANT BASED 20 % IV EMUL,Fat Emulsion Plant Based,mL,50,mL,50,4
FAT EMULSION PLANT BASED 20 % IV EMUL,Fat Emulsion Plant Based,mL,48,mL,48,4
FAT EMULSION PLANT BASED 20 % IV EMUL,Fat Emulsion Plant Based,mL,46,mL,46,5
FAT EMULSION PLANT BASED 20 % IV EMUL,Fat Emulsion Plant Based,mL,44,mL,44,3
FAT EMULSION PLANT BASED 20 % IV EMUL,Fat Emulsion Plant Based,mL,42,mL,42,11
FAT EMULSION PLANT BASED 20 % IV EMUL,Fat Emulsion Plant Based,mL,40,mL,40,1
FAT EMULSION PLANT BASED 20 % IV EMUL,Fat Emulsion Plant Based,mL,38,mL,38,12
FAT EMULSION PLANT BASED 20 % IV EMUL,Fat Emulsion Plant Based,mL,36,mL,36,19
FAT EMULSION PLANT BASED 20 % IV EMUL,Fat Emulsion Plant Based,mL,35,mL,35,2
FAT EMULSION PLANT BASED 20 % IV EMUL,Fat Emulsion Plant Based,mL,34,mL,34,18
FAT EMULSION PLANT BASED 20 % IV EMUL,Fat Emulsion Plant Based,mL,32,mL,32,18
FAT EMULSION PLANT BASED 20 % IV EMUL,Fat Emulsion Plant Based,mL,30,mL,30,24
FAT EMULSION PLANT BASED 20 % IV EMUL,Fat Emulsion Plant Based,mL,28,mL,28,1
FAT EMULSION PLANT BASED 20 % IV EMUL,Fat Emulsion Plant Based,mL,26,mL,26,21
FAT EMULSION PLANT BASED 20 % IV EMUL,Fat Emulsion Plant Based,mL,250,mL,250,8
FAT EMULSION PLANT BASED 20 % IV EMUL,Fat Emulsion Plant Based,mL,25,mL,25,3
FAT EMULSION PLANT BASED 20 % IV EMUL,Fat Emulsion Plant Based,mL,24,mL,24,25
FAT EMULSION PLANT BASED 20 % IV EMUL,Fat Emulsion Plant Based,mL,22,mL,22,15
FAT EMULSION PLANT BASED 20 % IV EMUL,Fat Emulsion Plant Based,mL/hr,.39,mL/hr,.39,2
FAT EMULSION PLANT BASED 20 % IV EMUL,Fat Emulsion Plant Based,mL,18,mL,18,25
FAT EMULSION PLANT BASED 20 % IV EMUL,Fat Emulsion Plant Based,mL,16,mL,16,1
FAT EMULSION PLANT BASED 20 % IV EMUL,Fat Emulsion Plant Based,mL,150,mL,150,1
FAT EMULSION PLANT BASED 20 % IV EMUL,Fat Emulsion Plant Based,mL,15,mL,15,4
FAT EMULSION PLANT BASED 20 % IV EMUL,Fat Emulsion Plant Based,mL,14,mL,14,9
FAT EMULSION PLANT BASED 20 % IV EMUL,Fat Emulsion Plant Based,mL,12,mL,12,17
FAT EMULSION PLANT BASED 20 % IV EMUL,Fat Emulsion Plant Based,mL,100,mL,100,20
FAT EMULSION PLANT BASED 20 % IV EMUL,Fat Emulsion Plant Based,mL,10,mL,10,9
FAT EMULSION PLANT BASED 20 % IV EMUL,Fat Emulsion Plant Based,mL,53,mL,53,1
FAT EMULSION PLANT BASED 20 % IV EMUL,Fat Emulsion Plant Based,mL,54,mL,54,1
FAT EMULSION PLANT BASED 20 % IV EMUL,Fat Emulsion Plant Based,mL,20,mL,20,29
FAT EMULSION PLANT BASED 20 % IV EMUL,Fat Emulsion Plant Based,mL,80,mL,80,2
FAT EMULSION PLANT BASED 20 % IV EMUL,Fat Emulsion Plant Based,mL/hr,.375,mL/hr,.375,3
FAT EMULSION PLANT BASED 20 % IV EMUL,Fat Emulsion Plant Based,mL/hr,.37,mL/hr,.37,11
FAT EMULSION PLANT BASED 20 % IV EMUL,Fat Emulsion Plant Based,mL/hr,.36,mL/hr,.36,1
FAT EMULSION PLANT BASED 20 % IV EMUL,Fat Emulsion Plant Based,mL/hr,.35,mL/hr,.35,21
FAT EMULSION PLANT BASED 20 % IV EMUL,Fat Emulsion Plant Based,mL,8,mL,8,2
FAT EMULSION PLANT BASED 20 % IV EMUL,Fat Emulsion Plant Based,mL/hr,.33,mL/hr,.33,11
FAT EMULSION PLANT BASED 20 % IV EMUL,Fat Emulsion Plant Based,mL/hr,.32,mL/hr,.32,1
FAT EMULSION PLANT BASED 20 % IV EMUL,Fat Emulsion Plant Based,mL/hr,.31,mL/hr,.31,1
FAT EMULSION PLANT BASED 20 % IV EMUL,Fat Emulsion Plant Based,mL/hr,.3,mL/hr,.3,880
FAT EMULSION PLANT BASED 20 % IV EMUL,Fat Emulsion Plant Based,mL/hr,.29,mL/hr,.29,2
FAT EMULSION PLANT BASED 20 % IV EMUL,Fat Emulsion Plant Based,mL/hr,.28,mL/hr,.28,9
FAT EMULSION PLANT BASED 20 % IV EMUL,Fat Emulsion Plant Based,mL/hr,.27,mL/hr,.27,1
FAT EMULSION PLANT BASED 20 % IV EMUL,Fat Emulsion Plant Based,mL/hr,.25,mL/hr,.25,61
FAT EMULSION PLANT BASED 20 % IV EMUL,Fat Emulsion Plant Based,mL/hr,.26,mL/hr,.26,9
FAT EMULSION PLANT BASED 20 % IV EMUL,Fat Emulsion Plant Based,mL/hr,.14,mL/hr,.14,51
FAT EMULSION PLANT BASED 20 % IV EMUL,Fat Emulsion Plant Based,mL/hr,.23,mL/hr,.23,23
FAT EMULSION PLANT BASED 20 % IV EMUL,Fat Emulsion Plant Based,mL/hr,.22,mL/hr,.22,1
FAT EMULSION PLANT BASED 20 % IV EMUL,Fat Emulsion Plant Based,mL/hr,.2,mL/hr,.2,678
FAT EMULSION PLANT BASED 20 % IV EMUL,Fat Emulsion Plant Based,mL/hr,.18,mL/hr,.18,11
FAT EMULSION PLANT BASED 20 % IV EMUL,Fat Emulsion Plant Based,mL/hr,.17,mL/hr,.17,9
FAT EMULSION PLANT BASED 20 % IV EMUL,Fat Emulsion Plant Based,mL/hr,.16,mL/hr,.16,10
FAT EMULSION PLANT BASED 20 % IV EMUL,Fat Emulsion Plant Based,mL/hr,.15,mL/hr,.15,52
FAT EMULSION PLANT BASED 20 % IV EMUL,Fat Emulsion Plant Based,mL/hr,.24,mL/hr,.24,1
FAT EMULSION PLANT BASED 20 % IV EMUL,Fat Emulsion Plant Based,mL/hr,.13,mL/hr,.13,10
FAT EMULSION PLANT BASED 20 % IV EMUL,Fat Emulsion Plant Based,mL/hr,.12,mL/hr,.12,3
FAT EMULSION PLANT BASED 20 % IV EMUL,Fat Emulsion Plant Based,mL/hr,.1,mL/hr,.1,198
FAT EMULSION PLANT BASED 20 % IV EMUL,Fat Emulsion Plant Based,mL,90,mL,90,3
FAT EMULSION PLANT BASED 30 % IV EMUL,Fat Emulsion Plant Based,mL/hr,1.2,mL/hr,1.2,2
FENTANYL CITRATE (PF) 50 MCG/ML IJ SOLN,Fentanyl Citrate Preservative Free (PF) Inj 100 MCG/2ML,mcg/hr,100,mcg,100,1
FENTANYL CITRATE (PF) 50 MCG/ML IJ SOLN,Fentanyl Citrate Preservative Free (PF) Inj 100 MCG/2ML,mcg/kg/hr,25,mcg,25,10
FENTANYL CITRATE (PF) 50 MCG/ML IJ SOLN,Fentanyl Citrate Preservative Free (PF) Inj 100 MCG/2ML,mcg,75,mcg,75,1
FENTANYL CITRATE (PF) 50 MCG/ML IJ SOLN,Fentanyl Citrate Preservative Free (PF) Inj 100 MCG/2ML,mcg/kg/hr,50,mcg,50,8
FENTANYL CITRATE (PF) 50 MCG/ML IJ SOLN,Fentanyl Citrate Preservative Free (PF) Inj 100 MCG/2ML,mcg,100,mcg,100,1
FENTANYL CITRATE (PF) 50 MCG/ML IJ SOLN,Fentanyl Citrate Preservative Free (PF) Inj 100 MCG/2ML,mL/hr,100,mcg,100,32
FENTANYL CITRATE (PF) 50 MCG/ML IJ SOLN,Fentanyl Citrate Preservative Free (PF) Inj 100 MCG/2ML,mcg,50,mcg,50,3
FENTANYL DRIP SYRINGE,fentanyl,mcg/hr,0-400,mcg/hr,0-400,10
FENTANYL DRIP SYRINGE,fentanyl,mcg/hr,0-300,mcg/hr,0-300,204
FENTANYL DRIP SYRINGE,fentanyl,mcg/hr,0-500,mcg/hr,0-500,127
FENTANYL DRIP SYRINGE,fentanyl,mcg/hr,0-25,mcg/hr,0-25,106
FENTANYL DRIP SYRINGE,fentanyl,mcg/hr,0-200,mcg/hr,0-200,315
FENTANYL DRIP SYRINGE,fentanyl,mcg/hr,0-250,mcg/hr,0-250,146
FILGRASTIM - SNDZ 5 MCG/ML D5W (NICU) IV SYRINGE,Filgrastim-sndz,mcg,10,mcg/kg,10,1
FLUCONAZOLE IN SODIUM CHLORIDE 200-0.9 MG/100ML-% IV SOLN,Fluconazole in Sodium Chloride,mg,200,mg,200,3379
FLUCONAZOLE IN SODIUM CHLORIDE 400-0.9 MG/200ML-% IV SOLN,Fluconazole in Sodium Chloride,mg,200,mg,200,5
FLUCONAZOLE IN SODIUM CHLORIDE 400-0.9 MG/200ML-% IV SOLN,Fluconazole in Sodium Chloride,mg,400,mg,400,4642
FLUCONAZOLE IN SODIUM CHLORIDE 400-0.9 MG/200ML-% IV SOLN,Fluconazole in Sodium Chloride,mg,800,mg,800,5
FLUMAZENIL 0.5 MG/5ML IV SOLN,Flumazenil,mg,.5,mg,.5,28
FLUMAZENIL 0.5 MG/5ML IV SOLN,Flumazenil,mg,.2,mg,.2,61
FLUMAZENIL 0.5 MG/5ML IV SOLN,Flumazenil,mg,.2-1,mg,.2-1,1
FLUOROURACIL 1 GM/20ML IV SOLN,Fluorouracil,mg,400,mg/m2,400,8
FLUOROURACIL 5 GM/100ML IV SOLN,Fluorouracil,mg,400,mg/m2,400,7
FUROSEMIDE 10 MG/ML IJ SOLN,Furosemide,mg,20,mg,20,1
FUROSEMIDE 10 MG/ML IJ SOLN,Furosemide,mg,40,mg,40,16
FUROSEMIDE 10 MG/ML IJ SOLN,Furosemide,mg,60,mg,60,2
FUROSEMIDE 10 MG/ML IJ SOLN,Furosemide,mg,80,mg,80,9
GADOBENATE DIMEGLUMINE 529 MG/ML IV SOLN,Gadobenate Dimeglumine,mL,30,mL,30,78
GADOBENATE DIMEGLUMINE 529 MG/ML IV SOLN,Gadobenate Dimeglumine,mL,4,mL,4,3
GADOBENATE DIMEGLUMINE 529 MG/ML IV SOLN,Gadobenate Dimeglumine,mL,4.5,mL,4.5,1
GADOBENATE DIMEGLUMINE 529 MG/ML IV SOLN,Gadobenate Dimeglumine,mL,40,mL,40,1
GADOBENATE DIMEGLUMINE 529 MG/ML IV SOLN,Gadobenate Dimeglumine,mL,5,mL,5,19
GADOBENATE DIMEGLUMINE 529 MG/ML IV SOLN,Gadobenate Dimeglumine,mL,5.5,mL,5.5,1
GADOBENATE DIMEGLUMINE 529 MG/ML IV SOLN,Gadobenate Dimeglumine,mL,6.5,mL,6.5,3
GADOBENATE DIMEGLUMINE 529 MG/ML IV SOLN,Gadobenate Dimeglumine,mL,3,mL,3,1
GADOBENATE DIMEGLUMINE 529 MG/ML IV SOLN,Gadobenate Dimeglumine,mL,7,mL,7,92
GADOBENATE DIMEGLUMINE 529 MG/ML IV SOLN,Gadobenate Dimeglumine,mL,7.5,mL,7.5,1
GADOBENATE DIMEGLUMINE 529 MG/ML IV SOLN,Gadobenate Dimeglumine,mL,8,mL,8,86
GADOBENATE DIMEGLUMINE 529 MG/ML IV SOLN,Gadobenate Dimeglumine,mL,9,mL,9,42
GADOBENATE DIMEGLUMINE 529 MG/ML IV SOLN,Gadobenate Dimeglumine,mg,20,mL,20,1
GADOBENATE DIMEGLUMINE 529 MG/ML IV SOLN,Gadobenate Dimeglumine,mL,6,mL,6,60
GADOBENATE DIMEGLUMINE 529 MG/ML IV SOLN,Gadobenate Dimeglumine,mL,27,mL,27,1
GADOBENATE DIMEGLUMINE 529 MG/ML IV SOLN,Gadobenate Dimeglumine,mL,.6,mL,.6,1
GADOBENATE DIMEGLUMINE 529 MG/ML IV SOLN,Gadobenate Dimeglumine,mL,20,mL,20,1354
GADOBENATE DIMEGLUMINE 529 MG/ML IV SOLN,Gadobenate Dimeglumine,mL,19,mL,19,27
GADOBENATE DIMEGLUMINE 529 MG/ML IV SOLN,Gadobenate Dimeglumine,mL,18.3,mL,18.3,1
GADOBENATE DIMEGLUMINE 529 MG/ML IV SOLN,Gadobenate Dimeglumine,mL,18,mL,18,82
GADOBENATE DIMEGLUMINE 529 MG/ML IV SOLN,Gadobenate Dimeglumine,mL,17,mL,17,69
GADOBENATE DIMEGLUMINE 529 MG/ML IV SOLN,Gadobenate Dimeglumine,mL,16,mL,16,30
GADOBENATE DIMEGLUMINE 529 MG/ML IV SOLN,Gadobenate Dimeglumine,mL,15.5,mL,15.5,1
GADOBENATE DIMEGLUMINE 529 MG/ML IV SOLN,Gadobenate Dimeglumine,mL,15,mL,15,2317
GADOBENATE DIMEGLUMINE 529 MG/ML IV SOLN,Gadobenate Dimeglumine,mL,14,mL,14,98
GADOBENATE DIMEGLUMINE 529 MG/ML IV SOLN,Gadobenate Dimeglumine,mL,13,mL,13,101
GADOBENATE DIMEGLUMINE 529 MG/ML IV SOLN,Gadobenate Dimeglumine,mL,12,mL,12,166
GADOBENATE DIMEGLUMINE 529 MG/ML IV SOLN,Gadobenate Dimeglumine,mL,11,mL,11,14
GADOBENATE DIMEGLUMINE 529 MG/ML IV SOLN,Gadobenate Dimeglumine,mL,10,mL,10,2093
GADOBENATE DIMEGLUMINE 529 MG/ML IV SOLN,Gadobenate Dimeglumine,mL,25,mL,25,1
GADOBUTROL 1 MMOL/ML IV SOLN,Gadobutrol,mL,0.1,mL/kg,0.1,5
GADOTERIDOL 279.3 MG/ML IV SOLN,Gadoteridol,mL,16.5,mL,16.5,12
GADOTERIDOL 279.3 MG/ML IV SOLN,Gadoteridol,mL,16.7,mL,16.7,1
GADOTERIDOL 279.3 MG/ML IV SOLN,Gadoteridol,mL,17,mL,17,92
GADOTERIDOL 279.3 MG/ML IV SOLN,Gadoteridol,mL,17.2,mL,17.2,2
GADOTERIDOL 279.3 MG/ML IV SOLN,Gadoteridol,mL,17.4,mL,17.4,1
GADOTERIDOL 279.3 MG/ML IV SOLN,Gadoteridol,mL,17.5,mL,17.5,5
GADOTERIDOL 279.3 MG/ML IV SOLN,Gadoteridol,mL,17.6,mL,17.6,3
GADOTERIDOL 279.3 MG/ML IV SOLN,Gadoteridol,mL,17.7,mL,17.7,1
GADOTERIDOL 279.3 MG/ML IV SOLN,Gadoteridol,mL,171.1,mL,171.1,1
GADOTERIDOL 279.3 MG/ML IV SOLN,Gadoteridol,mL,18,mL,18,133
GADOTERIDOL 279.3 MG/ML IV SOLN,Gadoteridol,mL,18.2,mL,18.2,1
GADOTERIDOL 279.3 MG/ML IV SOLN,Gadoteridol,mL,18.5,mL,18.5,4
GADOTERIDOL 279.3 MG/ML IV SOLN,Gadoteridol,mL,18.6,mL,18.6,1
GADOTERIDOL 279.3 MG/ML IV SOLN,Gadoteridol,mL,18.7,mL,18.7,2
GADOTERIDOL 279.3 MG/ML IV SOLN,Gadoteridol,mL,35,mL,35,1
GADOTERIDOL 279.3 MG/ML IV SOLN,Gadoteridol,mL,19,mL,19,46
GADOTERIDOL 279.3 MG/ML IV SOLN,Gadoteridol,mL,19.5,mL,19.5,2
GADOTERIDOL 279.3 MG/ML IV SOLN,Gadoteridol,mL,19.6,mL,19.6,1
GADOTERIDOL 279.3 MG/ML IV SOLN,Gadoteridol,mL,19.9,mL,19.9,2
GADOTERIDOL 279.3 MG/ML IV SOLN,Gadoteridol,mL,20,mL,20,1281
GADOTERIDOL 279.3 MG/ML IV SOLN,Gadoteridol,mL,30,mL,30,2
GADOTERIDOL 279.3 MG/ML IV SOLN,Gadoteridol,mL,16.4,mL,16.4,2
GADOTERIDOL 279.3 MG/ML IV SOLN,Gadoteridol,mL,6,mL,6,2
GADOTERIDOL 279.3 MG/ML IV SOLN,Gadoteridol,mL,7,mL,7,9
GADOTERIDOL 279.3 MG/ML IV SOLN,Gadoteridol,mL,8,mL,8,15
GADOTERIDOL 279.3 MG/ML IV SOLN,Gadoteridol,mL,9,mL,9,14
GADOTERIDOL 279.3 MG/ML IV SOLN,Gadoteridol,mL,9.5,mL,9.5,2
GADOTERIDOL 279.3 MG/ML IV SOLN,Gadoteridol,mL,9.7,mL,9.7,1
GADOTERIDOL 279.3 MG/ML IV SOLN,Gadoteridol,mL,9.8,mL,9.8,1
GADOTERIDOL 279.3 MG/ML IV SOLN,Gadoteridol,mL,18.9,mL,18.9,2
GADOTERIDOL 279.3 MG/ML IV SOLN,Gadoteridol,mL,16.2,mL,16.2,1
GADOTERIDOL 279.3 MG/ML IV SOLN,Gadoteridol,mL,15.8,mL,15.8,1
GADOTERIDOL 279.3 MG/ML IV SOLN,Gadoteridol,mL,12.5,mL,12.5,4
GADOTERIDOL 279.3 MG/ML IV SOLN,Gadoteridol,mL,.2,mL/kg,.2,23
GADOTERIDOL 279.3 MG/ML IV SOLN,Gadoteridol,mL,10,mL,10,662
GADOTERIDOL 279.3 MG/ML IV SOLN,Gadoteridol,mL,10.8,mL,10.8,1
GADOTERIDOL 279.3 MG/ML IV SOLN,Gadoteridol,mL,11,mL,11,15
GADOTERIDOL 279.3 MG/ML IV SOLN,Gadoteridol,mL,11.1,mL,11.1,1
GADOTERIDOL 279.3 MG/ML IV SOLN,Gadoteridol,mL,11.3,mL,11.3,1
GADOTERIDOL 279.3 MG/ML IV SOLN,Gadoteridol,mL,11.5,mL,11.5,1
GADOTERIDOL 279.3 MG/ML IV SOLN,Gadoteridol,mL,12,mL,12,67
GADOTERIDOL 279.3 MG/ML IV SOLN,Gadoteridol,mL,12.1,mL,12.1,1
GADOTERIDOL 279.3 MG/ML IV SOLN,Gadoteridol,mL,16,mL,16,41
GADOTERIDOL 279.3 MG/ML IV SOLN,Gadoteridol,mL,12.7,mL,12.7,2
GADOTERIDOL 279.3 MG/ML IV SOLN,Gadoteridol,mL,12.8,mL,12.8,2
GADOTERIDOL 279.3 MG/ML IV SOLN,Gadoteridol,mL,13,mL,13,119
GADOTERIDOL 279.3 MG/ML IV SOLN,Gadoteridol,mL,13.1,mL,13.1,1
GADOTERIDOL 279.3 MG/ML IV SOLN,Gadoteridol,mL,12.6,mL,12.6,1
GADOTERIDOL 279.3 MG/ML IV SOLN,Gadoteridol,mL,13.5,mL,13.5,3
GADOTERIDOL 279.3 MG/ML IV SOLN,Gadoteridol,mL,15.5,mL,15.5,1
GADOTERIDOL 279.3 MG/ML IV SOLN,Gadoteridol,mL,15.4,mL,15.4,2
GADOTERIDOL 279.3 MG/ML IV SOLN,Gadoteridol,mL,13.2,mL,13.2,2
GADOTERIDOL 279.3 MG/ML IV SOLN,Gadoteridol,mL,15,mL,15,1076
GADOTERIDOL 279.3 MG/ML IV SOLN,Gadoteridol,mL,14.7,mL,14.7,1
GADOTERIDOL 279.3 MG/ML IV SOLN,Gadoteridol,mL,14.5,mL,14.5,6
GADOTERIDOL 279.3 MG/ML IV SOLN,Gadoteridol,mL,14.4,mL,14.4,2
GADOTERIDOL 279.3 MG/ML IV SOLN,Gadoteridol,mL,15.3,mL,15.3,2
GADOTERIDOL 279.3 MG/ML IV SOLN,Gadoteridol,mL,14.1,mL,14.1,1
GADOTERIDOL 279.3 MG/ML IV SOLN,Gadoteridol,mL,14,mL,14,98
GADOTERIDOL 279.3 MG/ML IV SOLN,Gadoteridol,mL,13.8,mL,13.8,1
GADOTERIDOL 279.3 MG/ML IV SOLN,Gadoteridol,mL,13.7,mL,13.7,1
GADOTERIDOL 279.3 MG/ML IV SOLN,Gadoteridol,mL,13.6,mL,13.6,1
GADOTERIDOL 279.3 MG/ML IV SOLN,Gadoteridol,mL,14.2,mL,14.2,2
GADOXETATE DISODIUM 0.25 MOL/L IV SOLN,Gadoxetate Disodium,mL,10,mL,10,15
GADOXETATE DISODIUM 0.25 MOL/L IV SOLN,Gadoxetate Disodium,mL,5,mL,5,1
GADOXETATE DISODIUM 0.25 MOL/L IV SOLN,Gadoxetate Disodium,mL,6,mL/kg,6,1
GADOXETATE DISODIUM 0.25 MOL/L IV SOLN,Gadoxetate Disodium,mL,8,mL,8,3
GAMMAGARD 20 GM/200ML IJ SOLN,Immune Globulin (Human),g,20,g,20,2
GENTAMICIN IN SALINE 0.8-0.9 MG/ML-% IV SOLN,Gentamicin in Saline,mg/kg,1,mg/kg,1,1
GENTAMICIN IN SALINE 0.8-0.9 MG/ML-% IV SOLN,Gentamicin in Saline,mg,1,mg/kg,1,4
GENTAMICIN IN SALINE 0.8-0.9 MG/ML-% IV SOLN,Gentamicin in Saline,mg,1.5,mg/kg,1.5,3
GENTAMICIN IN SALINE 0.8-0.9 MG/ML-% IV SOLN,Gentamicin in Saline,mg,80,mg,80,421
GENTAMICIN IN SALINE 1-0.9 MG/ML-% IV SOLN,Gentamicin in Saline,mg,100,mg,100,20
GENTAMICIN IN SALINE 1-0.9 MG/ML-% IV SOLN,Gentamicin in Saline,mg/kg,1,mg/kg,1,3
GENTAMICIN IN SALINE 1-0.9 MG/ML-% IV SOLN,Gentamicin in Saline,mg,1,mg/kg,1,24
GENTAMICIN IN SALINE 1.6-0.9 MG/ML-% IV SOLN,Gentamicin in Saline,mg,80,mg,80,18
GENTAMICIN IN SALINE 1.6-0.9 MG/ML-% IV SOLN,Gentamicin in Saline,mg/kg,1,mg/kg,1,2
GENTAMICIN IN SALINE 1.6-0.9 MG/ML-% IV SOLN,Gentamicin in Saline,mg,1,mg/kg,1,8
GENTAMICIN IN SALINE 1.6-0.9 MG/ML-% IV SOLN,Gentamicin in Saline,mg,1.5,mg/kg,1.5,19
HALOPERIDOL LACTATE 5 MG/ML IJ SOLN,Haloperidol Lactate,mg,5,mg,5,1
HEPARIN (PORCINE) 50 UNIT/ML 500 ML IV SOLN,Heparin (Porcine) in NaCl,Units/kg/hr,7.24,Units/kg/hr,7.24,13
HEPARIN (PORCINE) 50 UNIT/ML 500 ML IV SOLN,Heparin (Porcine) in NaCl,Units/kg/hr,7.3,Units/kg/hr,7.3,15
HEPARIN (PORCINE) 50 UNIT/ML 500 ML IV SOLN,Heparin (Porcine) in NaCl,Units/kg/hr,7.35,Units/kg/hr,7.35,15
HEPARIN (PORCINE) 50 UNIT/ML 500 ML IV SOLN,Heparin (Porcine) in NaCl,Units/kg/hr,7.5,Units/kg/hr,7.5,21
HEPARIN (PORCINE) 50 UNIT/ML 500 ML IV SOLN,Heparin (Porcine) in NaCl,Units/kg/hr,7.57,Units/kg/hr,7.57,4
HEPARIN (PORCINE) 50 UNIT/ML 500 ML IV SOLN,Heparin (Porcine) in NaCl,Units/kg/hr,7.64,Units/kg/hr,7.64,15
HEPARIN (PORCINE) 50 UNIT/ML 500 ML IV SOLN,Heparin (Porcine) in NaCl,Units/kg/hr,7.7,Units/kg/hr,7.7,22
HEPARIN (PORCINE) 50 UNIT/ML 500 ML IV SOLN,Heparin (Porcine) in NaCl,Units/kg/hr,7.77,Units/kg/hr,7.77,8
HEPARIN (PORCINE) 50 UNIT/ML 500 ML IV SOLN,Heparin (Porcine) in NaCl,Units/kg/hr,7.78,Units/kg/hr,7.78,2
HEPARIN (PORCINE) 50 UNIT/ML 500 ML IV SOLN,Heparin (Porcine) in NaCl,Units/kg/hr,7.89,Units/kg/hr,7.89,27
HEPARIN (PORCINE) 50 UNIT/ML 500 ML IV SOLN,Heparin (Porcine) in NaCl,Units/kg/hr,7.96,Units/kg/hr,7.96,16
HEPARIN (PORCINE) 50 UNIT/ML 500 ML IV SOLN,Heparin (Porcine) in NaCl,Units/kg/hr,750,Units/hr,750,1
HEPARIN (PORCINE) 50 UNIT/ML 500 ML IV SOLN,Heparin (Porcine) in NaCl,Units/kg/hr,8,Units/kg/hr,8,52
HEPARIN (PORCINE) 50 UNIT/ML 500 ML IV SOLN,Heparin (Porcine) in NaCl,Units/kg/hr,8.14,Units/kg/hr,8.14,39
HEPARIN (PORCINE) 50 UNIT/ML 500 ML IV SOLN,Heparin (Porcine) in NaCl,Units/kg/hr,8.17,Units/kg/hr,8.17,3
HEPARIN (PORCINE) 50 UNIT/ML 500 ML IV SOLN,Heparin (Porcine) in NaCl,Units/kg/hr,8.18,Units/kg/hr,8.18,90
HEPARIN (PORCINE) 50 UNIT/ML 500 ML IV SOLN,Heparin (Porcine) in NaCl,Units/kg/hr,8.28,Units/kg/hr,8.28,4
HEPARIN (PORCINE) 50 UNIT/ML 500 ML IV SOLN,Heparin (Porcine) in NaCl,Units/kg/hr,8.29,Units/kg/hr,8.29,30
HEPARIN (PORCINE) 50 UNIT/ML 500 ML IV SOLN,Heparin (Porcine) in NaCl,Units/kg/hr,8.31,Units/kg/hr,8.31,35
HEPARIN (PORCINE) 50 UNIT/ML 500 ML IV SOLN,Heparin (Porcine) in NaCl,Units/kg/hr,7.22,Units/kg/hr,7.22,26
HEPARIN (PORCINE) 50 UNIT/ML 500 ML IV SOLN,Heparin (Porcine) in NaCl,Units/kg/hr,7.17,Units/kg/hr,7.17,28
HEPARIN (PORCINE) 50 UNIT/ML 500 ML IV SOLN,Heparin (Porcine) in NaCl,Units/kg/hr,7.15,Units/kg/hr,7.15,5
HEPARIN (PORCINE) 50 UNIT/ML 500 ML IV SOLN,Heparin (Porcine) in NaCl,Units/kg/hr,8.41,Units/kg/hr,8.41,2
HEPARIN (PORCINE) 50 UNIT/ML 500 ML IV SOLN,Heparin (Porcine) in NaCl,Units/kg/hr,4.37,Units/kg/hr,4.37,1
HEPARIN (PORCINE) 50 UNIT/ML 500 ML IV SOLN,Heparin (Porcine) in NaCl,Units/kg/hr,5,Units/kg/hr,5,8
HEPARIN (PORCINE) 50 UNIT/ML 500 ML IV SOLN,Heparin (Porcine) in NaCl,mL/hr,750,Units/hr,750,1
HEPARIN (PORCINE) 50 UNIT/ML 500 ML IV SOLN,Heparin (Porcine) in NaCl,Units/kg/hr,5.22,Units/kg/hr,5.22,50
HEPARIN (PORCINE) 50 UNIT/ML 500 ML IV SOLN,Heparin (Porcine) in NaCl,Units/kg/hr,5.5,Units/kg/hr,5.5,4
HEPARIN (PORCINE) 50 UNIT/ML 500 ML IV SOLN,Heparin (Porcine) in NaCl,Units/kg/hr,5.8,Units/kg/hr,5.8,1
HEPARIN (PORCINE) 50 UNIT/ML 500 ML IV SOLN,Heparin (Porcine) in NaCl,Units/kg/hr,5.88,Units/kg/hr,5.88,6
HEPARIN (PORCINE) 50 UNIT/ML 500 ML IV SOLN,Heparin (Porcine) in NaCl,Units/kg/hr,500,Units/hr,500,4
HEPARIN (PORCINE) 50 UNIT/ML 500 ML IV SOLN,Heparin (Porcine) in NaCl,Units/kg/hr,6,Units/kg/hr,6,71
HEPARIN (PORCINE) 50 UNIT/ML 500 ML IV SOLN,Heparin (Porcine) in NaCl,Units/kg/hr,4,Units/kg/hr,4,12
HEPARIN (PORCINE) 50 UNIT/ML 500 ML IV SOLN,Heparin (Porcine) in NaCl,Units/kg/hr,6.03,Units/kg/hr,6.03,4
HEPARIN (PORCINE) 50 UNIT/ML 500 ML IV SOLN,Heparin (Porcine) in NaCl,Units/kg/hr,6.25,Units/kg/hr,6.25,74
HEPARIN (PORCINE) 50 UNIT/ML 500 ML IV SOLN,Heparin (Porcine) in NaCl,Units/kg/hr,6.43,Units/kg/hr,6.43,61
HEPARIN (PORCINE) 50 UNIT/ML 500 ML IV SOLN,Heparin (Porcine) in NaCl,Units/kg/hr,6.5,Units/kg/hr,6.5,3
HEPARIN (PORCINE) 50 UNIT/ML 500 ML IV SOLN,Heparin (Porcine) in NaCl,Units/kg/hr,6.57,Units/kg/hr,6.57,59
HEPARIN (PORCINE) 50 UNIT/ML 500 ML IV SOLN,Heparin (Porcine) in NaCl,Units/kg/hr,6.61,Units/kg/hr,6.61,62
HEPARIN (PORCINE) 50 UNIT/ML 500 ML IV SOLN,Heparin (Porcine) in NaCl,Units/kg/hr,6.66,Units/kg/hr,6.66,66
HEPARIN (PORCINE) 50 UNIT/ML 500 ML IV SOLN,Heparin (Porcine) in NaCl,Units/kg/hr,6.75,Units/kg/hr,6.75,34
HEPARIN (PORCINE) 50 UNIT/ML 500 ML IV SOLN,Heparin (Porcine) in NaCl,Units/kg/hr,6.76,Units/kg/hr,6.76,44
HEPARIN (PORCINE) 50 UNIT/ML 500 ML IV SOLN,Heparin (Porcine) in NaCl,Units/kg/hr,6.84,Units/kg/hr,6.84,10
HEPARIN (PORCINE) 50 UNIT/ML 500 ML IV SOLN,Heparin (Porcine) in NaCl,Units/kg/hr,6.07,Units/kg/hr,6.07,28
HEPARIN (PORCINE) 50 UNIT/ML 500 ML IV SOLN,Heparin (Porcine) in NaCl,Units/kg/hr,7.08,Units/kg/hr,7.08,2
HEPARIN (PORCINE) 50 UNIT/ML 500 ML IV SOLN,Heparin (Porcine) in NaCl,Units/kg/hr,8.62,Units/kg/hr,8.62,82
HEPARIN (PORCINE) 50 UNIT/ML 500 ML IV SOLN,Heparin (Porcine) in NaCl,Units/kg/hr,8.65,Units/kg/hr,8.65,4
HEPARIN (PORCINE) 50 UNIT/ML 500 ML IV SOLN,Heparin (Porcine) in NaCl,Units/kg/hr,9.49,Units/kg/hr,9.49,15
HEPARIN (PORCINE) 50 UNIT/ML 500 ML IV SOLN,Heparin (Porcine) in NaCl,Units/kg/hr,9.5,Units/kg/hr,9.5,12
HEPARIN (PORCINE) 50 UNIT/ML 500 ML IV SOLN,Heparin (Porcine) in NaCl,Units/kg/hr,9.55,Units/kg/hr,9.55,45
HEPARIN (PORCINE) 50 UNIT/ML 500 ML IV SOLN,Heparin (Porcine) in NaCl,Units/kg/hr,9.61,Units/kg/hr,9.61,2
HEPARIN (PORCINE) 50 UNIT/ML 500 ML IV SOLN,Heparin (Porcine) in NaCl,Units/kg/hr,9.62,Units/kg/hr,9.62,28
HEPARIN (PORCINE) 50 UNIT/ML 500 ML IV SOLN,Heparin (Porcine) in NaCl,Units/kg/hr,9.63,Units/kg/hr,9.63,12
HEPARIN (PORCINE) 50 UNIT/ML 500 ML IV SOLN,Heparin (Porcine) in NaCl,Units/kg/hr,9.7,Units/kg/hr,9.7,36
HEPARIN (PORCINE) 50 UNIT/ML 500 ML IV SOLN,Heparin (Porcine) in NaCl,Units/kg/hr,9.71,Units/kg/hr,9.71,12
HEPARIN (PORCINE) 50 UNIT/ML 500 ML IV SOLN,Heparin (Porcine) in NaCl,Units/kg/hr,9.72,Units/kg/hr,9.72,16
HEPARIN (PORCINE) 50 UNIT/ML 500 ML IV SOLN,Heparin (Porcine) in NaCl,Units/kg/hr,9.42,Units/kg/hr,9.42,26
HEPARIN (PORCINE) 50 UNIT/ML 500 ML IV SOLN,Heparin (Porcine) in NaCl,Units/kg/hr,9.74,Units/kg/hr,9.74,46
HEPARIN (PORCINE) 50 UNIT/ML 500 ML IV SOLN,Heparin (Porcine) in NaCl,Units/kg/hr,9.81,Units/kg/hr,9.81,7
HEPARIN (PORCINE) 50 UNIT/ML 500 ML IV SOLN,Heparin (Porcine) in NaCl,Units/kg/hr,9.84,Units/kg/hr,9.84,15
HEPARIN (PORCINE) 50 UNIT/ML 500 ML IV SOLN,Heparin (Porcine) in NaCl,Units/kg/hr,9.9,Units/kg/hr,9.9,2
HEPARIN (PORCINE) 50 UNIT/ML 500 ML IV SOLN,Heparin (Porcine) in NaCl,Units/kg/hr,9.96,Units/kg/hr,9.96,3
HEPARIN (PORCINE) 50 UNIT/ML 500 ML IV SOLN,Heparin (Porcine) in NaCl,mL/hr,1000,Units/hr,1000,3
HEPARIN (PORCINE) 50 UNIT/ML 500 ML IV SOLN,Heparin (Porcine) in NaCl,mL/hr,13,Units/kg/hr,13,30
HEPARIN (PORCINE) 50 UNIT/ML 500 ML IV SOLN,Heparin (Porcine) in NaCl,mL/hr,15,Units/kg/hr,15,21
HEPARIN (PORCINE) 50 UNIT/ML 500 ML IV SOLN,Heparin (Porcine) in NaCl,mL/hr,500,Units/hr,500,12
HEPARIN (PORCINE) 50 UNIT/ML 500 ML IV SOLN,Heparin (Porcine) in NaCl,Units/kg/hr,33,Units/kg/hr,33,11
HEPARIN (PORCINE) 50 UNIT/ML 500 ML IV SOLN,Heparin (Porcine) in NaCl,Units/kg/hr,9.77,Units/kg/hr,9.77,3
HEPARIN (PORCINE) 50 UNIT/ML 500 ML IV SOLN,Heparin (Porcine) in NaCl,Units/kg/hr,8.44,Units/kg/hr,8.44,67
HEPARIN (PORCINE) 50 UNIT/ML 500 ML IV SOLN,Heparin (Porcine) in NaCl,Units/kg/hr,9.4,Units/kg/hr,9.4,2
HEPARIN (PORCINE) 50 UNIT/ML 500 ML IV SOLN,Heparin (Porcine) in NaCl,Units/kg/hr,9.33,Units/kg/hr,9.33,3
HEPARIN (PORCINE) 50 UNIT/ML 500 ML IV SOLN,Heparin (Porcine) in NaCl,Units/kg/hr,8.67,Units/kg/hr,8.67,9
HEPARIN (PORCINE) 50 UNIT/ML 500 ML IV SOLN,Heparin (Porcine) in NaCl,Units/kg/hr,8.69,Units/kg/hr,8.69,24
HEPARIN (PORCINE) 50 UNIT/ML 500 ML IV SOLN,Heparin (Porcine) in NaCl,Units/kg/hr,8.72,Units/kg/hr,8.72,19
HEPARIN (PORCINE) 50 UNIT/ML 500 ML IV SOLN,Heparin (Porcine) in NaCl,Units/kg/hr,8.77,Units/kg/hr,8.77,2
HEPARIN (PORCINE) 50 UNIT/ML 500 ML IV SOLN,Heparin (Porcine) in NaCl,Units/kg/hr,8.8,Units/kg/hr,8.8,23
HEPARIN (PORCINE) 50 UNIT/ML 500 ML IV SOLN,Heparin (Porcine) in NaCl,Units/kg/hr,8.82,Units/kg/hr,8.82,8
HEPARIN (PORCINE) 50 UNIT/ML 500 ML IV SOLN,Heparin (Porcine) in NaCl,Units/kg/hr,8.84,Units/kg/hr,8.84,1
HEPARIN (PORCINE) 50 UNIT/ML 500 ML IV SOLN,Heparin (Porcine) in NaCl,Units/kg/hr,8.95,Units/kg/hr,8.95,3
HEPARIN (PORCINE) 50 UNIT/ML 500 ML IV SOLN,Heparin (Porcine) in NaCl,Units/kg/hr,9,Units/kg/hr,9,52
HEPARIN (PORCINE) 50 UNIT/ML 500 ML IV SOLN,Heparin (Porcine) in NaCl,Units/kg/hr,9.36,Units/kg/hr,9.36,5
HEPARIN (PORCINE) 50 UNIT/ML 500 ML IV SOLN,Heparin (Porcine) in NaCl,Units/kg/hr,9.01,Units/kg/hr,9.01,2
HEPARIN (PORCINE) 50 UNIT/ML 500 ML IV SOLN,Heparin (Porcine) in NaCl,Units/kg/hr,9.15,Units/kg/hr,9.15,5
HEPARIN (PORCINE) 50 UNIT/ML 500 ML IV SOLN,Heparin (Porcine) in NaCl,Units/kg/hr,9.18,Units/kg/hr,9.18,25
HEPARIN (PORCINE) 50 UNIT/ML 500 ML IV SOLN,Heparin (Porcine) in NaCl,Units/kg/hr,9.19,Units/kg/hr,9.19,16
HEPARIN (PORCINE) 50 UNIT/ML 500 ML IV SOLN,Heparin (Porcine) in NaCl,Units/kg/hr,9.2,Units/kg/hr,9.2,39
HEPARIN (PORCINE) 50 UNIT/ML 500 ML IV SOLN,Heparin (Porcine) in NaCl,Units/kg/hr,9.21,Units/kg/hr,9.21,8
HEPARIN (PORCINE) 50 UNIT/ML 500 ML IV SOLN,Heparin (Porcine) in NaCl,Units/kg/hr,9.25,Units/kg/hr,9.25,1
HEPARIN (PORCINE) 50 UNIT/ML 500 ML IV SOLN,Heparin (Porcine) in NaCl,Units/kg/hr,9.28,Units/kg/hr,9.28,59
HEPARIN (PORCINE) 50 UNIT/ML 500 ML IV SOLN,Heparin (Porcine) in NaCl,Units/kg/hr,9.31,Units/kg/hr,9.31,150
HEPARIN (PORCINE) 50 UNIT/ML 500 ML IV SOLN,Heparin (Porcine) in NaCl,Units/kg/hr,9.32,Units/kg/hr,9.32,7
HEPARIN (PORCINE) 50 UNIT/ML 500 ML IV SOLN,Heparin (Porcine) in NaCl,Units/kg/hr,9.09,Units/kg/hr,9.09,54
HEPARIN (PORCINE) 50 UNIT/ML 500 ML IV SOLN,Heparin (Porcine) in NaCl,Units/kg/hr,3000,Units/hr,3000,1
HEPARIN (PORCINE) 50 UNIT/ML 500 ML IV SOLN,Heparin (Porcine) in NaCl,Units/kg/hr,22,Units/kg/hr,22,94
HEPARIN (PORCINE) 50 UNIT/ML 500 ML IV SOLN,Heparin (Porcine) in NaCl,Units/kg/hr,3,Units/kg/hr,3,5
HEPARIN (PORCINE) 50 UNIT/ML 500 ML IV SOLN,Heparin (Porcine) in NaCl,Units/kg/hr,10.1,Units/kg/hr,10.1,172
HEPARIN (PORCINE) 50 UNIT/ML 500 ML IV SOLN,Heparin (Porcine) in NaCl,Units/kg/hr,10.2,Units/kg/hr,10.2,144
HEPARIN (PORCINE) 50 UNIT/ML 500 ML IV SOLN,Heparin (Porcine) in NaCl,Units/kg/hr,10.3,Units/kg/hr,10.3,34
HEPARIN (PORCINE) 50 UNIT/ML 500 ML IV SOLN,Heparin (Porcine) in NaCl,Units/kg/hr,10.4,Units/kg/hr,10.4,22
HEPARIN (PORCINE) 50 UNIT/ML 500 ML IV SOLN,Heparin (Porcine) in NaCl,Units/kg/hr,10.5,Units/kg/hr,10.5,31
HEPARIN (PORCINE) 50 UNIT/ML 500 ML IV SOLN,Heparin (Porcine) in NaCl,Units/kg/hr,10.6,Units/kg/hr,10.6,23
HEPARIN (PORCINE) 50 UNIT/ML 500 ML IV SOLN,Heparin (Porcine) in NaCl,Units/kg/hr,10.7,Units/kg/hr,10.7,67
HEPARIN (PORCINE) 50 UNIT/ML 500 ML IV SOLN,Heparin (Porcine) in NaCl,Units/kg/hr,10.8,Units/kg/hr,10.8,129
HEPARIN (PORCINE) 50 UNIT/ML 500 ML IV SOLN,Heparin (Porcine) in NaCl,Units/kg/hr,10.9,Units/kg/hr,10.9,50
HEPARIN (PORCINE) 50 UNIT/ML 500 ML IV SOLN,Heparin (Porcine) in NaCl,Units/kg/hr,1000,Units/hr,1000,31
HEPARIN (PORCINE) 50 UNIT/ML 500 ML IV SOLN,Heparin (Porcine) in NaCl,Units/kg/hr,11,Units/kg/hr,11,365
HEPARIN (PORCINE) 50 UNIT/ML 500 ML IV SOLN,Heparin (Porcine) in NaCl,Units/kg/hr,11.1,Units/kg/hr,11.1,127
HEPARIN (PORCINE) 50 UNIT/ML 500 ML IV SOLN,Heparin (Porcine) in NaCl,Units/kg/hr,11.2,Units/kg/hr,11.2,73
HEPARIN (PORCINE) 50 UNIT/ML 500 ML IV SOLN,Heparin (Porcine) in NaCl,Units/kg/hr,11.25,Units/kg/hr,11.25,3
HEPARIN (PORCINE) 50 UNIT/ML 500 ML IV SOLN,Heparin (Porcine) in NaCl,Units/kg/hr,11.3,Units/kg/hr,11.3,38
HEPARIN (PORCINE) 50 UNIT/ML 500 ML IV SOLN,Heparin (Porcine) in NaCl,Units/kg/hr,11.4,Units/kg/hr,11.4,11
HEPARIN (PORCINE) 50 UNIT/ML 500 ML IV SOLN,Heparin (Porcine) in NaCl,Units/kg/hr,11.5,Units/kg/hr,11.5,99
HEPARIN (PORCINE) 50 UNIT/ML 500 ML IV SOLN,Heparin (Porcine) in NaCl,Units/kg/hr,11.6,Units/kg/hr,11.6,57
HEPARIN (PORCINE) 50 UNIT/ML 500 ML IV SOLN,Heparin (Porcine) in NaCl,Units/kg/hr,11.7,Units/kg/hr,11.7,57
HEPARIN (PORCINE) 50 UNIT/ML 500 ML IV SOLN,Heparin (Porcine) in NaCl,Units/kg/hr,10,Units/kg/hr,10,278
HEPARIN (PORCINE) 50 UNIT/ML 500 ML IV SOLN,Heparin (Porcine) in NaCl,Units/kg/hr,0-4500,Units/hr,0-4500,22
HEPARIN (PORCINE) 50 UNIT/ML 500 ML IV SOLN,Heparin (Porcine) in NaCl,Units/kg/hr,0-45,Units/kg/hr,0-45,729
HEPARIN (PORCINE) 50 UNIT/ML 500 ML IV SOLN,Heparin (Porcine) in NaCl,Units/kg/hr,0-35,Units/kg/hr,0-35,3
HEPARIN (PORCINE) 50 UNIT/ML 500 ML IV SOLN,Heparin (Porcine) in NaCl,Units/kg/hr,30,Units/kg/hr,30,12
HEPARIN (PORCINE) 50 UNIT/ML 500 ML IV SOLN,Heparin (Porcine) in NaCl,Units,13,Units/kg/hr,13,1
HEPARIN (PORCINE) 50 UNIT/ML 500 ML IV SOLN,Heparin (Porcine) in NaCl,Units/hr,0-30,Units/kg/hr,0-30,25
HEPARIN (PORCINE) 50 UNIT/ML 500 ML IV SOLN,Heparin (Porcine) in NaCl,Units/hr,0-3000,Units/hr,0-3000,4
HEPARIN (PORCINE) 50 UNIT/ML 500 ML IV SOLN,Heparin (Porcine) in NaCl,Units/hr,0-45,Units/kg/hr,0-45,2
HEPARIN (PORCINE) 50 UNIT/ML 500 ML IV SOLN,Heparin (Porcine) in NaCl,Units/hr,0-4500,Units/hr,0-4500,12
HEPARIN (PORCINE) 50 UNIT/ML 500 ML IV SOLN,Heparin (Porcine) in NaCl,Units/hr,100,Units/hr,100,1
HEPARIN (PORCINE) 50 UNIT/ML 500 ML IV SOLN,Heparin (Porcine) in NaCl,Units/hr,1000,Units/hr,1000,67
HEPARIN (PORCINE) 50 UNIT/ML 500 ML IV SOLN,Heparin (Porcine) in NaCl,Units/hr,13,Units/kg/hr,13,90
HEPARIN (PORCINE) 50 UNIT/ML 500 ML IV SOLN,Heparin (Porcine) in NaCl,Units/kg/hr,11.9,Units/kg/hr,11.9,209
HEPARIN (PORCINE) 50 UNIT/ML 500 ML IV SOLN,Heparin (Porcine) in NaCl,Units/hr,1300,Units/hr,1300,33
HEPARIN (PORCINE) 50 UNIT/ML 500 ML IV SOLN,Heparin (Porcine) in NaCl,Units/hr,1500,Units/hr,1500,20
HEPARIN (PORCINE) 50 UNIT/ML 500 ML IV SOLN,Heparin (Porcine) in NaCl,Units/hr,250,Units/hr,250,10
HEPARIN (PORCINE) 50 UNIT/ML 500 ML IV SOLN,Heparin (Porcine) in NaCl,Units/hr,300,Units/hr,300,2
HEPARIN (PORCINE) 50 UNIT/ML 500 ML IV SOLN,Heparin (Porcine) in NaCl,Units/hr,400,Units/hr,400,10
HEPARIN (PORCINE) 50 UNIT/ML 500 ML IV SOLN,Heparin (Porcine) in NaCl,Units/hr,500,Units/hr,500,422
HEPARIN (PORCINE) 50 UNIT/ML 500 ML IV SOLN,Heparin (Porcine) in NaCl,Units/hr,750,Units/hr,750,42
HEPARIN (PORCINE) 50 UNIT/ML 500 ML IV SOLN,Heparin (Porcine) in NaCl,Units/hr,800,Units/hr,800,2
HEPARIN (PORCINE) 50 UNIT/ML 500 ML IV SOLN,Heparin (Porcine) in NaCl,Units/kg/hr,0-30,Units/kg/hr,0-30,1112
HEPARIN (PORCINE) 50 UNIT/ML 500 ML IV SOLN,Heparin (Porcine) in NaCl,Units/kg/hr,0-3000,Units/hr,0-3000,108
HEPARIN (PORCINE) 50 UNIT/ML 500 ML IV SOLN,Heparin (Porcine) in NaCl,Units/hr,15,Units/kg/hr,15,110
HEPARIN (PORCINE) 50 UNIT/ML 500 ML IV SOLN,Heparin (Porcine) in NaCl,Units/kg/hr,12,Units/kg/hr,12,521
HEPARIN (PORCINE) 50 UNIT/ML 500 ML IV SOLN,Heparin (Porcine) in NaCl,Units/kg/hr,11.8,Units/kg/hr,11.8,157
HEPARIN (PORCINE) 50 UNIT/ML 500 ML IV SOLN,Heparin (Porcine) in NaCl,Units/kg/hr,12.19,Units/kg/hr,12.19,4
HEPARIN (PORCINE) 50 UNIT/ML 500 ML IV SOLN,Heparin (Porcine) in NaCl,Units/kg/hr,14.2,Units/kg/hr,14.2,10
HEPARIN (PORCINE) 50 UNIT/ML 500 ML IV SOLN,Heparin (Porcine) in NaCl,Units/kg/hr,14.3,Units/kg/hr,14.3,11
HEPARIN (PORCINE) 50 UNIT/ML 500 ML IV SOLN,Heparin (Porcine) in NaCl,Units/kg/hr,14.4,Units/kg/hr,14.4,44
HEPARIN (PORCINE) 50 UNIT/ML 500 ML IV SOLN,Heparin (Porcine) in NaCl,Units/kg/hr,14.5,Units/kg/hr,14.5,2
HEPARIN (PORCINE) 50 UNIT/ML 500 ML IV SOLN,Heparin (Porcine) in NaCl,Units/kg/hr,14.7,Units/kg/hr,14.7,151
HEPARIN (PORCINE) 50 UNIT/ML 500 ML IV SOLN,Heparin (Porcine) in NaCl,Units/kg/hr,14.8,Units/kg/hr,14.8,58
HEPARIN (PORCINE) 50 UNIT/ML 500 ML IV SOLN,Heparin (Porcine) in NaCl,Units/kg/hr,14.9,Units/kg/hr,14.9,13
HEPARIN (PORCINE) 50 UNIT/ML 500 ML IV SOLN,Heparin (Porcine) in NaCl,Units/kg/hr,15,Units/kg/hr,15,71669
HEPARIN (PORCINE) 50 UNIT/ML 500 ML IV SOLN,Heparin (Porcine) in NaCl,Units/kg/hr,15.6,Units/kg/hr,15.6,12
HEPARIN (PORCINE) 50 UNIT/ML 500 ML IV SOLN,Heparin (Porcine) in NaCl,Units/kg/hr,12.1,Units/kg/hr,12.1,98
HEPARIN (PORCINE) 50 UNIT/ML 500 ML IV SOLN,Heparin (Porcine) in NaCl,Units/kg/hr,1500,Units/hr,1500,25
HEPARIN (PORCINE) 50 UNIT/ML 500 ML IV SOLN,Heparin (Porcine) in NaCl,Units/kg/hr,17,Units/kg/hr,17,128
HEPARIN (PORCINE) 50 UNIT/ML 500 ML IV SOLN,Heparin (Porcine) in NaCl,Units/kg/hr,18,Units/kg/hr,18,56
HEPARIN (PORCINE) 50 UNIT/ML 500 ML IV SOLN,Heparin (Porcine) in NaCl,Units/kg/hr,19,Units/kg/hr,19,58
HEPARIN (PORCINE) 50 UNIT/ML 500 ML IV SOLN,Heparin (Porcine) in NaCl,Units/kg/hr,20,Units/kg/hr,20,35
HEPARIN (PORCINE) 50 UNIT/ML 500 ML IV SOLN,Heparin (Porcine) in NaCl,Units/kg/hr,21,Units/kg/hr,21,52
HEPARIN (PORCINE) 50 UNIT/ML 500 ML IV SOLN,Heparin (Porcine) in NaCl,Units/kg/hr,23,Units/kg/hr,23,65
HEPARIN (PORCINE) 50 UNIT/ML 500 ML IV SOLN,Heparin (Porcine) in NaCl,Units/kg/hr,24,Units/kg/hr,24,21
HEPARIN (PORCINE) 50 UNIT/ML 500 ML IV SOLN,Heparin (Porcine) in NaCl,Units/kg/hr,25,Units/kg/hr,25,7
HEPARIN (PORCINE) 50 UNIT/ML 500 ML IV SOLN,Heparin (Porcine) in NaCl,Units/kg/hr,26,Units/kg/hr,26,34
HEPARIN (PORCINE) 50 UNIT/ML 500 ML IV SOLN,Heparin (Porcine) in NaCl,Units/kg/hr,16,Units/kg/hr,16,68
HEPARIN (PORCINE) 50 UNIT/ML 500 ML IV SOLN,Heparin (Porcine) in NaCl,Units/kg/hr,14,Units/kg/hr,14,147
HEPARIN (PORCINE) 50 UNIT/ML 500 ML IV SOLN,Heparin (Porcine) in NaCl,Units/kg/hr,14.1,Units/kg/hr,14.1,10
HEPARIN (PORCINE) 50 UNIT/ML 500 ML IV SOLN,Heparin (Porcine) in NaCl,Units/kg/hr,13.8888,Units/kg/hr,13.8888,7
HEPARIN (PORCINE) 50 UNIT/ML 500 ML IV SOLN,Heparin (Porcine) in NaCl,Units/kg/hr,12.2,Units/kg/hr,12.2,141
HEPARIN (PORCINE) 50 UNIT/ML 500 ML IV SOLN,Heparin (Porcine) in NaCl,Units/kg/hr,12.26,Units/kg/hr,12.26,3
HEPARIN (PORCINE) 50 UNIT/ML 500 ML IV SOLN,Heparin (Porcine) in NaCl,Units/kg/hr,12.29,Units/kg/hr,12.29,5
HEPARIN (PORCINE) 50 UNIT/ML 500 ML IV SOLN,Heparin (Porcine) in NaCl,Units/kg/hr,12.3,Units/kg/hr,12.3,34
HEPARIN (PORCINE) 50 UNIT/ML 500 ML IV SOLN,Heparin (Porcine) in NaCl,Units/kg/hr,12.4,Units/kg/hr,12.4,15
HEPARIN (PORCINE) 50 UNIT/ML 500 ML IV SOLN,Heparin (Porcine) in NaCl,Units/kg/hr,12.5,Units/kg/hr,12.5,419
HEPARIN (PORCINE) 50 UNIT/ML 500 ML IV SOLN,Heparin (Porcine) in NaCl,Units/kg/hr,12.6,Units/kg/hr,12.6,228
HEPARIN (PORCINE) 50 UNIT/ML 500 ML IV SOLN,Heparin (Porcine) in NaCl,Units/kg/hr,1300,Units/hr,1300,26
HEPARIN (PORCINE) 50 UNIT/ML 500 ML IV SOLN,Heparin (Porcine) in NaCl,Units/kg/hr,12.7,Units/kg/hr,12.7,295
HEPARIN (PORCINE) 50 UNIT/ML 500 ML IV SOLN,Heparin (Porcine) in NaCl,Units/kg/hr,12.8,Units/kg/hr,12.8,149
HEPARIN (PORCINE) 50 UNIT/ML 500 ML IV SOLN,Heparin (Porcine) in NaCl,Units/kg/hr,12.68,Units/kg/hr,12.68,20
HEPARIN (PORCINE) 50 UNIT/ML 500 ML IV SOLN,Heparin (Porcine) in NaCl,Units/kg/hr,12.9,Units/kg/hr,12.9,17
HEPARIN (PORCINE) 50 UNIT/ML 500 ML IV SOLN,Heparin (Porcine) in NaCl,Units/kg/hr,13,Units/kg/hr,13,68596
HEPARIN (PORCINE) 50 UNIT/ML 500 ML IV SOLN,Heparin (Porcine) in NaCl,Units/kg/hr,13.2,Units/kg/hr,13.2,104
HEPARIN (PORCINE) 50 UNIT/ML 500 ML IV SOLN,Heparin (Porcine) in NaCl,Units/kg/hr,13.35,Units/kg/hr,13.35,20
HEPARIN (PORCINE) 50 UNIT/ML 500 ML IV SOLN,Heparin (Porcine) in NaCl,Units/kg/hr,13.4,Units/kg/hr,13.4,14
HEPARIN (PORCINE) 50 UNIT/ML 500 ML IV SOLN,Heparin (Porcine) in NaCl,Units/kg/hr,13.5,Units/kg/hr,13.5,21
HEPARIN (PORCINE) 50 UNIT/ML 500 ML IV SOLN,Heparin (Porcine) in NaCl,Units/kg/hr,13.6,Units/kg/hr,13.6,140
HEPARIN (PORCINE) 50 UNIT/ML 500 ML IV SOLN,Heparin (Porcine) in NaCl,Units/kg/hr,13.7,Units/kg/hr,13.7,34
HEPARIN (PORCINE) 50 UNIT/ML 500 ML IV SOLN,Heparin (Porcine) in NaCl,Units/kg/hr,13.8,Units/kg/hr,13.8,45
HEPARIN (PORCINE) 50 UNIT/ML 500 ML IV SOLN,Heparin (Porcine) in NaCl,Units/kg/hr,12.871,Units/kg/hr,12.871,8
HEPARIN (PORCINE) IN D5W 50-5 UNIT/ML-% IV SOLN,Heparin Sod (Porcine) in D5W,Units/kg/hr,15,Units/kg/hr,15,1327
HEPARIN (PORCINE) IN D5W 50-5 UNIT/ML-% IV SOLN,Heparin Sod (Porcine) in D5W,Units/kg/hr,5,Units/kg/hr,5,5
HEPARIN (PORCINE) IN D5W 50-5 UNIT/ML-% IV SOLN,Heparin Sod (Porcine) in D5W,Units/kg/hr,20,Units/kg/hr,20,17
HEPARIN (PORCINE) IN D5W 50-5 UNIT/ML-% IV SOLN,Heparin Sod (Porcine) in D5W,Units/kg/hr,18,Units/kg/hr,18,2
HEPARIN (PORCINE) IN D5W 50-5 UNIT/ML-% IV SOLN,Heparin Sod (Porcine) in D5W,Units/kg/hr,16,Units/kg/hr,16,2
HEPARIN (PORCINE) IN D5W 50-5 UNIT/ML-% IV SOLN,Heparin Sod (Porcine) in D5W,Units/kg/hr,14,Units/kg/hr,14,23
HEPARIN (PORCINE) IN D5W 50-5 UNIT/ML-% IV SOLN,Heparin Sod (Porcine) in D5W,mL/hr,15,Units/kg/hr,15,1
HEPARIN (PORCINE) IN D5W 50-5 UNIT/ML-% IV SOLN,Heparin Sod (Porcine) in D5W,Units/hr,500,Units/hr,500,5
HEPARIN (PORCINE) IN D5W 50-5 UNIT/ML-% IV SOLN,Heparin Sod (Porcine) in D5W,Units/hr,15,Units/kg/hr,15,6
HEPARIN (PORCINE) IN D5W 50-5 UNIT/ML-% IV SOLN,Heparin Sod (Porcine) in D5W,Units/hr,13,Units/kg/hr,13,4
HEPARIN (PORCINE) IN D5W 50-5 UNIT/ML-% IV SOLN,Heparin Sod (Porcine) in D5W,Units/hr,1000,Units/hr,1000,5
HEPARIN (PORCINE) IN D5W 50-5 UNIT/ML-% IV SOLN,Heparin Sod (Porcine) in D5W,Units/hr,10,mL/hr,10,2
HEPARIN (PORCINE) IN D5W 50-5 UNIT/ML-% IV SOLN,Heparin Sod (Porcine) in D5W,Units/kg/hr,13,Units/kg/hr,13,1960
HEPARIN (PORCINE) IN NACL 1000-0.9 UT/500ML-% IV SOLN,Heparin (Porcine) in NaCl,Units,1000,Units,1000,4
HEPARIN (PORCINE) LOCK FLUSH 100 UNIT/ML IV SOLN,Heparin Lock Flush,Units,5,mL,5,4
HEPARIN IN NS 50-0.45 UNIT/ML-% IJ SOLN,Heparin Sod (Porcine) in NaCl IV Soln 25000 Unit/500ML-0.45%,Units/kg/hr,500,Units/hr,500,2
HEPARIN IN NS 50-0.45 UNIT/ML-% IJ SOLN,Heparin Sod (Porcine) in NaCl IV Soln 25000 Unit/500ML-0.45%,Units/kg/hr,1000,Units/hr,1000,2
HEPARIN IN NS 50-0.45 UNIT/ML-% IJ SOLN,Heparin Sod (Porcine) in NaCl IV Soln 25000 Unit/500ML-0.45%,Units/hr,900,Units/hr,900,21
HEPARIN IN NS 50-0.45 UNIT/ML-% IJ SOLN,Heparin Sod (Porcine) in NaCl IV Soln 25000 Unit/500ML-0.45%,Units/hr,750,Units/hr,750,21
HEPARIN IN NS 50-0.45 UNIT/ML-% IJ SOLN,Heparin Sod (Porcine) in NaCl IV Soln 25000 Unit/500ML-0.45%,Units/hr,800,Units/hr,800,2
HEPARIN IN NS 50-0.45 UNIT/ML-% IJ SOLN,Heparin Sod (Porcine) in NaCl IV Soln 25000 Unit/500ML-0.45%,Units/hr,500,Units/hr,500,873
HEPARIN IN NS 50-0.45 UNIT/ML-% IJ SOLN,Heparin Sod (Porcine) in NaCl IV Soln 25000 Unit/500ML-0.45%,Units/hr,250,Units/hr,250,65
HEPARIN IN NS 50-0.45 UNIT/ML-% IJ SOLN,Heparin Sod (Porcine) in NaCl IV Soln 25000 Unit/500ML-0.45%,Units/hr,1000,Units/hr,1000,235
HEPARIN IN NS 50-0.45 UNIT/ML-% IJ SOLN,Heparin Sod (Porcine) in NaCl IV Soln 25000 Unit/500ML-0.45%,Units/hr,700,Units/hr,700,4
HEPARIN IN NS 50-0.45 UNIT/ML-% IJ SOLN - SUBTHERAPEUTIC,Heparin Sod (Porcine) in NaCl IV Soln 25000 Unit/500ML-0.45%,Units/hr,1000,Units/hr,1000,573
HEPARIN IN NS 50-0.45 UNIT/ML-% IJ SOLN - SUBTHERAPEUTIC,Heparin Sod (Porcine) in NaCl IV Soln 25000 Unit/500ML-0.45%,Units/hr,250,Units/hr,250,8
HEPARIN IN NS 50-0.45 UNIT/ML-% IJ SOLN - SUBTHERAPEUTIC,Heparin Sod (Porcine) in NaCl IV Soln 25000 Unit/500ML-0.45%,Units/hr,500,Units/hr,500,2066
HEPARIN IN NS 50-0.45 UNIT/ML-% IJ SOLN - SUBTHERAPEUTIC,Heparin Sod (Porcine) in NaCl IV Soln 25000 Unit/500ML-0.45%,Units/hr,750,Units/hr,750,18
HEPARIN IN NS 50-0.45 UNIT/ML-% IJ SOLN - SUBTHERAPEUTIC,Heparin Sod (Porcine) in NaCl IV Soln 25000 Unit/500ML-0.45%,Units/kg/hr,500,Units/hr,500,2
HEPARIN LOCK FLUSH 10 UNIT/ML IV SOLN,Heparin Lock Flush,mL,5,mL,5,20
HEPARIN LOCK FLUSH 10 UNIT/ML IV SOLN,Heparin Lock Flush,mL,6,mL,6,9
HEPARIN SOD (PORK) LOCK FLUSH 100 UNIT/ML IV SOLN,Heparin Sod (Pork) Lock Flush,Units,3600,Units,3600,1
HEPARIN SODIUM (PORCINE) 1000 UNIT/ML IJ SOLN,Heparin Sodium (Porcine),Units/kg/hr,2000,Units,2000,1
HEPARIN SODIUM (PORCINE) 1000 UNIT/ML IJ SOLN,Heparin Sodium (Porcine),Units/hr,500,Units/hr,500,2
HEPARIN SODIUM (PORCINE) 1000 UNIT/ML IJ SOLN,Heparin Sodium (Porcine),Units,2000,Units,2000,1
HEPARIN SODIUM (PORCINE) 1000 UNIT/ML IJ SOLN,Heparin Sodium (Porcine),Units,3000,Units,3000,2
HEPARIN SODIUM (PORCINE) 1000 UNIT/ML IJ SOLN,Heparin Sodium (Porcine),Units,400,Units,400,1
HEPARIN SODIUM (PORCINE) 5000 UNIT/ML IJ SOLN,Heparin Sodium (Porcine),Units/kg,50,Units/kg,50,1
HETASTARCH-NACL 6-0.9 % IV SOLN,Hetastarch-NaCl,mL,500,mL,500,4
HYDRALAZINE HCL 20 MG/ML IJ SOLN,hydrALAZINE HCl,mg,10,mg,10,1
HYDRALAZINE HCL 20 MG/ML IJ SOLN,hydrALAZINE HCl,mg,20,mg,20,1
HYDRALAZINE HCL 20 MG/ML IJ SOLN,hydrALAZINE HCl,mg,5,mg,5,2
IBUPROFEN LYSINE 10 MG/ML IV SOLN,Ibuprofen Lysine,mg,10,mg/kg,10,1
IBUPROFEN LYSINE 10 MG/ML IV SOLN,Ibuprofen Lysine,mg,5,mg/kg,5,2
IBUTILIDE FUMARATE 1 MG/10ML IV SOLN,Ibutilide Fumarate,mg,1,mg,1,27
IBUTILIDE FUMARATE 1 MG/10ML IV SOLN,Ibutilide Fumarate,mg,2,mg,2,6
IDARUCIZUMAB 2.5 GM/50ML IV SOLN,idaruCIZUmab,g,5,g,5,6
IMMUNE GLOBULIN (HUMAN) 10 GM/100ML IJ SOLN,Immune Globulin (Human),mg,.4,g/kg,.4,5
IMMUNE GLOBULIN (HUMAN) 10 GM/100ML IJ SOLN,Immune Globulin (Human),g/kg,1,g/kg,1,3
IMMUNE GLOBULIN (HUMAN) 10 GM/100ML IJ SOLN,Immune Globulin (Human),g/kg,.4,g/kg,.4,6
IMMUNE GLOBULIN (HUMAN) 10 GM/100ML IJ SOLN,Immune Globulin (Human),g,80,g,80,9
IMMUNE GLOBULIN (HUMAN) 10 GM/100ML IJ SOLN,Immune Globulin (Human),g,75,g,75,8
IMMUNE GLOBULIN (HUMAN) 10 GM/100ML IJ SOLN,Immune Globulin (Human),g,70,g,70,6
IMMUNE GLOBULIN (HUMAN) 10 GM/100ML IJ SOLN,Immune Globulin (Human),mg,300,mg/kg,300,10
IMMUNE GLOBULIN (HUMAN) 10 GM/100ML IJ SOLN,Immune Globulin (Human),g,60,g,60,7
IMMUNE GLOBULIN (HUMAN) 10 GM/100ML IJ SOLN,Immune Globulin (Human),g,55,g,55,2
IMMUNE GLOBULIN (HUMAN) 10 GM/100ML IJ SOLN,Immune Globulin (Human),g,50,g,50,14
IMMUNE GLOBULIN (HUMAN) 10 GM/100ML IJ SOLN,Immune Globulin (Human),g,40,g,40,6
IMMUNE GLOBULIN (HUMAN) 10 GM/100ML IJ SOLN,Immune Globulin (Human),g,65,g,65,1
IMMUNE GLOBULIN (HUMAN) 10 GM/100ML IJ SOLN,Immune Globulin (Human),g,100,g,100,13
IMMUNE GLOBULIN (HUMAN) 10 GM/100ML IJ SOLN,Immune Globulin (Human),g,10,g,10,261
IMMUNE GLOBULIN (HUMAN) 10 GM/100ML IJ SOLN,Immune Globulin (Human),g,1,g/kg,1,221
IMMUNE GLOBULIN (HUMAN) 10 GM/100ML IJ SOLN,Immune Globulin (Human),g,.8,g/kg,.8,18
IMMUNE GLOBULIN (HUMAN) 10 GM/100ML IJ SOLN,Immune Globulin (Human),g,.75,g/kg,.75,13
IMMUNE GLOBULIN (HUMAN) 10 GM/100ML IJ SOLN,Immune Globulin (Human),g,.67,g/kg,.67,4
IMMUNE GLOBULIN (HUMAN) 10 GM/100ML IJ SOLN,Immune Globulin (Human),g,.6,g/kg,.6,1
IMMUNE GLOBULIN (HUMAN) 10 GM/100ML IJ SOLN,Immune Globulin (Human),g,.5,g/kg,.5,24
IMMUNE GLOBULIN (HUMAN) 10 GM/100ML IJ SOLN,Immune Globulin (Human),g,.4,g/kg,.4,492
IMMUNE GLOBULIN (HUMAN) 10 GM/100ML IJ SOLN,Immune Globulin (Human),g,.2,g/kg,.2,2
IMMUNE GLOBULIN (HUMAN) 10 GM/100ML IJ SOLN,Immune Globulin (Human),g,20,g,20,6
IMMUNE GLOBULIN (HUMAN) 10 GM/100ML- MD,Immune Globulin (Human),g,1,g/kg,1,3
IMMUNE GLOBULIN (HUMAN) 10 GM/100ML- MD,Immune Globulin (Human),g,.4,g/kg,.4,8
IMMUNE GLOBULIN (HUMAN) 20 GM/200ML IJ SOLN,Immune Globulin (Human),g,20,g,20,479
IMMUNE GLOBULIN (HUMAN) 5 GM/50ML IJ SOLN,Immune Globulin (Human),g,5,g,5,2
INSULIN DRIP 100 UNITS/100 ML NS-GLUCOMMANDER PREMIX,Insulin Regular Human,Units/hr,0-40,Units/hr,0-40,26846
INSULIN DRIP 100 UNITS/100 ML NS-GLUCOMMANDER PREMIX,Insulin Regular Human,Units/hr,0-50,Units/hr,0-50,169
INSULIN DRIP 100 UNITS/100 ML NS-GLUCOMMANDER PREMIX,Insulin Regular Human,Units/hr,16,Units/hr,16,20
INSULIN DRIP 100 UNITS/100 ML NS-GLUCOMMANDER PREMIX CTS,Insulin Regular Human,Units/hr,0-40,Units/hr,0-40,425
INSULIN DRIP- DKA 100 UNITS/100 ML NS PREMIXED,Insulin Regular Human,Units/kg/hr,.05,Units/kg/hr,.05,91
INSULIN DRIP- DKA 100 UNITS/100 ML NS PREMIXED,Insulin Regular Human,Units/kg/hr,.03,Units/kg/hr,.03,9
INSULIN DRIP- DKA 100 UNITS/100 ML NS PREMIXED,Insulin Regular Human,Units/kg/hr,.025,Units/kg/hr,.025,2
INSULIN DRIP- DKA 100 UNITS/100 ML NS PREMIXED,Insulin Regular Human,Units/hr,4,Units/hr,4,23
INSULIN DRIP- DKA 100 UNITS/100 ML NS PREMIXED,Insulin Regular Human,Units/hr,10,Units/hr,10,9
INSULIN DRIP- DKA 100 UNITS/100 ML NS PREMIXED,Insulin Regular Human,Units/kg/hr,.1,Units/kg/hr,.1,351
INSULIN DRIP- DKA 100 UNITS/100 ML NS PREMIXED,Insulin Regular Human,Units/hr,0-2.5,Units/hr,0-2.5,512
INSULIN DRIP- DKA 100 UNITS/100 ML NS PREMIXED,Insulin Regular Human,Units/hr,.1,Units/kg/hr,.1,278
INSULIN DRIP- DKA 100 UNITS/100 ML NS PREMIXED,Insulin Regular Human,Units/hr,.05,Units/kg/hr,.05,90
INSULIN DRIP- DKA 100 UNITS/100 ML NS PREMIXED,Insulin Regular Human,Units/hr,.03,Units/kg/hr,.03,9
INSULIN DRIP- DKA 100 UNITS/100 ML NS PREMIXED,Insulin Regular Human,Units/hr,1,Units/hr,1,3
INSULIN NOVOLIN REGULAR 100 UNIT/ML IJ SOLN,Insulin Regular Human,Units,20,Units,20,1
INSULIN NOVOLIN REGULAR 100 UNIT/ML IJ SOLN,Insulin Regular Human,Units,5,Units,5,1
INSULIN NOVOLIN REGULAR 100 UNIT/ML IJ SOLN,Insulin Regular Human,Units/hr,250,Units,250,3
INSULIN NOVOLIN REGULAR 100 UNIT/ML IJ SOLN,Insulin Regular Human,Units/hr,5,Units,5,2
IODIXANOL 270 MG/ML IV SOLN,Iodixanol,mL,900,mL,900,1
IODIXANOL 270 MG/ML IV SOLN,Iodixanol,mL,150,mL,150,1
IOHEXOL 300 MG/ML IJ SOLN,Iohexol,mL,100,mL,100,7
IOHEXOL 300 MG/ML IJ SOLN,Iohexol,mL,150,mL,150,2
IOHEXOL 350 MG/ML IV SOLN,Iohexol,mL,60,mg/kg,60,1
IOHEXOL 350 MG/ML IV SOLN,Iohexol,mL,40,mL,40,4
IOHEXOL 350 MG/ML IV SOLN,Iohexol,mL,40,mL/kg,40,2
IOHEXOL 350 MG/ML IV SOLN,Iohexol,mL,50,mL,50,147
IOHEXOL 350 MG/ML IV SOLN,Iohexol,mL,30,mL,30,6
IOHEXOL 350 MG/ML IV SOLN,Iohexol,mL,50,mL/kg,50,2
IOHEXOL 350 MG/ML IV SOLN,Iohexol,mL,58,mL,58,1
IOHEXOL 350 MG/ML IV SOLN,Iohexol,mL,60,mL,60,13
IOHEXOL 350 MG/ML IV SOLN,Iohexol,mL,70,mL,70,17
IOHEXOL 350 MG/ML IV SOLN,Iohexol,mL,90,mL,90,1
IOHEXOL 350 MG/ML IV SOLN,Iohexol,mL,77,mL,77,1
IOHEXOL 350 MG/ML IV SOLN,Iohexol,mg,350,mg,350,1
IOHEXOL 350 MG/ML IV SOLN,Iohexol,mL,80,mL,80,40
IOHEXOL 350 MG/ML IV SOLN,Iohexol,mL,80,mg/kg,80,1
IOHEXOL 350 MG/ML IV SOLN,Iohexol,mL,85,mL,85,26
IOHEXOL 350 MG/ML IV SOLN,Iohexol,mg,100,mL,100,11
IOHEXOL 350 MG/ML IV SOLN,Iohexol,mg,150,mL,150,2
IOHEXOL 350 MG/ML IV SOLN,Iohexol,mg,350,mL,350,1
IOHEXOL 350 MG/ML IV SOLN,Iohexol,mL,240,mL,240,1
IOHEXOL 350 MG/ML IV SOLN,Iohexol,mL,75,mL,75,67
IOHEXOL 350 MG/ML IV SOLN,Iohexol,mL,220,mL,220,1
IOHEXOL 350 MG/ML IV SOLN,Iohexol,mL,110,mL,110,1
IOHEXOL 350 MG/ML IV SOLN,Iohexol,mL,20,mL,20,3
IOHEXOL 350 MG/ML IV SOLN,Iohexol,mL,1,mL/kg,1,1
IOHEXOL 350 MG/ML IV SOLN,Iohexol,mL,1.08,mL/kg,1.08,2
IOHEXOL 350 MG/ML IV SOLN,Iohexol,mL,1.36,mL/kg,1.36,1
IOHEXOL 350 MG/ML IV SOLN,Iohexol,mL,1.83,mL/kg,1.83,1
IOHEXOL 350 MG/ML IV SOLN,Iohexol,mL,10,mL,10,1
IOHEXOL 350 MG/ML IV SOLN,Iohexol,mL,100,mL,100,68144
IOHEXOL 350 MG/ML IV SOLN,Iohexol,mL,100,mL/kg,100,3
IOHEXOL 350 MG/ML IV SOLN,Iohexol,mL,115,mL,115,1
IOHEXOL 350 MG/ML IV SOLN,Iohexol,mL,120,mL,120,3
IOHEXOL 350 MG/ML IV SOLN,Iohexol,mL,200,mL,200,150
IOHEXOL 350 MG/ML IV SOLN,Iohexol,mL,130,mL,130,6
IOHEXOL 350 MG/ML IV SOLN,Iohexol,mL,140,mL,140,39
IOHEXOL 350 MG/ML IV SOLN,Iohexol,mL,15,mL,15,2
IOHEXOL 350 MG/ML IV SOLN,Iohexol,mL,150,mL,150,8260
IOHEXOL 350 MG/ML IV SOLN,Iohexol,mL,160,mL,160,1
IOHEXOL 350 MG/ML IV SOLN,Iohexol,mL,175,mL,175,2
IOHEXOL 350 MG/ML IV SOLN,Iohexol,mL,180,mL,180,2
IOHEXOL 350 MG/ML IV SOLN,Iohexol,mL,2,mL/kg,2,3
IOHEXOL 350 MG/ML IV SOLN,Iohexol,mL,2,mg/kg,2,1
IOHEXOL 350 MG/ML IV SOLN,Iohexol,mL,120,mL/kg,120,1
IOHEXOL 350 MG/ML IV SOLN 500ML,Iohexol,mL,68,mL,68,1
IOHEXOL 350 MG/ML IV SOLN 500ML,Iohexol,mL,67,mL,67,1
IOHEXOL 350 MG/ML IV SOLN 500ML,Iohexol,mL,65,mL,65,60
IOHEXOL 350 MG/ML IV SOLN 500ML,Iohexol,mL,260,mL,260,1
IOHEXOL 350 MG/ML IV SOLN 500ML,Iohexol,mL,40,mL,40,14
IOHEXOL 350 MG/ML IV SOLN 500ML,Iohexol,mL,285,mL,285,1
IOHEXOL 350 MG/ML IV SOLN 500ML,Iohexol,mL,69,mL,69,1
IOHEXOL 350 MG/ML IV SOLN 500ML,Iohexol,mL,60,mL,60,373
IOHEXOL 350 MG/ML IV SOLN 500ML,Iohexol,mL,70,mL,70,15
IOHEXOL 350 MG/ML IV SOLN 500ML,Iohexol,mL,82,mL,82,1
IOHEXOL 350 MG/ML IV SOLN 500ML,Iohexol,mL,75,mL,75,2971
IOHEXOL 350 MG/ML IV SOLN 500ML,Iohexol,mL,8,mL,8,1
IOHEXOL 350 MG/ML IV SOLN 500ML,Iohexol,mL,80,mL,80,312
IOHEXOL 350 MG/ML IV SOLN 500ML,Iohexol,mL,85,mL,85,2344
IOHEXOL 350 MG/ML IV SOLN 500ML,Iohexol,mL,90,mL,90,9
IOHEXOL 350 MG/ML IV SOLN 500ML,Iohexol,mL,95,mL,95,4
IOHEXOL 350 MG/ML IV SOLN 500ML,Iohexol,mL,99,mL,99,1
IOHEXOL 350 MG/ML IV SOLN 500ML,Iohexol,mL,25,mL,25,1
IOHEXOL 350 MG/ML IV SOLN 500ML,Iohexol,mL,72,mL,72,1
IOHEXOL 350 MG/ML IV SOLN 500ML,Iohexol,mL,225,mL,225,2
IOHEXOL 350 MG/ML IV SOLN 500ML,Iohexol,mL,50,mL,50,17
IOHEXOL 350 MG/ML IV SOLN 500ML,Iohexol,mL,205,mL,205,1
IOHEXOL 350 MG/ML IV SOLN 500ML,Iohexol,mL,210,mL,210,1
IOHEXOL 350 MG/ML IV SOLN 500ML,Iohexol,mL,100,mL,100,465
IOHEXOL 350 MG/ML IV SOLN 500ML,Iohexol,mL,105,mL,105,2
IOHEXOL 350 MG/ML IV SOLN 500ML,Iohexol,mL,120,mL,120,15
IOHEXOL 350 MG/ML IV SOLN 500ML,Iohexol,mL,125,mL,125,5
IOHEXOL 350 MG/ML IV SOLN 500ML,Iohexol,mL,130,mL,130,6
IOHEXOL 350 MG/ML IV SOLN 500ML,Iohexol,mL,135,mL,135,5
IOHEXOL 350 MG/ML IV SOLN 500ML,Iohexol,mL,145,mL,145,5
IOHEXOL 350 MG/ML IV SOLN 500ML,Iohexol,mL,150,mL,150,182
IOHEXOL 350 MG/ML IV SOLN 500ML,Iohexol,mL,140,mL,140,32
IOHEXOL 350 MG/ML IV SOLN 500ML,Iohexol,mL,160,mL,160,11
IOHEXOL 350 MG/ML IV SOLN 500ML,Iohexol,mL,200,mL,200,7
IOHEXOL 350 MG/ML IV SOLN 500ML,Iohexol,mL,155,mL,155,1
IOHEXOL 350 MG/ML IV SOLN 500ML,Iohexol,mL,185,mL,185,14
IOHEXOL 350 MG/ML IV SOLN 500ML,Iohexol,mL,180,mL,180,5
IOHEXOL 350 MG/ML IV SOLN 500ML,Iohexol,mL,20,mL,20,1
IOHEXOL 350 MG/ML IV SOLN 500ML,Iohexol,mL,170,mL,170,7
IOHEXOL 350 MG/ML IV SOLN 500ML,Iohexol,mL,165,mL,165,4
IOHEXOL 350 MG/ML IV SOLN 500ML,Iohexol,mL,175,mL,175,4
IRON SUCROSE 20 MG/ML IV SOLN,Iron Sucrose,mg,100,mg,100,4
IRON SUCROSE 20 MG/ML IV SOLN,Iron Sucrose,mg,200,mg,200,1
KCL 40 MEQ/ 500 ML NS PREMIXED,Potassium Chloride,mEq,40,mEq,40,8873
KCL IN DEXTROSE-NACL 10-5-0.45 MEQ/L-%-% IV SOLN,KCl in Dextrose-NaCl,mL/hr,100,mL/hr,100,1
KCL IN DEXTROSE-NACL 20-5-0.2 MEQ/L-%-% IV SOLN,KCl in Dextrose-NaCl,mL/hr,75,mL/hr,75,104
KCL IN DEXTROSE-NACL 20-5-0.2 MEQ/L-%-% IV SOLN,KCl in Dextrose-NaCl,mL/hr,42,mL/hr,42,15
KCL IN DEXTROSE-NACL 20-5-0.2 MEQ/L-%-% IV SOLN,KCl in Dextrose-NaCl,mL/hr,50,mL/hr,50,25
KCL IN DEXTROSE-NACL 20-5-0.2 MEQ/L-%-% IV SOLN,KCl in Dextrose-NaCl,mL/hr,250,mL/hr,250,1
KCL IN DEXTROSE-NACL 20-5-0.2 MEQ/L-%-% IV SOLN,KCl in Dextrose-NaCl,mL/hr,115,mL/hr,115,1
KCL IN DEXTROSE-NACL 20-5-0.2 MEQ/L-%-% IV SOLN,KCl in Dextrose-NaCl,mL/hr,125,mL/hr,125,49
KCL IN DEXTROSE-NACL 20-5-0.2 MEQ/L-%-% IV SOLN,KCl in Dextrose-NaCl,mL/hr,12,mL/hr,12,4
KCL IN DEXTROSE-NACL 20-5-0.2 MEQ/L-%-% IV SOLN,KCl in Dextrose-NaCl,mL/hr,100,mL/hr,100,99
KCL IN DEXTROSE-NACL 20-5-0.2 MEQ/L-%-% IV SOLN,KCl in Dextrose-NaCl,mL/hr,150,mL/hr,150,8
KCL IN DEXTROSE-NACL 20-5-0.45 MEQ/L-%-% IV SOLN,KCl in Dextrose-NaCl,mL,1000,mL,1000,1147
KCL IN DEXTROSE-NACL 20-5-0.45 MEQ/L-%-% IV SOLN,KCl in Dextrose-NaCl,mL/hr,100,mL/hr,100,44
KCL IN DEXTROSE-NACL 20-5-0.45 MEQ/L-%-% IV SOLN,KCl in Dextrose-NaCl,mL/hr,1000,mL,1000,2
KCL IN DEXTROSE-NACL 20-5-0.9 MEQ/L-%-% IV SOLN,KCl in Dextrose-NaCl,mL/hr,90,mL/hr,90,3
KCL IN DEXTROSE-NACL 20-5-0.9 MEQ/L-%-% IV SOLN,KCl in Dextrose-NaCl,mL/hr,250,mL/hr,250,3
KCL IN DEXTROSE-NACL 20-5-0.9 MEQ/L-%-% IV SOLN,KCl in Dextrose-NaCl,mL/hr,30,mL/hr,30,16
KCL IN DEXTROSE-NACL 20-5-0.9 MEQ/L-%-% IV SOLN,KCl in Dextrose-NaCl,mL/hr,40,mL/hr,40,25
KCL IN DEXTROSE-NACL 20-5-0.9 MEQ/L-%-% IV SOLN,KCl in Dextrose-NaCl,mL/hr,42,mL/hr,42,169
KCL IN DEXTROSE-NACL 20-5-0.9 MEQ/L-%-% IV SOLN,KCl in Dextrose-NaCl,mL/hr,50,mL/hr,50,810
KCL IN DEXTROSE-NACL 20-5-0.9 MEQ/L-%-% IV SOLN,KCl in Dextrose-NaCl,mL/hr,56,mL/hr,56,6
KCL IN DEXTROSE-NACL 20-5-0.9 MEQ/L-%-% IV SOLN,KCl in Dextrose-NaCl,mL/hr,65,mL/hr,65,4
KCL IN DEXTROSE-NACL 20-5-0.9 MEQ/L-%-% IV SOLN,KCl in Dextrose-NaCl,mL/hr,63,mL/hr,63,23
KCL IN DEXTROSE-NACL 20-5-0.9 MEQ/L-%-% IV SOLN,KCl in Dextrose-NaCl,mL/hr,75,mL/hr,75,683
KCL IN DEXTROSE-NACL 20-5-0.9 MEQ/L-%-% IV SOLN,KCl in Dextrose-NaCl,mL/hr,80,mL/hr,80,1
KCL IN DEXTROSE-NACL 20-5-0.9 MEQ/L-%-% IV SOLN,KCl in Dextrose-NaCl,mL/hr,84,mL/hr,84,62
KCL IN DEXTROSE-NACL 20-5-0.9 MEQ/L-%-% IV SOLN,KCl in Dextrose-NaCl,mL/hr,85,mL/hr,85,12
KCL IN DEXTROSE-NACL 20-5-0.9 MEQ/L-%-% IV SOLN,KCl in Dextrose-NaCl,mL/hr,25,mL/hr,25,10
KCL IN DEXTROSE-NACL 20-5-0.9 MEQ/L-%-% IV SOLN,KCl in Dextrose-NaCl,mL/hr,60,mL/hr,60,10
KCL IN DEXTROSE-NACL 20-5-0.9 MEQ/L-%-% IV SOLN,KCl in Dextrose-NaCl,mL/hr,22,mL/hr,22,13
KCL IN DEXTROSE-NACL 20-5-0.9 MEQ/L-%-% IV SOLN,KCl in Dextrose-NaCl,mL/hr,171,mL/hr,171,4
KCL IN DEXTROSE-NACL 20-5-0.9 MEQ/L-%-% IV SOLN,KCl in Dextrose-NaCl,mL/hr,20,mL/hr,20,2
KCL IN DEXTROSE-NACL 20-5-0.9 MEQ/L-%-% IV SOLN,KCl in Dextrose-NaCl,mL/hr,200,mL/hr,200,15
KCL IN DEXTROSE-NACL 20-5-0.9 MEQ/L-%-% IV SOLN,KCl in Dextrose-NaCl,mL,100,mL/hr,100,1
KCL IN DEXTROSE-NACL 20-5-0.9 MEQ/L-%-% IV SOLN,KCl in Dextrose-NaCl,mL,125,mL/hr,125,1
KCL IN DEXTROSE-NACL 20-5-0.9 MEQ/L-%-% IV SOLN,KCl in Dextrose-NaCl,mL/hr,10,mL/hr,10,8
KCL IN DEXTROSE-NACL 20-5-0.9 MEQ/L-%-% IV SOLN,KCl in Dextrose-NaCl,mL/hr,100,mL/hr,100,2091
KCL IN DEXTROSE-NACL 20-5-0.9 MEQ/L-%-% IV SOLN,KCl in Dextrose-NaCl,mL/hr,110,mL/hr,110,3
KCL IN DEXTROSE-NACL 20-5-0.9 MEQ/L-%-% IV SOLN,KCl in Dextrose-NaCl,mL/hr,115,mL/hr,115,16
KCL IN DEXTROSE-NACL 20-5-0.9 MEQ/L-%-% IV SOLN,KCl in Dextrose-NaCl,mL/hr,105,mL/hr,105,8
KCL IN DEXTROSE-NACL 20-5-0.9 MEQ/L-%-% IV SOLN,KCl in Dextrose-NaCl,mL/hr,125,mL/hr,125,394
KCL IN DEXTROSE-NACL 20-5-0.9 MEQ/L-%-% IV SOLN,KCl in Dextrose-NaCl,mL/hr,130,mL/hr,130,16
KCL IN DEXTROSE-NACL 20-5-0.9 MEQ/L-%-% IV SOLN,KCl in Dextrose-NaCl,mL/hr,135,mL/hr,135,10
KCL IN DEXTROSE-NACL 20-5-0.9 MEQ/L-%-% IV SOLN,KCl in Dextrose-NaCl,mL/hr,140,mL/hr,140,5
KCL IN DEXTROSE-NACL 20-5-0.9 MEQ/L-%-% IV SOLN,KCl in Dextrose-NaCl,mL/hr,150,mL/hr,150,98
KCL IN DEXTROSE-NACL 20-5-0.9 MEQ/L-%-% IV SOLN,KCl in Dextrose-NaCl,mL/hr,178,mL/hr,178,4
KCL IN DEXTROSE-NACL 20-5-0.9 MEQ/L-%-% IV SOLN,KCl in Dextrose-NaCl,mL/hr,120,mL/hr,120,24
KCL IN DEXTROSE-NACL 40-5-0.45 MEQ/L-%-% IV SOLN,KCl in Dextrose-NaCl,mL/hr,42,mL/hr,42,2
KCL IN DEXTROSE-NACL 40-5-0.45 MEQ/L-%-% IV SOLN,KCl in Dextrose-NaCl,mL/hr,90,mL/hr,90,1
KCL IN DEXTROSE-NACL 40-5-0.45 MEQ/L-%-% IV SOLN,KCl in Dextrose-NaCl,mL/hr,75,mL/hr,75,51
KCL IN DEXTROSE-NACL 40-5-0.45 MEQ/L-%-% IV SOLN,KCl in Dextrose-NaCl,mL/hr,63,mL/hr,63,2
KCL IN DEXTROSE-NACL 40-5-0.45 MEQ/L-%-% IV SOLN,KCl in Dextrose-NaCl,mL/hr,50,mL/hr,50,16
KCL IN DEXTROSE-NACL 40-5-0.45 MEQ/L-%-% IV SOLN,KCl in Dextrose-NaCl,mL/hr,30,mL/hr,30,3
KCL IN DEXTROSE-NACL 40-5-0.45 MEQ/L-%-% IV SOLN,KCl in Dextrose-NaCl,mL/hr,60,mL/hr,60,1
KCL IN DEXTROSE-NACL 40-5-0.45 MEQ/L-%-% IV SOLN,KCl in Dextrose-NaCl,mL/hr,200,mL/hr,200,7
KCL IN DEXTROSE-NACL 40-5-0.45 MEQ/L-%-% IV SOLN,KCl in Dextrose-NaCl,mL/hr,150,mL/hr,150,9
KCL IN DEXTROSE-NACL 40-5-0.45 MEQ/L-%-% IV SOLN,KCl in Dextrose-NaCl,mL/hr,125,mL/hr,125,196
KCL IN DEXTROSE-NACL 40-5-0.45 MEQ/L-%-% IV SOLN,KCl in Dextrose-NaCl,mL/hr,100,mL/hr,100,153
KCL IN DEXTROSE-NACL 40-5-0.45 MEQ/L-%-% IV SOLN,KCl in Dextrose-NaCl,mL,500,mL,500,1
KCL IN DEXTROSE-NACL 40-5-0.45 MEQ/L-%-% IV SOLN,KCl in Dextrose-NaCl,mL/hr,250,mL/hr,250,204
KCL IN DEXTROSE-NACL 40-5-0.9 MEQ/L-%-% IV SOLN,KCl in Dextrose-NaCl,mL/hr,95,mL/hr,95,1
KCL IN DEXTROSE-NACL 40-5-0.9 MEQ/L-%-% IV SOLN,KCl in Dextrose-NaCl,mL/hr,50,mL/hr,50,32
KCL IN DEXTROSE-NACL 40-5-0.9 MEQ/L-%-% IV SOLN,KCl in Dextrose-NaCl,mL/hr,250,mL/hr,250,185
KCL IN DEXTROSE-NACL 40-5-0.9 MEQ/L-%-% IV SOLN,KCl in Dextrose-NaCl,mL/hr,200,mL/hr,200,4
KCL IN DEXTROSE-NACL 40-5-0.9 MEQ/L-%-% IV SOLN,KCl in Dextrose-NaCl,mL/hr,75,mL/hr,75,44
KCL IN DEXTROSE-NACL 40-5-0.9 MEQ/L-%-% IV SOLN,KCl in Dextrose-NaCl,mL/hr,167,mL/hr,167,2
KCL IN DEXTROSE-NACL 40-5-0.9 MEQ/L-%-% IV SOLN,KCl in Dextrose-NaCl,mL/hr,150,mL/hr,150,3
KCL IN DEXTROSE-NACL 40-5-0.9 MEQ/L-%-% IV SOLN,KCl in Dextrose-NaCl,mL/hr,125,mL/hr,125,271
KCL IN DEXTROSE-NACL 40-5-0.9 MEQ/L-%-% IV SOLN,KCl in Dextrose-NaCl,mL/hr,100,mL/hr,100,163
KCL IN DEXTROSE-NACL 40-5-0.9 MEQ/L-%-% IV SOLN,KCl in Dextrose-NaCl,mL/hr,20,mL/hr,20,2
KCL IN NACL 20-0.9 MEQ/L-% IV SOLN,Potassium Chloride in NaCl,mL/hr,40,mL/hr,40,9
KCL IN NACL 20-0.9 MEQ/L-% IV SOLN,Potassium Chloride in NaCl,mL/hr,42,mL/hr,42,30
KCL IN NACL 20-0.9 MEQ/L-% IV SOLN,Potassium Chloride in NaCl,mL/hr,50,mL/hr,50,353
KCL IN NACL 20-0.9 MEQ/L-% IV SOLN,Potassium Chloride in NaCl,mL/hr,500,mL/hr,500,25
KCL IN NACL 20-0.9 MEQ/L-% IV SOLN,Potassium Chloride in NaCl,mL/hr,60,mL/hr,60,9
KCL IN NACL 20-0.9 MEQ/L-% IV SOLN,Potassium Chloride in NaCl,mL/hr,65,mL/hr,65,14
KCL IN NACL 20-0.9 MEQ/L-% IV SOLN,Potassium Chloride in NaCl,mL/hr,63,mL/hr,63,1
KCL IN NACL 20-0.9 MEQ/L-% IV SOLN,Potassium Chloride in NaCl,mL/hr,75,mL/hr,75,571
KCL IN NACL 20-0.9 MEQ/L-% IV SOLN,Potassium Chloride in NaCl,mL/hr,84,mL/hr,84,13
KCL IN NACL 20-0.9 MEQ/L-% IV SOLN,Potassium Chloride in NaCl,mL/hr,85,mL/hr,85,8
KCL IN NACL 20-0.9 MEQ/L-% IV SOLN,Potassium Chloride in NaCl,mL/hr,333,mL/hr,333,3
KCL IN NACL 20-0.9 MEQ/L-% IV SOLN,Potassium Chloride in NaCl,mL/hr,90,mL/hr,90,3
KCL IN NACL 20-0.9 MEQ/L-% IV SOLN,Potassium Chloride in NaCl,mL/hr,300,mL/hr,300,2
KCL IN NACL 20-0.9 MEQ/L-% IV SOLN,Potassium Chloride in NaCl,mL/hr,115,mL/hr,115,1
KCL IN NACL 20-0.9 MEQ/L-% IV SOLN,Potassium Chloride in NaCl,mL/hr,250,mL/hr,250,85
KCL IN NACL 20-0.9 MEQ/L-% IV SOLN,Potassium Chloride in NaCl,mL,1000,mL,1000,4
KCL IN NACL 20-0.9 MEQ/L-% IV SOLN,Potassium Chloride in NaCl,mL,500,mL,500,1
KCL IN NACL 20-0.9 MEQ/L-% IV SOLN,Potassium Chloride in NaCl,mL/hr,100,mL/hr,100,2398
KCL IN NACL 20-0.9 MEQ/L-% IV SOLN,Potassium Chloride in NaCl,mL/hr,110,mL/hr,110,12
KCL IN NACL 20-0.9 MEQ/L-% IV SOLN,Potassium Chloride in NaCl,mL/hr,1,mL/hr,1,1
KCL IN NACL 20-0.9 MEQ/L-% IV SOLN,Potassium Chloride in NaCl,mL/hr,140,mL/hr,140,2
KCL IN NACL 20-0.9 MEQ/L-% IV SOLN,Potassium Chloride in NaCl,mL/hr,150,mL/hr,150,210
KCL IN NACL 20-0.9 MEQ/L-% IV SOLN,Potassium Chloride in NaCl,mL/hr,200,mL/hr,200,82
KCL IN NACL 20-0.9 MEQ/L-% IV SOLN,Potassium Chloride in NaCl,mL/hr,25,mL/hr,25,6
KCL IN NACL 20-0.9 MEQ/L-% IV SOLN,Potassium Chloride in NaCl,mL/hr,125,mL/hr,125,623
KCL IN NACL 20-0.9 MEQ/L-% IV SOLN,Potassium Chloride in NaCl,mL/hr,30,mL/hr,30,8
KCL IN NACL 40-0.9 MEQ/L-% IV SOLN,Potassium Chloride in NaCl,mL/hr,250,mL/hr,250,1011
KCL IN NACL 40-0.9 MEQ/L-% IV SOLN,Potassium Chloride in NaCl,mL/hr,85,mL/hr,85,1
KCL IN NACL 40-0.9 MEQ/L-% IV SOLN,Potassium Chloride in NaCl,mL/hr,80,mL/hr,80,1
KCL IN NACL 40-0.9 MEQ/L-% IV SOLN,Potassium Chloride in NaCl,mL/hr,75,mL/hr,75,83
KCL IN NACL 40-0.9 MEQ/L-% IV SOLN,Potassium Chloride in NaCl,mL/hr,50,mL/hr,50,39
KCL IN NACL 40-0.9 MEQ/L-% IV SOLN,Potassium Chloride in NaCl,mL/hr,40,mL/hr,40,1
KCL IN NACL 40-0.9 MEQ/L-% IV SOLN,Potassium Chloride in NaCl,mL/hr,200,mL/hr,200,36
KCL IN NACL 40-0.9 MEQ/L-% IV SOLN,Potassium Chloride in NaCl,mL/hr,150,mL/hr,150,23
KCL IN NACL 40-0.9 MEQ/L-% IV SOLN,Potassium Chloride in NaCl,mL/hr,125,mL/hr,125,312
KCL IN NACL 40-0.9 MEQ/L-% IV SOLN,Potassium Chloride in NaCl,mL/hr,100,mL/hr,100,2245
KCL IN NACL 40-0.9 MEQ/L-% IV SOLN,Potassium Chloride in NaCl,mL,1000,mL,1000,3
KCL IN NACL 40-0.9 MEQ/L-% IV SOLN,Potassium Chloride in NaCl,mL/hr,20,mL/hr,20,3
KETAMINE HCL 50 MG/ML IJ SOLN,Ketamine HCl,mg,100,mg,100,1
KETOROLAC TROMETHAMINE 15 MG/ML IJ SOLN,Ketorolac Tromethamine,mg,15,mg,15,1
KETOROLAC TROMETHAMINE 30 MG/ML IJ SOLN,Ketorolac Tromethamine,mg,30,mg,30,8
KETOROLAC TROMETHAMINE 30 MG/ML IJ SOLN,Ketorolac Tromethamine,mg,15,mg,15,3
LABETALOL HCL 5 MG/ML IV SOLN,Labetalol HCl,mg,40,mg,40,482
LABETALOL HCL 5 MG/ML IV SOLN,Labetalol HCl,mg/min,10,mg,10,1
LABETALOL HCL 5 MG/ML IV SOLN,Labetalol HCl,mg,80,mg,80,85
LABETALOL HCL 5 MG/ML IV SOLN,Labetalol HCl,mg,7.5,mg,7.5,4
LABETALOL HCL 5 MG/ML IV SOLN,Labetalol HCl,mg,50,mg,50,1
LABETALOL HCL 5 MG/ML IV SOLN,Labetalol HCl,mg,5-10,mg,5-10,15
LABETALOL HCL 5 MG/ML IV SOLN,Labetalol HCl,mg,5,mg,5,1998
LABETALOL HCL 5 MG/ML IV SOLN,Labetalol HCl,mg,300,mg,300,4
LABETALOL HCL 5 MG/ML IV SOLN,Labetalol HCl,mg,60,mg,60,5
LABETALOL HCL 5 MG/ML IV SOLN,Labetalol HCl,mg,20,mg,20,8010
LABETALOL HCL 5 MG/ML IV SOLN,Labetalol HCl,mg,1,mg,1,1
LABETALOL HCL 5 MG/ML IV SOLN,Labetalol HCl,mg,10,mg,10,24804
LABETALOL HCL 5 MG/ML IV SOLN,Labetalol HCl,mg,30,mg,30,80
LABETALOL HCL 5 MG/ML IV SOLN,Labetalol HCl,mg,.5,mg,.5,1
LABETALOL HCL 5 MG/ML IV SOLN,Labetalol HCl,mg,100,mg,100,4
LABETALOL HCL 5 MG/ML IV SOLN,Labetalol HCl,mg,15,mg,15,69
LABETALOL HCL 5 MG/ML IV SOLN,Labetalol HCl,mg,2.5,mg,2.5,22
LABETALOL HCL 5 MG/ML IV SOLN,Labetalol HCl,mg,10-20,mg,10-20,6
LACTATED RINGERS IV BOLUS ML,Lactated Ringer's Solution,mL,325,mL,325,3
LACTATED RINGERS IV BOLUS ML,Lactated Ringer's Solution,mL,4000,mL,4000,47
LACTATED RINGERS IV BOLUS ML,Lactated Ringer's Solution,mL,400,mL,400,19
LACTATED RINGERS IV BOLUS ML,Lactated Ringer's Solution,mL,362,mL,362,1
LACTATED RINGERS IV BOLUS ML,Lactated Ringer's Solution,mL,360,mL,360,1
LACTATED RINGERS IV BOLUS ML,Lactated Ringer's Solution,mL,350,mL,350,7
LACTATED RINGERS IV BOLUS ML,Lactated Ringer's Solution,mL,35,mL,35,1
LACTATED RINGERS IV BOLUS ML,Lactated Ringer's Solution,mL,3498,mL,3498,1
LACTATED RINGERS IV BOLUS ML,Lactated Ringer's Solution,mL,320,mL,320,6
LACTATED RINGERS IV BOLUS ML,Lactated Ringer's Solution,mL,30,mL/kg,30,113
LACTATED RINGERS IV BOLUS ML,Lactated Ringer's Solution,mL,3000,mL,3000,114
LACTATED RINGERS IV BOLUS ML,Lactated Ringer's Solution,mL,300,mL,300,30
LACTATED RINGERS IV BOLUS ML,Lactated Ringer's Solution,mL,45,mL,45,1
LACTATED RINGERS IV BOLUS ML,Lactated Ringer's Solution,mL,280,mL,280,1
LACTATED RINGERS IV BOLUS ML,Lactated Ringer's Solution,mL,2700,mL,2700,4
LACTATED RINGERS IV BOLUS ML,Lactated Ringer's Solution,mL,2610,mL,2610,2
LACTATED RINGERS IV BOLUS ML,Lactated Ringer's Solution,mL,2600,mL,2600,1
LACTATED RINGERS IV BOLUS ML,Lactated Ringer's Solution,mL,260,mL,260,1
LACTATED RINGERS IV BOLUS ML,Lactated Ringer's Solution,mL,32,mL,32,2
LACTATED RINGERS IV BOLUS ML,Lactated Ringer's Solution,mL,460,mL,460,3
LACTATED RINGERS IV BOLUS ML,Lactated Ringer's Solution,mL,550,mL,550,1
LACTATED RINGERS IV BOLUS ML,Lactated Ringer's Solution,mL,50,mL,50,1
LACTATED RINGERS IV BOLUS ML,Lactated Ringer's Solution,mcg/min,1000,mL,1000,7
LACTATED RINGERS IV BOLUS ML,Lactated Ringer's Solution,mL/kg,30,mL/kg,30,50
LACTATED RINGERS IV BOLUS ML,Lactated Ringer's Solution,mL,900,mL,900,2
LACTATED RINGERS IV BOLUS ML,Lactated Ringer's Solution,mL,90,mL,90,5
LACTATED RINGERS IV BOLUS ML,Lactated Ringer's Solution,mL,850,mL,850,2
LACTATED RINGERS IV BOLUS ML,Lactated Ringer's Solution,mL,800,mL,800,15
LACTATED RINGERS IV BOLUS ML,Lactated Ringer's Solution,mL,750,mL,750,77
LACTATED RINGERS IV BOLUS ML,Lactated Ringer's Solution,mL,75,mL,75,3
LACTATED RINGERS IV BOLUS ML,Lactated Ringer's Solution,mL,725,mL,725,1
LACTATED RINGERS IV BOLUS ML,Lactated Ringer's Solution,mL,720,mL,720,2
LACTATED RINGERS IV BOLUS ML,Lactated Ringer's Solution,mL,700,mL,700,25
LACTATED RINGERS IV BOLUS ML,Lactated Ringer's Solution,mL,650,mL,650,1
LACTATED RINGERS IV BOLUS ML,Lactated Ringer's Solution,mL,640,mL,640,2
LACTATED RINGERS IV BOLUS ML,Lactated Ringer's Solution,mL,625,mL,625,1
LACTATED RINGERS IV BOLUS ML,Lactated Ringer's Solution,mL,6000,mL,6000,9
LACTATED RINGERS IV BOLUS ML,Lactated Ringer's Solution,mL,600,mL,600,7
LACTATED RINGERS IV BOLUS ML,Lactated Ringer's Solution,mL,2500,mL,2500,28
LACTATED RINGERS IV BOLUS ML,Lactated Ringer's Solution,mL,5000,mL,5000,3
LACTATED RINGERS IV BOLUS ML,Lactated Ringer's Solution,mL,500,mL,500,21959
LACTATED RINGERS IV BOLUS ML,Lactated Ringer's Solution,mL,472,mL,472,2
LACTATED RINGERS IV BOLUS ML,Lactated Ringer's Solution,mL,250,mL,250,2668
LACTATED RINGERS IV BOLUS ML,Lactated Ringer's Solution,mcg/hr,500,mL,500,10
LACTATED RINGERS IV BOLUS ML,Lactated Ringer's Solution,mL,2250,mL,2250,2
LACTATED RINGERS IV BOLUS ML,Lactated Ringer's Solution,mL,1400,mL,1400,2
LACTATED RINGERS IV BOLUS ML,Lactated Ringer's Solution,mL,140,mL,140,2
LACTATED RINGERS IV BOLUS ML,Lactated Ringer's Solution,mL,138,mL,138,2
LACTATED RINGERS IV BOLUS ML,Lactated Ringer's Solution,mL,1300,mL,1300,2
LACTATED RINGERS IV BOLUS ML,Lactated Ringer's Solution,mL,1250,mL,1250,9
LACTATED RINGERS IV BOLUS ML,Lactated Ringer's Solution,mL,125,mL,125,14
LACTATED RINGERS IV BOLUS ML,Lactated Ringer's Solution,mL,1200,mL,1200,2
LACTATED RINGERS IV BOLUS ML,Lactated Ringer's Solution,mL,120,mL,120,2
LACTATED RINGERS IV BOLUS ML,Lactated Ringer's Solution,mL,110,mL,110,5
LACTATED RINGERS IV BOLUS ML,Lactated Ringer's Solution,mL,1000,mL,1000,164794
LACTATED RINGERS IV BOLUS ML,Lactated Ringer's Solution,mL,100,mL,100,29
LACTATED RINGERS IV BOLUS ML,Lactated Ringer's Solution,mL,1-1000,mL,1-1000,29
LACTATED RINGERS IV BOLUS ML,Lactated Ringer's Solution,mL,1,mL,1,4
LACTATED RINGERS IV BOLUS ML,Lactated Ringer's Solution,mL,0-4000,mL,0-4000,6
LACTATED RINGERS IV BOLUS ML,Lactated Ringer's Solution,mL,0-1000,mL,0-1000,1
LACTATED RINGERS IV BOLUS ML,Lactated Ringer's Solution,mL,.5,mL,.5,1
LACTATED RINGERS IV BOLUS ML,Lactated Ringer's Solution,Units/min,1000,mL,1000,2
LACTATED RINGERS IV BOLUS ML,Lactated Ringer's Solution,Units/hr,1000,mL,1000,1
LACTATED RINGERS IV BOLUS ML,Lactated Ringer's Solution,mL,2400,mL,2400,5
LACTATED RINGERS IV BOLUS ML,Lactated Ringer's Solution,mL,1450,mL,1450,1
LACTATED RINGERS IV BOLUS ML,Lactated Ringer's Solution,mL,150,mL,150,21
LACTATED RINGERS IV BOLUS ML,Lactated Ringer's Solution,mL,130,mL,130,2
LACTATED RINGERS IV BOLUS ML,Lactated Ringer's Solution,mL,160,mL,160,3
LACTATED RINGERS IV BOLUS ML,Lactated Ringer's Solution,mL,220,mL,220,5
LACTATED RINGERS IV BOLUS ML,Lactated Ringer's Solution,mL,2100,mL,2100,5
LACTATED RINGERS IV BOLUS ML,Lactated Ringer's Solution,mL,2000,mL,2000,3005
LACTATED RINGERS IV BOLUS ML,Lactated Ringer's Solution,mL,200,mL,200,15
LACTATED RINGERS IV BOLUS ML,Lactated Ringer's Solution,mL,1500,mL,1500,274
LACTATED RINGERS IV BOLUS ML,Lactated Ringer's Solution,mL,20,mL,20,1
LACTATED RINGERS IV BOLUS ML,Lactated Ringer's Solution,mL,1900,mL,1900,2
LACTATED RINGERS IV BOLUS ML,Lactated Ringer's Solution,mL,1850,mL,1850,1
LACTATED RINGERS IV BOLUS ML,Lactated Ringer's Solution,mL,1800,mL,1800,14
LACTATED RINGERS IV BOLUS ML,Lactated Ringer's Solution,mL,180,mL,180,1
LACTATED RINGERS IV BOLUS ML,Lactated Ringer's Solution,mL,20,mL/kg,20,2
LACTATED RINGERS IV BOLUS ML,Lactated Ringer's Solution,mL,176,mL,176,1
LACTATED RINGERS IV BOLUS ML,Lactated Ringer's Solution,mL,1770,mL,1770,1
LACTATED RINGERS IV BOLUS ML,Lactated Ringer's Solution,mL,1666,mL,1666,2
LACTATED RINGERS IV BOLUS ML,Lactated Ringer's Solution,mL,1667,mL,1667,2
LACTATED RINGERS IV BOLUS ML,Lactated Ringer's Solution,mL,1700,mL,1700,7
LACTATED RINGERS IV BOLUS ML,Lactated Ringer's Solution,mL,1600,mL,1600,2
LACTATED RINGERS IV BOLUS ML,Lactated Ringer's Solution,mL,1701,mL,1701,2
LACTATED RINGERS IV BOLUS ML,Lactated Ringer's Solution,mL,1710,mL,1710,3
LACTATED RINGERS IV BOLUS ML,Lactated Ringer's Solution,mL,175,mL,175,2
LACTATED RINGERS IV BOLUS ML/KG,Lactated Ringer's Solution,mL/kg,7,mL/kg,7,1
LACTATED RINGERS IV BOLUS ML/KG,Lactated Ringer's Solution,mL/kg,50,mL/kg,50,5
LACTATED RINGERS IV BOLUS ML/KG,Lactated Ringer's Solution,mL/kg,32.43,mL/kg,32.43,1
LACTATED RINGERS IV BOLUS ML/KG,Lactated Ringer's Solution,mL/kg,30,mL/kg,30,2278
LACTATED RINGERS IV BOLUS ML/KG,Lactated Ringer's Solution,mL/kg,29.41,mL/kg,29.41,1
LACTATED RINGERS IV BOLUS ML/KG,Lactated Ringer's Solution,mL/kg,26,mL/kg,26,1
LACTATED RINGERS IV BOLUS ML/KG,Lactated Ringer's Solution,mL/kg,20,mL/kg,20,16
LACTATED RINGERS IV BOLUS ML/KG,Lactated Ringer's Solution,mL/kg,18,mL/kg,18,1
LACTATED RINGERS IV BOLUS ML/KG,Lactated Ringer's Solution,mL/kg,17,mL/kg,17,2
LACTATED RINGERS IV BOLUS ML/KG,Lactated Ringer's Solution,mL/kg,15,mL/kg,15,5
LACTATED RINGERS IV BOLUS ML/KG,Lactated Ringer's Solution,mL/kg,10,mL/kg,10,4
LACTATED RINGERS IV BOLUS ML/KG,Lactated Ringer's Solution,mL/hr,30,mL/kg,30,1
LACTATED RINGERS IV BOLUS ML/KG,Lactated Ringer's Solution,mL,7,mL/kg,7,1
LACTATED RINGERS IV BOLUS ML/KG,Lactated Ringer's Solution,mL/kg,5,mL/kg,5,1
LACTATED RINGERS IV BOLUS ML/KG,Lactated Ringer's Solution,mL,50,mL/kg,50,5
LACTATED RINGERS IV BOLUS ML/KG,Lactated Ringer's Solution,mL,6.25,mL/kg,6.25,1
LACTATED RINGERS IV BOLUS ML/KG,Lactated Ringer's Solution,mL,10,mL/kg,10,11
LACTATED RINGERS IV BOLUS ML/KG,Lactated Ringer's Solution,mL,11,mL/kg,11,1
LACTATED RINGERS IV BOLUS ML/KG,Lactated Ringer's Solution,mL,15,mL/kg,15,25
LACTATED RINGERS IV BOLUS ML/KG,Lactated Ringer's Solution,mL,17,mL/kg,17,2
LACTATED RINGERS IV BOLUS ML/KG,Lactated Ringer's Solution,mL,20,mL/kg,20,29
LACTATED RINGERS IV BOLUS ML/KG,Lactated Ringer's Solution,mL,18,mL/kg,18,2
LACTATED RINGERS IV BOLUS ML/KG,Lactated Ringer's Solution,mL,26,mL/kg,26,1
LACTATED RINGERS IV BOLUS ML/KG,Lactated Ringer's Solution,mL,29.41,mL/kg,29.41,1
LACTATED RINGERS IV BOLUS ML/KG,Lactated Ringer's Solution,mL,30,mL/kg,30,4596
LACTATED RINGERS IV BOLUS ML/KG,Lactated Ringer's Solution,mL,32.43,mL/kg,32.43,1
LACTATED RINGERS IV BOLUS ML/KG,Lactated Ringer's Solution,mL,5,mL/kg,5,3
LACTATED RINGERS IV BOLUS ML/KG,Lactated Ringer's Solution,mL,2000,mL/kg,2000,1
LACTATED RINGERS IV SOLN,Lactated Ringers,mL/hr,75,mL/hr,75,17
LACTATED RINGERS IV SOLN,Lactated Ringers,mcg/kg/min,1000,mL,1000,5
LACTATED RINGERS IV SOLN,Lactated Ringers,mL/kg/hr,3,mL/kg/hr,3,50
LACTATED RINGERS IV SOLN,Lactated Ringers,mL/hr,250,mL/hr,250,1
LACTATED RINGERS IV SOLN,Lactated Ringers,mL/hr,125,mL/hr,125,2770
LACTATED RINGERS IV SOLN,Lactated Ringers,mL/hr,100,mL/hr,100,3
LACTATED RINGERS IV SOLN,Lactated Ringers,mL,500,mL,500,139
LACTATED RINGERS IV SOLN,Lactated Ringers,mL,1000,mL,1000,20870
LACTATED RINGERS IV SOLN,Lactated Ringers,mEq,1000,mL,1000,1
LACTATED RINGERS IV SOLN,Lactated Ringers,mL/hr,1000,mL,1000,7
LEVETIRACETAM 500 MG/5ML IV SOLN,levETIRAcetam,mg,1000,mg,1000,5
LEVETIRACETAM IN NACL 1000 MG/100ML IV SOLN,levETIRAcetam in NaCl,mg,1000,mg,1000,25636
LEVETIRACETAM IN NACL 1000 MG/100ML IV SOLN,levETIRAcetam in NaCl,mg,2000,mg,2000,1
LEVETIRACETAM IN NACL 1500 MG/100ML IV SOLN,levETIRAcetam in NaCl,mg,1500,mg,1500,5585
LEVETIRACETAM IN NACL 500 MG/100ML IV SOLN,levETIRAcetam in NaCl,mg,1500,mg,1500,19
LEVETIRACETAM IN NACL 500 MG/100ML IV SOLN,levETIRAcetam in NaCl,mg,1000,mg,1000,35
LEVETIRACETAM IN NACL 500 MG/100ML IV SOLN,levETIRAcetam in NaCl,mg,500,mg,500,917
LEVETIRACETAM IN NACL 500 MG/100ML IV SOLN,levETIRAcetam in NaCl,mg,750,mg,750,3
LEVOCARNITINE 200 MG/ML IV SOLN,levOCARNitine,mg,400,mg,400,14
LEVOCARNITINE 200 MG/ML IV SOLN,levOCARNitine,mg,3000,mg,3000,1
LEVOCARNITINE 200 MG/ML IV SOLN,levOCARNitine,mg,2000,mg,2000,12
LEVOCARNITINE 200 MG/ML IV SOLN,levOCARNitine,mg,500,mg,500,524
LEVOCARNITINE 200 MG/ML IV SOLN,levOCARNitine,mg,15,mg/kg,15,21
LEVOCARNITINE 200 MG/ML IV SOLN,levOCARNitine,mg,1000,mg,1000,142
LEVOCARNITINE 200 MG/ML IV SOLN,levOCARNitine,mg,20,mg/kg,20,16
LEVOCARNITINE 200 MG/ML IV SOLN,levOCARNitine,mg,6000,mg,6000,1
LEVOFLOXACIN IN D5W 250 MG/50ML IV SOLN,levoFLOXacin in D5W,mg,250,mg,250,68
LEVOFLOXACIN IN D5W 500 MG/100ML IV SOLN,levoFLOXacin in D5W,mg,500,mg,500,1957
LEVOFLOXACIN IN D5W 500 MG/100ML IV SOLN,levoFLOXacin in D5W,mg,750,mg,750,2
LEVOFLOXACIN IN D5W 750 MG/150ML IV SOLN,levoFLOXacin in D5W,mg,375,mg,375,1
LEVOFLOXACIN IN D5W 750 MG/150ML IV SOLN,levoFLOXacin in D5W,mg,500,mg,500,3
LEVOFLOXACIN IN D5W 750 MG/150ML IV SOLN,levoFLOXacin in D5W,mg,7,mg,7,8
LEVOFLOXACIN IN D5W 750 MG/150ML IV SOLN,levoFLOXacin in D5W,mg,750,mg,750,8217
LIDOCAINE HCL (CARDIAC) 20 MG/ML IV SOLN,Lidocaine HCl (Cardiac),mg,90,mg,90,2
LIDOCAINE HCL (CARDIAC) 20 MG/ML IV SOLN,Lidocaine HCl (Cardiac),mg,75,mg,75,3
LIDOCAINE HCL (CARDIAC) 20 MG/ML IV SOLN,Lidocaine HCl (Cardiac),mg,50,mg,50,7
LIDOCAINE HCL (CARDIAC) 20 MG/ML IV SOLN,Lidocaine HCl (Cardiac),mg,40,mg,40,1
LIDOCAINE HCL (CARDIAC) 20 MG/ML IV SOLN,Lidocaine HCl (Cardiac),mg,4,mg,4,2
LIDOCAINE HCL (CARDIAC) 20 MG/ML IV SOLN,Lidocaine HCl (Cardiac),mg,20,mg,20,4
LIDOCAINE HCL (CARDIAC) 20 MG/ML IV SOLN,Lidocaine HCl (Cardiac),mg,150,mg,150,1
LIDOCAINE HCL (CARDIAC) 20 MG/ML IV SOLN,Lidocaine HCl (Cardiac),mg,100,mg,100,16
LIDOCAINE HCL (CARDIAC) 20 MG/ML IV SOLN,Lidocaine HCl (Cardiac),mg,1.5,mg/kg,1.5,8
LIDOCAINE HCL (CARDIAC) 20 MG/ML IV SOLN,Lidocaine HCl (Cardiac),mg,1,mg/kg,1,2
LIDOCAINE IN D5W 4-5 MG/ML-% IV SOLN,Lidocaine in D5W,mg/min,4,mg/min,4,2
LIDOCAINE IN D5W 4-5 MG/ML-% IV SOLN,Lidocaine in D5W,mg/min,3,mg/min,3,8
LIDOCAINE IN D5W 4-5 MG/ML-% IV SOLN,Lidocaine in D5W,mg/min,2.5,mg/min,2.5,2
LIDOCAINE IN D5W 4-5 MG/ML-% IV SOLN,Lidocaine in D5W,mg/min,2.25,mg/min,2.25,4
LIDOCAINE IN D5W 4-5 MG/ML-% IV SOLN,Lidocaine in D5W,mg/min,2,mg/min,2,21
LIDOCAINE IN D5W 4-5 MG/ML-% IV SOLN,Lidocaine in D5W,mg/min,1,mg/min,1,130
LIDOCAINE IN D5W 4-5 MG/ML-% IV SOLN,Lidocaine in D5W,mg/min,.75,mg/min,.75,1
LIDOCAINE IN D5W 4-5 MG/ML-% IV SOLN,Lidocaine in D5W,mg/min,.5,mg/min,.5,13
LIDOCAINE IN D5W 4-5 MG/ML-% IV SOLN,Lidocaine in D5W,mg/min,.32,mg/min,.32,2
LIDOCAINE IN D5W 4-5 MG/ML-% IV SOLN,Lidocaine in D5W,mg/min,1.5,mg/min,1.5,2
LIDOCAINE IN DEXTROSE 5-7.5 % IV SOLN,Lidocaine in Dextrose,mg,100,mg,100,1
LINEZOLID 2 MG/ML IV SOLN,Linezolid,mg,600,mg,600,1271
LINEZOLID 600 MG/300ML IV SOLN,Linezolid,g,600,mg,600,5
LINEZOLID 600 MG/300ML IV SOLN,Linezolid,mg,600,mg,600,4865
LIOTHYRONINE SODIUM 10 MCG/ML IV SOLN,Liothyronine Sodium,mcg,10,mcg,10,3
LORAZEPAM 2 MG/ML IJ SOLN,LORazepam,mg,2,mg,2,5
MAGNESIUM SULFATE 2 GM/50ML IV SOLN,Magnesium Sulfate,g,2,g,2,2
MAGNESIUM SULFATE 4 GM/100ML IV SOLN,Magnesium Sulfate,g,1,g,1,3
MAGNESIUM SULFATE 4 GM/100ML IV SOLN,Magnesium Sulfate,g,2,g,2,531
MAGNESIUM SULFATE 4 GM/100ML IV SOLN,Magnesium Sulfate,g,3,g,3,5
MAGNESIUM SULFATE 4 GM/100ML IV SOLN,Magnesium Sulfate,g,4,g,4,52957
MAGNESIUM SULFATE 4 GM/100ML IV SOLN,Magnesium Sulfate,g,6,g,6,14
MAGNESIUM SULFATE 4 GM/50ML IV SOLN,Magnesium Sulfate,g,4,g,4,1
MAGNESIUM SULFATE 40 GM/1000ML IV SOLN,Magnesium Sulfate,g/hr,6,g/hr,6,1
MAGNESIUM SULFATE 40 GM/1000ML IV SOLN,Magnesium Sulfate,g/hr,3,g/hr,3,2
MAGNESIUM SULFATE 40 GM/1000ML IV SOLN,Magnesium Sulfate,g/hr,2,g/hr,2,1382
MAGNESIUM SULFATE 40 GM/1000ML IV SOLN,Magnesium Sulfate,g/hr,1,g/hr,1,171
MANNITOL 20 % IV SOLN,Mannitol,g,70,g,70,8
MANNITOL 20 % IV SOLN,Mannitol,g,75,g,75,36
MANNITOL 20 % IV SOLN,Mannitol,g,77,g,77,4
MANNITOL 20 % IV SOLN,Mannitol,g,79,g,79,1
MANNITOL 20 % IV SOLN,Mannitol,g,81.1,g,81.1,1
MANNITOL 20 % IV SOLN,Mannitol,g,82,g,82,2
MANNITOL 20 % IV SOLN,Mannitol,g,85,g,85,1
MANNITOL 20 % IV SOLN,Mannitol,g,90,g,90,7
MANNITOL 20 % IV SOLN,Mannitol,g,95,g,95,1
MANNITOL 20 % IV SOLN,Mannitol,g,98,g,98,1
MANNITOL 20 % IV SOLN,Mannitol,mL,100,g,100,3
MANNITOL 20 % IV SOLN,Mannitol,mL,50,g,50,1
MANNITOL 20 % IV SOLN,Mannitol,mL,75,g,75,1
MANNITOL 20 % IV SOLN,Mannitol,mL/min,100,g,100,1
MANNITOL 20 % IV SOLN,Mannitol,g,68,g,68,2
MANNITOL 20 % IV SOLN,Mannitol,g,65,g,65,8
MANNITOL 20 % IV SOLN,Mannitol,g,80,g,80,18
MANNITOL 20 % IV SOLN,Mannitol,g,58,g,58,2
MANNITOL 20 % IV SOLN,Mannitol,g,60,g,60,12
MANNITOL 20 % IV SOLN,Mannitol,g,100,g,100,928
MANNITOL 20 % IV SOLN,Mannitol,g,12.5,g,12.5,5
MANNITOL 20 % IV SOLN,Mannitol,g,120,g,120,2
MANNITOL 20 % IV SOLN,Mannitol,g,125,g,125,2
MANNITOL 20 % IV SOLN,Mannitol,g,140,g,140,1
MANNITOL 20 % IV SOLN,Mannitol,g,142,g,142,1
MANNITOL 20 % IV SOLN,Mannitol,g,1,g/kg,1,13
MANNITOL 20 % IV SOLN,Mannitol,g,2,g,2,1
MANNITOL 20 % IV SOLN,Mannitol,g,20,g,20,2
MANNITOL 20 % IV SOLN,Mannitol,g,150,g,150,1
MANNITOL 20 % IV SOLN,Mannitol,g,25,g,25,20
MANNITOL 20 % IV SOLN,Mannitol,g,40,g,40,1
MANNITOL 20 % IV SOLN,Mannitol,g,41,g,41,2
MANNITOL 20 % IV SOLN,Mannitol,g,50,g,50,155
MANNITOL 25 % IV SOLN,Mannitol,g,90,g,90,1
MANNITOL 25 % IV SOLN,Mannitol,g,90.5,g,90.5,1
MANNITOL 25 % IV SOLN,Mannitol,g,100,g,100,1
MANNITOL 25 % IV SOLN,Mannitol,g,70,g,70,1
METHOTREXATE SODIUM (PF) 1 GM/40ML IJ SOLN,Methotrexate Sodium,mg,16,g,16,1
METHOTREXATE SODIUM (PF) 1 GM/40ML IJ SOLN,Methotrexate Sodium,mg,2,g/m2,2,1
METHOTREXATE SODIUM (PF) 1 GM/40ML IJ SOLN,Methotrexate Sodium,mg,3,g/m2,3,2
METHOTREXATE SODIUM (PF) 1 GM/40ML IJ SOLN,Methotrexate Sodium,mg,3600,mg,3600,1
METHOTREXATE SODIUM (PF) 1 GM/40ML IJ SOLN,Methotrexate Sodium,mg,4,g/m2,4,1
METHOTREXATE SODIUM (PF) 1 GM/40ML IJ SOLN,Methotrexate Sodium,mg,8,g/m2,8,31
METHYLENE BLUE 50 MG/10ML IV SOLN,Methylene Blue (Antidote),mg,320,mg,320,1
METHYLENE BLUE 50 MG/10ML IV SOLN,Methylene Blue (Antidote),mg,70,mg,70,2
METHYLENE BLUE 50 MG/10ML IV SOLN,Methylene Blue (Antidote),mg,50,mg/m2,50,5
METHYLENE BLUE 50 MG/10ML IV SOLN,Methylene Blue (Antidote),mg,50,mg,50,42
METHYLENE BLUE 50 MG/10ML IV SOLN,Methylene Blue (Antidote),mg,25,mg/m2,25,14
METHYLENE BLUE 50 MG/10ML IV SOLN,Methylene Blue (Antidote),mg,.5,mg/kg,.5,1
METHYLENE BLUE 50 MG/10ML IV SOLN,Methylene Blue (Antidote),mg,1,mg/kg,1,1
METHYLENE BLUE 50 MG/10ML IV SOLN,Methylene Blue (Antidote),mg,1,mg,1,1
METHYLENE BLUE 50 MG/10ML IV SOLN,Methylene Blue (Antidote),mg,100,mg,100,1
METHYLENE BLUE 50 MG/10ML IV SOLN,Methylene Blue (Antidote),mL,50,mg,50,2
METHYLENE BLUE 50 MG/10ML IV SOLN,Methylene Blue (Antidote),mL,25,mg/m2,25,1
METHYLPREDNISOLONE SODIUM SUCC 125 MG IJ SOLR,methylPREDNISolone Sodium Succ,mg,60,mg,60,1
METHYLPREDNISOLONE SODIUM SUCC 125 MG IJ SOLR,methylPREDNISolone Sodium Succ,mg,125,mg,125,3
METOCLOPRAMIDE HCL 5 MG/ML IJ SOLN,Metoclopramide HCl,mg,10,mg,10,5
METOPROLOL TARTRATE 5 MG/5ML IV SOLN,Metoprolol Tartrate,mg,50,mg,50,1
METOPROLOL TARTRATE 5 MG/5ML IV SOLN,Metoprolol Tartrate,mg,4,mg,4,2
METOPROLOL TARTRATE 5 MG/5ML IV SOLN,Metoprolol Tartrate,mg,3.75,mg,3.75,1
METOPROLOL TARTRATE 5 MG/5ML IV SOLN,Metoprolol Tartrate,mg,3,mg,3,4
METOPROLOL TARTRATE 5 MG/5ML IV SOLN,Metoprolol Tartrate,mg,25,mg,25,54
METOPROLOL TARTRATE 5 MG/5ML IV SOLN,Metoprolol Tartrate,mg,20,mg,20,199
METOPROLOL TARTRATE 5 MG/5ML IV SOLN,Metoprolol Tartrate,mg,7.5,mg,7.5,173
METOPROLOL TARTRATE 5 MG/5ML IV SOLN,Metoprolol Tartrate,mg,5,mg,5,20556
METOPROLOL TARTRATE 5 MG/5ML IV SOLN,Metoprolol Tartrate,mg,15,mg,15,143
METOPROLOL TARTRATE 5 MG/5ML IV SOLN,Metoprolol Tartrate,mg,12.5,mg,12.5,90
METOPROLOL TARTRATE 5 MG/5ML IV SOLN,Metoprolol Tartrate,mg,10,mg,10,2329
METOPROLOL TARTRATE 5 MG/5ML IV SOLN,Metoprolol Tartrate,mg,1.25,mg,1.25,2
METOPROLOL TARTRATE 5 MG/5ML IV SOLN,Metoprolol Tartrate,mg,1,mg,1,162
METOPROLOL TARTRATE 5 MG/5ML IV SOLN,Metoprolol Tartrate,mg,.5,mg,.5,2
METOPROLOL TARTRATE 5 MG/5ML IV SOLN,Metoprolol Tartrate,mg,2,mg,2,24
METOPROLOL TARTRATE 5 MG/5ML IV SOLN,Metoprolol Tartrate,mg,2.5,mg,2.5,2843
METRONIDAZOLE 500 MG/100ML IV SOLN,metroNIDAZOLE,mg,500,mg,500,9445
METRONIDAZOLE 500 MG/100ML IV SOLN,metroNIDAZOLE,g,500,mg,500,5
METRONIDAZOLE IN NACL 5-0.79 MG/ML-% IV SOLN,metroNIDAZOLE in NaCl,mg,500,mg,500,34558
METRONIDAZOLE IN NACL 500-0.79 MG/100ML-% IV SOLN,metroNIDAZOLE in NaCl,mg,500,mg,500,35841
MIDAZOLAM 100 MG/100ML IV SOLN,Midazolam,mg/kg/hr,.05-.15,mg/kg/hr,.05-.15,70
MIDAZOLAM 100 MG/100ML IV SOLN,Midazolam,mg/kg/hr,.02-.1,mg/kg/hr,.02-.1,1
MIDAZOLAM 100 MG/100ML IV SOLN,Midazolam,mg/hr,80,mg/hr,80,5
MIDAZOLAM 100 MG/100ML IV SOLN,Midazolam,mg/hr,8,mg/hr,8,54
MIDAZOLAM 100 MG/100ML IV SOLN,Midazolam,mg/hr,7.8,mg/hr,7.8,6
MIDAZOLAM 100 MG/100ML IV SOLN,Midazolam,mg/hr,6,mg/hr,6,84
MIDAZOLAM 100 MG/100ML IV SOLN,Midazolam,mg/hr,5,mg/hr,5,91
MIDAZOLAM 100 MG/100ML IV SOLN,Midazolam,mg/hr,40,mg/hr,40,53
MIDAZOLAM 100 MG/100ML IV SOLN,Midazolam,mg/hr,4-20,mg/hr,4-20,16
MIDAZOLAM 100 MG/100ML IV SOLN,Midazolam,mg/hr,4,mg/hr,4,18
MIDAZOLAM 100 MG/100ML IV SOLN,Midazolam,mg/hr,38,mg/hr,38,26
MIDAZOLAM 100 MG/100ML IV SOLN,Midazolam,mg/hr,35,mg/hr,35,16
MIDAZOLAM 100 MG/100ML IV SOLN,Midazolam,mg/hr,3,mg/hr,3,23
MIDAZOLAM 100 MG/100ML IV SOLN,Midazolam,mg/hr,25,mg/hr,25,3
MIDAZOLAM 100 MG/100ML IV SOLN,Midazolam,mg/kg/hr,.05-.3,mg/kg/hr,.05-.3,27
MIDAZOLAM 100 MG/100ML IV SOLN,Midazolam,mg/hr,20,mg/hr,20,48
MIDAZOLAM 100 MG/100ML IV SOLN,Midazolam,mg/hr,0-30,mg/hr,0-30,212
MIDAZOLAM 100 MG/100ML IV SOLN,Midazolam,mg/kg/hr,.2,mg/kg/hr,.2,4
MIDAZOLAM 100 MG/100ML IV SOLN,Midazolam,mg/hr,2.5,mg/hr,2.5,2
MIDAZOLAM 100 MG/100ML IV SOLN,Midazolam,mg/kg/hr,8,mg/hr,8,1
MIDAZOLAM 100 MG/100ML IV SOLN,Midazolam,mg/kg/hr,6,mg/hr,6,3
MIDAZOLAM 100 MG/100ML IV SOLN,Midazolam,mg/kg/hr,2-20,mg/hr,2-20,1
MIDAZOLAM 100 MG/100ML IV SOLN,Midazolam,mg/kg/hr,2-10,mg/hr,2-10,2
MIDAZOLAM 100 MG/100ML IV SOLN,Midazolam,mg/kg/hr,2,mg/hr,2,1
MIDAZOLAM 100 MG/100ML IV SOLN,Midazolam,mg/kg/hr,16,mg/hr,16,1
MIDAZOLAM 100 MG/100ML IV SOLN,Midazolam,mg/kg/hr,.15,mg/kg/hr,.15,2
MIDAZOLAM 100 MG/100ML IV SOLN,Midazolam,mg/kg/hr,15,mg/hr,15,1
MIDAZOLAM 100 MG/100ML IV SOLN,Midazolam,mg/kg/hr,1,mg/hr,1,4
MIDAZOLAM 100 MG/100ML IV SOLN,Midazolam,mg/kg/hr,0-50,mg/hr,0-50,4
MIDAZOLAM 100 MG/100ML IV SOLN,Midazolam,mg/kg/hr,0-5,mg/hr,0-5,11
MIDAZOLAM 100 MG/100ML IV SOLN,Midazolam,mg/kg/hr,0-4,mg/hr,0-4,4
MIDAZOLAM 100 MG/100ML IV SOLN,Midazolam,mg/kg/hr,0-3,mg/hr,0-3,8
MIDAZOLAM 100 MG/100ML IV SOLN,Midazolam,mg/kg/hr,0-15,mg/hr,0-15,2
MIDAZOLAM 100 MG/100ML IV SOLN,Midazolam,mg/kg/hr,0-10,mg/hr,0-10,46
MIDAZOLAM 100 MG/100ML IV SOLN,Midazolam,mg/kg/hr,1-10,mg/hr,1-10,1
MIDAZOLAM 100 MG/100ML IV SOLN,Midazolam,mg/hr,2.4,mg/hr,2.4,10
MIDAZOLAM 100 MG/100ML IV SOLN,Midazolam,mg/hr,0-15,mg/hr,0-15,132
MIDAZOLAM 100 MG/100ML IV SOLN,Midazolam,mg/hr,2-20,mg/hr,2-20,20
MIDAZOLAM 100 MG/100ML IV SOLN,Midazolam,mg/hr,0-22,mg/hr,0-22,57
MIDAZOLAM 100 MG/100ML IV SOLN,Midazolam,mg/hr,0-20,mg/hr,0-20,622
MIDAZOLAM 100 MG/100ML IV SOLN,Midazolam,mg/hr,0-2,mg/hr,0-2,104
MIDAZOLAM 100 MG/100ML IV SOLN,Midazolam,mg/hr,0-12,mg/hr,0-12,27
MIDAZOLAM 100 MG/100ML IV SOLN,Midazolam,mg/hr,0-100,mg/hr,0-100,73
MIDAZOLAM 100 MG/100ML IV SOLN,Midazolam,mg/hr,0-10,mg/hr,0-10,2839
MIDAZOLAM 100 MG/100ML IV SOLN,Midazolam,mg/hr,0-25,mg/hr,0-25,231
MIDAZOLAM 100 MG/100ML IV SOLN,Midazolam,mg/hr,0-1,mg/hr,0-1,3
MIDAZOLAM 100 MG/100ML IV SOLN,Midazolam,mg/hr,.5-10,mg/hr,.5-10,4
MIDAZOLAM 100 MG/100ML IV SOLN,Midazolam,mg/hr,.5,mg/hr,.5,7
MIDAZOLAM 100 MG/100ML IV SOLN,Midazolam,mg/hr,.2,mg/kg/hr,.2,2
MIDAZOLAM 100 MG/100ML IV SOLN,Midazolam,mg/hr,2-5,mg/hr,2-5,2
MIDAZOLAM 100 MG/100ML IV SOLN,Midazolam,mg/hr,.02-.1,mg/kg/hr,.02-.1,1
MIDAZOLAM 100 MG/100ML IV SOLN,Midazolam,mg,0-15,mg/hr,0-15,1
MIDAZOLAM 100 MG/100ML IV SOLN,Midazolam,mg/hr,.5-2,mg/hr,.5-2,3
MIDAZOLAM 100 MG/100ML IV SOLN,Midazolam,mg/hr,0-3,mg/hr,0-3,363
MIDAZOLAM 100 MG/100ML IV SOLN,Midazolam,mg/hr,.05-.3,mg/kg/hr,.05-.3,25
MIDAZOLAM 100 MG/100ML IV SOLN,Midazolam,mg/hr,0-40,mg/hr,0-40,96
MIDAZOLAM 100 MG/100ML IV SOLN,Midazolam,mg/hr,0-4,mg/hr,0-4,42
MIDAZOLAM 100 MG/100ML IV SOLN,Midazolam,mg/hr,2-10,mg/hr,2-10,27
MIDAZOLAM 100 MG/100ML IV SOLN,Midazolam,mg/hr,2,mg/hr,2,235
MIDAZOLAM 100 MG/100ML IV SOLN,Midazolam,mg/hr,16,mg/hr,16,6
MIDAZOLAM 100 MG/100ML IV SOLN,Midazolam,mg/hr,15,mg/hr,15,29
MIDAZOLAM 100 MG/100ML IV SOLN,Midazolam,mg/hr,12,mg/hr,12,8
MIDAZOLAM 100 MG/100ML IV SOLN,Midazolam,mg/hr,10,mg/hr,10,85
MIDAZOLAM 100 MG/100ML IV SOLN,Midazolam,mg/hr,1-10,mg/hr,1-10,38
MIDAZOLAM 100 MG/100ML IV SOLN,Midazolam,mg/hr,18,mg/hr,18,52
MIDAZOLAM 100 MG/100ML IV SOLN,Midazolam,mg/hr,0-80,mg/hr,0-80,1
MIDAZOLAM 100 MG/100ML IV SOLN,Midazolam,mg/hr,0-8,mg/hr,0-8,56
MIDAZOLAM 100 MG/100ML IV SOLN,Midazolam,mg/hr,0-5,mg/hr,0-5,1688
MIDAZOLAM 100 MG/100ML IV SOLN,Midazolam,mg/hr,0-7,mg/hr,0-7,48
MIDAZOLAM 100 MG/100ML IV SOLN,Midazolam,mg/hr,0-6,mg/hr,0-6,11
MIDAZOLAM 100 MG/100ML IV SOLN,Midazolam,mg/hr,0-50,mg/hr,0-50,837
MIDAZOLAM 100 MG/100ML IV SOLN,Midazolam,mg/hr,1,mg/hr,1,346
MIDAZOLAM HCL 2 MG/2ML IJ SOLN,Midazolam HCl,mg,.5,mg,.5,1
MIDAZOLAM HCL 5 MG/ML IJ SOLN,Midazolam HCl,mg,20,mg,20,1
MIDAZOLAM HCL 50 MG/10ML IJ SOLN,Midazolam HCl,mg,750,mg,750,85
MIDAZOLAM HCL 50 MG/10ML IJ SOLN,Midazolam HCl,mg,3,mg,3,1
MIDAZOLAM HCL 50 MG/10ML IJ SOLN,Midazolam HCl,mg,5,mg,5,2
MIDAZOLAM HCL-SODIUM CHLORIDE 100-0.8 MG/100ML-% IV SOLN,Midazolam HCl-Sodium Chloride,mg/hr,3,mg/hr,3,10
MIDAZOLAM HCL-SODIUM CHLORIDE 100-0.8 MG/100ML-% IV SOLN,Midazolam HCl-Sodium Chloride,mg/hr,5,mg/hr,5,2
MIDAZOLAM HCL-SODIUM CHLORIDE 100-0.8 MG/100ML-% IV SOLN,Midazolam HCl-Sodium Chloride,mg/kg/hr,0-10,mg/hr,0-10,1
MIDAZOLAM HCL-SODIUM CHLORIDE 100-0.8 MG/100ML-% IV SOLN,Midazolam HCl-Sodium Chloride,mg/hr,40,mg/hr,40,1
MIDAZOLAM HCL-SODIUM CHLORIDE 100-0.8 MG/100ML-% IV SOLN,Midazolam HCl-Sodium Chloride,mg/hr,4,mg/hr,4,10
MIDAZOLAM HCL-SODIUM CHLORIDE 100-0.8 MG/100ML-% IV SOLN,Midazolam HCl-Sodium Chloride,mg/hr,30,mg/hr,30,28
MIDAZOLAM HCL-SODIUM CHLORIDE 100-0.8 MG/100ML-% IV SOLN,Midazolam HCl-Sodium Chloride,mg/hr,2,mg/hr,2,15
MIDAZOLAM HCL-SODIUM CHLORIDE 100-0.8 MG/100ML-% IV SOLN,Midazolam HCl-Sodium Chloride,mg/hr,0-25,mg/hr,0-25,5
MIDAZOLAM HCL-SODIUM CHLORIDE 100-0.8 MG/100ML-% IV SOLN,Midazolam HCl-Sodium Chloride,mg/hr,1,mg/hr,1,41
MIDAZOLAM HCL-SODIUM CHLORIDE 100-0.8 MG/100ML-% IV SOLN,Midazolam HCl-Sodium Chloride,mg/hr,0-6,mg/hr,0-6,13
MIDAZOLAM HCL-SODIUM CHLORIDE 100-0.8 MG/100ML-% IV SOLN,Midazolam HCl-Sodium Chloride,mg/hr,0-50,mg/hr,0-50,27
MIDAZOLAM HCL-SODIUM CHLORIDE 100-0.8 MG/100ML-% IV SOLN,Midazolam HCl-Sodium Chloride,mg/hr,0-40,mg/hr,0-40,7
MIDAZOLAM HCL-SODIUM CHLORIDE 100-0.8 MG/100ML-% IV SOLN,Midazolam HCl-Sodium Chloride,mg/hr,0-10,mg/hr,0-10,278
MIDAZOLAM HCL-SODIUM CHLORIDE 100-0.8 MG/100ML-% IV SOLN,Midazolam HCl-Sodium Chloride,mg/hr,1-10,mg/hr,1-10,5
MIDAZOLAM HCL-SODIUM CHLORIDE 50-0.8 MG/50ML-% IV SOLN,Midazolam HCl-Sodium Chloride,mg/hr,4.5,mg/hr,4.5,19
MIDAZOLAM HCL-SODIUM CHLORIDE 50-0.8 MG/50ML-% IV SOLN,Midazolam HCl-Sodium Chloride,mg/hr,4,mg/hr,4,23
MIDAZOLAM HCL-SODIUM CHLORIDE 50-0.8 MG/50ML-% IV SOLN,Midazolam HCl-Sodium Chloride,mg/hr,35,mg/hr,35,1
MIDAZOLAM HCL-SODIUM CHLORIDE 50-0.8 MG/50ML-% IV SOLN,Midazolam HCl-Sodium Chloride,mg/hr,3,mg/hr,3,5
MIDAZOLAM HCL-SODIUM CHLORIDE 50-0.8 MG/50ML-% IV SOLN,Midazolam HCl-Sodium Chloride,mg/hr,2.5,mg/hr,2.5,16
MIDAZOLAM HCL-SODIUM CHLORIDE 50-0.8 MG/50ML-% IV SOLN,Midazolam HCl-Sodium Chloride,mg/hr,20,mg/hr,20,46
MIDAZOLAM HCL-SODIUM CHLORIDE 50-0.8 MG/50ML-% IV SOLN,Midazolam HCl-Sodium Chloride,mg/hr,2-30,mg/hr,2-30,5
MIDAZOLAM HCL-SODIUM CHLORIDE 50-0.8 MG/50ML-% IV SOLN,Midazolam HCl-Sodium Chloride,mg/hr,2-10,mg/hr,2-10,13
MIDAZOLAM HCL-SODIUM CHLORIDE 50-0.8 MG/50ML-% IV SOLN,Midazolam HCl-Sodium Chloride,mg/hr,40,mg/hr,40,23
MIDAZOLAM HCL-SODIUM CHLORIDE 50-0.8 MG/50ML-% IV SOLN,Midazolam HCl-Sodium Chloride,mg/hr,25,mg/hr,25,5
MIDAZOLAM HCL-SODIUM CHLORIDE 50-0.8 MG/50ML-% IV SOLN,Midazolam HCl-Sodium Chloride,mg/hr,5,mg/hr,5,37
MIDAZOLAM HCL-SODIUM CHLORIDE 50-0.8 MG/50ML-% IV SOLN,Midazolam HCl-Sodium Chloride,mg/hr,2,mg/kg/hr,2,1
MIDAZOLAM HCL-SODIUM CHLORIDE 50-0.8 MG/50ML-% IV SOLN,Midazolam HCl-Sodium Chloride,mg/hr,6,mg/hr,6,3
MIDAZOLAM HCL-SODIUM CHLORIDE 50-0.8 MG/50ML-% IV SOLN,Midazolam HCl-Sodium Chloride,mg/kg/hr,.05-.1,mg/kg/hr,.05-.1,1
MIDAZOLAM HCL-SODIUM CHLORIDE 50-0.8 MG/50ML-% IV SOLN,Midazolam HCl-Sodium Chloride,mg/kg/hr,.05-.3,mg/kg/hr,.05-.3,321
MIDAZOLAM HCL-SODIUM CHLORIDE 50-0.8 MG/50ML-% IV SOLN,Midazolam HCl-Sodium Chloride,mg/kg/hr,.1,mg/kg/hr,.1,1
MIDAZOLAM HCL-SODIUM CHLORIDE 50-0.8 MG/50ML-% IV SOLN,Midazolam HCl-Sodium Chloride,mg/kg/hr,.3,mg/kg/hr,.3,1
MIDAZOLAM HCL-SODIUM CHLORIDE 50-0.8 MG/50ML-% IV SOLN,Midazolam HCl-Sodium Chloride,mg/kg/hr,0-.5,mg/hr,0-.5,1
MIDAZOLAM HCL-SODIUM CHLORIDE 50-0.8 MG/50ML-% IV SOLN,Midazolam HCl-Sodium Chloride,mg/kg/hr,0-10,mg/hr,0-10,8
MIDAZOLAM HCL-SODIUM CHLORIDE 50-0.8 MG/50ML-% IV SOLN,Midazolam HCl-Sodium Chloride,mg/kg/hr,0-3,mg/hr,0-3,2
MIDAZOLAM HCL-SODIUM CHLORIDE 50-0.8 MG/50ML-% IV SOLN,Midazolam HCl-Sodium Chloride,mg/kg/hr,0-50,mg/hr,0-50,2
MIDAZOLAM HCL-SODIUM CHLORIDE 50-0.8 MG/50ML-% IV SOLN,Midazolam HCl-Sodium Chloride,mg/kg/hr,2,mg/kg/hr,2,1
MIDAZOLAM HCL-SODIUM CHLORIDE 50-0.8 MG/50ML-% IV SOLN,Midazolam HCl-Sodium Chloride,mg/hr,50,mg/hr,50,1
MIDAZOLAM HCL-SODIUM CHLORIDE 50-0.8 MG/50ML-% IV SOLN,Midazolam HCl-Sodium Chloride,mg/hr,2,mg/hr,2,134
MIDAZOLAM HCL-SODIUM CHLORIDE 50-0.8 MG/50ML-% IV SOLN,Midazolam HCl-Sodium Chloride,mg/kg/hr,0-5,mg/hr,0-5,4
MIDAZOLAM HCL-SODIUM CHLORIDE 50-0.8 MG/50ML-% IV SOLN,Midazolam HCl-Sodium Chloride,mg/hr,10,mg/hr,10,77
MIDAZOLAM HCL-SODIUM CHLORIDE 50-0.8 MG/50ML-% IV SOLN,Midazolam HCl-Sodium Chloride,mg/hr,.05-.3,mg/kg/hr,.05-.3,4
MIDAZOLAM HCL-SODIUM CHLORIDE 50-0.8 MG/50ML-% IV SOLN,Midazolam HCl-Sodium Chloride,mg/hr,.1,mg/kg/hr,.1,3
MIDAZOLAM HCL-SODIUM CHLORIDE 50-0.8 MG/50ML-% IV SOLN,Midazolam HCl-Sodium Chloride,mg/hr,.3,mg/kg/hr,.3,4
MIDAZOLAM HCL-SODIUM CHLORIDE 50-0.8 MG/50ML-% IV SOLN,Midazolam HCl-Sodium Chloride,mg/hr,.5,mg/hr,.5,3
MIDAZOLAM HCL-SODIUM CHLORIDE 50-0.8 MG/50ML-% IV SOLN,Midazolam HCl-Sodium Chloride,mg/hr,0-.5,mg/hr,0-.5,206
MIDAZOLAM HCL-SODIUM CHLORIDE 50-0.8 MG/50ML-% IV SOLN,Midazolam HCl-Sodium Chloride,mg/hr,0-1,mg/hr,0-1,52
MIDAZOLAM HCL-SODIUM CHLORIDE 50-0.8 MG/50ML-% IV SOLN,Midazolam HCl-Sodium Chloride,mg/hr,0-10,mg/hr,0-10,2088
MIDAZOLAM HCL-SODIUM CHLORIDE 50-0.8 MG/50ML-% IV SOLN,Midazolam HCl-Sodium Chloride,mg/hr,0-12,mg/hr,0-12,17
MIDAZOLAM HCL-SODIUM CHLORIDE 50-0.8 MG/50ML-% IV SOLN,Midazolam HCl-Sodium Chloride,mg/hr,0-15,mg/hr,0-15,88
MIDAZOLAM HCL-SODIUM CHLORIDE 50-0.8 MG/50ML-% IV SOLN,Midazolam HCl-Sodium Chloride,mg/hr,0-2,mg/hr,0-2,100
MIDAZOLAM HCL-SODIUM CHLORIDE 50-0.8 MG/50ML-% IV SOLN,Midazolam HCl-Sodium Chloride,mg/hr,0-25,mg/hr,0-25,17
MIDAZOLAM HCL-SODIUM CHLORIDE 50-0.8 MG/50ML-% IV SOLN,Midazolam HCl-Sodium Chloride,mg/hr,15,mg/hr,15,9
MIDAZOLAM HCL-SODIUM CHLORIDE 50-0.8 MG/50ML-% IV SOLN,Midazolam HCl-Sodium Chloride,mg/hr,0-30,mg/hr,0-30,5
MIDAZOLAM HCL-SODIUM CHLORIDE 50-0.8 MG/50ML-% IV SOLN,Midazolam HCl-Sodium Chloride,mg/hr,0-4,mg/hr,0-4,78
MIDAZOLAM HCL-SODIUM CHLORIDE 50-0.8 MG/50ML-% IV SOLN,Midazolam HCl-Sodium Chloride,mg/hr,0-5,mg/hr,0-5,2051
MIDAZOLAM HCL-SODIUM CHLORIDE 50-0.8 MG/50ML-% IV SOLN,Midazolam HCl-Sodium Chloride,mg/hr,0-50,mg/hr,0-50,236
MIDAZOLAM HCL-SODIUM CHLORIDE 50-0.8 MG/50ML-% IV SOLN,Midazolam HCl-Sodium Chloride,mg/hr,0-6,mg/hr,0-6,123
MIDAZOLAM HCL-SODIUM CHLORIDE 50-0.8 MG/50ML-% IV SOLN,Midazolam HCl-Sodium Chloride,mg/hr,0-60,mg/hr,0-60,21
MIDAZOLAM HCL-SODIUM CHLORIDE 50-0.8 MG/50ML-% IV SOLN,Midazolam HCl-Sodium Chloride,mg/hr,0-8,mg/hr,0-8,94
MIDAZOLAM HCL-SODIUM CHLORIDE 50-0.8 MG/50ML-% IV SOLN,Midazolam HCl-Sodium Chloride,mg/hr,1,mg/hr,1,72
MIDAZOLAM HCL-SODIUM CHLORIDE 50-0.8 MG/50ML-% IV SOLN,Midazolam HCl-Sodium Chloride,mg/hr,0-3,mg/hr,0-3,587
MIDAZOLAM HCL-SODIUM CHLORIDE 50-0.8 MG/50ML-% IV SOLN,Midazolam HCl-Sodium Chloride,mg/hr,1-10,mg/hr,1-10,9
MIDAZOLAM HCL-SODIUM CHLORIDE 50-0.8 MG/50ML-% IV SOLN,Midazolam HCl-Sodium Chloride,mg/hr,1.5,mg/hr,1.5,4
MILRINONE IN DEXTROSE 20 MG/100ML IV SOLN,Milrinone Lactate in Dextrose,mcg/kg/min,1.5,mcg/kg/min,1.5,91
MILRINONE IN DEXTROSE 20 MG/100ML IV SOLN,Milrinone Lactate in Dextrose,mcg/kg/min,1,mcg/kg/min,1,44
MILRINONE IN DEXTROSE 20 MG/100ML IV SOLN,Milrinone Lactate in Dextrose,mcg/kg/min,.5,mcg/kg/min,.5,68
MILRINONE IN DEXTROSE 20 MG/100ML IV SOLN,Milrinone Lactate in Dextrose,mcg/kg/min,.375,mcg/kg/min,.375,170
MILRINONE IN DEXTROSE 20 MG/100ML IV SOLN,Milrinone Lactate in Dextrose,mcg/kg/min,.1,mcg/kg/min,.1,33
MILRINONE IN DEXTROSE 20 MG/100ML IV SOLN,Milrinone Lactate in Dextrose,mcg/kg/min,.25,mcg/kg/min,.25,413
MILRINONE IN DEXTROSE 20 MG/100ML IV SOLN,Milrinone Lactate in Dextrose,mcg/kg/min,.2,mcg/kg/min,.2,409
MILRINONE IN DEXTROSE 20 MG/100ML IV SOLN,Milrinone Lactate in Dextrose,mcg/kg/min,.125,mcg/kg/min,.125,428
MILRINONE IN DEXTROSE 20 MG/100ML IV SOLN,Milrinone Lactate in Dextrose,mcg/kg/min,.34,mcg/kg/min,.34,1
MILRINONE LACTATE 10 MG/10ML IV SOLN,Milrinone Lactate,mcg,7500,mcg,7500,1
MILRINONE LACTATE 10 MG/10ML IV SOLN,Milrinone Lactate,mg,5,mg,5,2
MILRINONE LACTATE 10 MG/10ML IV SOLN,Milrinone Lactate,mcg,5000,mcg,5000,1
MILRINONE LACTATE 10 MG/10ML IV SOLN,Milrinone Lactate,mcg,4000,mcg,4000,1
MILRINONE LACTATE 10 MG/10ML IV SOLN,Milrinone Lactate,mcg,25,mcg/kg,25,4
MILRINONE LACTATE 10 MG/10ML IV SOLN,Milrinone Lactate,mcg,.375,mcg/kg,.375,1
MILRINONE LACTATE 10 MG/10ML IV SOLN,Milrinone Lactate,mcg,50,mcg/kg,50,11
MILRINONE LACTATE IN DEXTROSE 20-5 MG/100ML-% IV SOLN,Milrinone Lactate in Dextrose,mcg/kg/min,.6,mcg/kg/min,.6,40
MILRINONE LACTATE IN DEXTROSE 20-5 MG/100ML-% IV SOLN,Milrinone Lactate in Dextrose,mcg/kg/min,.0625,mcg/kg/min,.0625,3
MILRINONE LACTATE IN DEXTROSE 20-5 MG/100ML-% IV SOLN,Milrinone Lactate in Dextrose,mcg/kg/min,.1,mcg/kg/min,.1,13
MILRINONE LACTATE IN DEXTROSE 20-5 MG/100ML-% IV SOLN,Milrinone Lactate in Dextrose,mcg/kg/min,.125,mcg/kg/min,.125,1488
MILRINONE LACTATE IN DEXTROSE 20-5 MG/100ML-% IV SOLN,Milrinone Lactate in Dextrose,mcg/kg/min,.2,mcg/kg/min,.2,481
MILRINONE LACTATE IN DEXTROSE 20-5 MG/100ML-% IV SOLN,Milrinone Lactate in Dextrose,mcg/kg/min,.25,mcg/kg/min,.25,865
MILRINONE LACTATE IN DEXTROSE 20-5 MG/100ML-% IV SOLN,Milrinone Lactate in Dextrose,mcg/kg/min,.375,mcg/kg/min,.375,1014
MILRINONE LACTATE IN DEXTROSE 20-5 MG/100ML-% IV SOLN,Milrinone Lactate in Dextrose,mcg/kg/min,.5,mcg/kg/min,.5,225
MILRINONE LACTATE IN DEXTROSE 20-5 MG/100ML-% IV SOLN,Milrinone Lactate in Dextrose,mcg/kg/min,.75,mcg/kg/min,.75,111
MORPHINE SULFATE (PF) 10 MG/ML IV SOLN,Morphine Sulfate,mg,5,mg,5,148
MORPHINE SULFATE (PF) 10 MG/ML IV SOLN,Morphine Sulfate,mg,5-10,mg,5-10,263
MORPHINE SULFATE (PF) 10 MG/ML IV SOLN,Morphine Sulfate,mg,5-15,mg,5-15,3
MORPHINE SULFATE (PF) 10 MG/ML IV SOLN,Morphine Sulfate,mg,6,mg,6,7433
MORPHINE SULFATE (PF) 10 MG/ML IV SOLN,Morphine Sulfate,mg,4.5-5,mg,4.5-5,21
MORPHINE SULFATE (PF) 10 MG/ML IV SOLN,Morphine Sulfate,mg,7,mg,7,51
MORPHINE SULFATE (PF) 10 MG/ML IV SOLN,Morphine Sulfate,mg,8,mg,8,1064
MORPHINE SULFATE (PF) 10 MG/ML IV SOLN,Morphine Sulfate,mg,9,mg,9,4
MORPHINE SULFATE (PF) 10 MG/ML IV SOLN,Morphine Sulfate,mg,6-30,mg,6-30,5
MORPHINE SULFATE (PF) 10 MG/ML IV SOLN,Morphine Sulfate,mg,3-7,mg,3-7,2
MORPHINE SULFATE (PF) 10 MG/ML IV SOLN,Morphine Sulfate,mg,4,mg,4,9
MORPHINE SULFATE (PF) 10 MG/ML IV SOLN,Morphine Sulfate,mg,25,mg,25,1
MORPHINE SULFATE (PF) 10 MG/ML IV SOLN,Morphine Sulfate,mg,.1,mg/kg,.1,11
MORPHINE SULFATE (PF) 10 MG/ML IV SOLN,Morphine Sulfate,mg,0.1,mg/kg,0.1,1
MORPHINE SULFATE (PF) 10 MG/ML IV SOLN,Morphine Sulfate,mg,10,mg,10,16223
MORPHINE SULFATE (PF) 10 MG/ML IV SOLN,Morphine Sulfate,mg,15,mg,15,40
MORPHINE SULFATE (PF) 10 MG/ML IV SOLN,Morphine Sulfate,mg,16,mg,16,4
MORPHINE SULFATE (PF) 10 MG/ML IV SOLN,Morphine Sulfate,mg,3,mg,3,5
MORPHINE SULFATE (PF) 10 MG/ML IV SOLN,Morphine Sulfate,mg,2-10,mg,2-10,28
MORPHINE SULFATE (PF) 10 MG/ML IV SOLN,Morphine Sulfate,mg,2-8,mg,2-8,3
MORPHINE SULFATE (PF) 10 MG/ML IV SOLN,Morphine Sulfate,mg,20,mg,20,1
MORPHINE SULFATE (PF) 10 MG/ML IV SOLN,Morphine Sulfate,mg,2,mg,2,11
MORPHINE SULFATE (PF) 2 MG/ML IV SOLN,Morphine Sulfate,mg,2-15,mg,2-15,3
MORPHINE SULFATE (PF) 2 MG/ML IV SOLN,Morphine Sulfate,mg,2-4,mg,2-4,79
MORPHINE SULFATE (PF) 2 MG/ML IV SOLN,Morphine Sulfate,mg,2-5,mg,2-5,8
MORPHINE SULFATE (PF) 2 MG/ML IV SOLN,Morphine Sulfate,mg,2-6,mg,2-6,12
MORPHINE SULFATE (PF) 2 MG/ML IV SOLN,Morphine Sulfate,mg,2-7.5,mg,2-7.5,1
MORPHINE SULFATE (PF) 2 MG/ML IV SOLN,Morphine Sulfate,mg,2-8,mg,2-8,29
MORPHINE SULFATE (PF) 2 MG/ML IV SOLN,Morphine Sulfate,mg,3,mg,3,119
MORPHINE SULFATE (PF) 2 MG/ML IV SOLN,Morphine Sulfate,mg,3-5,mg,3-5,3
MORPHINE SULFATE (PF) 2 MG/ML IV SOLN,Morphine Sulfate,mg,4,mg,4,2395
MORPHINE SULFATE (PF) 2 MG/ML IV SOLN,Morphine Sulfate,mg,2-10,mg,2-10,1111
MORPHINE SULFATE (PF) 2 MG/ML IV SOLN,Morphine Sulfate,mg,6,mg,6,127
MORPHINE SULFATE (PF) 2 MG/ML IV SOLN,Morphine Sulfate,mg,8,mg,8,2
MORPHINE SULFATE (PF) 2 MG/ML IV SOLN,Morphine Sulfate,mg,2.5,mg,2.5,1
MORPHINE SULFATE (PF) 2 MG/ML IV SOLN,Morphine Sulfate,mg,5,mg,5,18
MORPHINE SULFATE (PF) 2 MG/ML IV SOLN,Morphine Sulfate,mg,2,mg,2,45108
MORPHINE SULFATE (PF) 2 MG/ML IV SOLN,Morphine Sulfate,mg,1.5,mg,1.5,2
MORPHINE SULFATE (PF) 2 MG/ML IV SOLN,Morphine Sulfate,mg,10,mg,10,5
MORPHINE SULFATE (PF) 2 MG/ML IV SOLN,Morphine Sulfate,mg,.1,mg/kg,.1,49
MORPHINE SULFATE (PF) 2 MG/ML IV SOLN,Morphine Sulfate,mg,.5,mg,.5,125
MORPHINE SULFATE (PF) 2 MG/ML IV SOLN,Morphine Sulfate,mg,.5-2,mg,.5-2,1
MORPHINE SULFATE (PF) 2 MG/ML IV SOLN,Morphine Sulfate,mg,0-10,mg,0-10,1
MORPHINE SULFATE (PF) 2 MG/ML IV SOLN,Morphine Sulfate,mg,.05,mg/kg,.05,2
MORPHINE SULFATE (PF) 2 MG/ML IV SOLN,Morphine Sulfate,mg,1,mg,1,2426
MORPHINE SULFATE (PF) 2 MG/ML IV SOLN,Morphine Sulfate,mg,1-2,mg,1-2,4
MORPHINE SULFATE (PF) 2 MG/ML IV SOLN,Morphine Sulfate,mg,1-4,mg,1-4,1
MORPHINE SULFATE (PF) 2 MG/ML IV SOLN,Morphine Sulfate,mg,1-6,mg,1-6,1
MORPHINE SULFATE (PF) 2 MG/ML IV SOLN,Morphine Sulfate,mg,1.2,mg,1.2,1
MORPHINE SULFATE (PF) 2 MG/ML IV SOLN,Morphine Sulfate,mg,0.1,mg/kg,0.1,6
MORPHINE SULFATE (PF) 4 MG/ML IV SOLN,Morphine Sulfate,mg,2.5-4,mg,2.5-4,104
MORPHINE SULFATE (PF) 4 MG/ML IV SOLN,Morphine Sulfate,mg,9,mg,9,1
MORPHINE SULFATE (PF) 4 MG/ML IV SOLN,Morphine Sulfate,mg,4,mg,4,72363
MORPHINE SULFATE (PF) 4 MG/ML IV SOLN,Morphine Sulfate,mg,4-10,mg,4-10,7
MORPHINE SULFATE (PF) 4 MG/ML IV SOLN,Morphine Sulfate,mg,6,mg,6,802
MORPHINE SULFATE (PF) 4 MG/ML IV SOLN,Morphine Sulfate,mg,5,mg,5,117
MORPHINE SULFATE (PF) 4 MG/ML IV SOLN,Morphine Sulfate,mg,7,mg,7,29
MORPHINE SULFATE (PF) 4 MG/ML IV SOLN,Morphine Sulfate,mg,8,mg,8,153
MORPHINE SULFATE (PF) 4 MG/ML IV SOLN,Morphine Sulfate,mg,2.5,mg,2.5,4
MORPHINE SULFATE (PF) 4 MG/ML IV SOLN,Morphine Sulfate,mg,4-12,mg,4-12,6
MORPHINE SULFATE (PF) 4 MG/ML IV SOLN,Morphine Sulfate,mg,2-8,mg,2-8,6
MORPHINE SULFATE (PF) 4 MG/ML IV SOLN,Morphine Sulfate,mg,3,mg,3,1049
MORPHINE SULFATE (PF) 4 MG/ML IV SOLN,Morphine Sulfate,mg,2-10,mg,2-10,157
MORPHINE SULFATE (PF) 4 MG/ML IV SOLN,Morphine Sulfate,mg,2-12,mg,2-12,5
MORPHINE SULFATE (PF) 4 MG/ML IV SOLN,Morphine Sulfate,mg,.05,mg/kg,.05,3
MORPHINE SULFATE (PF) 4 MG/ML IV SOLN,Morphine Sulfate,mg,.1,mg/kg,.1,62
MORPHINE SULFATE (PF) 4 MG/ML IV SOLN,Morphine Sulfate,mg,.5,mg,.5,3
MORPHINE SULFATE (PF) 4 MG/ML IV SOLN,Morphine Sulfate,mg,0.1,mg/kg,0.1,1
MORPHINE SULFATE (PF) 4 MG/ML IV SOLN,Morphine Sulfate,mg,12,mg,12,23
MORPHINE SULFATE (PF) 4 MG/ML IV SOLN,Morphine Sulfate,mg,1-4,mg,1-4,1
MORPHINE SULFATE (PF) 4 MG/ML IV SOLN,Morphine Sulfate,mg,1.5,mg,1.5,1
MORPHINE SULFATE (PF) 4 MG/ML IV SOLN,Morphine Sulfate,mg,10,mg,10,224
MORPHINE SULFATE (PF) 4 MG/ML IV SOLN,Morphine Sulfate,mg,1,mg,1,332
MORPHINE SULFATE (PF) 4 MG/ML IV SOLN,Morphine Sulfate,mg,2,mg,2,4629
MOST STUDY- EPTIFIBATIDE 75 MG/100 ML VIAL 0-2 HR,Eptifibatide,mcg/kg/min,.75,mcg/kg/min,.75,10
MOXIFLOXACIN HCL 400 MG/250ML IV SOLN,Moxifloxacin HCl,mg,400,mg,400,42
MOXIFLOXACIN HCL IN NACL 400 MG/250ML IV SOLN,Moxifloxacin HCl in NaCl,mg,400,mg,400,72
NA FERRIC GLUC CPLX IN SUCROSE 12.5 MG/ML IV SOLN,Na Ferric Gluc Cplx in Sucrose,mg,62.5,mg,62.5,9646
NA FERRIC GLUC CPLX IN SUCROSE 12.5 MG/ML IV SOLN,Na Ferric Gluc Cplx in Sucrose,mg,250,mg,250,6
NA FERRIC GLUC CPLX IN SUCROSE 12.5 MG/ML IV SOLN,Na Ferric Gluc Cplx in Sucrose,mg,200,mg,200,1
NA FERRIC GLUC CPLX IN SUCROSE 12.5 MG/ML IV SOLN,Na Ferric Gluc Cplx in Sucrose,mg,125,mg,125,3886
NA FERRIC GLUC CPLX IN SUCROSE 12.5 MG/ML IV SOLN,Na Ferric Gluc Cplx in Sucrose,mg,12.5,mg,12.5,2
NALOXONE HCL 0.4 MG/ML IJ SOLN,Naloxone HCl,mg,.1,mg,.1,1
NALOXONE HCL 0.4 MG/ML IJ SOLN,Naloxone HCl,mg,.4,mg,.4,2
NELARABINE 5 MG/ML IV SOLN,Nelarabine,mg,3000,mg,3000,11
NEOSTIGMINE METHYLSULFATE 10 MG/10ML IV SOLN,Neostigmine Methylsulfate,mg,4,mg,4,2
NEOSTIGMINE METHYLSULFATE 10 MG/10ML IV SOLN,Neostigmine Methylsulfate,mg,3,mg,3,2
NEOSTIGMINE METHYLSULFATE 10 MG/10ML IV SOLN,Neostigmine Methylsulfate,mg,2.5,mg,2.5,2
NEOSTIGMINE METHYLSULFATE 10 MG/10ML IV SOLN,Neostigmine Methylsulfate,mg,2,mg,2,48
NEOSTIGMINE METHYLSULFATE 10 MG/10ML IV SOLN,Neostigmine Methylsulfate,mg,1.5,mg,1.5,1
NEOSTIGMINE METHYLSULFATE 10 MG/10ML IV SOLN,Neostigmine Methylsulfate,mg,.05,mg/kg,.05,2
NEOSTIGMINE METHYLSULFATE 10 MG/10ML IV SOLN,Neostigmine Methylsulfate,mg,0.5,mg,0.5,8
NEOSTIGMINE METHYLSULFATE 10 MG/10ML IV SOLN,Neostigmine Methylsulfate,mg,.5,mg,.5,5
NEOSTIGMINE METHYLSULFATE 10 MG/10ML IV SOLN,Neostigmine Methylsulfate,mg,.03,mg/kg,.03,1
NEOSTIGMINE METHYLSULFATE 10 MG/10ML IV SOLN,Neostigmine Methylsulfate,mg,.02,mg/kg,.02,1
NEOSTIGMINE METHYLSULFATE 10 MG/10ML IV SOLN,Neostigmine Methylsulfate,mg,1,mg,1,17
NICARDIPINE HCL 2.5 MG/ML IV SOLN,niCARdipine HCl,mcg,25,mg,25,9
NICARDIPINE HCL 2.5 MG/ML IV SOLN,niCARdipine HCl,mg,25,mg,25,27
NICARDIPINE HCL 2.5 MG/ML IV SOLN,niCARdipine HCl,mg,4,mg,4,1
NICARDIPINE HCL 2.5 MG/ML IV SOLN,niCARdipine HCl,mg,50,mg,50,1
NICARDIPINE HCL 2.5 MG/ML IV SOLN,niCARdipine HCl,mg,8,mg,8,2
NICARDIPINE HCL 2.5 MG/ML IV SOLN,niCARdipine HCl,mg/hr,25,mg,25,6
NITROGLYCERIN 5 MG/ML IV SOLN,Nitroglycerin,mg,5,mcg,5,1
NITROGLYCERIN 5 MG/ML IV SOLN,Nitroglycerin,mg/min,5,mcg/min,5,1
NITROGLYCERIN 5 MG/ML IV SOLN,Nitroglycerin,mg/min,2,mcg/kg/min,2,1
NITROGLYCERIN 5 MG/ML IV SOLN,Nitroglycerin,mg,600,mcg,600,1
NITROGLYCERIN 5 MG/ML IV SOLN,Nitroglycerin,mg,4000,mcg,4000,1
NITROGLYCERIN 5 MG/ML IV SOLN,Nitroglycerin,mcg,2000,mcg,2000,2
NITROGLYCERIN 5 MG/ML IV SOLN,Nitroglycerin,mg,2000,mcg,2000,1
NITROGLYCERIN 5 MG/ML IV SOLN,Nitroglycerin,mg,200,mcg,200,3
NITROGLYCERIN 5 MG/ML IV SOLN,Nitroglycerin,mg,1000,mcg,1000,1
NITROGLYCERIN 5 MG/ML IV SOLN,Nitroglycerin,mcg,200,mcg,200,2
NITROGLYCERIN 5 MG/ML IV SOLN,Nitroglycerin,mg,400,mcg,400,1
NITROGLYCERIN IN D5W 200-5 MCG/ML-% IV SOLN,Nitroglycerin in D5W,mcg/min,50,mcg/min,50,237
NITROGLYCERIN IN D5W 200-5 MCG/ML-% IV SOLN,Nitroglycerin in D5W,mcg/min,5-200,mcg/min,5-200,53
NITROGLYCERIN IN D5W 200-5 MCG/ML-% IV SOLN,Nitroglycerin in D5W,mcg/min,5,mcg/min,5,4191
NITROGLYCERIN IN D5W 200-5 MCG/ML-% IV SOLN,Nitroglycerin in D5W,mcg/min,400,mcg/min,400,98
NITROGLYCERIN IN D5W 200-5 MCG/ML-% IV SOLN,Nitroglycerin in D5W,mcg/min,40-200,mcg/min,40-200,8
NITROGLYCERIN IN D5W 200-5 MCG/ML-% IV SOLN,Nitroglycerin in D5W,mcg/min,34,mcg/min,34,29
NITROGLYCERIN IN D5W 200-5 MCG/ML-% IV SOLN,Nitroglycerin in D5W,mcg/min,300,mcg/min,300,30
NITROGLYCERIN IN D5W 200-5 MCG/ML-% IV SOLN,Nitroglycerin in D5W,mcg/min,30,mcg/min,30,33
NITROGLYCERIN IN D5W 200-5 MCG/ML-% IV SOLN,Nitroglycerin in D5W,mcg/min,3,mcg/min,3,7
NITROGLYCERIN IN D5W 200-5 MCG/ML-% IV SOLN,Nitroglycerin in D5W,mcg/min,25,mcg/min,25,5
NITROGLYCERIN IN D5W 200-5 MCG/ML-% IV SOLN,Nitroglycerin in D5W,mcg/min,40,mcg/min,40,10
NITROGLYCERIN IN D5W 200-5 MCG/ML-% IV SOLN,Nitroglycerin in D5W,mcg/min,50-200,mcg/min,50-200,339
NITROGLYCERIN IN D5W 200-5 MCG/ML-% IV SOLN,Nitroglycerin in D5W,mcg/min,500,mcg,500,2
NITROGLYCERIN IN D5W 200-5 MCG/ML-% IV SOLN,Nitroglycerin in D5W,mcg/min,500,mcg/min,500,15
NITROGLYCERIN IN D5W 200-5 MCG/ML-% IV SOLN,Nitroglycerin in D5W,mcg/min,60,mcg/min,60,2
NITROGLYCERIN IN D5W 200-5 MCG/ML-% IV SOLN,Nitroglycerin in D5W,mcg/min,600,mcg/min,600,2
NITROGLYCERIN IN D5W 200-5 MCG/ML-% IV SOLN,Nitroglycerin in D5W,mcg/min,7.5,mcg/min,7.5,7
NITROGLYCERIN IN D5W 200-5 MCG/ML-% IV SOLN,Nitroglycerin in D5W,mcg/min,70,mcg/min,70,9
NITROGLYCERIN IN D5W 200-5 MCG/ML-% IV SOLN,Nitroglycerin in D5W,mg,0-400,mcg/min,0-400,7
NITROGLYCERIN IN D5W 200-5 MCG/ML-% IV SOLN,Nitroglycerin in D5W,mcg/min,75,mcg/min,75,2
NITROGLYCERIN IN D5W 200-5 MCG/ML-% IV SOLN,Nitroglycerin in D5W,mcg/min,8,mcg/min,8,5
NITROGLYCERIN IN D5W 200-5 MCG/ML-% IV SOLN,Nitroglycerin in D5W,mcg/min,95,mcg/min,95,7
NITROGLYCERIN IN D5W 200-5 MCG/ML-% IV SOLN,Nitroglycerin in D5W,mcg/min,80,mcg/min,80,77
NITROGLYCERIN IN D5W 200-5 MCG/ML-% IV SOLN,Nitroglycerin in D5W,mcg/min,2300,mcg/min,2300,5
NITROGLYCERIN IN D5W 200-5 MCG/ML-% IV SOLN,Nitroglycerin in D5W,mcg/min,50-400,mcg/min,50-400,2
NITROGLYCERIN IN D5W 200-5 MCG/ML-% IV SOLN,Nitroglycerin in D5W,mcg/min,2000,mcg/min,2000,4
NITROGLYCERIN IN D5W 200-5 MCG/ML-% IV SOLN,Nitroglycerin in D5W,mcg/kg/min,5,mcg/min,5,2
NITROGLYCERIN IN D5W 200-5 MCG/ML-% IV SOLN,Nitroglycerin in D5W,mcg/min,20,mcg/min,20,681
NITROGLYCERIN IN D5W 200-5 MCG/ML-% IV SOLN,Nitroglycerin in D5W,mcg,100,mcg/min,100,1
NITROGLYCERIN IN D5W 200-5 MCG/ML-% IV SOLN,Nitroglycerin in D5W,mcg/kg/min,0-200,mcg/min,0-200,8
NITROGLYCERIN IN D5W 200-5 MCG/ML-% IV SOLN,Nitroglycerin in D5W,mcg/kg/min,0-400,mcg/min,0-400,5
NITROGLYCERIN IN D5W 200-5 MCG/ML-% IV SOLN,Nitroglycerin in D5W,mcg/kg/min,50-200,mcg/min,50-200,16
NITROGLYCERIN IN D5W 200-5 MCG/ML-% IV SOLN,Nitroglycerin in D5W,mcg/min,0-100,mcg/min,0-100,78
NITROGLYCERIN IN D5W 200-5 MCG/ML-% IV SOLN,Nitroglycerin in D5W,mcg/min,0-20,mcg/min,0-20,5
NITROGLYCERIN IN D5W 200-5 MCG/ML-% IV SOLN,Nitroglycerin in D5W,mcg/min,0-200,mcg/min,0-200,4731
NITROGLYCERIN IN D5W 200-5 MCG/ML-% IV SOLN,Nitroglycerin in D5W,mcg/min,0-30,mcg/min,0-30,43
NITROGLYCERIN IN D5W 200-5 MCG/ML-% IV SOLN,Nitroglycerin in D5W,mcg/min,0-300,mcg/min,0-300,73
NITROGLYCERIN IN D5W 200-5 MCG/ML-% IV SOLN,Nitroglycerin in D5W,mcg/min,200,mcg/min,200,350
NITROGLYCERIN IN D5W 200-5 MCG/ML-% IV SOLN,Nitroglycerin in D5W,mcg/min,0-50,mcg/min,0-50,13
NITROGLYCERIN IN D5W 200-5 MCG/ML-% IV SOLN,Nitroglycerin in D5W,mcg/min,0-400,mcg/min,0-400,11527
NITROGLYCERIN IN D5W 200-5 MCG/ML-% IV SOLN,Nitroglycerin in D5W,mcg/min,0-600,mcg/min,0-600,2
NITROGLYCERIN IN D5W 200-5 MCG/ML-% IV SOLN,Nitroglycerin in D5W,mcg/min,1,mcg/min,1,3
NITROGLYCERIN IN D5W 200-5 MCG/ML-% IV SOLN,Nitroglycerin in D5W,mcg/min,10,mcg/min,10,899
NITROGLYCERIN IN D5W 200-5 MCG/ML-% IV SOLN,Nitroglycerin in D5W,mcg/min,100,mcg/min,100,512
NITROGLYCERIN IN D5W 200-5 MCG/ML-% IV SOLN,Nitroglycerin in D5W,mcg/min,120,mcg/min,120,66
NITROGLYCERIN IN D5W 200-5 MCG/ML-% IV SOLN,Nitroglycerin in D5W,mcg/min,15,mcg/min,15,9
NITROGLYCERIN IN D5W 200-5 MCG/ML-% IV SOLN,Nitroglycerin in D5W,mcg/min,150,mcg/min,150,43
NITROGLYCERIN IN D5W 200-5 MCG/ML-% IV SOLN,Nitroglycerin in D5W,mcg/min,155,mcg/min,155,4
NITROGLYCERIN IN D5W 200-5 MCG/ML-% IV SOLN,Nitroglycerin in D5W,mcg/min,16.667,mcg/min,16.667,4
NITROGLYCERIN IN D5W 200-5 MCG/ML-% IV SOLN,Nitroglycerin in D5W,mcg/min,2.5,mcg/min,2.5,46
NITROGLYCERIN IN D5W 200-5 MCG/ML-% IV SOLN,Nitroglycerin in D5W,mcg/min,0-500,mcg/min,0-500,3
NITROGLYCERIN IN D5W 200-5 MCG/ML-% IV SOLN,Nitroglycerin in D5W,mcg,5,mcg/min,5,3
NITROPRUSSIDE SODIUM-NACL 50-0.9 MG/100ML-% IV SOLN,Nitroprusside Sodium-NaCl,mcg/kg/min,0-3,mcg/kg/min,0-3,11
NITROPRUSSIDE SODIUM-NACL 50-0.9 MG/100ML-% IV SOLN,Nitroprusside Sodium-NaCl,mcg/kg/min,0-100,mcg/kg/min,0-100,7
NITROPRUSSIDE SODIUM-NACL 50-0.9 MG/100ML-% IV SOLN,Nitroprusside Sodium-NaCl,mcg/kg/min,0-10,mcg/kg/min,0-10,476
NITROPRUSSIDE SODIUM-NACL 50-0.9 MG/100ML-% IV SOLN,Nitroprusside Sodium-NaCl,mcg/kg/min,.25,mcg/kg/min,.25,5
NOREPINEPHRINE BITARTRATE 1 MG/ML IJ SOLN,Norepinephrine Bitartrate,mcg/kg/min,1,mcg/kg/min,1,1
NOREPINEPHRINE BITARTRATE 1 MG/ML IJ SOLN,Norepinephrine Bitartrate,mg/min,5,mcg/kg/min,5,1
NOREPINEPHRINE BITARTRATE 1 MG/ML IV SOLN,Norepinephrine Bitartrate,mg,8,mg,8,1
NOREPINEPHRINE BITARTRATE 1 MG/ML IV SOLN,Norepinephrine Bitartrate,mg,.1,mg,.1,1
NOREPINEPHRINE BITARTRATE 1 MG/ML IV SOLN,Norepinephrine Bitartrate,mcg/min,8,mcg/min,8,1
NOREPINEPHRINE BITARTRATE 1 MG/ML IV SOLN,Norepinephrine Bitartrate,mcg/min,6,mcg/min,6,8
NOREPINEPHRINE BITARTRATE 1 MG/ML IV SOLN,Norepinephrine Bitartrate,mg,16,mg,16,1
NOREPINEPHRINE BITARTRATE 1 MG/ML IV SOLN,Norepinephrine Bitartrate,mcg/min,4,mcg/min,4,2
NOREPINEPHRINE BITARTRATE 1 MG/ML IV SOLN,Norepinephrine Bitartrate,mcg/min,2,mcg/min,2,29
NOREPINEPHRINE BITARTRATE 1 MG/ML IV SOLN,Norepinephrine Bitartrate,mcg/min,10,mcg/min,10,7
NOREPINEPHRINE BITARTRATE 1 MG/ML IV SOLN,Norepinephrine Bitartrate,mcg/min,1,mcg/min,1,1
NOREPINEPHRINE BITARTRATE 1 MG/ML IV SOLN,Norepinephrine Bitartrate,mcg/min,5,mcg/min,5,2
NOREPINEPHRINE-SODIUM CHLORIDE 8-0.9 MG/250ML-% IV SOLN,Norepinephrine-Sodium Chloride,mcg/min,21,mcg/min,21,4
NOREPINEPHRINE-SODIUM CHLORIDE 8-0.9 MG/250ML-% IV SOLN,Norepinephrine-Sodium Chloride,mcg/min,1,mcg/min,1,30
NOREPINEPHRINE-SODIUM CHLORIDE 8-0.9 MG/250ML-% IV SOLN,Norepinephrine-Sodium Chloride,mcg/min,10,mcg/min,10,106
NOREPINEPHRINE-SODIUM CHLORIDE 8-0.9 MG/250ML-% IV SOLN,Norepinephrine-Sodium Chloride,mcg/min,11,mcg/min,11,6
NOREPINEPHRINE-SODIUM CHLORIDE 8-0.9 MG/250ML-% IV SOLN,Norepinephrine-Sodium Chloride,mcg/min,15,mcg/min,15,31
NOREPINEPHRINE-SODIUM CHLORIDE 8-0.9 MG/250ML-% IV SOLN,Norepinephrine-Sodium Chloride,mcg/min,19,mcg/min,19,3
NOREPINEPHRINE-SODIUM CHLORIDE 8-0.9 MG/250ML-% IV SOLN,Norepinephrine-Sodium Chloride,mcg/min,2,mcg/min,2,37
NOREPINEPHRINE-SODIUM CHLORIDE 8-0.9 MG/250ML-% IV SOLN,Norepinephrine-Sodium Chloride,mcg/min,2.5,mcg/min,2.5,11
NOREPINEPHRINE-SODIUM CHLORIDE 8-0.9 MG/250ML-% IV SOLN,Norepinephrine-Sodium Chloride,mcg/min,20,mcg/min,20,22
NOREPINEPHRINE-SODIUM CHLORIDE 8-0.9 MG/250ML-% IV SOLN,Norepinephrine-Sodium Chloride,mcg/min,22,mcg/min,22,65
NOREPINEPHRINE-SODIUM CHLORIDE 8-0.9 MG/250ML-% IV SOLN,Norepinephrine-Sodium Chloride,mcg/min,5,mcg/min,5,38
NOREPINEPHRINE-SODIUM CHLORIDE 8-0.9 MG/250ML-% IV SOLN,Norepinephrine-Sodium Chloride,mcg/min,3,mcg/min,3,7
NOREPINEPHRINE-SODIUM CHLORIDE 8-0.9 MG/250ML-% IV SOLN,Norepinephrine-Sodium Chloride,mcg/min,35,mcg/min,35,22
NOREPINEPHRINE-SODIUM CHLORIDE 8-0.9 MG/250ML-% IV SOLN,Norepinephrine-Sodium Chloride,mcg/min,39,mcg/min,39,1
NOREPINEPHRINE-SODIUM CHLORIDE 8-0.9 MG/250ML-% IV SOLN,Norepinephrine-Sodium Chloride,mcg/min,4,mcg/min,4,12
NOREPINEPHRINE-SODIUM CHLORIDE 8-0.9 MG/250ML-% IV SOLN,Norepinephrine-Sodium Chloride,mcg/min,0-80,mcg/min,0-80,138
NOREPINEPHRINE-SODIUM CHLORIDE 8-0.9 MG/250ML-% IV SOLN,Norepinephrine-Sodium Chloride,mcg/min,55,mcg/min,55,5
NOREPINEPHRINE-SODIUM CHLORIDE 8-0.9 MG/250ML-% IV SOLN,Norepinephrine-Sodium Chloride,mcg/min,6,mcg/min,6,6
NOREPINEPHRINE-SODIUM CHLORIDE 8-0.9 MG/250ML-% IV SOLN,Norepinephrine-Sodium Chloride,mcg/min,7,mcg/min,7,1
NOREPINEPHRINE-SODIUM CHLORIDE 8-0.9 MG/250ML-% IV SOLN,Norepinephrine-Sodium Chloride,mcg/min,9,mcg/min,9,4
NOREPINEPHRINE-SODIUM CHLORIDE 8-0.9 MG/250ML-% IV SOLN,Norepinephrine-Sodium Chloride,mcg/min,24,mcg/min,24,67
NOREPINEPHRINE-SODIUM CHLORIDE 8-0.9 MG/250ML-% IV SOLN,Norepinephrine-Sodium Chloride,mcg/min,0-8,mcg/min,0-8,221
NOREPINEPHRINE-SODIUM CHLORIDE 8-0.9 MG/250ML-% IV SOLN,Norepinephrine-Sodium Chloride,mcg/min,8,mcg/min,8,24
NOREPINEPHRINE-SODIUM CHLORIDE 8-0.9 MG/250ML-% IV SOLN,Norepinephrine-Sodium Chloride,mcg/min,0-70,mcg/min,0-70,105
NOREPINEPHRINE-SODIUM CHLORIDE 8-0.9 MG/250ML-% IV SOLN,Norepinephrine-Sodium Chloride,mcg/min,0-75,mcg/min,0-75,15
NOREPINEPHRINE-SODIUM CHLORIDE 8-0.9 MG/250ML-% IV SOLN,Norepinephrine-Sodium Chloride,mcg/kg/min,.05,mcg/kg/min,.05,54
NOREPINEPHRINE-SODIUM CHLORIDE 8-0.9 MG/250ML-% IV SOLN,Norepinephrine-Sodium Chloride,mcg/kg/min,.05-1,mcg/kg/min,.05-1,130
NOREPINEPHRINE-SODIUM CHLORIDE 8-0.9 MG/250ML-% IV SOLN,Norepinephrine-Sodium Chloride,mcg/kg/min,.05-30,mcg/kg/min,.05-30,6
NOREPINEPHRINE-SODIUM CHLORIDE 8-0.9 MG/250ML-% IV SOLN,Norepinephrine-Sodium Chloride,mcg/min,0-10,mcg/min,0-10,539
NOREPINEPHRINE-SODIUM CHLORIDE 8-0.9 MG/250ML-% IV SOLN,Norepinephrine-Sodium Chloride,mcg/min,0-100,mcg/min,0-100,348
NOREPINEPHRINE-SODIUM CHLORIDE 8-0.9 MG/250ML-% IV SOLN,Norepinephrine-Sodium Chloride,mcg/min,0-11,mcg/min,0-11,6
NOREPINEPHRINE-SODIUM CHLORIDE 8-0.9 MG/250ML-% IV SOLN,Norepinephrine-Sodium Chloride,mcg/min,0-110,mcg/min,0-110,40
NOREPINEPHRINE-SODIUM CHLORIDE 8-0.9 MG/250ML-% IV SOLN,Norepinephrine-Sodium Chloride,mcg/min,0-12,mcg/min,0-12,68
NOREPINEPHRINE-SODIUM CHLORIDE 8-0.9 MG/250ML-% IV SOLN,Norepinephrine-Sodium Chloride,mcg/min,0-15,mcg/min,0-15,358
NOREPINEPHRINE-SODIUM CHLORIDE 8-0.9 MG/250ML-% IV SOLN,Norepinephrine-Sodium Chloride,mcg/min,0-150,mcg/min,0-150,4564
NOREPINEPHRINE-SODIUM CHLORIDE 8-0.9 MG/250ML-% IV SOLN,Norepinephrine-Sodium Chloride,mcg/min,40,mcg/min,40,11
NOREPINEPHRINE-SODIUM CHLORIDE 8-0.9 MG/250ML-% IV SOLN,Norepinephrine-Sodium Chloride,mcg/min,0-20,mcg/min,0-20,634
NOREPINEPHRINE-SODIUM CHLORIDE 8-0.9 MG/250ML-% IV SOLN,Norepinephrine-Sodium Chloride,mcg/min,0-65,mcg/min,0-65,8
NOREPINEPHRINE-SODIUM CHLORIDE 8-0.9 MG/250ML-% IV SOLN,Norepinephrine-Sodium Chloride,mcg/min,0-60,mcg/min,0-60,245
NOREPINEPHRINE-SODIUM CHLORIDE 8-0.9 MG/250ML-% IV SOLN,Norepinephrine-Sodium Chloride,mcg/min,0-50,mcg/min,0-50,172
NOREPINEPHRINE-SODIUM CHLORIDE 8-0.9 MG/250ML-% IV SOLN,Norepinephrine-Sodium Chloride,mcg/min,0-5,mcg/min,0-5,108
NOREPINEPHRINE-SODIUM CHLORIDE 8-0.9 MG/250ML-% IV SOLN,Norepinephrine-Sodium Chloride,mcg/min,0-55,mcg/min,0-55,84
NOREPINEPHRINE-SODIUM CHLORIDE 8-0.9 MG/250ML-% IV SOLN,Norepinephrine-Sodium Chloride,mcg/min,0-16,mcg/min,0-16,4
NOREPINEPHRINE-SODIUM CHLORIDE 8-0.9 MG/250ML-% IV SOLN,Norepinephrine-Sodium Chloride,mcg/min,0-35,mcg/min,0-35,6
NOREPINEPHRINE-SODIUM CHLORIDE 8-0.9 MG/250ML-% IV SOLN,Norepinephrine-Sodium Chloride,mcg/min,0-30,mcg/min,0-30,48
NOREPINEPHRINE-SODIUM CHLORIDE 8-0.9 MG/250ML-% IV SOLN,Norepinephrine-Sodium Chloride,mcg/min,0-25,mcg/min,0-25,86
NOREPINEPHRINE-SODIUM CHLORIDE 8-0.9 MG/250ML-% IV SOLN,Norepinephrine-Sodium Chloride,mcg/min,0-40,mcg/min,0-40,117667
NORMAL SALINE FLUSH 0.9 % IV SOLN,Sodium Chloride Flush,mL,250,mL,250,1
NORMAL SALINE FLUSH 0.9 % IV SOLN,Sodium Chloride Flush,mL,60,mL,60,16
NORMAL SALINE FLUSH 0.9 % IV SOLN,Sodium Chloride Flush,mL,500,mL,500,4
NORMAL SALINE FLUSH 0.9 % IV SOLN,Sodium Chloride Flush,mL,50,mL,50,25
NORMAL SALINE FLUSH 0.9 % IV SOLN,Sodium Chloride Flush,mL,3000,mL,3000,5
NORMAL SALINE FLUSH 0.9 % IV SOLN,Sodium Chloride Flush,mL,3,mL,3,9085
NORMAL SALINE FLUSH 0.9 % IV SOLN,Sodium Chloride Flush,mL,2000,mL,2000,1
NORMAL SALINE FLUSH 0.9 % IV SOLN,Sodium Chloride Flush,mL,30,mL,30,2
NORMAL SALINE FLUSH 0.9 % IV SOLN,Sodium Chloride Flush,mL,2.5,mL,2.5,2
NORMAL SALINE FLUSH 0.9 % IV SOLN,Sodium Chloride Flush,mL,2,mL,2,2
NORMAL SALINE FLUSH 0.9 % IV SOLN,Sodium Chloride Flush,mL,1000,mL,1000,15
NORMAL SALINE FLUSH 0.9 % IV SOLN,Sodium Chloride Flush,mL,100,mL,100,70
NORMAL SALINE FLUSH 0.9 % IV SOLN,Sodium Chloride Flush,mL,10,mL/kg,10,1
NORMAL SALINE FLUSH 0.9 % IV SOLN,Sodium Chloride Flush,mL,10,mL,10,909374
NORMAL SALINE FLUSH 0.9 % IV SOLN,Sodium Chloride Flush,mL,1,mL,1,189
NORMAL SALINE FLUSH 0.9 % IV SOLN,Sodium Chloride Flush,mL,20,mL,20,770
NORMOSOL-R PH 7.4 IV SOLN IV BOLUS,Electrolyte-R (PH 7.4) Solution,mL,1000,mL,1000,2
ONDANSETRON HCL 4 MG/2ML IJ SOLN,Ondansetron HCl,mg,4,mg,4,3
OXYTOCIN-SODIUM CHLORIDE 30-0.9 UT/500ML-% IV SOLN,Oxytocin-Sodium Chloride,Units,0-20,milli-units/min,0-20,1
OXYTOCIN-SODIUM CHLORIDE 30-0.9 UT/500ML-% IV SOLN,Oxytocin-Sodium Chloride,milli-units/min,6,milli-units/min,6,33
OXYTOCIN-SODIUM CHLORIDE 30-0.9 UT/500ML-% IV SOLN,Oxytocin-Sodium Chloride,milli-units/min,30,milli-units/min,30,15
OXYTOCIN-SODIUM CHLORIDE 30-0.9 UT/500ML-% IV SOLN,Oxytocin-Sodium Chloride,milli-units/min,20,milli-units/min,20,196
OXYTOCIN-SODIUM CHLORIDE 30-0.9 UT/500ML-% IV SOLN,Oxytocin-Sodium Chloride,milli-units/min,2-6,milli-units/min,2-6,23
OXYTOCIN-SODIUM CHLORIDE 30-0.9 UT/500ML-% IV SOLN,Oxytocin-Sodium Chloride,milli-units/min,2,milli-units/min,2,177
OXYTOCIN-SODIUM CHLORIDE 30-0.9 UT/500ML-% IV SOLN,Oxytocin-Sodium Chloride,milli-units/min,12,milli-units/min,12,11
OXYTOCIN-SODIUM CHLORIDE 30-0.9 UT/500ML-% IV SOLN,Oxytocin-Sodium Chloride,milli-units/min,1-6,milli-units/min,1-6,24
OXYTOCIN-SODIUM CHLORIDE 30-0.9 UT/500ML-% IV SOLN,Oxytocin-Sodium Chloride,milli-units/min,1-20,milli-units/min,1-20,9
OXYTOCIN-SODIUM CHLORIDE 30-0.9 UT/500ML-% IV SOLN,Oxytocin-Sodium Chloride,milli-units/min,2-20,milli-units/min,2-20,419
OXYTOCIN-SODIUM CHLORIDE 30-0.9 UT/500ML-% IV SOLN,Oxytocin-Sodium Chloride,milli-units/min,1,milli-units/min,1,56
OXYTOCIN-SODIUM CHLORIDE 30-0.9 UT/500ML-% IV SOLN,Oxytocin-Sodium Chloride,milli-units/min,0-10,milli-units/min,0-10,58
OXYTOCIN-SODIUM CHLORIDE 30-0.9 UT/500ML-% IV SOLN,Oxytocin-Sodium Chloride,milli-units/min,0-20,milli-units/min,0-20,16359
OXYTOCIN-SODIUM CHLORIDE 30-0.9 UT/500ML-% IV SOLN,Oxytocin-Sodium Chloride,milli-units/min,0-2033,milli-units/min,0-2033,1
OXYTOCIN-SODIUM CHLORIDE 30-0.9 UT/500ML-% IV SOLN,Oxytocin-Sodium Chloride,milli-units/min,0-24,milli-units/min,0-24,29
OXYTOCIN-SODIUM CHLORIDE 30-0.9 UT/500ML-% IV SOLN,Oxytocin-Sodium Chloride,milli-units/min,1-2,milli-units/min,1-2,12
OXYTOCIN-SODIUM CHLORIDE 30-0.9 UT/500ML-% IV SOLN,Oxytocin-Sodium Chloride,milli-units/min,0-30,milli-units/min,0-30,854
OXYTOCIN-SODIUM CHLORIDE 30-0.9 UT/500ML-% IV SOLN,Oxytocin-Sodium Chloride,milli-units/min,0-6,milli-units/min,0-6,7149
OXYTOCIN-SODIUM CHLORIDE 30-0.9 UT/500ML-% IV SOLN,Oxytocin-Sodium Chloride,milli-units/min,0-8,milli-units/min,0-8,47
PANTOPRAZOLE SODIUM 40 MG IV SOLR,Pantoprazole Sodium,mg,80,mg,80,1
PANTOPRAZOLE SODIUM 40 MG IV SOLR,Pantoprazole Sodium,mg,40,mg,40,5
PARICALCITOL 2 MCG/ML IV SOLN,Paricalcitol,mcg,3,mcg,3,542
PARICALCITOL 2 MCG/ML IV SOLN,Paricalcitol,mcg,3.5,mcg,3.5,9
PARICALCITOL 2 MCG/ML IV SOLN,Paricalcitol,mcg,3.8,mcg,3.8,1
PARICALCITOL 2 MCG/ML IV SOLN,Paricalcitol,mcg,4,mcg,4,6682
PARICALCITOL 2 MCG/ML IV SOLN,Paricalcitol,mcg,4.5,mcg,4.5,6
PARICALCITOL 2 MCG/ML IV SOLN,Paricalcitol,mcg,4.6,mcg,4.6,2
PARICALCITOL 2 MCG/ML IV SOLN,Paricalcitol,mcg,4.7,mcg,4.7,1
PARICALCITOL 2 MCG/ML IV SOLN,Paricalcitol,mcg,5,mcg,5,178
PARICALCITOL 2 MCG/ML IV SOLN,Paricalcitol,mcg,1.6,mcg,1.6,6
PARICALCITOL 2 MCG/ML IV SOLN,Paricalcitol,mcg,5.5,mcg,5.5,2
PARICALCITOL 2 MCG/ML IV SOLN,Paricalcitol,mcg,5.7,mcg,5.7,4
PARICALCITOL 2 MCG/ML IV SOLN,Paricalcitol,mcg,6,mcg,6,2637
PARICALCITOL 2 MCG/ML IV SOLN,Paricalcitol,mcg,7,mcg,7,80
PARICALCITOL 2 MCG/ML IV SOLN,Paricalcitol,mcg,8,mcg,8,316
PARICALCITOL 2 MCG/ML IV SOLN,Paricalcitol,mcg,9,mcg,9,51
PARICALCITOL 2 MCG/ML IV SOLN,Paricalcitol,mcg,9.3,mcg,9.3,1
PARICALCITOL 2 MCG/ML IV SOLN,Paricalcitol,mcg,25,mcg,25,4
PARICALCITOL 2 MCG/ML IV SOLN,Paricalcitol,mcg,5.1,mcg,5.1,1
PARICALCITOL 2 MCG/ML IV SOLN,Paricalcitol,mcg,20,mcg,20,31
PARICALCITOL 2 MCG/ML IV SOLN,Paricalcitol,mcg,.6,mcg,.6,9
PARICALCITOL 2 MCG/ML IV SOLN,Paricalcitol,mcg,2.13,mcg,2.13,1
PARICALCITOL 2 MCG/ML IV SOLN,Paricalcitol,mcg,.1,mcg/kg,.1,41
PARICALCITOL 2 MCG/ML IV SOLN,Paricalcitol,mcg,2.5,mcg,2.5,11
PARICALCITOL 2 MCG/ML IV SOLN,Paricalcitol,mcg,.8,mcg,.8,1
PARICALCITOL 2 MCG/ML IV SOLN,Paricalcitol,mcg,1,mcg,1,3664
PARICALCITOL 2 MCG/ML IV SOLN,Paricalcitol,mcg,1.3,mcg,1.3,2
PARICALCITOL 2 MCG/ML IV SOLN,Paricalcitol,mcg,1.5,mcg,1.5,9
PARICALCITOL 2 MCG/ML IV SOLN,Paricalcitol,mcg,10,mcg,10,582
PARICALCITOL 2 MCG/ML IV SOLN,Paricalcitol,mcg,.04,mcg/kg,.04,34
PARICALCITOL 2 MCG/ML IV SOLN,Paricalcitol,mcg,11,mcg,11,12
PARICALCITOL 2 MCG/ML IV SOLN,Paricalcitol,mcg,13,mcg,13,2
PARICALCITOL 2 MCG/ML IV SOLN,Paricalcitol,mcg,14,mcg,14,18
PARICALCITOL 2 MCG/ML IV SOLN,Paricalcitol,mcg,15,mcg,15,8
PARICALCITOL 2 MCG/ML IV SOLN,Paricalcitol,mcg,16,mcg,16,110
PARICALCITOL 2 MCG/ML IV SOLN,Paricalcitol,mcg,17,mcg,17,13
PARICALCITOL 2 MCG/ML IV SOLN,Paricalcitol,mcg,18,mcg,18,5
PARICALCITOL 2 MCG/ML IV SOLN,Paricalcitol,mcg,2,mcg,2,6371
PARICALCITOL 2 MCG/ML IV SOLN,Paricalcitol,mcg,12,mcg,12,43
PEMBROLIZUMAB 100 MG/4ML IV SOLN,Pembrolizumab,mg,200,mg,200,1
PHENYLEPHRINE HCL 10 MG/ML IJ SOLN,Phenylephrine HCl (Pressors),mg,100,mcg,100,1
PHENYLEPHRINE HCL 50 MG/5 ML IV SOLN,Phenylephrine HCl (Pressors),mg,100,mcg,100,1
PIPERACILLIN-TAZOBACTAM IN DEX 4-0.5 GM/100ML IV SOLN FROZEN,Piperacillin-Tazobactam in Dex,g,2.25,g,2.25,1
PIPERACILLIN-TAZOBACTAM IN DEX 4-0.5 GM/100ML IV SOLN FROZEN,Piperacillin-Tazobactam in Dex,g,3.75,g,3.75,1
PIPERACILLIN-TAZOBACTAM IN DEX 4-0.5 GM/100ML IV SOLN FROZEN,Piperacillin-Tazobactam in Dex,g,4.5,g,4.5,6241
PLASMA-LYTE 148 IV SOLN,Electrolyte-148,mL,600,mL,600,1
PLASMA-LYTE A IV BOLUS,Electrolyte-A Solution,mL,3000,mL,3000,15
PLASMA-LYTE A IV BOLUS,Electrolyte-A Solution,mL,400,mL,400,1
PLASMA-LYTE A IV BOLUS,Electrolyte-A Solution,mL,4000,mL,4000,1
PLASMA-LYTE A IV BOLUS,Electrolyte-A Solution,mL,50,mL,50,1
PLASMA-LYTE A IV BOLUS,Electrolyte-A Solution,mL,500,mL,500,4600
PLASMA-LYTE A IV BOLUS,Electrolyte-A Solution,mL,600,mL,600,1
PLASMA-LYTE A IV BOLUS,Electrolyte-A Solution,mL,700,mL,700,2
PLASMA-LYTE A IV BOLUS,Electrolyte-A Solution,mL/kg,30,mL/kg,30,64
PLASMA-LYTE A IV BOLUS,Electrolyte-A Solution,mL,75,mL,75,4
PLASMA-LYTE A IV BOLUS,Electrolyte-A Solution,mL,750,mL,750,9
PLASMA-LYTE A IV BOLUS,Electrolyte-A Solution,mL,800,mL,800,1
PLASMA-LYTE A IV BOLUS,Electrolyte-A Solution,mL,900,mL,900,2
PLASMA-LYTE A IV BOLUS,Electrolyte-A Solution,mL,660,mL,660,1
PLASMA-LYTE A IV BOLUS,Electrolyte-A Solution,mL,2688,mL,2688,2
PLASMA-LYTE A IV BOLUS,Electrolyte-A Solution,mL,30,mL/kg,30,150
PLASMA-LYTE A IV BOLUS,Electrolyte-A Solution,mL,250,mL,250,583
PLASMA-LYTE A IV BOLUS,Electrolyte-A Solution,mL,0-500,mL,0-500,40
PLASMA-LYTE A IV BOLUS,Electrolyte-A Solution,mL,1,mL,1,9
PLASMA-LYTE A IV BOLUS,Electrolyte-A Solution,mL,100,mL,100,3
PLASMA-LYTE A IV BOLUS,Electrolyte-A Solution,mL,125,mL,125,3
PLASMA-LYTE A IV BOLUS,Electrolyte-A Solution,mL,150,mL,150,11
PLASMA-LYTE A IV BOLUS,Electrolyte-A Solution,mL,1500,mL,1500,27
PLASMA-LYTE A IV BOLUS,Electrolyte-A Solution,mL,1000,mL,1000,13055
PLASMA-LYTE A IV BOLUS,Electrolyte-A Solution,mL,175,mL,175,1
PLASMA-LYTE A IV BOLUS,Electrolyte-A Solution,mL,200,mL,200,7
PLASMA-LYTE A IV BOLUS,Electrolyte-A Solution,mL,2000,mL,2000,327
PLASMA-LYTE A IV BOLUS,Electrolyte-A Solution,mL,2250,mL,2250,4
PLASMA-LYTE A IV BOLUS,Electrolyte-A Solution,mL,2400,mL,2400,3
PLASMA-LYTE A IV BOLUS,Electrolyte-A Solution,mL,1600,mL,1600,1
PLASMA-LYTE A IV BOLUS,Electrolyte-A Solution,mL,2500,mL,2500,3
PLASMA-LYTE A IV SOLN,Electrolyte-A,mL,1000,mL,1000,15527
PLASMA-LYTE A IV SOLN,Electrolyte-A,mL,250,mL,250,2
PLASMA-LYTE A IV SOLN,Electrolyte-A,mcg/hr,1000,mL,1000,4
POTASSIUM CHLORIDE 10 MEQ/100ML IV SOLN,Potassium Chloride,mEq,40,mEq,40,78
POTASSIUM CHLORIDE 10 MEQ/100ML IV SOLN,Potassium Chloride,mEq,70,mEq,70,2
POTASSIUM CHLORIDE 10 MEQ/100ML IV SOLN,Potassium Chloride,mEq,60,mEq,60,1
POTASSIUM CHLORIDE 10 MEQ/100ML IV SOLN,Potassium Chloride,mEq,30,mEq,30,7
POTASSIUM CHLORIDE 10 MEQ/100ML IV SOLN,Potassium Chloride,mEq,20,mEq,20,89
POTASSIUM CHLORIDE 10 MEQ/100ML IV SOLN,Potassium Chloride,mEq,10,mEq,10,8185
POTASSIUM CHLORIDE 10 MEQ/100ML IV SOLN,Potassium Chloride,mEq,20-100,mEq,20-100,17
POTASSIUM CHLORIDE 20 MEQ/100ML IV SOLN,Potassium Chloride,mEq,10,mEq,10,1
POTASSIUM CHLORIDE 20 MEQ/100ML IV SOLN,Potassium Chloride,mEq,20,mEq,20,12447
POTASSIUM CHLORIDE 20 MEQ/100ML IV SOLN,Potassium Chloride,mEq,20-100,mEq,20-100,27
POTASSIUM CHLORIDE 20 MEQ/100ML IV SOLN,Potassium Chloride,mEq,30,mEq,30,4
POTASSIUM CHLORIDE 20 MEQ/100ML IV SOLN,Potassium Chloride,mEq,40,mEq,40,142
POTASSIUM CHLORIDE 20 MEQ/100ML IV SOLN,Potassium Chloride,mEq,60,mEq,60,9
POTASSIUM CHLORIDE 20 MEQ/100ML IV SOLN,Potassium Chloride,mEq,80,mEq,80,3
POTASSIUM CHLORIDE IN NACL 20-0.45 MEQ/L-% IV SOLN,Potassium Chloride in NaCl,mL/hr,250,mL/hr,250,1
PROCAINAMIDE HCL 100 MG/ML IJ SOLN,Procainamide HCl,mg/min,1,mg/min,1,1
PROMETHAZINE HCL 25 MG/ML IJ SOLN,Promethazine HCl,mg,25,mg,25,1
PROPOFOL 10 MG/ML IV EMUL,Propofol,mg,15,mcg/kg/min,15,1
PROPOFOL 10 MG/ML IV EMUL,Propofol,mg,20,mcg/kg/min,20,4
PROPOFOL 10 MG/ML IV EMUL,Propofol,mg,30,mcg/kg/min,30,4
PROPOFOL 10 MG/ML IV EMUL,Propofol,mg,40,mg,40,1
PROPOFOL 10 MG/ML IV EMUL,Propofol,mg,5,mcg/kg/min,5,46
PROPOFOL 10 MG/ML IV EMUL,Propofol,mg,50,mg,50,2
PROPOFOL 10 MG/ML IV EMUL,Propofol,mg/hr,10,mcg/kg/min,10,4
PROPOFOL 10 MG/ML IV EMUL,Propofol,mg/hr,15,mcg/kg/min,15,1
PROPOFOL 10 MG/ML IV EMUL,Propofol,mg/hr,20,mcg/kg/min,20,1
PROPOFOL 10 MG/ML IV EMUL,Propofol,mg,10,mg,10,1
PROPOFOL 10 MG/ML IV EMUL,Propofol,mg/hr,30,mg/hr,30,1
PROPOFOL 10 MG/ML IV EMUL,Propofol,mg/hr,5,mcg/kg/min,5,8
PROPOFOL 10 MG/ML IV EMUL,Propofol,mg/kg/hr,5,mcg/kg/min,5,62
PROPOFOL 10 MG/ML IV EMUL,Propofol,mg/kg/hr,.4,mcg/kg/min,.4,1
PROPOFOL 10 MG/ML IV EMUL,Propofol,mg/kg/hr,10,mcg/kg/min,10,8
PROPOFOL 10 MG/ML IV EMUL,Propofol,mg/kg/hr,15,mcg/kg/min,15,1
PROPOFOL 10 MG/ML IV EMUL,Propofol,mg/kg/hr,20,mcg/kg/min,20,6
PROPOFOL 10 MG/ML IV EMUL,Propofol,mg/kg/hr,3,mcg/kg/min,3,2
PROPOFOL 10 MG/ML IV EMUL,Propofol,mg/hr,25,mg/hr,25,1
PROPOFOL 10 MG/ML IV EMUL,Propofol,mg,10,mcg/kg/min,10,19
PROPOFOL 10 MG/ML IV EMUL,Propofol,mg/hr,5,mg/hr,5,4
PROPOFOL 10 MG/ML IV EMUL,Propofol,mcg/kg/min,60,mcg/kg/min,60,8
PROPOFOL 10 MG/ML IV EMUL,Propofol,mcg/kg/min,60,mg/hr,60,2
PROPOFOL 10 MG/ML IV EMUL,Propofol,mcg/kg/min,0-5,mcg/kg/min,0-5,1
PROPOFOL 10 MG/ML IV EMUL,Propofol,mcg/kg/min,1,mcg/kg/min,1,6
PROPOFOL 10 MG/ML IV EMUL,Propofol,mcg/kg/min,15,mcg/kg/min,15,681
PROPOFOL 10 MG/ML IV EMUL,Propofol,mcg/kg/min,2,mcg/kg/min,2,1
PROPOFOL 10 MG/ML IV EMUL,Propofol,mcg/kg/min,2.5,mcg/kg/min,2.5,28
PROPOFOL 10 MG/ML IV EMUL,Propofol,mcg/kg/min,20,mcg/kg/min,20,333
PROPOFOL 10 MG/ML IV EMUL,Propofol,mcg/kg/min,25,mcg/kg/min,25,44
PROPOFOL 10 MG/ML IV EMUL,Propofol,mcg/kg/min,3,mcg/kg/min,3,64
PROPOFOL 10 MG/ML IV EMUL,Propofol,mcg/kg/min,10,mcg/kg/min,10,2717
PROPOFOL 10 MG/ML IV EMUL,Propofol,mcg/kg/min,30,mg/hr,30,1
PROPOFOL 10 MG/ML IV EMUL,Propofol,mcg/kg/min,35,mcg/kg/min,35,14
PROPOFOL 10 MG/ML IV EMUL,Propofol,mcg/kg/min,40,mcg/kg/min,40,46
PROPOFOL 10 MG/ML IV EMUL,Propofol,mcg/kg/min,45,mcg/kg/min,45,12
PROPOFOL 10 MG/ML IV EMUL,Propofol,mcg/kg/min,5,mcg/kg/min,5,16611
PROPOFOL 10 MG/ML IV EMUL,Propofol,mcg/kg/min,5-100,mcg/kg/min,5-100,2
PROPOFOL 10 MG/ML IV EMUL,Propofol,mcg/kg/min,5-15,mcg/kg/min,5-15,7
PROPOFOL 10 MG/ML IV EMUL,Propofol,mcg/kg/min,5-150,mcg/kg/min,5-150,6
PROPOFOL 10 MG/ML IV EMUL,Propofol,mcg/kg/min,50,mcg/kg/min,50,35
PROPOFOL 10 MG/ML IV EMUL,Propofol,mcg/kg/min,30,mcg/kg/min,30,173
PROPOFOL 10 MG/ML IV EMUL 50 OR 100 ML,Propofol,mg,20,mcg/kg/min,20,4
PROPOFOL 10 MG/ML IV EMUL 50 OR 100 ML,Propofol,mg,15,mcg/kg/min,15,6
PROPOFOL 10 MG/ML IV EMUL 50 OR 100 ML,Propofol,mg,10,mcg/kg/min,10,9
PROPOFOL 10 MG/ML IV EMUL 50 OR 100 ML,Propofol,mg,0-80,mcg/kg/min,0-80,24
PROPOFOL 10 MG/ML IV EMUL 50 OR 100 ML,Propofol,mg,.5,mg/kg,.5,5
PROPOFOL 10 MG/ML IV EMUL 50 OR 100 ML,Propofol,mcg/kg/min,86.4,mcg/kg/min,86.4,28
PROPOFOL 10 MG/ML IV EMUL 50 OR 100 ML,Propofol,mcg/kg/min,7.5,mcg/kg/min,7.5,2
PROPOFOL 10 MG/ML IV EMUL 50 OR 100 ML,Propofol,mcg/kg/min,80,mcg/kg/min,80,44
PROPOFOL 10 MG/ML IV EMUL 50 OR 100 ML,Propofol,mcg/kg/min,75,mcg/kg/min,75,38
PROPOFOL 10 MG/ML IV EMUL 50 OR 100 ML,Propofol,mcg/kg/min,70,mcg/kg/min,70,13
PROPOFOL 10 MG/ML IV EMUL 50 OR 100 ML,Propofol,mcg/kg/min,50,mcg/kg/min,50,202
PROPOFOL 10 MG/ML IV EMUL 50 OR 100 ML,Propofol,mg,200,mg,200,1
PROPOFOL 10 MG/ML IV EMUL 50 OR 100 ML,Propofol,mcg/kg/min,80,mg,80,1
PROPOFOL 10 MG/ML IV EMUL 50 OR 100 ML,Propofol,mg,28,mg,28,2
PROPOFOL 10 MG/ML IV EMUL 50 OR 100 ML,Propofol,mg/kg/hr,15,mcg/kg/min,15,1
PROPOFOL 10 MG/ML IV EMUL 50 OR 100 ML,Propofol,mg,40,mg,40,1
PROPOFOL 10 MG/ML IV EMUL 50 OR 100 ML,Propofol,mg,5,mcg/kg/min,5,25
PROPOFOL 10 MG/ML IV EMUL 50 OR 100 ML,Propofol,mg,53,mg,53,1
PROPOFOL 10 MG/ML IV EMUL 50 OR 100 ML,Propofol,mg,75,mg,75,1
PROPOFOL 10 MG/ML IV EMUL 50 OR 100 ML,Propofol,mg/hr,10,mcg/kg/min,10,1
PROPOFOL 10 MG/ML IV EMUL 50 OR 100 ML,Propofol,mg/hr,5,mcg/kg/min,5,20
PROPOFOL 10 MG/ML IV EMUL 50 OR 100 ML,Propofol,mg/kg,.5,mg/kg,.5,7
PROPOFOL 10 MG/ML IV EMUL 50 OR 100 ML,Propofol,mg/kg,1.5,mg/kg,1.5,2
PROPOFOL 10 MG/ML IV EMUL 50 OR 100 ML,Propofol,mg/kg/hr,10,mcg/kg/min,10,13
PROPOFOL 10 MG/ML IV EMUL 50 OR 100 ML,Propofol,mcg/kg/min,5,mcg/kg/min,5,18597
PROPOFOL 10 MG/ML IV EMUL 50 OR 100 ML,Propofol,mg/kg/hr,2,mg/kg/hr,2,1
PROPOFOL 10 MG/ML IV EMUL 50 OR 100 ML,Propofol,mg/kg/hr,20,mcg/kg/min,20,1
PROPOFOL 10 MG/ML IV EMUL 50 OR 100 ML,Propofol,mg/kg/hr,25,mcg/kg/min,25,3
PROPOFOL 10 MG/ML IV EMUL 50 OR 100 ML,Propofol,mg/kg/hr,5,mcg/kg/min,5,22
PROPOFOL 10 MG/ML IV EMUL 50 OR 100 ML,Propofol,mg,30,mg,30,1
PROPOFOL 10 MG/ML IV EMUL 50 OR 100 ML,Propofol,mcg/kg/min,45,mcg/kg/min,45,6
PROPOFOL 10 MG/ML IV EMUL 50 OR 100 ML,Propofol,mcg/kg/min,60,mcg/kg/min,60,90
PROPOFOL 10 MG/ML IV EMUL 50 OR 100 ML,Propofol,mcg/kg/min,35,mcg/kg/min,35,104
PROPOFOL 10 MG/ML IV EMUL 50 OR 100 ML,Propofol,mcg/hr,0-80,mcg/kg/min,0-80,1
PROPOFOL 10 MG/ML IV EMUL 50 OR 100 ML,Propofol,mcg/kg/min,0-10,mcg/kg/min,0-10,254
PROPOFOL 10 MG/ML IV EMUL 50 OR 100 ML,Propofol,mcg/kg/min,40,mcg/kg/min,40,333
PROPOFOL 10 MG/ML IV EMUL 50 OR 100 ML,Propofol,mcg/kg/min,0-15,mcg/kg/min,0-15,559
PROPOFOL 10 MG/ML IV EMUL 50 OR 100 ML,Propofol,mcg/kg/min,0-150,mcg/kg/min,0-150,106
PROPOFOL 10 MG/ML IV EMUL 50 OR 100 ML,Propofol,mcg/kg/min,0-18,mcg/kg/min,0-18,4
PROPOFOL 10 MG/ML IV EMUL 50 OR 100 ML,Propofol,mcg/kg/min,0-20,mcg/kg/min,0-20,1180
PROPOFOL 10 MG/ML IV EMUL 50 OR 100 ML,Propofol,mcg/kg/min,0-25,mcg/kg/min,0-25,188
PROPOFOL 10 MG/ML IV EMUL 50 OR 100 ML,Propofol,mcg/kg/min,0-30,mcg/kg/min,0-30,1053
PROPOFOL 10 MG/ML IV EMUL 50 OR 100 ML,Propofol,mcg/kg/min,0-35,mcg/kg/min,0-35,116
PROPOFOL 10 MG/ML IV EMUL 50 OR 100 ML,Propofol,mcg/kg/min,0-40,mcg/kg/min,0-40,1292
PROPOFOL 10 MG/ML IV EMUL 50 OR 100 ML,Propofol,mcg/kg/min,0-45,mcg/kg/min,0-45,152
PROPOFOL 10 MG/ML IV EMUL 50 OR 100 ML,Propofol,mcg/kg/min,0-5,mcg/kg/min,0-5,43
PROPOFOL 10 MG/ML IV EMUL 50 OR 100 ML,Propofol,mcg/kg/min,0-50,mcg/kg/min,0-50,858
PROPOFOL 10 MG/ML IV EMUL 50 OR 100 ML,Propofol,mcg/kg/min,0-60,mcg/kg/min,0-60,303
PROPOFOL 10 MG/ML IV EMUL 50 OR 100 ML,Propofol,mcg/kg/min,0-100,mcg/kg/min,0-100,99
PROPOFOL 10 MG/ML IV EMUL 50 OR 100 ML,Propofol,mcg/kg/min,10,mcg/kg/min,10,2749
PROPOFOL 10 MG/ML IV EMUL 50 OR 100 ML,Propofol,mcg/kg/min,0-80,mcg/kg/min,0-80,90892
PROPOFOL 10 MG/ML IV EMUL 50 OR 100 ML,Propofol,mcg/kg/min,30,mg,30,1
PROPOFOL 10 MG/ML IV EMUL 50 OR 100 ML,Propofol,mcg/kg/min,25-75,mcg/kg/min,25-75,5
PROPOFOL 10 MG/ML IV EMUL 50 OR 100 ML,Propofol,mcg/kg/min,25,mcg/kg/min,25,41
PROPOFOL 10 MG/ML IV EMUL 50 OR 100 ML,Propofol,mcg/kg/min,24,mcg/kg/min,24,14
PROPOFOL 10 MG/ML IV EMUL 50 OR 100 ML,Propofol,mcg/kg/min,20-80,mcg/kg/min,20-80,22
PROPOFOL 10 MG/ML IV EMUL 50 OR 100 ML,Propofol,mcg/kg/min,30,mcg/kg/min,30,217
PROPOFOL 10 MG/ML IV EMUL 50 OR 100 ML,Propofol,mcg/kg/min,2.5,mcg/kg/min,2.5,27
PROPOFOL 10 MG/ML IV EMUL 50 OR 100 ML,Propofol,mcg/kg/min,2,mg/kg/hr,2,6
PROPOFOL 10 MG/ML IV EMUL 50 OR 100 ML,Propofol,mcg/kg/min,15,mcg/kg/min,15,734
PROPOFOL 10 MG/ML IV EMUL 50 OR 100 ML,Propofol,mcg/kg/min,120,mcg/kg/min,120,17
PROPOFOL 10 MG/ML IV EMUL 50 OR 100 ML,Propofol,mcg/kg/min,12,mcg/kg/min,12,2
PROPOFOL 10 MG/ML IV EMUL 50 OR 100 ML,Propofol,mcg/kg/min,20,mcg/kg/min,20,989
PROPOFOL 10 MG/ML IV EMUL 50 OR 100 ML,Propofol,mcg/kg/min,117,mcg/kg/min,117,36
PROPOFOL 200 MG/20ML IV EMUL,Propofol,mg,75,mg,75,3
PROPOFOL 200 MG/20ML IV EMUL,Propofol,mg,70,mg,70,3
PROPOFOL 200 MG/20ML IV EMUL,Propofol,mg,65,mg,65,2
PROPOFOL 200 MG/20ML IV EMUL,Propofol,mg,600,mg,600,1
PROPOFOL 200 MG/20ML IV EMUL,Propofol,mg,60,mg,60,7
PROPOFOL 200 MG/20ML IV EMUL,Propofol,mg,400,mg,400,6
PROPOFOL 200 MG/20ML IV EMUL,Propofol,mg,50,mg,50,11
PROPOFOL 200 MG/20ML IV EMUL,Propofol,mg,40,mg,40,8
PROPOFOL 200 MG/20ML IV EMUL,Propofol,mg,360,mg,360,1
PROPOFOL 200 MG/20ML IV EMUL,Propofol,mg,8,mg,8,1
PROPOFOL 200 MG/20ML IV EMUL,Propofol,mg,355,mg,355,2
PROPOFOL 200 MG/20ML IV EMUL,Propofol,mg,6,mg/kg,6,1
PROPOFOL 200 MG/20ML IV EMUL,Propofol,mg,80,mg,80,9
PROPOFOL 200 MG/20ML IV EMUL,Propofol,mg/kg,1.5,mg/kg,1.5,8
PROPOFOL 200 MG/20ML IV EMUL,Propofol,mg/kg,.2,mg/kg,.2,1
PROPOFOL 200 MG/20ML IV EMUL,Propofol,mg/kg,.5,mg/kg,.5,117
PROPOFOL 200 MG/20ML IV EMUL,Propofol,mg/kg,.6,mg/kg,.6,1
PROPOFOL 200 MG/20ML IV EMUL,Propofol,mg/kg,0.5,mg/kg,0.5,62
PROPOFOL 200 MG/20ML IV EMUL,Propofol,mg/kg,1,mg/kg,1,61
PROPOFOL 200 MG/20ML IV EMUL,Propofol,mg/kg,2,mg/kg,2,27
PROPOFOL 200 MG/20ML IV EMUL,Propofol,mg/kg,2.5,mg/kg,2.5,1
PROPOFOL 200 MG/20ML IV EMUL,Propofol,mg/kg,25,mg/kg,25,1
PROPOFOL 200 MG/20ML IV EMUL,Propofol,mg/kg,3,mg/kg,3,3
PROPOFOL 200 MG/20ML IV EMUL,Propofol,mg/kg,4,mg/kg,4,4
PROPOFOL 200 MG/20ML IV EMUL,Propofol,mg/kg,6,mg/kg,6,2
PROPOFOL 200 MG/20ML IV EMUL,Propofol,mg,35,mg,35,1
PROPOFOL 200 MG/20ML IV EMUL,Propofol,mg,90,mg,90,7
PROPOFOL 200 MG/20ML IV EMUL,Propofol,mg,300,mg,300,4
PROPOFOL 200 MG/20ML IV EMUL,Propofol,mg,125,mg,125,1
PROPOFOL 200 MG/20ML IV EMUL,Propofol,mg,295,mg,295,1
PROPOFOL 200 MG/20ML IV EMUL,Propofol,mcg/kg/min,.5,mg/kg,.5,3
PROPOFOL 200 MG/20ML IV EMUL,Propofol,mcg/kg/min,355,mg,355,1
PROPOFOL 200 MG/20ML IV EMUL,Propofol,mg,.3,mg/kg,.3,1
PROPOFOL 200 MG/20ML IV EMUL,Propofol,mg,.5,mg/kg,.5,22
PROPOFOL 200 MG/20ML IV EMUL,Propofol,mg,0.5,mg/kg,0.5,27
PROPOFOL 200 MG/20ML IV EMUL,Propofol,mg,1,mg,1,1
PROPOFOL 200 MG/20ML IV EMUL,Propofol,mg,30,mg,30,8
PROPOFOL 200 MG/20ML IV EMUL,Propofol,mg,10,mg,10,8
PROPOFOL 200 MG/20ML IV EMUL,Propofol,mg,100,mg,100,35
PROPOFOL 200 MG/20ML IV EMUL,Propofol,mg,110,mg,110,1
PROPOFOL 200 MG/20ML IV EMUL,Propofol,mg,120,mg,120,8
PROPOFOL 200 MG/20ML IV EMUL,Propofol,mg,130,mg,130,1
PROPOFOL 200 MG/20ML IV EMUL,Propofol,mg,1,mg/kg,1,19
PROPOFOL 200 MG/20ML IV EMUL,Propofol,mg,150,mg,150,7
PROPOFOL 200 MG/20ML IV EMUL,Propofol,mg,160,mg,160,7
PROPOFOL 200 MG/20ML IV EMUL,Propofol,mg,175,mg,175,2
PROPOFOL 200 MG/20ML IV EMUL,Propofol,mg,180,mg,180,1
PROPOFOL 200 MG/20ML IV EMUL,Propofol,mg,190,mg,190,1
PROPOFOL 200 MG/20ML IV EMUL,Propofol,mg,2,mg/kg,2,5
PROPOFOL 200 MG/20ML IV EMUL,Propofol,mg,20,mg,20,10
PROPOFOL 200 MG/20ML IV EMUL,Propofol,mg,200,mg,200,69
PROPOFOL 200 MG/20ML IV EMUL,Propofol,mg,230,mg,230,1
PROPOFOL 200 MG/20ML IV EMUL,Propofol,mg,240,mg,240,1
PROPOFOL 200 MG/20ML IV EMUL,Propofol,mg,25,mg,25,1
PROPOFOL 200 MG/20ML IV EMUL,Propofol,mg,260,mg,260,1
PROPOFOL 200 MG/20ML IV EMUL,Propofol,mg,140,mg,140,3
PROPRANOLOL HCL 1 MG/ML IV SOLN,Propranolol HCl,mg,5,mg,5,8
PROPRANOLOL HCL 1 MG/ML IV SOLN,Propranolol HCl,mg,3,mg,3,3
PROPRANOLOL HCL 1 MG/ML IV SOLN,Propranolol HCl,mg,2,mg,2,23
PROPRANOLOL HCL 1 MG/ML IV SOLN,Propranolol HCl,mg,.1,mg,.1,1
PROPRANOLOL HCL 1 MG/ML IV SOLN,Propranolol HCl,mg,1,mg,1,192
PROPRANOLOL HCL 1 MG/ML IV SOLN,Propranolol HCl,mg,.5,mg,.5,3
PROPRANOLOL HCL 1 MG/ML IV SOLN,Propranolol HCl,mg,10,mg,10,1
PROTAMINE SULFATE 10 MG/ML IV SOLN,Protamine Sulfate,mg,80,mg,80,2
PROTAMINE SULFATE 10 MG/ML IV SOLN,Protamine Sulfate,mg,7,mg,7,1
PROTAMINE SULFATE 10 MG/ML IV SOLN,Protamine Sulfate,mg,50,mg,50,30
PROTAMINE SULFATE 10 MG/ML IV SOLN,Protamine Sulfate,mg,5,mg,5,1
PROTAMINE SULFATE 10 MG/ML IV SOLN,Protamine Sulfate,mg,40,mg,40,8
PROTAMINE SULFATE 10 MG/ML IV SOLN,Protamine Sulfate,mg,35,mg,35,2
PROTAMINE SULFATE 10 MG/ML IV SOLN,Protamine Sulfate,mg,30,mg,30,15
PROTAMINE SULFATE 10 MG/ML IV SOLN,Protamine Sulfate,mg,20,mg,20,73
PROTAMINE SULFATE 10 MG/ML IV SOLN,Protamine Sulfate,mg,18,mg,18,1
PROTAMINE SULFATE 10 MG/ML IV SOLN,Protamine Sulfate,mg,15,mg,15,10
PROTAMINE SULFATE 10 MG/ML IV SOLN,Protamine Sulfate,mg,100,mg,100,2
PROTAMINE SULFATE 10 MG/ML IV SOLN,Protamine Sulfate,mg,10,mg,10,90
PROTAMINE SULFATE 10 MG/ML IV SOLN,Protamine Sulfate,mg,1,mg,1,1
PROTAMINE SULFATE 10 MG/ML IV SOLN,Protamine Sulfate,mg,25,mg,25,24
PROTHROMBIN COMPLEX CONC HUMAN 500 UNITS IV KIT,Prothrombin Complex Conc Human,Units,1000,Units,1000,1
PROTHROMBIN COMPLEX CONC HUMAN 500 UNITS IV KIT,Prothrombin Complex Conc Human,Units,1500,Units,1500,1
PROTHROMBIN COMPLEX CONC HUMAN 500 UNITS IV KIT,Prothrombin Complex Conc Human,Units,5000,Units,5000,1
REGADENOSON 0.4 MG/5ML IV SOLN,Regadenoson,mg,.4,mg,.4,2142
ROCURONIUM BROMIDE 100 MG/10ML IV SOLN,Rocuronium Bromide,mg,400,mg,400,1
ROCURONIUM BROMIDE 100 MG/10ML IV SOLN,Rocuronium Bromide,mg,40,mg,40,66
ROCURONIUM BROMIDE 100 MG/10ML IV SOLN,Rocuronium Bromide,mg,36,mg,36,1
ROCURONIUM BROMIDE 100 MG/10ML IV SOLN,Rocuronium Bromide,mg,35,mg,35,1
ROCURONIUM BROMIDE 100 MG/10ML IV SOLN,Rocuronium Bromide,mg,30,mg,30,39
ROCURONIUM BROMIDE 100 MG/10ML IV SOLN,Rocuronium Bromide,mg,160,mg,160,4
ROCURONIUM BROMIDE 100 MG/10ML IV SOLN,Rocuronium Bromide,mg,200,mg,200,9
ROCURONIUM BROMIDE 100 MG/10ML IV SOLN,Rocuronium Bromide,mg,20,mg,20,61
ROCURONIUM BROMIDE 100 MG/10ML IV SOLN,Rocuronium Bromide,mg,43,mg,43,2
ROCURONIUM BROMIDE 100 MG/10ML IV SOLN,Rocuronium Bromide,mg,150,mg,150,9
ROCURONIUM BROMIDE 100 MG/10ML IV SOLN,Rocuronium Bromide,mg,15,mg,15,3
ROCURONIUM BROMIDE 100 MG/10ML IV SOLN,Rocuronium Bromide,mg,25,mg,25,1
ROCURONIUM BROMIDE 100 MG/10ML IV SOLN,Rocuronium Bromide,mg,45,mg,45,4
ROCURONIUM BROMIDE 100 MG/10ML IV SOLN,Rocuronium Bromide,mg,55,mg,55,2
ROCURONIUM BROMIDE 100 MG/10ML IV SOLN,Rocuronium Bromide,mg,5,mg,5,12
ROCURONIUM BROMIDE 100 MG/10ML IV SOLN,Rocuronium Bromide,mg,50,mg,50,307
ROCURONIUM BROMIDE 100 MG/10ML IV SOLN,Rocuronium Bromide,mg,54,mg,54,1
ROCURONIUM BROMIDE 100 MG/10ML IV SOLN,Rocuronium Bromide,mg,60,mg,60,106
ROCURONIUM BROMIDE 100 MG/10ML IV SOLN,Rocuronium Bromide,mg,600,mg,600,1
ROCURONIUM BROMIDE 100 MG/10ML IV SOLN,Rocuronium Bromide,mg,64,mg,64,1
ROCURONIUM BROMIDE 100 MG/10ML IV SOLN,Rocuronium Bromide,mg,65,mg,65,3
ROCURONIUM BROMIDE 100 MG/10ML IV SOLN,Rocuronium Bromide,mg,70,mg,70,147
ROCURONIUM BROMIDE 100 MG/10ML IV SOLN,Rocuronium Bromide,mg,75,mg,75,8
ROCURONIUM BROMIDE 100 MG/10ML IV SOLN,Rocuronium Bromide,mg,80,mg,80,173
ROCURONIUM BROMIDE 100 MG/10ML IV SOLN,Rocuronium Bromide,mg,90,mg,90,37
ROCURONIUM BROMIDE 100 MG/10ML IV SOLN,Rocuronium Bromide,mg,125,mg,125,1
ROCURONIUM BROMIDE 100 MG/10ML IV SOLN,Rocuronium Bromide,mg,46,mg,46,1
ROCURONIUM BROMIDE 100 MG/10ML IV SOLN,Rocuronium Bromide,mg,120,mg,120,7
ROCURONIUM BROMIDE 100 MG/10ML IV SOLN,Rocuronium Bromide,mg,140,mg,140,1
ROCURONIUM BROMIDE 100 MG/10ML IV SOLN,Rocuronium Bromide,mg,10-50,mg,10-50,5
ROCURONIUM BROMIDE 100 MG/10ML IV SOLN,Rocuronium Bromide,mg,.1,mg/kg,.1,62
ROCURONIUM BROMIDE 100 MG/10ML IV SOLN,Rocuronium Bromide,mg,.11,mg/kg,.11,1
ROCURONIUM BROMIDE 100 MG/10ML IV SOLN,Rocuronium Bromide,mg,.125,mg/kg,.125,1
ROCURONIUM BROMIDE 100 MG/10ML IV SOLN,Rocuronium Bromide,mg,.13,mg/kg,.13,1
ROCURONIUM BROMIDE 100 MG/10ML IV SOLN,Rocuronium Bromide,mg,.21,mg/kg,.21,1
ROCURONIUM BROMIDE 100 MG/10ML IV SOLN,Rocuronium Bromide,mg,.3,mg/kg,.3,2
ROCURONIUM BROMIDE 100 MG/10ML IV SOLN,Rocuronium Bromide,mg,.4,mg/kg,.4,2
ROCURONIUM BROMIDE 100 MG/10ML IV SOLN,Rocuronium Bromide,mg,.45,mg/kg,.45,1
ROCURONIUM BROMIDE 100 MG/10ML IV SOLN,Rocuronium Bromide,mg,.46,mg/kg,.46,1
ROCURONIUM BROMIDE 100 MG/10ML IV SOLN,Rocuronium Bromide,mg,.5,mg/kg,.5,8
ROCURONIUM BROMIDE 100 MG/10ML IV SOLN,Rocuronium Bromide,mg,.6,mg/kg,.6,1104
ROCURONIUM BROMIDE 100 MG/10ML IV SOLN,Rocuronium Bromide,mg,.65,mg/kg,.65,1
ROCURONIUM BROMIDE 100 MG/10ML IV SOLN,Rocuronium Bromide,mg,.66,mg/kg,.66,1
ROCURONIUM BROMIDE 100 MG/10ML IV SOLN,Rocuronium Bromide,mg,.54,mg/kg,.54,1
ROCURONIUM BROMIDE 100 MG/10ML IV SOLN,Rocuronium Bromide,mg,.7,mg/kg,.7,1
ROCURONIUM BROMIDE 100 MG/10ML IV SOLN,Rocuronium Bromide,mg,100,mg,100,660
ROCURONIUM BROMIDE 100 MG/10ML IV SOLN,Rocuronium Bromide,mg,10,mg,10,101
ROCURONIUM BROMIDE 100 MG/10ML IV SOLN,Rocuronium Bromide,mg,1.5,mg/kg,1.5,2
ROCURONIUM BROMIDE 100 MG/10ML IV SOLN,Rocuronium Bromide,mg,.67,mg/kg,.67,1
ROCURONIUM BROMIDE 100 MG/10ML IV SOLN,Rocuronium Bromide,mg,1,mg/kg,1,378
ROCURONIUM BROMIDE 100 MG/10ML IV SOLN,Rocuronium Bromide,mg,1,mg,1,1
ROCURONIUM BROMIDE 100 MG/10ML IV SOLN,Rocuronium Bromide,mg,1.2,mg/kg,1.2,6
ROCURONIUM BROMIDE 100 MG/10ML IV SOLN,Rocuronium Bromide,mg,.8,mg/kg,.8,3
ROCURONIUM BROMIDE 100 MG/10ML IV SOLN,Rocuronium Bromide,mg,.78,mg/kg,.78,1
ROCURONIUM BROMIDE 100 MG/10ML IV SOLN,Rocuronium Bromide,mg,.76,mg/kg,.76,1
ROCURONIUM BROMIDE 100 MG/10ML IV SOLN,Rocuronium Bromide,mg,.71,mg/kg,.71,2
ROCURONIUM BROMIDE 100 MG/10ML IV SOLN,Rocuronium Bromide,mg,.85,mg/kg,.85,1
ROCURONIUM BROMIDE 50 MG/5ML IV SOLN,Rocuronium Bromide,mg,50,mg,50,5
ROCURONIUM BROMIDE 50 MG/5ML IV SOLN,Rocuronium Bromide,mg,90,mg,90,7
ROCURONIUM BROMIDE 50 MG/5ML IV SOLN,Rocuronium Bromide,mg,80,mg,80,28
ROCURONIUM BROMIDE 50 MG/5ML IV SOLN,Rocuronium Bromide,mg,75,mg,75,2
ROCURONIUM BROMIDE 50 MG/5ML IV SOLN,Rocuronium Bromide,mg,70,mg,70,26
ROCURONIUM BROMIDE 50 MG/5ML IV SOLN,Rocuronium Bromide,mg,60,mg,60,15
ROCURONIUM BROMIDE 50 MG/5ML IV SOLN,Rocuronium Bromide,mg,40,mg,40,1
ROCURONIUM BROMIDE 50 MG/5ML IV SOLN,Rocuronium Bromide,mg,150,mg,150,3
ROCURONIUM BROMIDE 50 MG/5ML IV SOLN,Rocuronium Bromide,mg,120,mg,120,5
ROCURONIUM BROMIDE 50 MG/5ML IV SOLN,Rocuronium Bromide,mg,100,mg,100,46
ROCURONIUM BROMIDE 50 MG/5ML IV SOLN,Rocuronium Bromide,mg,1.2,mg/kg,1.2,2
ROCURONIUM BROMIDE 50 MG/5ML IV SOLN,Rocuronium Bromide,mg,1,mg/kg,1,28
ROCURONIUM BROMIDE 50 MG/5ML IV SOLN,Rocuronium Bromide,mg,.6,mg/kg,.6,28
ROCURONIUM BROMIDE 50 MG/5ML IV SOLN,Rocuronium Bromide,mg,200,mg,200,1
SILDENAFIL CITRATE 10 MG/12.5ML IV SOLN,Sildenafil Citrate,mg,.25,mg/kg,.25,39
SODIUM ACETATE 2 MEQ/ML IV SOLN,Sodium Acetate,mL,60,mL,60,3597
SODIUM ACETATE 2 MEQ/ML IV SOLN,Sodium Acetate,mL,120,mL,120,278
SODIUM ACETATE 2 MEQ/ML IV SOLN,Sodium Acetate,mL,30,mL,30,12
SODIUM ACETATE 4 MEQ/ML IV SOLN,Sodium Acetate,mL,30,mL,30,2
SODIUM BICARBONATE 4.2 % IV SOLN,Sodium Bicarbonate,mEq,5,mEq/kg,5,3
SODIUM BICARBONATE 4.2 % IV SOLN,Sodium Bicarbonate,mEq,5,mEq,5,8
SODIUM BICARBONATE 4.2 % IV SOLN,Sodium Bicarbonate,mEq,4,mEq/kg,4,17
SODIUM BICARBONATE 4.2 % IV SOLN,Sodium Bicarbonate,mEq,3,mEq/kg,3,19
SODIUM BICARBONATE 4.2 % IV SOLN,Sodium Bicarbonate,mEq,3.8,mEq,3.8,1
SODIUM BICARBONATE 4.2 % IV SOLN,Sodium Bicarbonate,mEq,3.5,mEq,3.5,2
SODIUM BICARBONATE 4.2 % IV SOLN,Sodium Bicarbonate,mEq,5,mL,5,1
SODIUM BICARBONATE 4.2 % IV SOLN,Sodium Bicarbonate,mEq,4,mEq,4,6
SODIUM BICARBONATE 4.2 % IV SOLN,Sodium Bicarbonate,mEq,5.8,mEq,5.8,1
SODIUM BICARBONATE 4.2 % IV SOLN,Sodium Bicarbonate,mEq,7,mEq,7,7
SODIUM BICARBONATE 4.2 % IV SOLN,Sodium Bicarbonate,mEq,6,mEq,6,10
SODIUM BICARBONATE 4.2 % IV SOLN,Sodium Bicarbonate,mEq,6,mEq/kg,6,2
SODIUM BICARBONATE 4.2 % IV SOLN,Sodium Bicarbonate,mEq,6.4,mEq,6.4,1
SODIUM BICARBONATE 4.2 % IV SOLN,Sodium Bicarbonate,mEq,6.9,mEq,6.9,2
SODIUM BICARBONATE 4.2 % IV SOLN,Sodium Bicarbonate,mEq,8,mEq,8,9
SODIUM BICARBONATE 4.2 % IV SOLN,Sodium Bicarbonate,mEq,8.6,mEq,8.6,2
SODIUM BICARBONATE 4.2 % IV SOLN,Sodium Bicarbonate,mEq/kg,2,mEq/kg,2,2
SODIUM BICARBONATE 4.2 % IV SOLN,Sodium Bicarbonate,mEq/kg,1,mEq/kg,1,1
SODIUM BICARBONATE 4.2 % IV SOLN,Sodium Bicarbonate,mEq,50,mEq,50,2
SODIUM BICARBONATE 4.2 % IV SOLN,Sodium Bicarbonate,mEq,3,mEq,3,6
SODIUM BICARBONATE 4.2 % IV SOLN,Sodium Bicarbonate,mEq,1,mEq,1,6
SODIUM BICARBONATE 4.2 % IV SOLN,Sodium Bicarbonate,mEq,2.9,mL,2.9,1
SODIUM BICARBONATE 4.2 % IV SOLN,Sodium Bicarbonate,mEq,.6,mEq,.6,1
SODIUM BICARBONATE 4.2 % IV SOLN,Sodium Bicarbonate,mEq,1,mEq/kg,1,130
SODIUM BICARBONATE 4.2 % IV SOLN,Sodium Bicarbonate,mEq,1.3,mEq,1.3,1
SODIUM BICARBONATE 4.2 % IV SOLN,Sodium Bicarbonate,mEq,1.5,mEq,1.5,3
SODIUM BICARBONATE 4.2 % IV SOLN,Sodium Bicarbonate,mEq,20,mEq,20,2
SODIUM BICARBONATE 4.2 % IV SOLN,Sodium Bicarbonate,mEq,1.5,mL,1.5,2
SODIUM BICARBONATE 4.2 % IV SOLN,Sodium Bicarbonate,mEq,1.6,mEq,1.6,1
SODIUM BICARBONATE 4.2 % IV SOLN,Sodium Bicarbonate,mEq,1.7,mEq,1.7,2
SODIUM BICARBONATE 4.2 % IV SOLN,Sodium Bicarbonate,mEq,10,mEq,10,8
SODIUM BICARBONATE 4.2 % IV SOLN,Sodium Bicarbonate,mEq,1.5,mEq/kg,1.5,5
SODIUM BICARBONATE 4.2 % IV SOLN,Sodium Bicarbonate,mEq,12,mL,12,1
SODIUM BICARBONATE 4.2 % IV SOLN,Sodium Bicarbonate,mEq,15,mEq,15,1
SODIUM BICARBONATE 4.2 % IV SOLN,Sodium Bicarbonate,mEq,16,mEq,16,2
SODIUM BICARBONATE 4.2 % IV SOLN,Sodium Bicarbonate,mEq,19,mEq,19,1
SODIUM BICARBONATE 4.2 % IV SOLN,Sodium Bicarbonate,mEq,2,mEq,2,3
SODIUM BICARBONATE 4.2 % IV SOLN,Sodium Bicarbonate,mEq,2,mEq/kg,2,480
SODIUM BICARBONATE 4.2 % IV SOLN,Sodium Bicarbonate,mEq,2.01,mEq/kg,2.01,2
SODIUM BICARBONATE 4.2 % IV SOLN,Sodium Bicarbonate,mEq,2.5,mEq,2.5,2
SODIUM BICARBONATE 4.2 % IV SOLN,Sodium Bicarbonate,mEq,12,mEq,12,1
SODIUM BICARBONATE 7.5 % IV SOLN,Sodium Bicarbonate,mEq,90,mEq,90,1
SODIUM BICARBONATE 8.4 % IV SOLN,Sodium Bicarbonate,mEq,200,mEq,200,13
SODIUM BICARBONATE 8.4 % IV SOLN,Sodium Bicarbonate,mEq,25,mEq,25,484
SODIUM BICARBONATE 8.4 % IV SOLN,Sodium Bicarbonate,mEq,250,mEq,250,1
SODIUM BICARBONATE 8.4 % IV SOLN,Sodium Bicarbonate,mEq,8,mEq,8,1
SODIUM BICARBONATE 8.4 % IV SOLN,Sodium Bicarbonate,mEq,50,mEq,50,5640
SODIUM BICARBONATE 8.4 % IV SOLN,Sodium Bicarbonate,mEq,75,mEq,75,20
SODIUM BICARBONATE 8.4 % IV SOLN,Sodium Bicarbonate,mEq,30,mEq,30,1
SODIUM BICARBONATE 8.4 % IV SOLN,Sodium Bicarbonate,mEq,2,mEq/kg,2,1
SODIUM BICARBONATE 8.4 % IV SOLN,Sodium Bicarbonate,mEq,20,mEq,20,1
SODIUM BICARBONATE 8.4 % IV SOLN,Sodium Bicarbonate,mEq,150,mEq,150,155
SODIUM BICARBONATE 8.4 % IV SOLN,Sodium Bicarbonate,mEq,15,mEq,15,2
SODIUM BICARBONATE 8.4 % IV SOLN,Sodium Bicarbonate,mEq,125,mEq,125,1
SODIUM BICARBONATE 8.4 % IV SOLN,Sodium Bicarbonate,mEq,12.5,mEq,12.5,1
SODIUM BICARBONATE 8.4 % IV SOLN,Sodium Bicarbonate,mEq,100,mEq/kg,100,1
SODIUM BICARBONATE 8.4 % IV SOLN,Sodium Bicarbonate,mEq,100,mEq,100,480
SODIUM BICARBONATE 8.4 % IV SOLN,Sodium Bicarbonate,mEq,.625,mEq/kg,.625,1
SODIUM BICARBONATE 8.4 % IV SOLN,Sodium Bicarbonate,mEq,167,mEq,167,1
SODIUM BICARBONATE-DEXTROSE 150-5 MEQ/L-% IV SOLN,Sodium Bicarbonate-Dextrose,mL/hr,100,mL/hr,100,1
SODIUM BICARBONATE-DEXTROSE 150-5 MEQ/L-% IV SOLN,Sodium Bicarbonate-Dextrose,mL,500,mL,500,2
SODIUM BICARBONATE-DEXTROSE 150-5 MEQ/L-% IV SOLN,Sodium Bicarbonate-Dextrose,mL,150,mL,150,1
SODIUM CHLORIDE (NICU) IV BOLUS SYRINGE,Sodium Chloride,mL,9,mL,9,2
SODIUM CHLORIDE (NICU) IV BOLUS SYRINGE,Sodium Chloride,mL,7,mL,7,3
SODIUM CHLORIDE (NICU) IV BOLUS SYRINGE,Sodium Chloride,mL,6,mL,6,3
SODIUM CHLORIDE (NICU) IV BOLUS SYRINGE,Sodium Chloride,mL,5,mL/kg,5,2
SODIUM CHLORIDE (NICU) IV BOLUS SYRINGE,Sodium Chloride,mL,40,mL,40,1
SODIUM CHLORIDE (NICU) IV BOLUS SYRINGE,Sodium Chloride,mL,4.2,mL,4.2,1
SODIUM CHLORIDE (NICU) IV BOLUS SYRINGE,Sodium Chloride,mL,4,mL,4,2
SODIUM CHLORIDE (NICU) IV BOLUS SYRINGE,Sodium Chloride,mL,30,mL,30,1
SODIUM CHLORIDE (NICU) IV BOLUS SYRINGE,Sodium Chloride,mL,8,mL,8,2
SODIUM CHLORIDE (NICU) IV BOLUS SYRINGE,Sodium Chloride,mL,29,mL,29,1
SODIUM CHLORIDE (NICU) IV BOLUS SYRINGE,Sodium Chloride,mL,10.66,mL/kg,10.66,1
SODIUM CHLORIDE (NICU) IV BOLUS SYRINGE,Sodium Chloride,mL,12,mL/kg,12,1
SODIUM CHLORIDE (NICU) IV BOLUS SYRINGE,Sodium Chloride,mL,13.6,mL,13.6,1
SODIUM CHLORIDE (NICU) IV BOLUS SYRINGE,Sodium Chloride,mL,10,mL/kg,10,146
SODIUM CHLORIDE (NICU) IV BOLUS SYRINGE,Sodium Chloride,mL,17.4,mL,17.4,2
SODIUM CHLORIDE (NICU) IV BOLUS SYRINGE,Sodium Chloride,mL,2.5,mL,2.5,1
SODIUM CHLORIDE (NICU) IV BOLUS SYRINGE,Sodium Chloride,mL,16,mL,16,1
SODIUM CHLORIDE (NICU) IV BOLUS SYRINGE,Sodium Chloride,mL,3.5,mL,3.5,1
SODIUM CHLORIDE (PF) 0.9 % IJ SOLN,Sodium Chloride,mL,10,mL/kg,10,14
SODIUM CHLORIDE (PF) 0.9 % IJ SOLN,Sodium Chloride,mL,28,mL,28,1
SODIUM CHLORIDE (PF) 0.9 % IJ SOLN,Sodium Chloride,mL,35,mL,35,2
SODIUM CHLORIDE (PF) 0.9 % IJ SOLN,Sodium Chloride,mL,7,mL,7,1
SODIUM CHLORIDE 0.45 % IV BOLUS,ODIUM CHLORIDE 0.45 % IV,mL,750,mL,750,1
SODIUM CHLORIDE 0.45 % IV BOLUS,ODIUM CHLORIDE 0.45 % IV,mL,250,mL,250,39
SODIUM CHLORIDE 0.45 % IV BOLUS,ODIUM CHLORIDE 0.45 % IV,mL,500,mL,500,236
SODIUM CHLORIDE 0.45 % IV BOLUS,ODIUM CHLORIDE 0.45 % IV,mL,3000,mL,3000,1
SODIUM CHLORIDE 0.45 % IV BOLUS,ODIUM CHLORIDE 0.45 % IV,mL,30,mL,30,1
SODIUM CHLORIDE 0.45 % IV BOLUS,ODIUM CHLORIDE 0.45 % IV,mL,25,mL,25,1
SODIUM CHLORIDE 0.45 % IV BOLUS,ODIUM CHLORIDE 0.45 % IV,mL,200,mL,200,1
SODIUM CHLORIDE 0.45 % IV BOLUS,ODIUM CHLORIDE 0.45 % IV,mL,1000,mL,1000,344
SODIUM CHLORIDE 0.45 % IV BOLUS,ODIUM CHLORIDE 0.45 % IV,mL,100,mL,100,1
SODIUM CHLORIDE 0.45 % IV BOLUS,ODIUM CHLORIDE 0.45 % IV,mL,2000,mL,2000,21
SODIUM CHLORIDE 0.45 % IV SOLN,Sodium Chloride,mL/hr,150-250,mL/hr,150-250,41
SODIUM CHLORIDE 0.45 % IV SOLN,Sodium Chloride,mL/hr,125,mL/hr,125,1
SODIUM CHLORIDE 0.45 % IV SOLN,Sodium Chloride,mL/hr,42,mL/hr,42,1
SODIUM CHLORIDE 0.45 % IV SOLN,Sodium Chloride,mL,1000,mL,1000,77
SODIUM CHLORIDE 0.45 % IV SOLN,Sodium Chloride,mL,800,mL,800,1
SODIUM CHLORIDE 0.9 % IJ SOLN,Sodium Chloride,mL,43,mL,43,1
SODIUM CHLORIDE 0.9 % IJ SOLN,Sodium Chloride,mL,7,mL,7,1
SODIUM CHLORIDE 0.9 % IJ SOLN,Sodium Chloride,mL,8,mL,8,1
SODIUM CHLORIDE 0.9 % IJ SOLN,Sodium Chloride,mL,6,mL,6,2
SODIUM CHLORIDE 0.9 % IJ SOLN,Sodium Chloride,mL,500,mL,500,7
SODIUM CHLORIDE 0.9 % IJ SOLN,Sodium Chloride,mL,50,mL,50,1
SODIUM CHLORIDE 0.9 % IJ SOLN,Sodium Chloride,mL,5,mL,5,1
SODIUM CHLORIDE 0.9 % IJ SOLN,Sodium Chloride,mL,35,mL,35,2
SODIUM CHLORIDE 0.9 % IJ SOLN,Sodium Chloride,mL,10,mL/kg,10,26
SODIUM CHLORIDE 0.9 % IJ SOLN,Sodium Chloride,mL,3,mL,3,1
SODIUM CHLORIDE 0.9 % IJ SOLN,Sodium Chloride,mL,250,mL,250,1
SODIUM CHLORIDE 0.9 % IJ SOLN,Sodium Chloride,mL,25,mL,25,1
SODIUM CHLORIDE 0.9 % IJ SOLN,Sodium Chloride,mL,15,mL,15,1
SODIUM CHLORIDE 0.9 % IJ SOLN,Sodium Chloride,mL,11,mL,11,2
SODIUM CHLORIDE 0.9 % IJ SOLN,Sodium Chloride,mL,1000,mL,1000,4
SODIUM CHLORIDE 0.9 % IJ SOLN,Sodium Chloride,mL,10,mL,10,1
SODIUM CHLORIDE 0.9 % IJ SOLN,Sodium Chloride,mL,30,mL,30,3
SODIUM CHLORIDE 0.9 % IV BOLUS,Sodium Chloride IV SOLN,mL,6,mL,6,1
SODIUM CHLORIDE 0.9 % IV BOLUS,Sodium Chloride IV SOLN,mL,550,mL,550,2
SODIUM CHLORIDE 0.9 % IV BOLUS,Sodium Chloride IV SOLN,mL,510,mL,510,2
SODIUM CHLORIDE 0.9 % IV BOLUS,Sodium Chloride IV SOLN,mL,5000,mL,5000,1
SODIUM CHLORIDE 0.9 % IV BOLUS,Sodium Chloride IV SOLN,mL,500,mL,500,22581
SODIUM CHLORIDE 0.9 % IV BOLUS,Sodium Chloride IV SOLN,mL,50,mL,50,87
SODIUM CHLORIDE 0.9 % IV BOLUS,Sodium Chloride IV SOLN,mL,40,mL,40,3
SODIUM CHLORIDE 0.9 % IV BOLUS,Sodium Chloride IV SOLN,mL,4000,mL,4000,11
SODIUM CHLORIDE 0.9 % IV BOLUS,Sodium Chloride IV SOLN,mL,400,mL,400,19
SODIUM CHLORIDE 0.9 % IV BOLUS,Sodium Chloride IV SOLN,mL,60,mL,60,1
SODIUM CHLORIDE 0.9 % IV BOLUS,Sodium Chloride IV SOLN,mL,3810,mL,3810,2
SODIUM CHLORIDE 0.9 % IV BOLUS,Sodium Chloride IV SOLN,mL,380,mL,380,1
SODIUM CHLORIDE 0.9 % IV BOLUS,Sodium Chloride IV SOLN,mL,3750,mL,3750,1
SODIUM CHLORIDE 0.9 % IV BOLUS,Sodium Chloride IV SOLN,mL,3500,mL,3500,2
SODIUM CHLORIDE 0.9 % IV BOLUS,Sodium Chloride IV SOLN,mL,4500,mL,4500,3
SODIUM CHLORIDE 0.9 % IV BOLUS,Sodium Chloride IV SOLN,mL,600,mL,600,4
SODIUM CHLORIDE 0.9 % IV BOLUS,Sodium Chloride IV SOLN,mL,700,mL,700,15
SODIUM CHLORIDE 0.9 % IV BOLUS,Sodium Chloride IV SOLN,mL,680,mL,680,1
SODIUM CHLORIDE 0.9 % IV BOLUS,Sodium Chloride IV SOLN,mL,350,mL,350,4
SODIUM CHLORIDE 0.9 % IV BOLUS,Sodium Chloride IV SOLN,mL/kg,30,mL/kg,30,366
SODIUM CHLORIDE 0.9 % IV BOLUS,Sodium Chloride IV SOLN,mL/kg,20,mL/kg,20,1
SODIUM CHLORIDE 0.9 % IV BOLUS,Sodium Chloride IV SOLN,mL/kg,10,mL/kg,10,1
SODIUM CHLORIDE 0.9 % IV BOLUS,Sodium Chloride IV SOLN,mg,500,mL,500,2
SODIUM CHLORIDE 0.9 % IV BOLUS,Sodium Chloride IV SOLN,mL,900,mL,900,2
SODIUM CHLORIDE 0.9 % IV BOLUS,Sodium Chloride IV SOLN,mL,90,mL,90,1
SODIUM CHLORIDE 0.9 % IV BOLUS,Sodium Chloride IV SOLN,mL,860,mL,860,2
SODIUM CHLORIDE 0.9 % IV BOLUS,Sodium Chloride IV SOLN,mL,850,mL,850,2
SODIUM CHLORIDE 0.9 % IV BOLUS,Sodium Chloride IV SOLN,mL,84,mL,84,1
SODIUM CHLORIDE 0.9 % IV BOLUS,Sodium Chloride IV SOLN,mL,800,mL,800,19
SODIUM CHLORIDE 0.9 % IV BOLUS,Sodium Chloride IV SOLN,mL,750,mL,750,44
SODIUM CHLORIDE 0.9 % IV BOLUS,Sodium Chloride IV SOLN,mL,75,mL,75,45
SODIUM CHLORIDE 0.9 % IV BOLUS,Sodium Chloride IV SOLN,mL,720,mL,720,5
SODIUM CHLORIDE 0.9 % IV BOLUS,Sodium Chloride IV SOLN,mL,70,mL,70,1
SODIUM CHLORIDE 0.9 % IV BOLUS,Sodium Chloride IV SOLN,mL,6000,mL,6000,1
SODIUM CHLORIDE 0.9 % IV BOLUS,Sodium Chloride IV SOLN,mL,35,mL,35,1
SODIUM CHLORIDE 0.9 % IV BOLUS,Sodium Chloride IV SOLN,mL,9999,mL,9999,2
SODIUM CHLORIDE 0.9 % IV BOLUS,Sodium Chloride IV SOLN,mL,3000,mL,3000,84
SODIUM CHLORIDE 0.9 % IV BOLUS,Sodium Chloride IV SOLN,mL,170,mL,170,2
SODIUM CHLORIDE 0.9 % IV BOLUS,Sodium Chloride IV SOLN,mL,1600,mL,1600,1
SODIUM CHLORIDE 0.9 % IV BOLUS,Sodium Chloride IV SOLN,mL,160,mL,160,2
SODIUM CHLORIDE 0.9 % IV BOLUS,Sodium Chloride IV SOLN,mL,150,mL,150,37
SODIUM CHLORIDE 0.9 % IV BOLUS,Sodium Chloride IV SOLN,mL,1400,mL,1400,1
SODIUM CHLORIDE 0.9 % IV BOLUS,Sodium Chloride IV SOLN,mL,1250,mL,1250,2
SODIUM CHLORIDE 0.9 % IV BOLUS,Sodium Chloride IV SOLN,mL,1740,mL,1740,2
SODIUM CHLORIDE 0.9 % IV BOLUS,Sodium Chloride IV SOLN,mL,125,mL,125,33
SODIUM CHLORIDE 0.9 % IV BOLUS,Sodium Chloride IV SOLN,mL,1000,mL,1000,86789
SODIUM CHLORIDE 0.9 % IV BOLUS,Sodium Chloride IV SOLN,mL,100,mL,100,6758
SODIUM CHLORIDE 0.9 % IV BOLUS,Sodium Chloride IV SOLN,mL,10,mL/kg,10,7
SODIUM CHLORIDE 0.9 % IV BOLUS,Sodium Chloride IV SOLN,mL,1-1000,mL,1-1000,8
SODIUM CHLORIDE 0.9 % IV BOLUS,Sodium Chloride IV SOLN,g,1000,mL,1000,1
SODIUM CHLORIDE 0.9 % IV BOLUS,Sodium Chloride IV SOLN,mL,320,mL,320,2
SODIUM CHLORIDE 0.9 % IV BOLUS,Sodium Chloride IV SOLN,mL,1200,mL,1200,3
SODIUM CHLORIDE 0.9 % IV BOLUS,Sodium Chloride IV SOLN,mL,175,mL,175,1
SODIUM CHLORIDE 0.9 % IV BOLUS,Sodium Chloride IV SOLN,mL,1500,mL,1500,106
SODIUM CHLORIDE 0.9 % IV BOLUS,Sodium Chloride IV SOLN,mL,190,mL,190,1
SODIUM CHLORIDE 0.9 % IV BOLUS,Sodium Chloride IV SOLN,mL,300,mL,300,7
SODIUM CHLORIDE 0.9 % IV BOLUS,Sodium Chloride IV SOLN,mL,30,mL/kg,30,810
SODIUM CHLORIDE 0.9 % IV BOLUS,Sodium Chloride IV SOLN,mL,1800,mL,1800,1
SODIUM CHLORIDE 0.9 % IV BOLUS,Sodium Chloride IV SOLN,mL,272,mL,272,1
SODIUM CHLORIDE 0.9 % IV BOLUS,Sodium Chloride IV SOLN,mL,2700,mL,2700,2
SODIUM CHLORIDE 0.9 % IV BOLUS,Sodium Chloride IV SOLN,mL,2500,mL,2500,8
SODIUM CHLORIDE 0.9 % IV BOLUS,Sodium Chloride IV SOLN,mL,250,mL,250,3562
SODIUM CHLORIDE 0.9 % IV BOLUS,Sodium Chloride IV SOLN,mL,2400,mL,2400,2
SODIUM CHLORIDE 0.9 % IV BOLUS,Sodium Chloride IV SOLN,mL,280,mL,280,2
SODIUM CHLORIDE 0.9 % IV BOLUS,Sodium Chloride IV SOLN,mL,2250,mL,2250,3
SODIUM CHLORIDE 0.9 % IV BOLUS,Sodium Chloride IV SOLN,mL,220,mL,220,1
SODIUM CHLORIDE 0.9 % IV BOLUS,Sodium Chloride IV SOLN,mL,2000,mL,2000,1752
SODIUM CHLORIDE 0.9 % IV BOLUS,Sodium Chloride IV SOLN,mL,200,mL,200,27
SODIUM CHLORIDE 0.9 % IV BOLUS,Sodium Chloride IV SOLN,mL,20,mL/kg,20,6
SODIUM CHLORIDE 0.9 % IV BOLUS,Sodium Chloride IV SOLN,mL,20,mL,20,1
SODIUM CHLORIDE 0.9 % IV BOLUS,Sodium Chloride IV SOLN,mL,2300,mL,2300,2
SODIUM CHLORIDE 0.9 % IV SOLN,Sodium Chloride,mL/hr,200,mL/hr,200,3
SODIUM CHLORIDE 0.9 % IV SOLN,Sodium Chloride,mL/hr,50,mL,50,1
SODIUM CHLORIDE 0.9 % IV SOLN,Sodium Chloride,mL/hr,50,mL/hr,50,6
SODIUM CHLORIDE 0.9 % IV SOLN,Sodium Chloride,mL/hr,500,mL,500,222
SODIUM CHLORIDE 0.9 % IV SOLN,Sodium Chloride,mL/hr,75,mL/hr,75,19
SODIUM CHLORIDE 0.9 % IV SOLN,Sodium Chloride,mL/kg,30,mL/kg,30,1
SODIUM CHLORIDE 0.9 % IV SOLN,Sodium Chloride,mL/hr,90,mL/hr,90,2
SODIUM CHLORIDE 0.9 % IV SOLN,Sodium Chloride,mL/kg/hr,1,mL/kg/hr,1,146
SODIUM CHLORIDE 0.9 % IV SOLN,Sodium Chloride,mL/kg/hr,3,mL/kg/hr,3,168
SODIUM CHLORIDE 0.9 % IV SOLN,Sodium Chloride,mL/hr,125,mL/hr,125,2
SODIUM CHLORIDE 0.9 % IV SOLN,Sodium Chloride,mL/hr,85,mL/hr,85,2
SODIUM CHLORIDE 0.9 % IV SOLN,Sodium Chloride,mL/hr,1000,mL/hr,1000,2
SODIUM CHLORIDE 0.9 % IV SOLN,Sodium Chloride,mL,50,mL,50,888
SODIUM CHLORIDE 0.9 % IV SOLN,Sodium Chloride,mL/hr,100,mL/hr,100,38
SODIUM CHLORIDE 0.9 % IV SOLN,Sodium Chloride,mL,500,mL,500,35019
SODIUM CHLORIDE 0.9 % IV SOLN,Sodium Chloride,mL/hr,1000,mL,1000,47
SODIUM CHLORIDE 0.9 % IV SOLN,Sodium Chloride,mL,38,mL,38,1
SODIUM CHLORIDE 0.9 % IV SOLN,Sodium Chloride,mL,3000,mL,3000,1
SODIUM CHLORIDE 0.9 % IV SOLN,Sodium Chloride,mL,30,mL/kg,30,1
SODIUM CHLORIDE 0.9 % IV SOLN,Sodium Chloride,mL,250,mL,250,209
SODIUM CHLORIDE 0.9 % IV SOLN,Sodium Chloride,mL,2000,mL,2000,2393
SODIUM CHLORIDE 0.9 % IV SOLN,Sodium Chloride,mL,200,mL,200,2
SODIUM CHLORIDE 0.9 % IV SOLN,Sodium Chloride,mL,1000,mL,1000,225863
SODIUM CHLORIDE 0.9 % IV SOLN,Sodium Chloride,mL,100,mL,100,2
SODIUM CHLORIDE 0.9 % IV SOLN,Sodium Chloride,Units/kg/hr,500,mL,500,5
SODIUM CHLORIDE 0.9% STUDY IV,Sodium Chloride,mL,500,mL,500,4
SODIUM CHLORIDE 0.9% STUDY IV,Sodium Chloride,mL,50,mL,50,3
SODIUM CHLORIDE 0.9% STUDY IV,Sodium Chloride,mL,1000,mL,1000,2
SODIUM CHLORIDE 0.9% STUDY IV,Sodium Chloride,mL,25,mL,25,1
SODIUM CHLORIDE 2.5 MEQ/ML IJ SOLN,Sodium Chloride,mL,40,mL,40,1027
SODIUM CHLORIDE 2.5 MEQ/ML IJ SOLN,Sodium Chloride,mL,80,mL,80,132
SODIUM CHLORIDE 3 % IV SOLN,Sodium Chloride,mL/hr,45,mL/hr,45,14
SODIUM CHLORIDE 3 % IV SOLN,Sodium Chloride,mL/hr,16,mL/hr,16,2
SODIUM CHLORIDE 3 % IV SOLN,Sodium Chloride,mL/hr,2.6,mL/hr,2.6,1
SODIUM CHLORIDE 3 % IV SOLN,Sodium Chloride,mL/hr,150,mL,150,2
SODIUM CHLORIDE 3 % IV SOLN,Sodium Chloride,mL/hr,20,mL/hr,20,93
SODIUM CHLORIDE 3 % IV SOLN,Sodium Chloride,mL/hr,25,mL/hr,25,45
SODIUM CHLORIDE 3 % IV SOLN,Sodium Chloride,mL/hr,250,mL,250,15
SODIUM CHLORIDE 3 % IV SOLN,Sodium Chloride,mL/hr,30,mL/hr,30,4181
SODIUM CHLORIDE 3 % IV SOLN,Sodium Chloride,mL/hr,40,mL/hr,40,70
SODIUM CHLORIDE 3 % IV SOLN,Sodium Chloride,mL/hr,42,mL/hr,42,3
SODIUM CHLORIDE 3 % IV SOLN,Sodium Chloride,mL/hr,48,mL/hr,48,2
SODIUM CHLORIDE 3 % IV SOLN,Sodium Chloride,mL/hr,80,mL/hr,80,5
SODIUM CHLORIDE 3 % IV SOLN,Sodium Chloride,mL/hr,50,mL/hr,50,173
SODIUM CHLORIDE 3 % IV SOLN,Sodium Chloride,mL/hr,500,mL,500,6
SODIUM CHLORIDE 3 % IV SOLN,Sodium Chloride,mL/hr,60,mL/hr,60,159
SODIUM CHLORIDE 3 % IV SOLN,Sodium Chloride,mL/hr,7.5,mL/hr,7.5,2
SODIUM CHLORIDE 3 % IV SOLN,Sodium Chloride,mL/hr,70,mL/hr,70,2
SODIUM CHLORIDE 3 % IV SOLN,Sodium Chloride,mL/hr,75,mL/hr,75,6
SODIUM CHLORIDE 3 % IV SOLN,Sodium Chloride,mL/hr,8,mL/hr,8,2
SODIUM CHLORIDE 3 % IV SOLN,Sodium Chloride,mL/hr,90,mL/hr,90,18
SODIUM CHLORIDE 3 % IV SOLN,Sodium Chloride,mcg/kg/min,30,mL/hr,30,1
SODIUM CHLORIDE 3 % IV SOLN,Sodium Chloride,mL/hr,15,mL/hr,15,216
SODIUM CHLORIDE 3 % IV SOLN,Sodium Chloride,mL/hr,5,mL/hr,5,21
SODIUM CHLORIDE 3 % IV SOLN,Sodium Chloride,mL/hr,14,mL/hr,14,1
SODIUM CHLORIDE 3 % IV SOLN,Sodium Chloride,mL,15,mL,15,1
SODIUM CHLORIDE 3 % IV SOLN,Sodium Chloride,mL/hr,10,mL/hr,10,61
SODIUM CHLORIDE 3 % IV SOLN,Sodium Chloride,Units/kg/hr,250,mL,250,9
SODIUM CHLORIDE 3 % IV SOLN,Sodium Chloride,mEq,4.3,mEq,4.3,1
SODIUM CHLORIDE 3 % IV SOLN,Sodium Chloride,mL,100,mL,100,218
SODIUM CHLORIDE 3 % IV SOLN,Sodium Chloride,mL,1000,mL,1000,17
SODIUM CHLORIDE 3 % IV SOLN,Sodium Chloride,mL,125,mL,125,30
SODIUM CHLORIDE 3 % IV SOLN,Sodium Chloride,mL,150,mL,150,35
SODIUM CHLORIDE 3 % IV SOLN,Sodium Chloride,mL,2,mL,2,1
SODIUM CHLORIDE 3 % IV SOLN,Sodium Chloride,mL,200,mL,200,17
SODIUM CHLORIDE 3 % IV SOLN,Sodium Chloride,mL,30,mL,30,30
SODIUM CHLORIDE 3 % IV SOLN,Sodium Chloride,mL,30,mL/hr,30,2
SODIUM CHLORIDE 3 % IV SOLN,Sodium Chloride,mL,250,mL,250,3052
SODIUM CHLORIDE 3 % IV SOLN,Sodium Chloride,mL,360,mL,360,1
SODIUM CHLORIDE 3 % IV SOLN,Sodium Chloride,mL,4.4,mL,4.4,2
SODIUM CHLORIDE 3 % IV SOLN,Sodium Chloride,mL,40,mL,40,1
SODIUM CHLORIDE 3 % IV SOLN,Sodium Chloride,mL,5,mL,5,1
SODIUM CHLORIDE 3 % IV SOLN,Sodium Chloride,mL,50,mL,50,32
SODIUM CHLORIDE 3 % IV SOLN,Sodium Chloride,mL,500,mL,500,1115
SODIUM CHLORIDE 3 % IV SOLN,Sodium Chloride,mL,60,mL,60,1
SODIUM CHLORIDE 3 % IV SOLN,Sodium Chloride,mL,75,mL,75,1
SODIUM CHLORIDE 3 % IV SOLN,Sodium Chloride,mL,800,mL,800,1
SODIUM CHLORIDE 3 % IV SOLN,Sodium Chloride,mL,300,mL,300,12
SODIUM CHLORIDE 3 % IV SOLN,Sodium Chloride,mL/hr,100,mL/hr,100,8
SODIUM CHLORIDE 4 MEQ/ML IV SOLN,Sodium Chloride,mL,15,mL,15,19
SODIUM CHLORIDE 4 MEQ/ML IV SOLN,Sodium Chloride,mL,60,mL,60,2110
SODIUM CHLORIDE 4 MEQ/ML IV SOLN,Sodium Chloride,mL,45,mL,45,8
SODIUM CHLORIDE 4 MEQ/ML IV SOLN,Sodium Chloride,mL,30,mL,30,14401
SODIUM CHLORIDE 4 MEQ/ML IV SOLN,Sodium Chloride,mL,125,mL,125,1
SODIUM CHLORIDE 4 MEQ/ML IV SOLN,Sodium Chloride,mEq,30,mL,30,25
SODIUM CHLORIDE 4 MEQ/ML IV SOLN,Sodium Chloride,mEq,240,mEq,240,1
SODIUM CHLORIDE 4 MEQ/ML IV SOLN,Sodium Chloride,mEq,60,mL,60,3
SODIUM TETRADECYL SULFATE 3 % IV SOLN,Sodium Tetradecyl Sulfate,mL,1,mL,1,3
SODIUM TETRADECYL SULFATE 3 % IV SOLN,Sodium Tetradecyl Sulfate,mL,10,mL,10,1
SODIUM TETRADECYL SULFATE 3 % IV SOLN,Sodium Tetradecyl Sulfate,mL,2,mL,2,2
SODIUM TETRADECYL SULFATE 3 % IV SOLN,Sodium Tetradecyl Sulfate,mL,6,mL,6,1
SODIUM THIOSULFATE 25 % IV SOLN,Sodium Thiosulfate,g,12,g/m2,12,4
SODIUM THIOSULFATE 25 % IV SOLN,Sodium Thiosulfate,g,25,g,25,2
SUCCINYLCHOLINE CHLORIDE 20 MG/ML IJ SOLN,Succinylcholine Chloride,mg,200,mg,200,1
THIAMINE HCL 100 MG/ML IJ SOLN,Thiamine HCl,mg,100,mg,100,7
TIROFIBAN HCL IN NACL 12.5-0.9 MG/250ML-% IV SOLN,Tirofiban HCl in NaCl,mcg/kg/min,.15,mcg/kg/min,.15,537
TIROFIBAN HCL IN NACL 12.5-0.9 MG/250ML-% IV SOLN,Tirofiban HCl in NaCl,mcg/kg/min,.12,mcg/kg/min,.12,2
TIROFIBAN HCL IN NACL 12.5-0.9 MG/250ML-% IV SOLN,Tirofiban HCl in NaCl,mcg/kg/min,.1,mcg/kg/min,.1,53
TIROFIBAN HCL IN NACL 12.5-0.9 MG/250ML-% IV SOLN,Tirofiban HCl in NaCl,mcg/kg/min,.08,mcg/kg/min,.08,144
TIROFIBAN HCL IN NACL 12.5-0.9 MG/250ML-% IV SOLN,Tirofiban HCl in NaCl,mcg/kg/min,.04,mcg/kg/min,.04,8
TIROFIBAN HCL IN NACL 12.5-0.9 MG/250ML-% IV SOLN,Tirofiban HCl in NaCl,mcg/kg/min,.05,mcg/kg/min,.05,11
TIROFIBAN HCL IN NACL 12.5-0.9 MG/250ML-% IV SOLN,Tirofiban HCl in NaCl,mcg,.15,mcg/kg/min,.15,1
TIROFIBAN HCL IN NACL 12.5-0.9 MG/250ML-% IV SOLN,Tirofiban HCl in NaCl,mcg/kg/min,.075,mcg/kg/min,.075,104
TIROFIBAN HCL IN NACL 25-0.9 MG/500ML-% IV SOLN,Tirofiban HCl in NaCl,mcg/kg/min,.075,mcg/kg/min,.075,98
TIROFIBAN HCL IN NACL 25-0.9 MG/500ML-% IV SOLN,Tirofiban HCl in NaCl,mcg/kg/min,.15,mcg/kg/min,.15,388
TRANEXAMIC ACID 100 MG/ML IV SOLN,Tranexamic Acid,g,1,g,1,32
TRANEXAMIC ACID 100 MG/ML IV SOLN,Tranexamic Acid,mg,10,mg/kg,10,7
TRANEXAMIC ACID 1000 MG/10ML IV SOLN,Tranexamic Acid,mg,5,mg/kg,5,1
TRANEXAMIC ACID 1000 MG/10ML IV SOLN,Tranexamic Acid,mg,1,g,1,1
TRANEXAMIC ACID 1000 MG/10ML IV SOLN,Tranexamic Acid,mg,10,mg/kg,10,16
TRANEXAMIC ACID 1000 MG/10ML IV SOLN,Tranexamic Acid,g,1,g,1,371
TRANEXAMIC ACID 1000 MG/10ML IV SOLN,Tranexamic Acid,g,2,g,2,1
TRANEXAMIC ACID 1000 MG/10ML IV SOLN,Tranexamic Acid,g,.5,g,.5,9
TROMETHAMINE 30 MEQ/100ML IV SOLN,Tromethamine,mmol/kg/hr,.5,mmol/kg/hr,.5,18
TROMETHAMINE 30 MEQ/100ML IV SOLN,Tromethamine,mmol,2,mmol/kg,2,8
TROMETHAMINE 30 MEQ/100ML IV SOLN,Tromethamine,mmol/kg/hr,1,mmol/kg,1,1
TROMETHAMINE 30 MEQ/100ML IV SOLN,Tromethamine,mmol,.8,mmol/kg,.8,1
TROMETHAMINE 30 MEQ/100ML IV SOLN,Tromethamine,mL/kg/hr,1.5,mL/kg/hr,1.5,19
TROMETHAMINE 30 MEQ/100ML IV SOLN,Tromethamine,mmol,1,mmol/kg,1,7
VALPROATE SODIUM 100 MG/ML IV SOLN,Valproate Sodium,mg,1000,mg,1000,1
VALPROATE SODIUM 100 MG/ML IV SOLN,Valproate Sodium,mg,40,mg/kg,40,1
VALPROATE SODIUM 100 MG/ML IV SOLN,Valproate Sodium,mg,500,mg,500,1
VALPROATE SODIUM 500 MG/5ML IV SOLN,Valproate Sodium,mg,15,mg/kg,15,2
VANCOMYCIN HCL 1000 MG/200ML IV SOLN,Vancomycin HCl,mg,2000,mg,2000,196
VANCOMYCIN HCL 1000 MG/200ML IV SOLN,Vancomycin HCl,mg/kg,25,mg/kg,25,8
VANCOMYCIN HCL 1000 MG/200ML IV SOLN,Vancomycin HCl,mg/kg,15,mg/kg,15,8
VANCOMYCIN HCL 1000 MG/200ML IV SOLN,Vancomycin HCl,mg,25,mg/kg,25,58
VANCOMYCIN HCL 1000 MG/200ML IV SOLN,Vancomycin HCl,mg,20,mg/kg,20,8
VANCOMYCIN HCL 1000 MG/200ML IV SOLN,Vancomycin HCl,mg,15,mg/kg,15,67
VANCOMYCIN HCL 1000 MG/200ML IV SOLN,Vancomycin HCl,mg,1000,mg,1000,16434
VANCOMYCIN HCL 1000 MG/200ML IV SOLN,Vancomycin HCl,mg,10,mg/kg,10,1
VANCOMYCIN HCL 1000 MG/200ML IV SOLN,Vancomycin HCl,g,1000,mg,1000,4
VANCOMYCIN HCL 1000 MG/200ML IV SOLN,Vancomycin HCl,mg,1750,mg,1750,1
VANCOMYCIN HCL 1250 MG/250ML IV SOLN,Vancomycin HCl,g,1250,mg,1250,8
VANCOMYCIN HCL 1250 MG/250ML IV SOLN,Vancomycin HCl,mg,1250,mg,1250,11423
VANCOMYCIN HCL 1250 MG/250ML IV SOLN,Vancomycin HCl,mg,15,mg/kg,15,20
VANCOMYCIN HCL 1250 MG/250ML IV SOLN,Vancomycin HCl,mg,20,mg/kg,20,11
VANCOMYCIN HCL 1250 MG/250ML IV SOLN,Vancomycin HCl,mg,25,mg/kg,25,207
VANCOMYCIN HCL 1250 MG/250ML IV SOLN,Vancomycin HCl,mg/kg,25,mg/kg,25,39
VANCOMYCIN HCL 1500 MG/300ML IV SOLN,Vancomycin HCl,mg,25,mg/kg,25,594
VANCOMYCIN HCL 1500 MG/300ML IV SOLN,Vancomycin HCl,mg/kg,25,mg/kg,25,129
VANCOMYCIN HCL 1500 MG/300ML IV SOLN,Vancomycin HCl,mg/kg,20,mg/kg,20,4
VANCOMYCIN HCL 1500 MG/300ML IV SOLN,Vancomycin HCl,mg,30,mg/kg,30,1
VANCOMYCIN HCL 1500 MG/300ML IV SOLN,Vancomycin HCl,mg,22.5,mg/kg,22.5,2
VANCOMYCIN HCL 1500 MG/300ML IV SOLN,Vancomycin HCl,mg,20,mg/kg,20,55
VANCOMYCIN HCL 1500 MG/300ML IV SOLN,Vancomycin HCl,mg,1610,mg,1610,2
VANCOMYCIN HCL 1500 MG/300ML IV SOLN,Vancomycin HCl,mg,1500,mg,1500,15079
VANCOMYCIN HCL 1500 MG/300ML IV SOLN,Vancomycin HCl,mg,15,mg/kg,15,3
VANCOMYCIN HCL 1500 MG/300ML IV SOLN,Vancomycin HCl,g,25,mg/kg,25,2
VANCOMYCIN HCL 1500 MG/300ML IV SOLN,Vancomycin HCl,g,20,mg/kg,20,1
VANCOMYCIN HCL 1500 MG/300ML IV SOLN,Vancomycin HCl,g,1500,mg,1500,3
VANCOMYCIN HCL 1750 MG/350ML IV SOLN,Vancomycin HCl,mg/kg,25,mg/kg,25,77
VANCOMYCIN HCL 1750 MG/350ML IV SOLN,Vancomycin HCl,mg,25,mg/kg,25,533
VANCOMYCIN HCL 1750 MG/350ML IV SOLN,Vancomycin HCl,mg,20,mg/kg,20,14
VANCOMYCIN HCL 1750 MG/350ML IV SOLN,Vancomycin HCl,mg/kg,20,mg/kg,20,1
VANCOMYCIN HCL 1750 MG/350ML IV SOLN,Vancomycin HCl,mg,1500,mg,1500,8
VANCOMYCIN HCL 1750 MG/350ML IV SOLN,Vancomycin HCl,mg,15,mg/kg,15,6
VANCOMYCIN HCL 1750 MG/350ML IV SOLN,Vancomycin HCl,mg,1750,mg,1750,4703
VANCOMYCIN HCL 2000 MG/400ML IV SOLN,Vancomycin HCl,mg,9.18,mg/kg,9.18,2
VANCOMYCIN HCL 2000 MG/400ML IV SOLN,Vancomycin HCl,mg,8.91,mg/kg,8.91,2
VANCOMYCIN HCL 2000 MG/400ML IV SOLN,Vancomycin HCl,mg,8.84,mg/kg,8.84,1
VANCOMYCIN HCL 2000 MG/400ML IV SOLN,Vancomycin HCl,mg,8.02,mg/kg,8.02,1
VANCOMYCIN HCL 2000 MG/400ML IV SOLN,Vancomycin HCl,mg,24.6,mg/kg,24.6,1
VANCOMYCIN HCL 2000 MG/400ML IV SOLN,Vancomycin HCl,mg,25,mg/kg,25,614
VANCOMYCIN HCL 2000 MG/400ML IV SOLN,Vancomycin HCl,mg/kg,13.4,mg/kg,13.4,1
VANCOMYCIN HCL 2000 MG/400ML IV SOLN,Vancomycin HCl,mg,24.9,mg/kg,24.9,2
VANCOMYCIN HCL 2000 MG/400ML IV SOLN,Vancomycin HCl,mg,9.2,mg/kg,9.2,3
VANCOMYCIN HCL 2000 MG/400ML IV SOLN,Vancomycin HCl,mg,3000,mg,3000,1
VANCOMYCIN HCL 2000 MG/400ML IV SOLN,Vancomycin HCl,mg,9.36,mg/kg,9.36,1
VANCOMYCIN HCL 2000 MG/400ML IV SOLN,Vancomycin HCl,mg/kg,12.2,mg/kg,12.2,1
VANCOMYCIN HCL 2000 MG/400ML IV SOLN,Vancomycin HCl,mg,9.46,mg/kg,9.46,1
VANCOMYCIN HCL 2000 MG/400ML IV SOLN,Vancomycin HCl,mg/kg,10.9,mg/kg,10.9,1
VANCOMYCIN HCL 2000 MG/400ML IV SOLN,Vancomycin HCl,mg/kg,11,mg/kg,11,1
VANCOMYCIN HCL 2000 MG/400ML IV SOLN,Vancomycin HCl,mg/kg,11.9,mg/kg,11.9,2
VANCOMYCIN HCL 2000 MG/400ML IV SOLN,Vancomycin HCl,mg/kg,12,mg/kg,12,2
VANCOMYCIN HCL 2000 MG/400ML IV SOLN,Vancomycin HCl,mg/kg,12.6,mg/kg,12.6,1
VANCOMYCIN HCL 2000 MG/400ML IV SOLN,Vancomycin HCl,mg/kg,12.8,mg/kg,12.8,1
VANCOMYCIN HCL 2000 MG/400ML IV SOLN,Vancomycin HCl,mg/kg,13,mg/kg,13,2
VANCOMYCIN HCL 2000 MG/400ML IV SOLN,Vancomycin HCl,mg/kg,13.1,mg/kg,13.1,1
VANCOMYCIN HCL 2000 MG/400ML IV SOLN,Vancomycin HCl,mg,9.43,mg/kg,9.43,1
VANCOMYCIN HCL 2000 MG/400ML IV SOLN,Vancomycin HCl,mg,24.5,mg/kg,24.5,22
VANCOMYCIN HCL 2000 MG/400ML IV SOLN,Vancomycin HCl,mg,21.5,mg/kg,21.5,15
VANCOMYCIN HCL 2000 MG/400ML IV SOLN,Vancomycin HCl,mg,23.8,mg/kg,23.8,2
VANCOMYCIN HCL 2000 MG/400ML IV SOLN,Vancomycin HCl,mg,21.4,mg/kg,21.4,4
VANCOMYCIN HCL 2000 MG/400ML IV SOLN,Vancomycin HCl,mg/kg,13.5,mg/kg,13.5,1
VANCOMYCIN HCL 2000 MG/400ML IV SOLN,Vancomycin HCl,mg,21.6,mg/kg,21.6,9
VANCOMYCIN HCL 2000 MG/400ML IV SOLN,Vancomycin HCl,mg,21.7,mg/kg,21.7,8
VANCOMYCIN HCL 2000 MG/400ML IV SOLN,Vancomycin HCl,mg,21.8,mg/kg,21.8,2
VANCOMYCIN HCL 2000 MG/400ML IV SOLN,Vancomycin HCl,mg,21.9,mg/kg,21.9,3
VANCOMYCIN HCL 2000 MG/400ML IV SOLN,Vancomycin HCl,mg,22,mg/kg,22,10
VANCOMYCIN HCL 2000 MG/400ML IV SOLN,Vancomycin HCl,mg,22.1,mg/kg,22.1,50
VANCOMYCIN HCL 2000 MG/400ML IV SOLN,Vancomycin HCl,mg,22.2,mg/kg,22.2,25
VANCOMYCIN HCL 2000 MG/400ML IV SOLN,Vancomycin HCl,mg,22.3,mg/kg,22.3,8
VANCOMYCIN HCL 2000 MG/400ML IV SOLN,Vancomycin HCl,mg,24.2,mg/kg,24.2,1
VANCOMYCIN HCL 2000 MG/400ML IV SOLN,Vancomycin HCl,mg,22.4,mg/kg,22.4,7
VANCOMYCIN HCL 2000 MG/400ML IV SOLN,Vancomycin HCl,mg,22.6,mg/kg,22.6,15
VANCOMYCIN HCL 2000 MG/400ML IV SOLN,Vancomycin HCl,mg,22.7,mg/kg,22.7,2
VANCOMYCIN HCL 2000 MG/400ML IV SOLN,Vancomycin HCl,mg,22.8,mg/kg,22.8,1
VANCOMYCIN HCL 2000 MG/400ML IV SOLN,Vancomycin HCl,mg,22.9,mg/kg,22.9,6
VANCOMYCIN HCL 2000 MG/400ML IV SOLN,Vancomycin HCl,mg,23,mg/kg,23,9
VANCOMYCIN HCL 2000 MG/400ML IV SOLN,Vancomycin HCl,mg,23.1,mg/kg,23.1,6
VANCOMYCIN HCL 2000 MG/400ML IV SOLN,Vancomycin HCl,mg,23.2,mg/kg,23.2,20
VANCOMYCIN HCL 2000 MG/400ML IV SOLN,Vancomycin HCl,mg,23.3,mg/kg,23.3,15
VANCOMYCIN HCL 2000 MG/400ML IV SOLN,Vancomycin HCl,mg,23.4,mg/kg,23.4,9
VANCOMYCIN HCL 2000 MG/400ML IV SOLN,Vancomycin HCl,mg,23.5,mg/kg,23.5,6
VANCOMYCIN HCL 2000 MG/400ML IV SOLN,Vancomycin HCl,mg,22.5,mg/kg,22.5,10
VANCOMYCIN HCL 2000 MG/400ML IV SOLN,Vancomycin HCl,mg/kg,13.8,mg/kg,13.8,1
VANCOMYCIN HCL 2000 MG/400ML IV SOLN,Vancomycin HCl,mg/kg,19.5,mg/kg,19.5,1
VANCOMYCIN HCL 2000 MG/400ML IV SOLN,Vancomycin HCl,mg/kg,15.5,mg/kg,15.5,2
VANCOMYCIN HCL 2000 MG/400ML IV SOLN,Vancomycin HCl,mg/kg,21,mg/kg,21,3
VANCOMYCIN HCL 2000 MG/400ML IV SOLN,Vancomycin HCl,mg/kg,21.1,mg/kg,21.1,3
VANCOMYCIN HCL 2000 MG/400ML IV SOLN,Vancomycin HCl,mg/kg,21.5,mg/kg,21.5,4
VANCOMYCIN HCL 2000 MG/400ML IV SOLN,Vancomycin HCl,mg/kg,21.6,mg/kg,21.6,3
VANCOMYCIN HCL 2000 MG/400ML IV SOLN,Vancomycin HCl,mg/kg,21.7,mg/kg,21.7,1
VANCOMYCIN HCL 2000 MG/400ML IV SOLN,Vancomycin HCl,mg/kg,22.1,mg/kg,22.1,14
VANCOMYCIN HCL 2000 MG/400ML IV SOLN,Vancomycin HCl,mg/kg,22.2,mg/kg,22.2,4
VANCOMYCIN HCL 2000 MG/400ML IV SOLN,Vancomycin HCl,mg/kg,22.3,mg/kg,22.3,1
VANCOMYCIN HCL 2000 MG/400ML IV SOLN,Vancomycin HCl,mg/kg,22.4,mg/kg,22.4,2
VANCOMYCIN HCL 2000 MG/400ML IV SOLN,Vancomycin HCl,mg/kg,22.5,mg/kg,22.5,1
VANCOMYCIN HCL 2000 MG/400ML IV SOLN,Vancomycin HCl,mg/kg,20.5,mg/kg,20.5,2
VANCOMYCIN HCL 2000 MG/400ML IV SOLN,Vancomycin HCl,mg/kg,22.6,mg/kg,22.6,4
VANCOMYCIN HCL 2000 MG/400ML IV SOLN,Vancomycin HCl,mg/kg,23,mg/kg,23,2
VANCOMYCIN HCL 2000 MG/400ML IV SOLN,Vancomycin HCl,mg/kg,23.1,mg/kg,23.1,3
VANCOMYCIN HCL 2000 MG/400ML IV SOLN,Vancomycin HCl,mg/kg,23.2,mg/kg,23.2,4
VANCOMYCIN HCL 2000 MG/400ML IV SOLN,Vancomycin HCl,mg/kg,23.3,mg/kg,23.3,3
VANCOMYCIN HCL 2000 MG/400ML IV SOLN,Vancomycin HCl,mg/kg,23.4,mg/kg,23.4,2
VANCOMYCIN HCL 2000 MG/400ML IV SOLN,Vancomycin HCl,mg/kg,23.5,mg/kg,23.5,1
VANCOMYCIN HCL 2000 MG/400ML IV SOLN,Vancomycin HCl,mg/kg,24.5,mg/kg,24.5,2
VANCOMYCIN HCL 2000 MG/400ML IV SOLN,Vancomycin HCl,mg/kg,24.9,mg/kg,24.9,2
VANCOMYCIN HCL 2000 MG/400ML IV SOLN,Vancomycin HCl,mg/kg,25,mg/kg,25,103
VANCOMYCIN HCL 2000 MG/400ML IV SOLN,Vancomycin HCl,mg,21.3,mg/kg,21.3,5
VANCOMYCIN HCL 2000 MG/400ML IV SOLN,Vancomycin HCl,mg/kg,22.9,mg/kg,22.9,1
VANCOMYCIN HCL 2000 MG/400ML IV SOLN,Vancomycin HCl,mg/kg,14.7,mg/kg,14.7,3
VANCOMYCIN HCL 2000 MG/400ML IV SOLN,Vancomycin HCl,mg/kg,20.3,mg/kg,20.3,5
VANCOMYCIN HCL 2000 MG/400ML IV SOLN,Vancomycin HCl,mg/kg,19.9,mg/kg,19.9,1
VANCOMYCIN HCL 2000 MG/400ML IV SOLN,Vancomycin HCl,mg/kg,15.7,mg/kg,15.7,7
VANCOMYCIN HCL 2000 MG/400ML IV SOLN,Vancomycin HCl,mg/kg,16,mg/kg,16,2
VANCOMYCIN HCL 2000 MG/400ML IV SOLN,Vancomycin HCl,mg/kg,16.3,mg/kg,16.3,3
VANCOMYCIN HCL 2000 MG/400ML IV SOLN,Vancomycin HCl,mg/kg,16.4,mg/kg,16.4,2
VANCOMYCIN HCL 2000 MG/400ML IV SOLN,Vancomycin HCl,mg/kg,16.7,mg/kg,16.7,2
VANCOMYCIN HCL 2000 MG/400ML IV SOLN,Vancomycin HCl,mg/kg,16.8,mg/kg,16.8,1
VANCOMYCIN HCL 2000 MG/400ML IV SOLN,Vancomycin HCl,mg/kg,17,mg/kg,17,1
VANCOMYCIN HCL 2000 MG/400ML IV SOLN,Vancomycin HCl,mg/kg,17.1,mg/kg,17.1,1
VANCOMYCIN HCL 2000 MG/400ML IV SOLN,Vancomycin HCl,mg/kg,17.6,mg/kg,17.6,5
VANCOMYCIN HCL 2000 MG/400ML IV SOLN,Vancomycin HCl,mg/kg,17.7,mg/kg,17.7,2
VANCOMYCIN HCL 2000 MG/400ML IV SOLN,Vancomycin HCl,mg/kg,20,mg/kg,20,8
VANCOMYCIN HCL 2000 MG/400ML IV SOLN,Vancomycin HCl,mg/kg,18,mg/kg,18,1
VANCOMYCIN HCL 2000 MG/400ML IV SOLN,Vancomycin HCl,mg/kg,18.5,mg/kg,18.5,1
VANCOMYCIN HCL 2000 MG/400ML IV SOLN,Vancomycin HCl,mg/kg,9.2,mg/kg,9.2,1
VANCOMYCIN HCL 2000 MG/400ML IV SOLN,Vancomycin HCl,mg/kg,18.6,mg/kg,18.6,1
VANCOMYCIN HCL 2000 MG/400ML IV SOLN,Vancomycin HCl,mg/kg,18.7,mg/kg,18.7,1
VANCOMYCIN HCL 2000 MG/400ML IV SOLN,Vancomycin HCl,mg/kg,18.9,mg/kg,18.9,2
VANCOMYCIN HCL 2000 MG/400ML IV SOLN,Vancomycin HCl,mg/kg,19,mg/kg,19,2
VANCOMYCIN HCL 2000 MG/400ML IV SOLN,Vancomycin HCl,mg/kg,19.2,mg/kg,19.2,7
VANCOMYCIN HCL 2000 MG/400ML IV SOLN,Vancomycin HCl,mg/kg,19.3,mg/kg,19.3,2
VANCOMYCIN HCL 2000 MG/400ML IV SOLN,Vancomycin HCl,mg/kg,19.4,mg/kg,19.4,2
VANCOMYCIN HCL 2000 MG/400ML IV SOLN,Vancomycin HCl,mg/kg,19.6,mg/kg,19.6,1
VANCOMYCIN HCL 2000 MG/400ML IV SOLN,Vancomycin HCl,mg/kg,18.4,mg/kg,18.4,6
VANCOMYCIN HCL 2000 MG/400ML IV SOLN,Vancomycin HCl,mg,21.2,mg/kg,21.2,2
VANCOMYCIN HCL 2000 MG/400ML IV SOLN,Vancomycin HCl,mg,14.3,mg/kg,14.3,1
VANCOMYCIN HCL 2000 MG/400ML IV SOLN,Vancomycin HCl,mg,21,mg/kg,21,22
VANCOMYCIN HCL 2000 MG/400ML IV SOLN,Vancomycin HCl,mg,13.3,mg/kg,13.3,1
VANCOMYCIN HCL 2000 MG/400ML IV SOLN,Vancomycin HCl,mg,13.4,mg/kg,13.4,7
VANCOMYCIN HCL 2000 MG/400ML IV SOLN,Vancomycin HCl,mg,13.5,mg/kg,13.5,3
VANCOMYCIN HCL 2000 MG/400ML IV SOLN,Vancomycin HCl,mg,13.6,mg/kg,13.6,2
VANCOMYCIN HCL 2000 MG/400ML IV SOLN,Vancomycin HCl,mg,13.8,mg/kg,13.8,10
VANCOMYCIN HCL 2000 MG/400ML IV SOLN,Vancomycin HCl,mg,14,mg/kg,14,4
VANCOMYCIN HCL 2000 MG/400ML IV SOLN,Vancomycin HCl,mg,14.1,mg/kg,14.1,3
VANCOMYCIN HCL 2000 MG/400ML IV SOLN,Vancomycin HCl,mg,14.2,mg/kg,14.2,5
VANCOMYCIN HCL 2000 MG/400ML IV SOLN,Vancomycin HCl,mg,14.4,mg/kg,14.4,5
VANCOMYCIN HCL 2000 MG/400ML IV SOLN,Vancomycin HCl,mg,14.5,mg/kg,14.5,6
VANCOMYCIN HCL 2000 MG/400ML IV SOLN,Vancomycin HCl,mg,14.6,mg/kg,14.6,5
VANCOMYCIN HCL 2000 MG/400ML IV SOLN,Vancomycin HCl,mg,14.7,mg/kg,14.7,18
VANCOMYCIN HCL 2000 MG/400ML IV SOLN,Vancomycin HCl,mg,14.8,mg/kg,14.8,3
VANCOMYCIN HCL 2000 MG/400ML IV SOLN,Vancomycin HCl,mg,14.9,mg/kg,14.9,7
VANCOMYCIN HCL 2000 MG/400ML IV SOLN,Vancomycin HCl,mg,15,mg/kg,15,3
VANCOMYCIN HCL 2000 MG/400ML IV SOLN,Vancomycin HCl,mg,15.2,mg/kg,15.2,11
VANCOMYCIN HCL 2000 MG/400ML IV SOLN,Vancomycin HCl,mg,15.3,mg/kg,15.3,6
VANCOMYCIN HCL 2000 MG/400ML IV SOLN,Vancomycin HCl,mg,15.4,mg/kg,15.4,5
VANCOMYCIN HCL 2000 MG/400ML IV SOLN,Vancomycin HCl,mg,15.5,mg/kg,15.5,6
VANCOMYCIN HCL 2000 MG/400ML IV SOLN,Vancomycin HCl,mg,15.6,mg/kg,15.6,8
VANCOMYCIN HCL 2000 MG/400ML IV SOLN,Vancomycin HCl,mg,15.7,mg/kg,15.7,18
VANCOMYCIN HCL 2000 MG/400ML IV SOLN,Vancomycin HCl,mg,13.2,mg/kg,13.2,3
VANCOMYCIN HCL 2000 MG/400ML IV SOLN,Vancomycin HCl,mg,13.1,mg/kg,13.1,1
VANCOMYCIN HCL 2000 MG/400ML IV SOLN,Vancomycin HCl,mg,13,mg/kg,13,11
VANCOMYCIN HCL 2000 MG/400ML IV SOLN,Vancomycin HCl,mg,12.9,mg/kg,12.9,2
VANCOMYCIN HCL 2000 MG/400ML IV SOLN,Vancomycin HCl,mg,10,mg/kg,10,2
VANCOMYCIN HCL 2000 MG/400ML IV SOLN,Vancomycin HCl,mg,10.1,mg/kg,10.1,2
VANCOMYCIN HCL 2000 MG/400ML IV SOLN,Vancomycin HCl,mg,10.3,mg/kg,10.3,1
VANCOMYCIN HCL 2000 MG/400ML IV SOLN,Vancomycin HCl,mg,10.6,mg/kg,10.6,6
VANCOMYCIN HCL 2000 MG/400ML IV SOLN,Vancomycin HCl,mg,10.8,mg/kg,10.8,1
VANCOMYCIN HCL 2000 MG/400ML IV SOLN,Vancomycin HCl,mg,10.9,mg/kg,10.9,7
VANCOMYCIN HCL 2000 MG/400ML IV SOLN,Vancomycin HCl,mg,1000,mg,1000,7
VANCOMYCIN HCL 2000 MG/400ML IV SOLN,Vancomycin HCl,mg,11,mg/kg,11,3
VANCOMYCIN HCL 2000 MG/400ML IV SOLN,Vancomycin HCl,mg,11.1,mg/kg,11.1,3
VANCOMYCIN HCL 2000 MG/400ML IV SOLN,Vancomycin HCl,mg,11.3,mg/kg,11.3,2
VANCOMYCIN HCL 2000 MG/400ML IV SOLN,Vancomycin HCl,mg,15.9,mg/kg,15.9,3
VANCOMYCIN HCL 2000 MG/400ML IV SOLN,Vancomycin HCl,mg,11.4,mg/kg,11.4,1
VANCOMYCIN HCL 2000 MG/400ML IV SOLN,Vancomycin HCl,mg,11.6,mg/kg,11.6,1
VANCOMYCIN HCL 2000 MG/400ML IV SOLN,Vancomycin HCl,mg,11.7,mg/kg,11.7,1
VANCOMYCIN HCL 2000 MG/400ML IV SOLN,Vancomycin HCl,mg,11.8,mg/kg,11.8,2
VANCOMYCIN HCL 2000 MG/400ML IV SOLN,Vancomycin HCl,mg,11.9,mg/kg,11.9,10
VANCOMYCIN HCL 2000 MG/400ML IV SOLN,Vancomycin HCl,mg,12,mg/kg,12,6
VANCOMYCIN HCL 2000 MG/400ML IV SOLN,Vancomycin HCl,mg,12.2,mg/kg,12.2,4
VANCOMYCIN HCL 2000 MG/400ML IV SOLN,Vancomycin HCl,mg,12.3,mg/kg,12.3,4
VANCOMYCIN HCL 2000 MG/400ML IV SOLN,Vancomycin HCl,mg,21.1,mg/kg,21.1,9
VANCOMYCIN HCL 2000 MG/400ML IV SOLN,Vancomycin HCl,mg,12.6,mg/kg,12.6,3
VANCOMYCIN HCL 2000 MG/400ML IV SOLN,Vancomycin HCl,mg,12.8,mg/kg,12.8,3
VANCOMYCIN HCL 2000 MG/400ML IV SOLN,Vancomycin HCl,mg,11.5,mg/kg,11.5,3
VANCOMYCIN HCL 2000 MG/400ML IV SOLN,Vancomycin HCl,mg,16,mg/kg,16,6
VANCOMYCIN HCL 2000 MG/400ML IV SOLN,Vancomycin HCl,mg,12.5,mg/kg,12.5,2
VANCOMYCIN HCL 2000 MG/400ML IV SOLN,Vancomycin HCl,mg,16.2,mg/kg,16.2,2
VANCOMYCIN HCL 2000 MG/400ML IV SOLN,Vancomycin HCl,mg,19,mg/kg,19,9
VANCOMYCIN HCL 2000 MG/400ML IV SOLN,Vancomycin HCl,mg,19.1,mg/kg,19.1,2
VANCOMYCIN HCL 2000 MG/400ML IV SOLN,Vancomycin HCl,mg,19.2,mg/kg,19.2,38
VANCOMYCIN HCL 2000 MG/400ML IV SOLN,Vancomycin HCl,mg,19.3,mg/kg,19.3,7
VANCOMYCIN HCL 2000 MG/400ML IV SOLN,Vancomycin HCl,mg,19.4,mg/kg,19.4,5
VANCOMYCIN HCL 2000 MG/400ML IV SOLN,Vancomycin HCl,mg,19.5,mg/kg,19.5,7
VANCOMYCIN HCL 2000 MG/400ML IV SOLN,Vancomycin HCl,mg,19.6,mg/kg,19.6,8
VANCOMYCIN HCL 2000 MG/400ML IV SOLN,Vancomycin HCl,mg,19.7,mg/kg,19.7,2
VANCOMYCIN HCL 2000 MG/400ML IV SOLN,Vancomycin HCl,mg,19.8,mg/kg,19.8,7
VANCOMYCIN HCL 2000 MG/400ML IV SOLN,Vancomycin HCl,mg,19.9,mg/kg,19.9,8
VANCOMYCIN HCL 2000 MG/400ML IV SOLN,Vancomycin HCl,mg,18.9,mg/kg,18.9,13
VANCOMYCIN HCL 2000 MG/400ML IV SOLN,Vancomycin HCl,mg,20,mg/kg,20,63
VANCOMYCIN HCL 2000 MG/400ML IV SOLN,Vancomycin HCl,mg,20.2,mg/kg,20.2,6
VANCOMYCIN HCL 2000 MG/400ML IV SOLN,Vancomycin HCl,mg,20.3,mg/kg,20.3,11
VANCOMYCIN HCL 2000 MG/400ML IV SOLN,Vancomycin HCl,mg,20.4,mg/kg,20.4,5
VANCOMYCIN HCL 2000 MG/400ML IV SOLN,Vancomycin HCl,mg,20.5,mg/kg,20.5,12
VANCOMYCIN HCL 2000 MG/400ML IV SOLN,Vancomycin HCl,mg,20.6,mg/kg,20.6,8
VANCOMYCIN HCL 2000 MG/400ML IV SOLN,Vancomycin HCl,mg,20.7,mg/kg,20.7,7
VANCOMYCIN HCL 2000 MG/400ML IV SOLN,Vancomycin HCl,mg,20.8,mg/kg,20.8,8
VANCOMYCIN HCL 2000 MG/400ML IV SOLN,Vancomycin HCl,mg,20.9,mg/kg,20.9,9
VANCOMYCIN HCL 2000 MG/400ML IV SOLN,Vancomycin HCl,mg,2000,mg,2000,8600
VANCOMYCIN HCL 2000 MG/400ML IV SOLN,Vancomycin HCl,mg,16.1,mg/kg,16.1,2
VANCOMYCIN HCL 2000 MG/400ML IV SOLN,Vancomycin HCl,mg,20.1,mg/kg,20.1,2
VANCOMYCIN HCL 2000 MG/400ML IV SOLN,Vancomycin HCl,mg,18.8,mg/kg,18.8,5
VANCOMYCIN HCL 2000 MG/400ML IV SOLN,Vancomycin HCl,mg,18.7,mg/kg,18.7,11
VANCOMYCIN HCL 2000 MG/400ML IV SOLN,Vancomycin HCl,mg,18.6,mg/kg,18.6,8
VANCOMYCIN HCL 2000 MG/400ML IV SOLN,Vancomycin HCl,mg,16.3,mg/kg,16.3,12
VANCOMYCIN HCL 2000 MG/400ML IV SOLN,Vancomycin HCl,mg,16.4,mg/kg,16.4,3
VANCOMYCIN HCL 2000 MG/400ML IV SOLN,Vancomycin HCl,mg,16.5,mg/kg,16.5,4
VANCOMYCIN HCL 2000 MG/400ML IV SOLN,Vancomycin HCl,mg,16.6,mg/kg,16.6,7
VANCOMYCIN HCL 2000 MG/400ML IV SOLN,Vancomycin HCl,mg,16.7,mg/kg,16.7,7
VANCOMYCIN HCL 2000 MG/400ML IV SOLN,Vancomycin HCl,mg,16.8,mg/kg,16.8,3
VANCOMYCIN HCL 2000 MG/400ML IV SOLN,Vancomycin HCl,mg,16.9,mg/kg,16.9,2
VANCOMYCIN HCL 2000 MG/400ML IV SOLN,Vancomycin HCl,mg,17,mg/kg,17,13
VANCOMYCIN HCL 2000 MG/400ML IV SOLN,Vancomycin HCl,mg,17.1,mg/kg,17.1,2
VANCOMYCIN HCL 2000 MG/400ML IV SOLN,Vancomycin HCl,mg,17.2,mg/kg,17.2,3
VANCOMYCIN HCL 2000 MG/400ML IV SOLN,Vancomycin HCl,mg,17.3,mg/kg,17.3,6
VANCOMYCIN HCL 2000 MG/400ML IV SOLN,Vancomycin HCl,mg,17.4,mg/kg,17.4,6
VANCOMYCIN HCL 2000 MG/400ML IV SOLN,Vancomycin HCl,mg,17.5,mg/kg,17.5,3
VANCOMYCIN HCL 2000 MG/400ML IV SOLN,Vancomycin HCl,mg,17.6,mg/kg,17.6,19
VANCOMYCIN HCL 2000 MG/400ML IV SOLN,Vancomycin HCl,mg,17.7,mg/kg,17.7,7
VANCOMYCIN HCL 2000 MG/400ML IV SOLN,Vancomycin HCl,mg,17.9,mg/kg,17.9,2
VANCOMYCIN HCL 2000 MG/400ML IV SOLN,Vancomycin HCl,mg,1750,mg,1750,2
VANCOMYCIN HCL 2000 MG/400ML IV SOLN,Vancomycin HCl,mg,18,mg/kg,18,12
VANCOMYCIN HCL 2000 MG/400ML IV SOLN,Vancomycin HCl,mg,18.1,mg/kg,18.1,4
VANCOMYCIN HCL 2000 MG/400ML IV SOLN,Vancomycin HCl,mg,18.2,mg/kg,18.2,6
VANCOMYCIN HCL 2000 MG/400ML IV SOLN,Vancomycin HCl,mg,18.3,mg/kg,18.3,9
VANCOMYCIN HCL 2000 MG/400ML IV SOLN,Vancomycin HCl,mg,18.4,mg/kg,18.4,21
VANCOMYCIN HCL 2000 MG/400ML IV SOLN,Vancomycin HCl,mg,18.5,mg/kg,18.5,20
VANCOMYCIN HCL 750 MG/150ML IV SOLN,Vancomycin HCl,mg,750,mg,750,4072
VANCOMYCIN HCL 750 MG/150ML IV SOLN,Vancomycin HCl,mg,25,mg/kg,25,6
VANCOMYCIN HCL 750 MG/150ML IV SOLN,Vancomycin HCl,mg/kg,15,mg/kg,15,1
VANCOMYCIN HCL 750 MG/150ML IV SOLN,Vancomycin HCl,g,15,mg/kg,15,1
VANCOMYCIN HCL 750 MG/150ML IV SOLN,Vancomycin HCl,mg,15,mg/kg,15,18
VANCOMYCIN HCL IN DEXTROSE 1000 MG/200ML IV SOLN,Vancomycin HCl-Dextrose,mg/kg,25,mg/kg,25,48
VANCOMYCIN HCL IN DEXTROSE 1000 MG/200ML IV SOLN,Vancomycin HCl-Dextrose,mg/kg,22,mg/kg,22,1
VANCOMYCIN HCL IN DEXTROSE 1000 MG/200ML IV SOLN,Vancomycin HCl-Dextrose,mg/kg,20,mg/kg,20,1
VANCOMYCIN HCL IN DEXTROSE 1000 MG/200ML IV SOLN,Vancomycin HCl-Dextrose,mg/kg,15,mg/kg,15,5
VANCOMYCIN HCL IN DEXTROSE 1000 MG/200ML IV SOLN,Vancomycin HCl-Dextrose,mg,25,mg/kg,25,123
VANCOMYCIN HCL IN DEXTROSE 1000 MG/200ML IV SOLN,Vancomycin HCl-Dextrose,mg,22,mg/kg,22,1
VANCOMYCIN HCL IN DEXTROSE 1000 MG/200ML IV SOLN,Vancomycin HCl-Dextrose,mg,20,mg/kg,20,11
VANCOMYCIN HCL IN DEXTROSE 1000 MG/200ML IV SOLN,Vancomycin HCl-Dextrose,mg,2000,mg,2000,3
VANCOMYCIN HCL IN DEXTROSE 1000 MG/200ML IV SOLN,Vancomycin HCl-Dextrose,mg,1000,mg,1000,25449
VANCOMYCIN HCL IN DEXTROSE 1000 MG/200ML IV SOLN,Vancomycin HCl-Dextrose,mg,1,g,1,18
VANCOMYCIN HCL IN DEXTROSE 1000 MG/200ML IV SOLN,Vancomycin HCl-Dextrose,g,1000,mg,1000,3
VANCOMYCIN HCL IN DEXTROSE 1000 MG/200ML IV SOLN,Vancomycin HCl-Dextrose,g,1.75,g,1.75,2
VANCOMYCIN HCL IN DEXTROSE 1000 MG/200ML IV SOLN,Vancomycin HCl-Dextrose,g,1.5,g,1.5,6
VANCOMYCIN HCL IN DEXTROSE 1000 MG/200ML IV SOLN,Vancomycin HCl-Dextrose,g,1.25,g,1.25,2
VANCOMYCIN HCL IN DEXTROSE 1000 MG/200ML IV SOLN,Vancomycin HCl-Dextrose,g,1,g,1,16809
VANCOMYCIN HCL IN DEXTROSE 1000 MG/200ML IV SOLN,Vancomycin HCl-Dextrose,mg,15,mg/kg,15,35
VANCOMYCIN HCL IN DEXTROSE 750-5 MG/150ML-% IV SOLN,Vancomycin HCl-Dextrose,g,.75,g,.75,1
VASOPRESSIN 0.2 UNIT/ML IV SOLN,Vasopressin,Units/min,.01,Units/min,.01,15
VASOPRESSIN 0.2 UNIT/ML IV SOLN,Vasopressin,Units/min,.04,Units/min,.04,2008
VASOPRESSIN 0.2 UNIT/ML IV SOLN,Vasopressin,Units/min,.02,Units/min,.02,2
VASOPRESSIN 0.2 UNIT/ML IV SOLN,Vasopressin,Units/min,.01-.1,Units/min,.01-.1,139
VASOPRESSIN 0.2 UNIT/ML IV SOLN,Vasopressin,Units/hr,.5,Units/hr,.5,41
VASOPRESSIN 0.2 UNIT/ML IV SOLN,Vasopressin,Units/min,.03,Units/min,.03,35
VASOPRESSIN 0.2 UNIT/ML IV SOLN,Vasopressin,Units/hr,.2,Units/hr,.2,8
VASOPRESSIN 0.2 UNIT/ML IV SOLN,Vasopressin,Units/hr,.1,Units/hr,.1,5
VASOPRESSIN 0.2 UNIT/ML IV SOLN,Vasopressin,Units/hr,.01-.1,Units/min,.01-.1,2
VASOPRESSIN 0.2 UNIT/ML IV SOLN,Vasopressin,Units/hr,.01-.1,Units/hr,.01-.1,2
VASOPRESSIN 0.2 UNIT/ML IV SOLN,Vasopressin,Units/hr,.25,Units/hr,.25,20
VASOPRESSIN 20 UNIT/ML IV SOLN,Vasopressin,Units,.01-.1,Units,.01-.1,1
VASOPRESSIN 20 UNIT/ML IV SOLN,Vasopressin,Units,.04,Units,.04,1
VASOPRESSIN 20 UNIT/ML IV SOLN,Vasopressin,Units,10,Units,10,4
VASOPRESSIN 20 UNIT/ML IV SOLN,Vasopressin,Units,2,Units,2,1
VASOPRESSIN 20 UNIT/ML IV SOLN,Vasopressin,Units,20,Units,20,5
VASOPRESSIN 20 UNIT/ML IV SOLN,Vasopressin,Units,4,Units,4,3
VASOPRESSIN 20 UNIT/ML IV SOLN,Vasopressin,Units,40,Units,40,1
VASOPRESSIN 20 UNIT/ML IV SOLN,Vasopressin,Units,5,Units,5,62
VASOPRESSIN 20 UNITS/100 ML NS FOR DIABETES INSIPIDUS PREMIX,Vasopressin,Units/hr,.6-6,Units/hr,.6-6,14
VASOPRESSIN 20 UNITS/100 ML NS FOR DIABETES INSIPIDUS PREMIX,Vasopressin,Units/hr,.5-6,Units/hr,.5-6,8
VASOPRESSIN 20 UNITS/100 ML NS FOR DIABETES INSIPIDUS PREMIX,Vasopressin,Units/hr,.5,Units/hr,.5,74
VASOPRESSIN 20 UNITS/100 ML NS FOR DIABETES INSIPIDUS PREMIX,Vasopressin,Units/hr,.25,Units/hr,.25,16
VASOPRESSIN 20 UNITS/100 ML NS FOR DIABETES INSIPIDUS PREMIX,Vasopressin,Units/hr,.2,Units/hr,.2,3
VASOPRESSIN 20 UNITS/100 ML NS FOR DIABETES INSIPIDUS PREMIX,Vasopressin,Units/hr,.1,Units/hr,.1,17
VASOPRESSIN 20 UNITS/100 ML NS FOR DIABETES INSIPIDUS PREMIX,Vasopressin,Units/hr,.4,Units/hr,.4,5
VASOPRESSIN 20 UNITS/100 ML NS PREMIX,Vasopressin,Units/min,.01,Units/min,.01,78
VASOPRESSIN 20 UNITS/100 ML NS PREMIX,Vasopressin,Units/min,.02,Units/min,.02,63
VASOPRESSIN 20 UNITS/100 ML NS PREMIX,Vasopressin,Units/min,.04,Units/min,.04,1663
VASOPRESSIN 20 UNITS/100 ML NS PREMIX,Vasopressin,Units/min,.08,Units/min,.08,9
VERAPAMIL HCL 2.5 MG/ML IV SOLN,Verapamil HCl,mg,1,mg,1,2
VERAPAMIL HCL 2.5 MG/ML IV SOLN,Verapamil HCl,mg,10,mg,10,4
VERAPAMIL HCL 2.5 MG/ML IV SOLN,Verapamil HCl,mg,15,mg,15,1
VERAPAMIL HCL 2.5 MG/ML IV SOLN,Verapamil HCl,mg,2,mg,2,1
VERAPAMIL HCL 2.5 MG/ML IV SOLN,Verapamil HCl,mg,2.5,mg,2.5,245
VERAPAMIL HCL 2.5 MG/ML IV SOLN,Verapamil HCl,mg,5,mg,5,41
ZINC SULFATE 1 MG/ML IV SOLN,Zinc Sulfate,mg,2,mg,2,2
ZOLEDRONIC ACID 4 MG/100ML IV SOLN,Zoledronic Acid,mg,4,mg,4,202
